=== Dictionary contents ===
{
	generation: {
		MoleculeLabel: ["A",
			"A",
			"A",
			"B",
			"B",
			"B",
			"B",
			"B",
			"B",
			"B",
			"B",
			"B"];
		AtomLabel: ["A",
			"A",
			"A",
			"B",
			"B",
			"B",
			"B",
			"B",
			"B",
			"B",
			"B",
			"B"];
		MoleculeOfAtom: [1, 2, 3, 4, 5, 6, 7, 8, 9, 10, 11, 12];
		Order: 6;
		Bond: true;
		Angle: false;
		Dihedral: false;
		SequencePriority: true;
		UseDoubleLinearSolver: true;
	};
	PrintSetting: {
		PrintSetting: "None";
		FIfileNamePrefix: "A3B9_FI.txt";
		NonFIfileNamePrefix: "A3B9_PIP.txt";
		PIPprintSetting: "None";
	};
}
=== End of dictionary ===


================= Parameter contents ==============
=== parameter ===
outputPath: /share/Hyper/experiments/generation_benchmark/A3B9/FIgenerator/output

--- generation ---
MoleculeLabel: A A A B B B B B B B B B 
AtomLabel: A A A B B B B B B B B B 
MoleculeOfAtom: 1 2 3 4 5 6 7 8 9 10 11 12 
Order: 6
Bond: true
Angle: false
Dihedral: false
SequencePriority: true
UseDoubleLinearSolver: true

--- PrintSetting ---
PrintSetting(raw): None
PrintSetting(enum): None
FIfileNamePrefix: A3B9_FI.txt
NonFIfileNamePrefix: A3B9_PIP.txt
PIPprintSetting(raw): None
PIPprintSetting(enum): None
FIfileName_fullPath: /share/Hyper/experiments/generation_benchmark/A3B9/FIgenerator/output/A3B9_FI.txt
NonFIfileName_fullPath: /share/Hyper/experiments/generation_benchmark/A3B9/FIgenerator/output/A3B9_PIP.txt
=== end ===
==================== End of parameter ===============

================= Check result =================
=== CheckDemo ===
MoleculeAmount = 12, Mkind = 2
  M[0] kind=0 <A>  (kind count = 3)
  M[1] kind=0 <A>  (kind count = 3)
  M[2] kind=0 <A>  (kind count = 3)
  M[3] kind=1 <B>  (kind count = 9)
  M[4] kind=1 <B>  (kind count = 9)
  M[5] kind=1 <B>  (kind count = 9)
  M[6] kind=1 <B>  (kind count = 9)
  M[7] kind=1 <B>  (kind count = 9)
  M[8] kind=1 <B>  (kind count = 9)
  M[9] kind=1 <B>  (kind count = 9)
  M[10] kind=1 <B>  (kind count = 9)
  M[11] kind=1 <B>  (kind count = 9)
AtomAmount = 12, Akind = 2
  A[0] kind=0 <A>  belong to M[0] <A>
  A[1] kind=0 <A>  belong to M[1] <A>
  A[2] kind=0 <A>  belong to M[2] <A>
  A[3] kind=1 <B>  belong to M[3] <B>
  A[4] kind=1 <B>  belong to M[4] <B>
  A[5] kind=1 <B>  belong to M[5] <B>
  A[6] kind=1 <B>  belong to M[6] <B>
  A[7] kind=1 <B>  belong to M[7] <B>
  A[8] kind=1 <B>  belong to M[8] <B>
  A[9] kind=1 <B>  belong to M[9] <B>
  A[10] kind=1 <B>  belong to M[10] <B>
  A[11] kind=1 <B>  belong to M[11] <B>
MaxAtomAmount = 1
Formula [Mkind(2) x Akind(2)]:
  Kind[0]:  AKind[0]=1  AKind[1]=0
  Kind[1]:  AKind[0]=0  AKind[1]=1
Matrix [MoleculeAmount(12) x MaxAtomAmount(1)]:
  M[0] kind=0 <A> atoms=1:  A[0]<A>
  M[1] kind=0 <A> atoms=1:  A[1]<A>
  M[2] kind=0 <A> atoms=1:  A[2]<A>
  M[3] kind=1 <B> atoms=1:  A[3]<B>
  M[4] kind=1 <B> atoms=1:  A[4]<B>
  M[5] kind=1 <B> atoms=1:  A[5]<B>
  M[6] kind=1 <B> atoms=1:  A[6]<B>
  M[7] kind=1 <B> atoms=1:  A[7]<B>
  M[8] kind=1 <B> atoms=1:  A[8]<B>
  M[9] kind=1 <B> atoms=1:  A[9]<B>
  M[10] kind=1 <B> atoms=1:  A[10]<B>
  M[11] kind=1 <B> atoms=1:  A[11]<B>
MaxAtomAmount = 1
Formula [Mkind(2) x Akind(2)]:
  Kind[0]:  AKind[0]=1  AKind[1]=0
  Kind[1]:  AKind[0]=0  AKind[1]=1
Matrix [MoleculeAmount(12) x MaxAtomAmount(1)]:
  M[0] kind=0 <A> atoms=1:  A[0]<A>
  M[1] kind=0 <A> atoms=1:  A[1]<A>
  M[2] kind=0 <A> atoms=1:  A[2]<A>
  M[3] kind=1 <B> atoms=1:  A[3]<B>
  M[4] kind=1 <B> atoms=1:  A[4]<B>
  M[5] kind=1 <B> atoms=1:  A[5]<B>
  M[6] kind=1 <B> atoms=1:  A[6]<B>
  M[7] kind=1 <B> atoms=1:  A[7]<B>
  M[8] kind=1 <B> atoms=1:  A[8]<B>
  M[9] kind=1 <B> atoms=1:  A[9]<B>
  M[10] kind=1 <B> atoms=1:  A[10]<B>
  M[11] kind=1 <B> atoms=1:  A[11]<B>
=== end CheckDemo ===
=== End of check ===

======== System Generator built successfully ===============
Order = 6, AtomAmount = 12, SwapAmount = 0, PermutationAmount = 10
SwapSet[0], length = 1
	(0, 1) 
SwapSet[1], length = 1
	(0, 2) 
SwapSet[2], length = 1
	(3, 4) 
SwapSet[3], length = 1
	(3, 5) 
SwapSet[4], length = 1
	(3, 6) 
SwapSet[5], length = 1
	(3, 7) 
SwapSet[6], length = 1
	(3, 8) 
SwapSet[7], length = 1
	(3, 9) 
SwapSet[8], length = 1
	(3, 10) 
SwapSet[9], length = 1
	(3, 11) 
============== End of system generator demo ===============

======== Action and Representation built successfully ===============
Order=6 AtomAmount=12 UseBond=1 UseAngle=0 UseDihedral=0
BondAmount=66 AngleAmount=660 DihedralAmount=2970 FeatureAmount=66 PermutationAmount=10
Global Permutation block = [RPermutation, ThetaPermutation, DihedralPermutation]
[Bond local index]
  R[0] = (0,1)
  R[1] = (0,2)
  R[2] = (0,3)
  R[3] = (0,4)
  R[4] = (0,5)
  R[5] = (0,6)
  R[6] = (0,7)
  R[7] = (0,8)
  R[8] = (0,9)
  R[9] = (0,10)
  R[10] = (0,11)
  R[11] = (1,2)
  R[12] = (1,3)
  R[13] = (1,4)
  R[14] = (1,5)
  R[15] = (1,6)
  R[16] = (1,7)
  R[17] = (1,8)
  R[18] = (1,9)
  R[19] = (1,10)
  R[20] = (1,11)
  R[21] = (2,3)
  R[22] = (2,4)
  R[23] = (2,5)
  R[24] = (2,6)
  R[25] = (2,7)
  R[26] = (2,8)
  R[27] = (2,9)
  R[28] = (2,10)
  R[29] = (2,11)
  R[30] = (3,4)
  R[31] = (3,5)
  R[32] = (3,6)
  R[33] = (3,7)
  R[34] = (3,8)
  R[35] = (3,9)
  R[36] = (3,10)
  R[37] = (3,11)
  R[38] = (4,5)
  R[39] = (4,6)
  R[40] = (4,7)
  R[41] = (4,8)
  R[42] = (4,9)
  R[43] = (4,10)
  R[44] = (4,11)
  R[45] = (5,6)
  R[46] = (5,7)
  R[47] = (5,8)
  R[48] = (5,9)
  R[49] = (5,10)
  R[50] = (5,11)
  R[51] = (6,7)
  R[52] = (6,8)
  R[53] = (6,9)
  R[54] = (6,10)
  R[55] = (6,11)
  R[56] = (7,8)
  R[57] = (7,9)
  R[58] = (7,10)
  R[59] = (7,11)
  R[60] = (8,9)
  R[61] = (8,10)
  R[62] = (8,11)
  R[63] = (9,10)
  R[64] = (9,11)
  R[65] = (10,11)
[Angle local index]
  T[0] = <0,1,2> (global=66)
  T[1] = <0,1,3> (global=67)
  T[2] = <0,1,4> (global=68)
  T[3] = <0,1,5> (global=69)
  T[4] = <0,1,6> (global=70)
  T[5] = <0,1,7> (global=71)
  T[6] = <0,1,8> (global=72)
  T[7] = <0,1,9> (global=73)
  T[8] = <0,1,10> (global=74)
  T[9] = <0,1,11> (global=75)
  T[10] = <0,2,3> (global=76)
  T[11] = <0,2,4> (global=77)
  T[12] = <0,2,5> (global=78)
  T[13] = <0,2,6> (global=79)
  T[14] = <0,2,7> (global=80)
  T[15] = <0,2,8> (global=81)
  T[16] = <0,2,9> (global=82)
  T[17] = <0,2,10> (global=83)
  T[18] = <0,2,11> (global=84)
  T[19] = <0,3,4> (global=85)
  T[20] = <0,3,5> (global=86)
  T[21] = <0,3,6> (global=87)
  T[22] = <0,3,7> (global=88)
  T[23] = <0,3,8> (global=89)
  T[24] = <0,3,9> (global=90)
  T[25] = <0,3,10> (global=91)
  T[26] = <0,3,11> (global=92)
  T[27] = <0,4,5> (global=93)
  T[28] = <0,4,6> (global=94)
  T[29] = <0,4,7> (global=95)
  T[30] = <0,4,8> (global=96)
  T[31] = <0,4,9> (global=97)
  T[32] = <0,4,10> (global=98)
  T[33] = <0,4,11> (global=99)
  T[34] = <0,5,6> (global=100)
  T[35] = <0,5,7> (global=101)
  T[36] = <0,5,8> (global=102)
  T[37] = <0,5,9> (global=103)
  T[38] = <0,5,10> (global=104)
  T[39] = <0,5,11> (global=105)
  T[40] = <0,6,7> (global=106)
  T[41] = <0,6,8> (global=107)
  T[42] = <0,6,9> (global=108)
  T[43] = <0,6,10> (global=109)
  T[44] = <0,6,11> (global=110)
  T[45] = <0,7,8> (global=111)
  T[46] = <0,7,9> (global=112)
  T[47] = <0,7,10> (global=113)
  T[48] = <0,7,11> (global=114)
  T[49] = <0,8,9> (global=115)
  T[50] = <0,8,10> (global=116)
  T[51] = <0,8,11> (global=117)
  T[52] = <0,9,10> (global=118)
  T[53] = <0,9,11> (global=119)
  T[54] = <0,10,11> (global=120)
  T[55] = <1,0,2> (global=121)
  T[56] = <1,0,3> (global=122)
  T[57] = <1,0,4> (global=123)
  T[58] = <1,0,5> (global=124)
  T[59] = <1,0,6> (global=125)
  T[60] = <1,0,7> (global=126)
  T[61] = <1,0,8> (global=127)
  T[62] = <1,0,9> (global=128)
  T[63] = <1,0,10> (global=129)
  T[64] = <1,0,11> (global=130)
  T[65] = <1,2,3> (global=131)
  T[66] = <1,2,4> (global=132)
  T[67] = <1,2,5> (global=133)
  T[68] = <1,2,6> (global=134)
  T[69] = <1,2,7> (global=135)
  T[70] = <1,2,8> (global=136)
  T[71] = <1,2,9> (global=137)
  T[72] = <1,2,10> (global=138)
  T[73] = <1,2,11> (global=139)
  T[74] = <1,3,4> (global=140)
  T[75] = <1,3,5> (global=141)
  T[76] = <1,3,6> (global=142)
  T[77] = <1,3,7> (global=143)
  T[78] = <1,3,8> (global=144)
  T[79] = <1,3,9> (global=145)
  T[80] = <1,3,10> (global=146)
  T[81] = <1,3,11> (global=147)
  T[82] = <1,4,5> (global=148)
  T[83] = <1,4,6> (global=149)
  T[84] = <1,4,7> (global=150)
  T[85] = <1,4,8> (global=151)
  T[86] = <1,4,9> (global=152)
  T[87] = <1,4,10> (global=153)
  T[88] = <1,4,11> (global=154)
  T[89] = <1,5,6> (global=155)
  T[90] = <1,5,7> (global=156)
  T[91] = <1,5,8> (global=157)
  T[92] = <1,5,9> (global=158)
  T[93] = <1,5,10> (global=159)
  T[94] = <1,5,11> (global=160)
  T[95] = <1,6,7> (global=161)
  T[96] = <1,6,8> (global=162)
  T[97] = <1,6,9> (global=163)
  T[98] = <1,6,10> (global=164)
  T[99] = <1,6,11> (global=165)
  T[100] = <1,7,8> (global=166)
  T[101] = <1,7,9> (global=167)
  T[102] = <1,7,10> (global=168)
  T[103] = <1,7,11> (global=169)
  T[104] = <1,8,9> (global=170)
  T[105] = <1,8,10> (global=171)
  T[106] = <1,8,11> (global=172)
  T[107] = <1,9,10> (global=173)
  T[108] = <1,9,11> (global=174)
  T[109] = <1,10,11> (global=175)
  T[110] = <2,0,1> (global=176)
  T[111] = <2,0,3> (global=177)
  T[112] = <2,0,4> (global=178)
  T[113] = <2,0,5> (global=179)
  T[114] = <2,0,6> (global=180)
  T[115] = <2,0,7> (global=181)
  T[116] = <2,0,8> (global=182)
  T[117] = <2,0,9> (global=183)
  T[118] = <2,0,10> (global=184)
  T[119] = <2,0,11> (global=185)
  T[120] = <2,1,3> (global=186)
  T[121] = <2,1,4> (global=187)
  T[122] = <2,1,5> (global=188)
  T[123] = <2,1,6> (global=189)
  T[124] = <2,1,7> (global=190)
  T[125] = <2,1,8> (global=191)
  T[126] = <2,1,9> (global=192)
  T[127] = <2,1,10> (global=193)
  T[128] = <2,1,11> (global=194)
  T[129] = <2,3,4> (global=195)
  T[130] = <2,3,5> (global=196)
  T[131] = <2,3,6> (global=197)
  T[132] = <2,3,7> (global=198)
  T[133] = <2,3,8> (global=199)
  T[134] = <2,3,9> (global=200)
  T[135] = <2,3,10> (global=201)
  T[136] = <2,3,11> (global=202)
  T[137] = <2,4,5> (global=203)
  T[138] = <2,4,6> (global=204)
  T[139] = <2,4,7> (global=205)
  T[140] = <2,4,8> (global=206)
  T[141] = <2,4,9> (global=207)
  T[142] = <2,4,10> (global=208)
  T[143] = <2,4,11> (global=209)
  T[144] = <2,5,6> (global=210)
  T[145] = <2,5,7> (global=211)
  T[146] = <2,5,8> (global=212)
  T[147] = <2,5,9> (global=213)
  T[148] = <2,5,10> (global=214)
  T[149] = <2,5,11> (global=215)
  T[150] = <2,6,7> (global=216)
  T[151] = <2,6,8> (global=217)
  T[152] = <2,6,9> (global=218)
  T[153] = <2,6,10> (global=219)
  T[154] = <2,6,11> (global=220)
  T[155] = <2,7,8> (global=221)
  T[156] = <2,7,9> (global=222)
  T[157] = <2,7,10> (global=223)
  T[158] = <2,7,11> (global=224)
  T[159] = <2,8,9> (global=225)
  T[160] = <2,8,10> (global=226)
  T[161] = <2,8,11> (global=227)
  T[162] = <2,9,10> (global=228)
  T[163] = <2,9,11> (global=229)
  T[164] = <2,10,11> (global=230)
  T[165] = <3,0,1> (global=231)
  T[166] = <3,0,2> (global=232)
  T[167] = <3,0,4> (global=233)
  T[168] = <3,0,5> (global=234)
  T[169] = <3,0,6> (global=235)
  T[170] = <3,0,7> (global=236)
  T[171] = <3,0,8> (global=237)
  T[172] = <3,0,9> (global=238)
  T[173] = <3,0,10> (global=239)
  T[174] = <3,0,11> (global=240)
  T[175] = <3,1,2> (global=241)
  T[176] = <3,1,4> (global=242)
  T[177] = <3,1,5> (global=243)
  T[178] = <3,1,6> (global=244)
  T[179] = <3,1,7> (global=245)
  T[180] = <3,1,8> (global=246)
  T[181] = <3,1,9> (global=247)
  T[182] = <3,1,10> (global=248)
  T[183] = <3,1,11> (global=249)
  T[184] = <3,2,4> (global=250)
  T[185] = <3,2,5> (global=251)
  T[186] = <3,2,6> (global=252)
  T[187] = <3,2,7> (global=253)
  T[188] = <3,2,8> (global=254)
  T[189] = <3,2,9> (global=255)
  T[190] = <3,2,10> (global=256)
  T[191] = <3,2,11> (global=257)
  T[192] = <3,4,5> (global=258)
  T[193] = <3,4,6> (global=259)
  T[194] = <3,4,7> (global=260)
  T[195] = <3,4,8> (global=261)
  T[196] = <3,4,9> (global=262)
  T[197] = <3,4,10> (global=263)
  T[198] = <3,4,11> (global=264)
  T[199] = <3,5,6> (global=265)
  T[200] = <3,5,7> (global=266)
  T[201] = <3,5,8> (global=267)
  T[202] = <3,5,9> (global=268)
  T[203] = <3,5,10> (global=269)
  T[204] = <3,5,11> (global=270)
  T[205] = <3,6,7> (global=271)
  T[206] = <3,6,8> (global=272)
  T[207] = <3,6,9> (global=273)
  T[208] = <3,6,10> (global=274)
  T[209] = <3,6,11> (global=275)
  T[210] = <3,7,8> (global=276)
  T[211] = <3,7,9> (global=277)
  T[212] = <3,7,10> (global=278)
  T[213] = <3,7,11> (global=279)
  T[214] = <3,8,9> (global=280)
  T[215] = <3,8,10> (global=281)
  T[216] = <3,8,11> (global=282)
  T[217] = <3,9,10> (global=283)
  T[218] = <3,9,11> (global=284)
  T[219] = <3,10,11> (global=285)
  T[220] = <4,0,1> (global=286)
  T[221] = <4,0,2> (global=287)
  T[222] = <4,0,3> (global=288)
  T[223] = <4,0,5> (global=289)
  T[224] = <4,0,6> (global=290)
  T[225] = <4,0,7> (global=291)
  T[226] = <4,0,8> (global=292)
  T[227] = <4,0,9> (global=293)
  T[228] = <4,0,10> (global=294)
  T[229] = <4,0,11> (global=295)
  T[230] = <4,1,2> (global=296)
  T[231] = <4,1,3> (global=297)
  T[232] = <4,1,5> (global=298)
  T[233] = <4,1,6> (global=299)
  T[234] = <4,1,7> (global=300)
  T[235] = <4,1,8> (global=301)
  T[236] = <4,1,9> (global=302)
  T[237] = <4,1,10> (global=303)
  T[238] = <4,1,11> (global=304)
  T[239] = <4,2,3> (global=305)
  T[240] = <4,2,5> (global=306)
  T[241] = <4,2,6> (global=307)
  T[242] = <4,2,7> (global=308)
  T[243] = <4,2,8> (global=309)
  T[244] = <4,2,9> (global=310)
  T[245] = <4,2,10> (global=311)
  T[246] = <4,2,11> (global=312)
  T[247] = <4,3,5> (global=313)
  T[248] = <4,3,6> (global=314)
  T[249] = <4,3,7> (global=315)
  T[250] = <4,3,8> (global=316)
  T[251] = <4,3,9> (global=317)
  T[252] = <4,3,10> (global=318)
  T[253] = <4,3,11> (global=319)
  T[254] = <4,5,6> (global=320)
  T[255] = <4,5,7> (global=321)
  T[256] = <4,5,8> (global=322)
  T[257] = <4,5,9> (global=323)
  T[258] = <4,5,10> (global=324)
  T[259] = <4,5,11> (global=325)
  T[260] = <4,6,7> (global=326)
  T[261] = <4,6,8> (global=327)
  T[262] = <4,6,9> (global=328)
  T[263] = <4,6,10> (global=329)
  T[264] = <4,6,11> (global=330)
  T[265] = <4,7,8> (global=331)
  T[266] = <4,7,9> (global=332)
  T[267] = <4,7,10> (global=333)
  T[268] = <4,7,11> (global=334)
  T[269] = <4,8,9> (global=335)
  T[270] = <4,8,10> (global=336)
  T[271] = <4,8,11> (global=337)
  T[272] = <4,9,10> (global=338)
  T[273] = <4,9,11> (global=339)
  T[274] = <4,10,11> (global=340)
  T[275] = <5,0,1> (global=341)
  T[276] = <5,0,2> (global=342)
  T[277] = <5,0,3> (global=343)
  T[278] = <5,0,4> (global=344)
  T[279] = <5,0,6> (global=345)
  T[280] = <5,0,7> (global=346)
  T[281] = <5,0,8> (global=347)
  T[282] = <5,0,9> (global=348)
  T[283] = <5,0,10> (global=349)
  T[284] = <5,0,11> (global=350)
  T[285] = <5,1,2> (global=351)
  T[286] = <5,1,3> (global=352)
  T[287] = <5,1,4> (global=353)
  T[288] = <5,1,6> (global=354)
  T[289] = <5,1,7> (global=355)
  T[290] = <5,1,8> (global=356)
  T[291] = <5,1,9> (global=357)
  T[292] = <5,1,10> (global=358)
  T[293] = <5,1,11> (global=359)
  T[294] = <5,2,3> (global=360)
  T[295] = <5,2,4> (global=361)
  T[296] = <5,2,6> (global=362)
  T[297] = <5,2,7> (global=363)
  T[298] = <5,2,8> (global=364)
  T[299] = <5,2,9> (global=365)
  T[300] = <5,2,10> (global=366)
  T[301] = <5,2,11> (global=367)
  T[302] = <5,3,4> (global=368)
  T[303] = <5,3,6> (global=369)
  T[304] = <5,3,7> (global=370)
  T[305] = <5,3,8> (global=371)
  T[306] = <5,3,9> (global=372)
  T[307] = <5,3,10> (global=373)
  T[308] = <5,3,11> (global=374)
  T[309] = <5,4,6> (global=375)
  T[310] = <5,4,7> (global=376)
  T[311] = <5,4,8> (global=377)
  T[312] = <5,4,9> (global=378)
  T[313] = <5,4,10> (global=379)
  T[314] = <5,4,11> (global=380)
  T[315] = <5,6,7> (global=381)
  T[316] = <5,6,8> (global=382)
  T[317] = <5,6,9> (global=383)
  T[318] = <5,6,10> (global=384)
  T[319] = <5,6,11> (global=385)
  T[320] = <5,7,8> (global=386)
  T[321] = <5,7,9> (global=387)
  T[322] = <5,7,10> (global=388)
  T[323] = <5,7,11> (global=389)
  T[324] = <5,8,9> (global=390)
  T[325] = <5,8,10> (global=391)
  T[326] = <5,8,11> (global=392)
  T[327] = <5,9,10> (global=393)
  T[328] = <5,9,11> (global=394)
  T[329] = <5,10,11> (global=395)
  T[330] = <6,0,1> (global=396)
  T[331] = <6,0,2> (global=397)
  T[332] = <6,0,3> (global=398)
  T[333] = <6,0,4> (global=399)
  T[334] = <6,0,5> (global=400)
  T[335] = <6,0,7> (global=401)
  T[336] = <6,0,8> (global=402)
  T[337] = <6,0,9> (global=403)
  T[338] = <6,0,10> (global=404)
  T[339] = <6,0,11> (global=405)
  T[340] = <6,1,2> (global=406)
  T[341] = <6,1,3> (global=407)
  T[342] = <6,1,4> (global=408)
  T[343] = <6,1,5> (global=409)
  T[344] = <6,1,7> (global=410)
  T[345] = <6,1,8> (global=411)
  T[346] = <6,1,9> (global=412)
  T[347] = <6,1,10> (global=413)
  T[348] = <6,1,11> (global=414)
  T[349] = <6,2,3> (global=415)
  T[350] = <6,2,4> (global=416)
  T[351] = <6,2,5> (global=417)
  T[352] = <6,2,7> (global=418)
  T[353] = <6,2,8> (global=419)
  T[354] = <6,2,9> (global=420)
  T[355] = <6,2,10> (global=421)
  T[356] = <6,2,11> (global=422)
  T[357] = <6,3,4> (global=423)
  T[358] = <6,3,5> (global=424)
  T[359] = <6,3,7> (global=425)
  T[360] = <6,3,8> (global=426)
  T[361] = <6,3,9> (global=427)
  T[362] = <6,3,10> (global=428)
  T[363] = <6,3,11> (global=429)
  T[364] = <6,4,5> (global=430)
  T[365] = <6,4,7> (global=431)
  T[366] = <6,4,8> (global=432)
  T[367] = <6,4,9> (global=433)
  T[368] = <6,4,10> (global=434)
  T[369] = <6,4,11> (global=435)
  T[370] = <6,5,7> (global=436)
  T[371] = <6,5,8> (global=437)
  T[372] = <6,5,9> (global=438)
  T[373] = <6,5,10> (global=439)
  T[374] = <6,5,11> (global=440)
  T[375] = <6,7,8> (global=441)
  T[376] = <6,7,9> (global=442)
  T[377] = <6,7,10> (global=443)
  T[378] = <6,7,11> (global=444)
  T[379] = <6,8,9> (global=445)
  T[380] = <6,8,10> (global=446)
  T[381] = <6,8,11> (global=447)
  T[382] = <6,9,10> (global=448)
  T[383] = <6,9,11> (global=449)
  T[384] = <6,10,11> (global=450)
  T[385] = <7,0,1> (global=451)
  T[386] = <7,0,2> (global=452)
  T[387] = <7,0,3> (global=453)
  T[388] = <7,0,4> (global=454)
  T[389] = <7,0,5> (global=455)
  T[390] = <7,0,6> (global=456)
  T[391] = <7,0,8> (global=457)
  T[392] = <7,0,9> (global=458)
  T[393] = <7,0,10> (global=459)
  T[394] = <7,0,11> (global=460)
  T[395] = <7,1,2> (global=461)
  T[396] = <7,1,3> (global=462)
  T[397] = <7,1,4> (global=463)
  T[398] = <7,1,5> (global=464)
  T[399] = <7,1,6> (global=465)
  T[400] = <7,1,8> (global=466)
  T[401] = <7,1,9> (global=467)
  T[402] = <7,1,10> (global=468)
  T[403] = <7,1,11> (global=469)
  T[404] = <7,2,3> (global=470)
  T[405] = <7,2,4> (global=471)
  T[406] = <7,2,5> (global=472)
  T[407] = <7,2,6> (global=473)
  T[408] = <7,2,8> (global=474)
  T[409] = <7,2,9> (global=475)
  T[410] = <7,2,10> (global=476)
  T[411] = <7,2,11> (global=477)
  T[412] = <7,3,4> (global=478)
  T[413] = <7,3,5> (global=479)
  T[414] = <7,3,6> (global=480)
  T[415] = <7,3,8> (global=481)
  T[416] = <7,3,9> (global=482)
  T[417] = <7,3,10> (global=483)
  T[418] = <7,3,11> (global=484)
  T[419] = <7,4,5> (global=485)
  T[420] = <7,4,6> (global=486)
  T[421] = <7,4,8> (global=487)
  T[422] = <7,4,9> (global=488)
  T[423] = <7,4,10> (global=489)
  T[424] = <7,4,11> (global=490)
  T[425] = <7,5,6> (global=491)
  T[426] = <7,5,8> (global=492)
  T[427] = <7,5,9> (global=493)
  T[428] = <7,5,10> (global=494)
  T[429] = <7,5,11> (global=495)
  T[430] = <7,6,8> (global=496)
  T[431] = <7,6,9> (global=497)
  T[432] = <7,6,10> (global=498)
  T[433] = <7,6,11> (global=499)
  T[434] = <7,8,9> (global=500)
  T[435] = <7,8,10> (global=501)
  T[436] = <7,8,11> (global=502)
  T[437] = <7,9,10> (global=503)
  T[438] = <7,9,11> (global=504)
  T[439] = <7,10,11> (global=505)
  T[440] = <8,0,1> (global=506)
  T[441] = <8,0,2> (global=507)
  T[442] = <8,0,3> (global=508)
  T[443] = <8,0,4> (global=509)
  T[444] = <8,0,5> (global=510)
  T[445] = <8,0,6> (global=511)
  T[446] = <8,0,7> (global=512)
  T[447] = <8,0,9> (global=513)
  T[448] = <8,0,10> (global=514)
  T[449] = <8,0,11> (global=515)
  T[450] = <8,1,2> (global=516)
  T[451] = <8,1,3> (global=517)
  T[452] = <8,1,4> (global=518)
  T[453] = <8,1,5> (global=519)
  T[454] = <8,1,6> (global=520)
  T[455] = <8,1,7> (global=521)
  T[456] = <8,1,9> (global=522)
  T[457] = <8,1,10> (global=523)
  T[458] = <8,1,11> (global=524)
  T[459] = <8,2,3> (global=525)
  T[460] = <8,2,4> (global=526)
  T[461] = <8,2,5> (global=527)
  T[462] = <8,2,6> (global=528)
  T[463] = <8,2,7> (global=529)
  T[464] = <8,2,9> (global=530)
  T[465] = <8,2,10> (global=531)
  T[466] = <8,2,11> (global=532)
  T[467] = <8,3,4> (global=533)
  T[468] = <8,3,5> (global=534)
  T[469] = <8,3,6> (global=535)
  T[470] = <8,3,7> (global=536)
  T[471] = <8,3,9> (global=537)
  T[472] = <8,3,10> (global=538)
  T[473] = <8,3,11> (global=539)
  T[474] = <8,4,5> (global=540)
  T[475] = <8,4,6> (global=541)
  T[476] = <8,4,7> (global=542)
  T[477] = <8,4,9> (global=543)
  T[478] = <8,4,10> (global=544)
  T[479] = <8,4,11> (global=545)
  T[480] = <8,5,6> (global=546)
  T[481] = <8,5,7> (global=547)
  T[482] = <8,5,9> (global=548)
  T[483] = <8,5,10> (global=549)
  T[484] = <8,5,11> (global=550)
  T[485] = <8,6,7> (global=551)
  T[486] = <8,6,9> (global=552)
  T[487] = <8,6,10> (global=553)
  T[488] = <8,6,11> (global=554)
  T[489] = <8,7,9> (global=555)
  T[490] = <8,7,10> (global=556)
  T[491] = <8,7,11> (global=557)
  T[492] = <8,9,10> (global=558)
  T[493] = <8,9,11> (global=559)
  T[494] = <8,10,11> (global=560)
  T[495] = <9,0,1> (global=561)
  T[496] = <9,0,2> (global=562)
  T[497] = <9,0,3> (global=563)
  T[498] = <9,0,4> (global=564)
  T[499] = <9,0,5> (global=565)
  T[500] = <9,0,6> (global=566)
  T[501] = <9,0,7> (global=567)
  T[502] = <9,0,8> (global=568)
  T[503] = <9,0,10> (global=569)
  T[504] = <9,0,11> (global=570)
  T[505] = <9,1,2> (global=571)
  T[506] = <9,1,3> (global=572)
  T[507] = <9,1,4> (global=573)
  T[508] = <9,1,5> (global=574)
  T[509] = <9,1,6> (global=575)
  T[510] = <9,1,7> (global=576)
  T[511] = <9,1,8> (global=577)
  T[512] = <9,1,10> (global=578)
  T[513] = <9,1,11> (global=579)
  T[514] = <9,2,3> (global=580)
  T[515] = <9,2,4> (global=581)
  T[516] = <9,2,5> (global=582)
  T[517] = <9,2,6> (global=583)
  T[518] = <9,2,7> (global=584)
  T[519] = <9,2,8> (global=585)
  T[520] = <9,2,10> (global=586)
  T[521] = <9,2,11> (global=587)
  T[522] = <9,3,4> (global=588)
  T[523] = <9,3,5> (global=589)
  T[524] = <9,3,6> (global=590)
  T[525] = <9,3,7> (global=591)
  T[526] = <9,3,8> (global=592)
  T[527] = <9,3,10> (global=593)
  T[528] = <9,3,11> (global=594)
  T[529] = <9,4,5> (global=595)
  T[530] = <9,4,6> (global=596)
  T[531] = <9,4,7> (global=597)
  T[532] = <9,4,8> (global=598)
  T[533] = <9,4,10> (global=599)
  T[534] = <9,4,11> (global=600)
  T[535] = <9,5,6> (global=601)
  T[536] = <9,5,7> (global=602)
  T[537] = <9,5,8> (global=603)
  T[538] = <9,5,10> (global=604)
  T[539] = <9,5,11> (global=605)
  T[540] = <9,6,7> (global=606)
  T[541] = <9,6,8> (global=607)
  T[542] = <9,6,10> (global=608)
  T[543] = <9,6,11> (global=609)
  T[544] = <9,7,8> (global=610)
  T[545] = <9,7,10> (global=611)
  T[546] = <9,7,11> (global=612)
  T[547] = <9,8,10> (global=613)
  T[548] = <9,8,11> (global=614)
  T[549] = <9,10,11> (global=615)
  T[550] = <10,0,1> (global=616)
  T[551] = <10,0,2> (global=617)
  T[552] = <10,0,3> (global=618)
  T[553] = <10,0,4> (global=619)
  T[554] = <10,0,5> (global=620)
  T[555] = <10,0,6> (global=621)
  T[556] = <10,0,7> (global=622)
  T[557] = <10,0,8> (global=623)
  T[558] = <10,0,9> (global=624)
  T[559] = <10,0,11> (global=625)
  T[560] = <10,1,2> (global=626)
  T[561] = <10,1,3> (global=627)
  T[562] = <10,1,4> (global=628)
  T[563] = <10,1,5> (global=629)
  T[564] = <10,1,6> (global=630)
  T[565] = <10,1,7> (global=631)
  T[566] = <10,1,8> (global=632)
  T[567] = <10,1,9> (global=633)
  T[568] = <10,1,11> (global=634)
  T[569] = <10,2,3> (global=635)
  T[570] = <10,2,4> (global=636)
  T[571] = <10,2,5> (global=637)
  T[572] = <10,2,6> (global=638)
  T[573] = <10,2,7> (global=639)
  T[574] = <10,2,8> (global=640)
  T[575] = <10,2,9> (global=641)
  T[576] = <10,2,11> (global=642)
  T[577] = <10,3,4> (global=643)
  T[578] = <10,3,5> (global=644)
  T[579] = <10,3,6> (global=645)
  T[580] = <10,3,7> (global=646)
  T[581] = <10,3,8> (global=647)
  T[582] = <10,3,9> (global=648)
  T[583] = <10,3,11> (global=649)
  T[584] = <10,4,5> (global=650)
  T[585] = <10,4,6> (global=651)
  T[586] = <10,4,7> (global=652)
  T[587] = <10,4,8> (global=653)
  T[588] = <10,4,9> (global=654)
  T[589] = <10,4,11> (global=655)
  T[590] = <10,5,6> (global=656)
  T[591] = <10,5,7> (global=657)
  T[592] = <10,5,8> (global=658)
  T[593] = <10,5,9> (global=659)
  T[594] = <10,5,11> (global=660)
  T[595] = <10,6,7> (global=661)
  T[596] = <10,6,8> (global=662)
  T[597] = <10,6,9> (global=663)
  T[598] = <10,6,11> (global=664)
  T[599] = <10,7,8> (global=665)
  T[600] = <10,7,9> (global=666)
  T[601] = <10,7,11> (global=667)
  T[602] = <10,8,9> (global=668)
  T[603] = <10,8,11> (global=669)
  T[604] = <10,9,11> (global=670)
  T[605] = <11,0,1> (global=671)
  T[606] = <11,0,2> (global=672)
  T[607] = <11,0,3> (global=673)
  T[608] = <11,0,4> (global=674)
  T[609] = <11,0,5> (global=675)
  T[610] = <11,0,6> (global=676)
  T[611] = <11,0,7> (global=677)
  T[612] = <11,0,8> (global=678)
  T[613] = <11,0,9> (global=679)
  T[614] = <11,0,10> (global=680)
  T[615] = <11,1,2> (global=681)
  T[616] = <11,1,3> (global=682)
  T[617] = <11,1,4> (global=683)
  T[618] = <11,1,5> (global=684)
  T[619] = <11,1,6> (global=685)
  T[620] = <11,1,7> (global=686)
  T[621] = <11,1,8> (global=687)
  T[622] = <11,1,9> (global=688)
  T[623] = <11,1,10> (global=689)
  T[624] = <11,2,3> (global=690)
  T[625] = <11,2,4> (global=691)
  T[626] = <11,2,5> (global=692)
  T[627] = <11,2,6> (global=693)
  T[628] = <11,2,7> (global=694)
  T[629] = <11,2,8> (global=695)
  T[630] = <11,2,9> (global=696)
  T[631] = <11,2,10> (global=697)
  T[632] = <11,3,4> (global=698)
  T[633] = <11,3,5> (global=699)
  T[634] = <11,3,6> (global=700)
  T[635] = <11,3,7> (global=701)
  T[636] = <11,3,8> (global=702)
  T[637] = <11,3,9> (global=703)
  T[638] = <11,3,10> (global=704)
  T[639] = <11,4,5> (global=705)
  T[640] = <11,4,6> (global=706)
  T[641] = <11,4,7> (global=707)
  T[642] = <11,4,8> (global=708)
  T[643] = <11,4,9> (global=709)
  T[644] = <11,4,10> (global=710)
  T[645] = <11,5,6> (global=711)
  T[646] = <11,5,7> (global=712)
  T[647] = <11,5,8> (global=713)
  T[648] = <11,5,9> (global=714)
  T[649] = <11,5,10> (global=715)
  T[650] = <11,6,7> (global=716)
  T[651] = <11,6,8> (global=717)
  T[652] = <11,6,9> (global=718)
  T[653] = <11,6,10> (global=719)
  T[654] = <11,7,8> (global=720)
  T[655] = <11,7,9> (global=721)
  T[656] = <11,7,10> (global=722)
  T[657] = <11,8,9> (global=723)
  T[658] = <11,8,10> (global=724)
  T[659] = <11,9,10> (global=725)
[Dihedral local index]
  D[0] = center<0,1> endpoint<2,3> (global=66)
  D[1] = center<0,1> endpoint<2,4> (global=67)
  D[2] = center<0,1> endpoint<2,5> (global=68)
  D[3] = center<0,1> endpoint<2,6> (global=69)
  D[4] = center<0,1> endpoint<2,7> (global=70)
  D[5] = center<0,1> endpoint<2,8> (global=71)
  D[6] = center<0,1> endpoint<2,9> (global=72)
  D[7] = center<0,1> endpoint<2,10> (global=73)
  D[8] = center<0,1> endpoint<2,11> (global=74)
  D[9] = center<0,1> endpoint<3,4> (global=75)
  D[10] = center<0,1> endpoint<3,5> (global=76)
  D[11] = center<0,1> endpoint<3,6> (global=77)
  D[12] = center<0,1> endpoint<3,7> (global=78)
  D[13] = center<0,1> endpoint<3,8> (global=79)
  D[14] = center<0,1> endpoint<3,9> (global=80)
  D[15] = center<0,1> endpoint<3,10> (global=81)
  D[16] = center<0,1> endpoint<3,11> (global=82)
  D[17] = center<0,1> endpoint<4,5> (global=83)
  D[18] = center<0,1> endpoint<4,6> (global=84)
  D[19] = center<0,1> endpoint<4,7> (global=85)
  D[20] = center<0,1> endpoint<4,8> (global=86)
  D[21] = center<0,1> endpoint<4,9> (global=87)
  D[22] = center<0,1> endpoint<4,10> (global=88)
  D[23] = center<0,1> endpoint<4,11> (global=89)
  D[24] = center<0,1> endpoint<5,6> (global=90)
  D[25] = center<0,1> endpoint<5,7> (global=91)
  D[26] = center<0,1> endpoint<5,8> (global=92)
  D[27] = center<0,1> endpoint<5,9> (global=93)
  D[28] = center<0,1> endpoint<5,10> (global=94)
  D[29] = center<0,1> endpoint<5,11> (global=95)
  D[30] = center<0,1> endpoint<6,7> (global=96)
  D[31] = center<0,1> endpoint<6,8> (global=97)
  D[32] = center<0,1> endpoint<6,9> (global=98)
  D[33] = center<0,1> endpoint<6,10> (global=99)
  D[34] = center<0,1> endpoint<6,11> (global=100)
  D[35] = center<0,1> endpoint<7,8> (global=101)
  D[36] = center<0,1> endpoint<7,9> (global=102)
  D[37] = center<0,1> endpoint<7,10> (global=103)
  D[38] = center<0,1> endpoint<7,11> (global=104)
  D[39] = center<0,1> endpoint<8,9> (global=105)
  D[40] = center<0,1> endpoint<8,10> (global=106)
  D[41] = center<0,1> endpoint<8,11> (global=107)
  D[42] = center<0,1> endpoint<9,10> (global=108)
  D[43] = center<0,1> endpoint<9,11> (global=109)
  D[44] = center<0,1> endpoint<10,11> (global=110)
  D[45] = center<0,2> endpoint<1,3> (global=111)
  D[46] = center<0,2> endpoint<1,4> (global=112)
  D[47] = center<0,2> endpoint<1,5> (global=113)
  D[48] = center<0,2> endpoint<1,6> (global=114)
  D[49] = center<0,2> endpoint<1,7> (global=115)
  D[50] = center<0,2> endpoint<1,8> (global=116)
  D[51] = center<0,2> endpoint<1,9> (global=117)
  D[52] = center<0,2> endpoint<1,10> (global=118)
  D[53] = center<0,2> endpoint<1,11> (global=119)
  D[54] = center<0,2> endpoint<3,4> (global=120)
  D[55] = center<0,2> endpoint<3,5> (global=121)
  D[56] = center<0,2> endpoint<3,6> (global=122)
  D[57] = center<0,2> endpoint<3,7> (global=123)
  D[58] = center<0,2> endpoint<3,8> (global=124)
  D[59] = center<0,2> endpoint<3,9> (global=125)
  D[60] = center<0,2> endpoint<3,10> (global=126)
  D[61] = center<0,2> endpoint<3,11> (global=127)
  D[62] = center<0,2> endpoint<4,5> (global=128)
  D[63] = center<0,2> endpoint<4,6> (global=129)
  D[64] = center<0,2> endpoint<4,7> (global=130)
  D[65] = center<0,2> endpoint<4,8> (global=131)
  D[66] = center<0,2> endpoint<4,9> (global=132)
  D[67] = center<0,2> endpoint<4,10> (global=133)
  D[68] = center<0,2> endpoint<4,11> (global=134)
  D[69] = center<0,2> endpoint<5,6> (global=135)
  D[70] = center<0,2> endpoint<5,7> (global=136)
  D[71] = center<0,2> endpoint<5,8> (global=137)
  D[72] = center<0,2> endpoint<5,9> (global=138)
  D[73] = center<0,2> endpoint<5,10> (global=139)
  D[74] = center<0,2> endpoint<5,11> (global=140)
  D[75] = center<0,2> endpoint<6,7> (global=141)
  D[76] = center<0,2> endpoint<6,8> (global=142)
  D[77] = center<0,2> endpoint<6,9> (global=143)
  D[78] = center<0,2> endpoint<6,10> (global=144)
  D[79] = center<0,2> endpoint<6,11> (global=145)
  D[80] = center<0,2> endpoint<7,8> (global=146)
  D[81] = center<0,2> endpoint<7,9> (global=147)
  D[82] = center<0,2> endpoint<7,10> (global=148)
  D[83] = center<0,2> endpoint<7,11> (global=149)
  D[84] = center<0,2> endpoint<8,9> (global=150)
  D[85] = center<0,2> endpoint<8,10> (global=151)
  D[86] = center<0,2> endpoint<8,11> (global=152)
  D[87] = center<0,2> endpoint<9,10> (global=153)
  D[88] = center<0,2> endpoint<9,11> (global=154)
  D[89] = center<0,2> endpoint<10,11> (global=155)
  D[90] = center<0,3> endpoint<1,2> (global=156)
  D[91] = center<0,3> endpoint<1,4> (global=157)
  D[92] = center<0,3> endpoint<1,5> (global=158)
  D[93] = center<0,3> endpoint<1,6> (global=159)
  D[94] = center<0,3> endpoint<1,7> (global=160)
  D[95] = center<0,3> endpoint<1,8> (global=161)
  D[96] = center<0,3> endpoint<1,9> (global=162)
  D[97] = center<0,3> endpoint<1,10> (global=163)
  D[98] = center<0,3> endpoint<1,11> (global=164)
  D[99] = center<0,3> endpoint<2,4> (global=165)
  D[100] = center<0,3> endpoint<2,5> (global=166)
  D[101] = center<0,3> endpoint<2,6> (global=167)
  D[102] = center<0,3> endpoint<2,7> (global=168)
  D[103] = center<0,3> endpoint<2,8> (global=169)
  D[104] = center<0,3> endpoint<2,9> (global=170)
  D[105] = center<0,3> endpoint<2,10> (global=171)
  D[106] = center<0,3> endpoint<2,11> (global=172)
  D[107] = center<0,3> endpoint<4,5> (global=173)
  D[108] = center<0,3> endpoint<4,6> (global=174)
  D[109] = center<0,3> endpoint<4,7> (global=175)
  D[110] = center<0,3> endpoint<4,8> (global=176)
  D[111] = center<0,3> endpoint<4,9> (global=177)
  D[112] = center<0,3> endpoint<4,10> (global=178)
  D[113] = center<0,3> endpoint<4,11> (global=179)
  D[114] = center<0,3> endpoint<5,6> (global=180)
  D[115] = center<0,3> endpoint<5,7> (global=181)
  D[116] = center<0,3> endpoint<5,8> (global=182)
  D[117] = center<0,3> endpoint<5,9> (global=183)
  D[118] = center<0,3> endpoint<5,10> (global=184)
  D[119] = center<0,3> endpoint<5,11> (global=185)
  D[120] = center<0,3> endpoint<6,7> (global=186)
  D[121] = center<0,3> endpoint<6,8> (global=187)
  D[122] = center<0,3> endpoint<6,9> (global=188)
  D[123] = center<0,3> endpoint<6,10> (global=189)
  D[124] = center<0,3> endpoint<6,11> (global=190)
  D[125] = center<0,3> endpoint<7,8> (global=191)
  D[126] = center<0,3> endpoint<7,9> (global=192)
  D[127] = center<0,3> endpoint<7,10> (global=193)
  D[128] = center<0,3> endpoint<7,11> (global=194)
  D[129] = center<0,3> endpoint<8,9> (global=195)
  D[130] = center<0,3> endpoint<8,10> (global=196)
  D[131] = center<0,3> endpoint<8,11> (global=197)
  D[132] = center<0,3> endpoint<9,10> (global=198)
  D[133] = center<0,3> endpoint<9,11> (global=199)
  D[134] = center<0,3> endpoint<10,11> (global=200)
  D[135] = center<0,4> endpoint<1,2> (global=201)
  D[136] = center<0,4> endpoint<1,3> (global=202)
  D[137] = center<0,4> endpoint<1,5> (global=203)
  D[138] = center<0,4> endpoint<1,6> (global=204)
  D[139] = center<0,4> endpoint<1,7> (global=205)
  D[140] = center<0,4> endpoint<1,8> (global=206)
  D[141] = center<0,4> endpoint<1,9> (global=207)
  D[142] = center<0,4> endpoint<1,10> (global=208)
  D[143] = center<0,4> endpoint<1,11> (global=209)
  D[144] = center<0,4> endpoint<2,3> (global=210)
  D[145] = center<0,4> endpoint<2,5> (global=211)
  D[146] = center<0,4> endpoint<2,6> (global=212)
  D[147] = center<0,4> endpoint<2,7> (global=213)
  D[148] = center<0,4> endpoint<2,8> (global=214)
  D[149] = center<0,4> endpoint<2,9> (global=215)
  D[150] = center<0,4> endpoint<2,10> (global=216)
  D[151] = center<0,4> endpoint<2,11> (global=217)
  D[152] = center<0,4> endpoint<3,5> (global=218)
  D[153] = center<0,4> endpoint<3,6> (global=219)
  D[154] = center<0,4> endpoint<3,7> (global=220)
  D[155] = center<0,4> endpoint<3,8> (global=221)
  D[156] = center<0,4> endpoint<3,9> (global=222)
  D[157] = center<0,4> endpoint<3,10> (global=223)
  D[158] = center<0,4> endpoint<3,11> (global=224)
  D[159] = center<0,4> endpoint<5,6> (global=225)
  D[160] = center<0,4> endpoint<5,7> (global=226)
  D[161] = center<0,4> endpoint<5,8> (global=227)
  D[162] = center<0,4> endpoint<5,9> (global=228)
  D[163] = center<0,4> endpoint<5,10> (global=229)
  D[164] = center<0,4> endpoint<5,11> (global=230)
  D[165] = center<0,4> endpoint<6,7> (global=231)
  D[166] = center<0,4> endpoint<6,8> (global=232)
  D[167] = center<0,4> endpoint<6,9> (global=233)
  D[168] = center<0,4> endpoint<6,10> (global=234)
  D[169] = center<0,4> endpoint<6,11> (global=235)
  D[170] = center<0,4> endpoint<7,8> (global=236)
  D[171] = center<0,4> endpoint<7,9> (global=237)
  D[172] = center<0,4> endpoint<7,10> (global=238)
  D[173] = center<0,4> endpoint<7,11> (global=239)
  D[174] = center<0,4> endpoint<8,9> (global=240)
  D[175] = center<0,4> endpoint<8,10> (global=241)
  D[176] = center<0,4> endpoint<8,11> (global=242)
  D[177] = center<0,4> endpoint<9,10> (global=243)
  D[178] = center<0,4> endpoint<9,11> (global=244)
  D[179] = center<0,4> endpoint<10,11> (global=245)
  D[180] = center<0,5> endpoint<1,2> (global=246)
  D[181] = center<0,5> endpoint<1,3> (global=247)
  D[182] = center<0,5> endpoint<1,4> (global=248)
  D[183] = center<0,5> endpoint<1,6> (global=249)
  D[184] = center<0,5> endpoint<1,7> (global=250)
  D[185] = center<0,5> endpoint<1,8> (global=251)
  D[186] = center<0,5> endpoint<1,9> (global=252)
  D[187] = center<0,5> endpoint<1,10> (global=253)
  D[188] = center<0,5> endpoint<1,11> (global=254)
  D[189] = center<0,5> endpoint<2,3> (global=255)
  D[190] = center<0,5> endpoint<2,4> (global=256)
  D[191] = center<0,5> endpoint<2,6> (global=257)
  D[192] = center<0,5> endpoint<2,7> (global=258)
  D[193] = center<0,5> endpoint<2,8> (global=259)
  D[194] = center<0,5> endpoint<2,9> (global=260)
  D[195] = center<0,5> endpoint<2,10> (global=261)
  D[196] = center<0,5> endpoint<2,11> (global=262)
  D[197] = center<0,5> endpoint<3,4> (global=263)
  D[198] = center<0,5> endpoint<3,6> (global=264)
  D[199] = center<0,5> endpoint<3,7> (global=265)
  D[200] = center<0,5> endpoint<3,8> (global=266)
  D[201] = center<0,5> endpoint<3,9> (global=267)
  D[202] = center<0,5> endpoint<3,10> (global=268)
  D[203] = center<0,5> endpoint<3,11> (global=269)
  D[204] = center<0,5> endpoint<4,6> (global=270)
  D[205] = center<0,5> endpoint<4,7> (global=271)
  D[206] = center<0,5> endpoint<4,8> (global=272)
  D[207] = center<0,5> endpoint<4,9> (global=273)
  D[208] = center<0,5> endpoint<4,10> (global=274)
  D[209] = center<0,5> endpoint<4,11> (global=275)
  D[210] = center<0,5> endpoint<6,7> (global=276)
  D[211] = center<0,5> endpoint<6,8> (global=277)
  D[212] = center<0,5> endpoint<6,9> (global=278)
  D[213] = center<0,5> endpoint<6,10> (global=279)
  D[214] = center<0,5> endpoint<6,11> (global=280)
  D[215] = center<0,5> endpoint<7,8> (global=281)
  D[216] = center<0,5> endpoint<7,9> (global=282)
  D[217] = center<0,5> endpoint<7,10> (global=283)
  D[218] = center<0,5> endpoint<7,11> (global=284)
  D[219] = center<0,5> endpoint<8,9> (global=285)
  D[220] = center<0,5> endpoint<8,10> (global=286)
  D[221] = center<0,5> endpoint<8,11> (global=287)
  D[222] = center<0,5> endpoint<9,10> (global=288)
  D[223] = center<0,5> endpoint<9,11> (global=289)
  D[224] = center<0,5> endpoint<10,11> (global=290)
  D[225] = center<0,6> endpoint<1,2> (global=291)
  D[226] = center<0,6> endpoint<1,3> (global=292)
  D[227] = center<0,6> endpoint<1,4> (global=293)
  D[228] = center<0,6> endpoint<1,5> (global=294)
  D[229] = center<0,6> endpoint<1,7> (global=295)
  D[230] = center<0,6> endpoint<1,8> (global=296)
  D[231] = center<0,6> endpoint<1,9> (global=297)
  D[232] = center<0,6> endpoint<1,10> (global=298)
  D[233] = center<0,6> endpoint<1,11> (global=299)
  D[234] = center<0,6> endpoint<2,3> (global=300)
  D[235] = center<0,6> endpoint<2,4> (global=301)
  D[236] = center<0,6> endpoint<2,5> (global=302)
  D[237] = center<0,6> endpoint<2,7> (global=303)
  D[238] = center<0,6> endpoint<2,8> (global=304)
  D[239] = center<0,6> endpoint<2,9> (global=305)
  D[240] = center<0,6> endpoint<2,10> (global=306)
  D[241] = center<0,6> endpoint<2,11> (global=307)
  D[242] = center<0,6> endpoint<3,4> (global=308)
  D[243] = center<0,6> endpoint<3,5> (global=309)
  D[244] = center<0,6> endpoint<3,7> (global=310)
  D[245] = center<0,6> endpoint<3,8> (global=311)
  D[246] = center<0,6> endpoint<3,9> (global=312)
  D[247] = center<0,6> endpoint<3,10> (global=313)
  D[248] = center<0,6> endpoint<3,11> (global=314)
  D[249] = center<0,6> endpoint<4,5> (global=315)
  D[250] = center<0,6> endpoint<4,7> (global=316)
  D[251] = center<0,6> endpoint<4,8> (global=317)
  D[252] = center<0,6> endpoint<4,9> (global=318)
  D[253] = center<0,6> endpoint<4,10> (global=319)
  D[254] = center<0,6> endpoint<4,11> (global=320)
  D[255] = center<0,6> endpoint<5,7> (global=321)
  D[256] = center<0,6> endpoint<5,8> (global=322)
  D[257] = center<0,6> endpoint<5,9> (global=323)
  D[258] = center<0,6> endpoint<5,10> (global=324)
  D[259] = center<0,6> endpoint<5,11> (global=325)
  D[260] = center<0,6> endpoint<7,8> (global=326)
  D[261] = center<0,6> endpoint<7,9> (global=327)
  D[262] = center<0,6> endpoint<7,10> (global=328)
  D[263] = center<0,6> endpoint<7,11> (global=329)
  D[264] = center<0,6> endpoint<8,9> (global=330)
  D[265] = center<0,6> endpoint<8,10> (global=331)
  D[266] = center<0,6> endpoint<8,11> (global=332)
  D[267] = center<0,6> endpoint<9,10> (global=333)
  D[268] = center<0,6> endpoint<9,11> (global=334)
  D[269] = center<0,6> endpoint<10,11> (global=335)
  D[270] = center<0,7> endpoint<1,2> (global=336)
  D[271] = center<0,7> endpoint<1,3> (global=337)
  D[272] = center<0,7> endpoint<1,4> (global=338)
  D[273] = center<0,7> endpoint<1,5> (global=339)
  D[274] = center<0,7> endpoint<1,6> (global=340)
  D[275] = center<0,7> endpoint<1,8> (global=341)
  D[276] = center<0,7> endpoint<1,9> (global=342)
  D[277] = center<0,7> endpoint<1,10> (global=343)
  D[278] = center<0,7> endpoint<1,11> (global=344)
  D[279] = center<0,7> endpoint<2,3> (global=345)
  D[280] = center<0,7> endpoint<2,4> (global=346)
  D[281] = center<0,7> endpoint<2,5> (global=347)
  D[282] = center<0,7> endpoint<2,6> (global=348)
  D[283] = center<0,7> endpoint<2,8> (global=349)
  D[284] = center<0,7> endpoint<2,9> (global=350)
  D[285] = center<0,7> endpoint<2,10> (global=351)
  D[286] = center<0,7> endpoint<2,11> (global=352)
  D[287] = center<0,7> endpoint<3,4> (global=353)
  D[288] = center<0,7> endpoint<3,5> (global=354)
  D[289] = center<0,7> endpoint<3,6> (global=355)
  D[290] = center<0,7> endpoint<3,8> (global=356)
  D[291] = center<0,7> endpoint<3,9> (global=357)
  D[292] = center<0,7> endpoint<3,10> (global=358)
  D[293] = center<0,7> endpoint<3,11> (global=359)
  D[294] = center<0,7> endpoint<4,5> (global=360)
  D[295] = center<0,7> endpoint<4,6> (global=361)
  D[296] = center<0,7> endpoint<4,8> (global=362)
  D[297] = center<0,7> endpoint<4,9> (global=363)
  D[298] = center<0,7> endpoint<4,10> (global=364)
  D[299] = center<0,7> endpoint<4,11> (global=365)
  D[300] = center<0,7> endpoint<5,6> (global=366)
  D[301] = center<0,7> endpoint<5,8> (global=367)
  D[302] = center<0,7> endpoint<5,9> (global=368)
  D[303] = center<0,7> endpoint<5,10> (global=369)
  D[304] = center<0,7> endpoint<5,11> (global=370)
  D[305] = center<0,7> endpoint<6,8> (global=371)
  D[306] = center<0,7> endpoint<6,9> (global=372)
  D[307] = center<0,7> endpoint<6,10> (global=373)
  D[308] = center<0,7> endpoint<6,11> (global=374)
  D[309] = center<0,7> endpoint<8,9> (global=375)
  D[310] = center<0,7> endpoint<8,10> (global=376)
  D[311] = center<0,7> endpoint<8,11> (global=377)
  D[312] = center<0,7> endpoint<9,10> (global=378)
  D[313] = center<0,7> endpoint<9,11> (global=379)
  D[314] = center<0,7> endpoint<10,11> (global=380)
  D[315] = center<0,8> endpoint<1,2> (global=381)
  D[316] = center<0,8> endpoint<1,3> (global=382)
  D[317] = center<0,8> endpoint<1,4> (global=383)
  D[318] = center<0,8> endpoint<1,5> (global=384)
  D[319] = center<0,8> endpoint<1,6> (global=385)
  D[320] = center<0,8> endpoint<1,7> (global=386)
  D[321] = center<0,8> endpoint<1,9> (global=387)
  D[322] = center<0,8> endpoint<1,10> (global=388)
  D[323] = center<0,8> endpoint<1,11> (global=389)
  D[324] = center<0,8> endpoint<2,3> (global=390)
  D[325] = center<0,8> endpoint<2,4> (global=391)
  D[326] = center<0,8> endpoint<2,5> (global=392)
  D[327] = center<0,8> endpoint<2,6> (global=393)
  D[328] = center<0,8> endpoint<2,7> (global=394)
  D[329] = center<0,8> endpoint<2,9> (global=395)
  D[330] = center<0,8> endpoint<2,10> (global=396)
  D[331] = center<0,8> endpoint<2,11> (global=397)
  D[332] = center<0,8> endpoint<3,4> (global=398)
  D[333] = center<0,8> endpoint<3,5> (global=399)
  D[334] = center<0,8> endpoint<3,6> (global=400)
  D[335] = center<0,8> endpoint<3,7> (global=401)
  D[336] = center<0,8> endpoint<3,9> (global=402)
  D[337] = center<0,8> endpoint<3,10> (global=403)
  D[338] = center<0,8> endpoint<3,11> (global=404)
  D[339] = center<0,8> endpoint<4,5> (global=405)
  D[340] = center<0,8> endpoint<4,6> (global=406)
  D[341] = center<0,8> endpoint<4,7> (global=407)
  D[342] = center<0,8> endpoint<4,9> (global=408)
  D[343] = center<0,8> endpoint<4,10> (global=409)
  D[344] = center<0,8> endpoint<4,11> (global=410)
  D[345] = center<0,8> endpoint<5,6> (global=411)
  D[346] = center<0,8> endpoint<5,7> (global=412)
  D[347] = center<0,8> endpoint<5,9> (global=413)
  D[348] = center<0,8> endpoint<5,10> (global=414)
  D[349] = center<0,8> endpoint<5,11> (global=415)
  D[350] = center<0,8> endpoint<6,7> (global=416)
  D[351] = center<0,8> endpoint<6,9> (global=417)
  D[352] = center<0,8> endpoint<6,10> (global=418)
  D[353] = center<0,8> endpoint<6,11> (global=419)
  D[354] = center<0,8> endpoint<7,9> (global=420)
  D[355] = center<0,8> endpoint<7,10> (global=421)
  D[356] = center<0,8> endpoint<7,11> (global=422)
  D[357] = center<0,8> endpoint<9,10> (global=423)
  D[358] = center<0,8> endpoint<9,11> (global=424)
  D[359] = center<0,8> endpoint<10,11> (global=425)
  D[360] = center<0,9> endpoint<1,2> (global=426)
  D[361] = center<0,9> endpoint<1,3> (global=427)
  D[362] = center<0,9> endpoint<1,4> (global=428)
  D[363] = center<0,9> endpoint<1,5> (global=429)
  D[364] = center<0,9> endpoint<1,6> (global=430)
  D[365] = center<0,9> endpoint<1,7> (global=431)
  D[366] = center<0,9> endpoint<1,8> (global=432)
  D[367] = center<0,9> endpoint<1,10> (global=433)
  D[368] = center<0,9> endpoint<1,11> (global=434)
  D[369] = center<0,9> endpoint<2,3> (global=435)
  D[370] = center<0,9> endpoint<2,4> (global=436)
  D[371] = center<0,9> endpoint<2,5> (global=437)
  D[372] = center<0,9> endpoint<2,6> (global=438)
  D[373] = center<0,9> endpoint<2,7> (global=439)
  D[374] = center<0,9> endpoint<2,8> (global=440)
  D[375] = center<0,9> endpoint<2,10> (global=441)
  D[376] = center<0,9> endpoint<2,11> (global=442)
  D[377] = center<0,9> endpoint<3,4> (global=443)
  D[378] = center<0,9> endpoint<3,5> (global=444)
  D[379] = center<0,9> endpoint<3,6> (global=445)
  D[380] = center<0,9> endpoint<3,7> (global=446)
  D[381] = center<0,9> endpoint<3,8> (global=447)
  D[382] = center<0,9> endpoint<3,10> (global=448)
  D[383] = center<0,9> endpoint<3,11> (global=449)
  D[384] = center<0,9> endpoint<4,5> (global=450)
  D[385] = center<0,9> endpoint<4,6> (global=451)
  D[386] = center<0,9> endpoint<4,7> (global=452)
  D[387] = center<0,9> endpoint<4,8> (global=453)
  D[388] = center<0,9> endpoint<4,10> (global=454)
  D[389] = center<0,9> endpoint<4,11> (global=455)
  D[390] = center<0,9> endpoint<5,6> (global=456)
  D[391] = center<0,9> endpoint<5,7> (global=457)
  D[392] = center<0,9> endpoint<5,8> (global=458)
  D[393] = center<0,9> endpoint<5,10> (global=459)
  D[394] = center<0,9> endpoint<5,11> (global=460)
  D[395] = center<0,9> endpoint<6,7> (global=461)
  D[396] = center<0,9> endpoint<6,8> (global=462)
  D[397] = center<0,9> endpoint<6,10> (global=463)
  D[398] = center<0,9> endpoint<6,11> (global=464)
  D[399] = center<0,9> endpoint<7,8> (global=465)
  D[400] = center<0,9> endpoint<7,10> (global=466)
  D[401] = center<0,9> endpoint<7,11> (global=467)
  D[402] = center<0,9> endpoint<8,10> (global=468)
  D[403] = center<0,9> endpoint<8,11> (global=469)
  D[404] = center<0,9> endpoint<10,11> (global=470)
  D[405] = center<0,10> endpoint<1,2> (global=471)
  D[406] = center<0,10> endpoint<1,3> (global=472)
  D[407] = center<0,10> endpoint<1,4> (global=473)
  D[408] = center<0,10> endpoint<1,5> (global=474)
  D[409] = center<0,10> endpoint<1,6> (global=475)
  D[410] = center<0,10> endpoint<1,7> (global=476)
  D[411] = center<0,10> endpoint<1,8> (global=477)
  D[412] = center<0,10> endpoint<1,9> (global=478)
  D[413] = center<0,10> endpoint<1,11> (global=479)
  D[414] = center<0,10> endpoint<2,3> (global=480)
  D[415] = center<0,10> endpoint<2,4> (global=481)
  D[416] = center<0,10> endpoint<2,5> (global=482)
  D[417] = center<0,10> endpoint<2,6> (global=483)
  D[418] = center<0,10> endpoint<2,7> (global=484)
  D[419] = center<0,10> endpoint<2,8> (global=485)
  D[420] = center<0,10> endpoint<2,9> (global=486)
  D[421] = center<0,10> endpoint<2,11> (global=487)
  D[422] = center<0,10> endpoint<3,4> (global=488)
  D[423] = center<0,10> endpoint<3,5> (global=489)
  D[424] = center<0,10> endpoint<3,6> (global=490)
  D[425] = center<0,10> endpoint<3,7> (global=491)
  D[426] = center<0,10> endpoint<3,8> (global=492)
  D[427] = center<0,10> endpoint<3,9> (global=493)
  D[428] = center<0,10> endpoint<3,11> (global=494)
  D[429] = center<0,10> endpoint<4,5> (global=495)
  D[430] = center<0,10> endpoint<4,6> (global=496)
  D[431] = center<0,10> endpoint<4,7> (global=497)
  D[432] = center<0,10> endpoint<4,8> (global=498)
  D[433] = center<0,10> endpoint<4,9> (global=499)
  D[434] = center<0,10> endpoint<4,11> (global=500)
  D[435] = center<0,10> endpoint<5,6> (global=501)
  D[436] = center<0,10> endpoint<5,7> (global=502)
  D[437] = center<0,10> endpoint<5,8> (global=503)
  D[438] = center<0,10> endpoint<5,9> (global=504)
  D[439] = center<0,10> endpoint<5,11> (global=505)
  D[440] = center<0,10> endpoint<6,7> (global=506)
  D[441] = center<0,10> endpoint<6,8> (global=507)
  D[442] = center<0,10> endpoint<6,9> (global=508)
  D[443] = center<0,10> endpoint<6,11> (global=509)
  D[444] = center<0,10> endpoint<7,8> (global=510)
  D[445] = center<0,10> endpoint<7,9> (global=511)
  D[446] = center<0,10> endpoint<7,11> (global=512)
  D[447] = center<0,10> endpoint<8,9> (global=513)
  D[448] = center<0,10> endpoint<8,11> (global=514)
  D[449] = center<0,10> endpoint<9,11> (global=515)
  D[450] = center<0,11> endpoint<1,2> (global=516)
  D[451] = center<0,11> endpoint<1,3> (global=517)
  D[452] = center<0,11> endpoint<1,4> (global=518)
  D[453] = center<0,11> endpoint<1,5> (global=519)
  D[454] = center<0,11> endpoint<1,6> (global=520)
  D[455] = center<0,11> endpoint<1,7> (global=521)
  D[456] = center<0,11> endpoint<1,8> (global=522)
  D[457] = center<0,11> endpoint<1,9> (global=523)
  D[458] = center<0,11> endpoint<1,10> (global=524)
  D[459] = center<0,11> endpoint<2,3> (global=525)
  D[460] = center<0,11> endpoint<2,4> (global=526)
  D[461] = center<0,11> endpoint<2,5> (global=527)
  D[462] = center<0,11> endpoint<2,6> (global=528)
  D[463] = center<0,11> endpoint<2,7> (global=529)
  D[464] = center<0,11> endpoint<2,8> (global=530)
  D[465] = center<0,11> endpoint<2,9> (global=531)
  D[466] = center<0,11> endpoint<2,10> (global=532)
  D[467] = center<0,11> endpoint<3,4> (global=533)
  D[468] = center<0,11> endpoint<3,5> (global=534)
  D[469] = center<0,11> endpoint<3,6> (global=535)
  D[470] = center<0,11> endpoint<3,7> (global=536)
  D[471] = center<0,11> endpoint<3,8> (global=537)
  D[472] = center<0,11> endpoint<3,9> (global=538)
  D[473] = center<0,11> endpoint<3,10> (global=539)
  D[474] = center<0,11> endpoint<4,5> (global=540)
  D[475] = center<0,11> endpoint<4,6> (global=541)
  D[476] = center<0,11> endpoint<4,7> (global=542)
  D[477] = center<0,11> endpoint<4,8> (global=543)
  D[478] = center<0,11> endpoint<4,9> (global=544)
  D[479] = center<0,11> endpoint<4,10> (global=545)
  D[480] = center<0,11> endpoint<5,6> (global=546)
  D[481] = center<0,11> endpoint<5,7> (global=547)
  D[482] = center<0,11> endpoint<5,8> (global=548)
  D[483] = center<0,11> endpoint<5,9> (global=549)
  D[484] = center<0,11> endpoint<5,10> (global=550)
  D[485] = center<0,11> endpoint<6,7> (global=551)
  D[486] = center<0,11> endpoint<6,8> (global=552)
  D[487] = center<0,11> endpoint<6,9> (global=553)
  D[488] = center<0,11> endpoint<6,10> (global=554)
  D[489] = center<0,11> endpoint<7,8> (global=555)
  D[490] = center<0,11> endpoint<7,9> (global=556)
  D[491] = center<0,11> endpoint<7,10> (global=557)
  D[492] = center<0,11> endpoint<8,9> (global=558)
  D[493] = center<0,11> endpoint<8,10> (global=559)
  D[494] = center<0,11> endpoint<9,10> (global=560)
  D[495] = center<1,2> endpoint<0,3> (global=561)
  D[496] = center<1,2> endpoint<0,4> (global=562)
  D[497] = center<1,2> endpoint<0,5> (global=563)
  D[498] = center<1,2> endpoint<0,6> (global=564)
  D[499] = center<1,2> endpoint<0,7> (global=565)
  D[500] = center<1,2> endpoint<0,8> (global=566)
  D[501] = center<1,2> endpoint<0,9> (global=567)
  D[502] = center<1,2> endpoint<0,10> (global=568)
  D[503] = center<1,2> endpoint<0,11> (global=569)
  D[504] = center<1,2> endpoint<3,4> (global=570)
  D[505] = center<1,2> endpoint<3,5> (global=571)
  D[506] = center<1,2> endpoint<3,6> (global=572)
  D[507] = center<1,2> endpoint<3,7> (global=573)
  D[508] = center<1,2> endpoint<3,8> (global=574)
  D[509] = center<1,2> endpoint<3,9> (global=575)
  D[510] = center<1,2> endpoint<3,10> (global=576)
  D[511] = center<1,2> endpoint<3,11> (global=577)
  D[512] = center<1,2> endpoint<4,5> (global=578)
  D[513] = center<1,2> endpoint<4,6> (global=579)
  D[514] = center<1,2> endpoint<4,7> (global=580)
  D[515] = center<1,2> endpoint<4,8> (global=581)
  D[516] = center<1,2> endpoint<4,9> (global=582)
  D[517] = center<1,2> endpoint<4,10> (global=583)
  D[518] = center<1,2> endpoint<4,11> (global=584)
  D[519] = center<1,2> endpoint<5,6> (global=585)
  D[520] = center<1,2> endpoint<5,7> (global=586)
  D[521] = center<1,2> endpoint<5,8> (global=587)
  D[522] = center<1,2> endpoint<5,9> (global=588)
  D[523] = center<1,2> endpoint<5,10> (global=589)
  D[524] = center<1,2> endpoint<5,11> (global=590)
  D[525] = center<1,2> endpoint<6,7> (global=591)
  D[526] = center<1,2> endpoint<6,8> (global=592)
  D[527] = center<1,2> endpoint<6,9> (global=593)
  D[528] = center<1,2> endpoint<6,10> (global=594)
  D[529] = center<1,2> endpoint<6,11> (global=595)
  D[530] = center<1,2> endpoint<7,8> (global=596)
  D[531] = center<1,2> endpoint<7,9> (global=597)
  D[532] = center<1,2> endpoint<7,10> (global=598)
  D[533] = center<1,2> endpoint<7,11> (global=599)
  D[534] = center<1,2> endpoint<8,9> (global=600)
  D[535] = center<1,2> endpoint<8,10> (global=601)
  D[536] = center<1,2> endpoint<8,11> (global=602)
  D[537] = center<1,2> endpoint<9,10> (global=603)
  D[538] = center<1,2> endpoint<9,11> (global=604)
  D[539] = center<1,2> endpoint<10,11> (global=605)
  D[540] = center<1,3> endpoint<0,2> (global=606)
  D[541] = center<1,3> endpoint<0,4> (global=607)
  D[542] = center<1,3> endpoint<0,5> (global=608)
  D[543] = center<1,3> endpoint<0,6> (global=609)
  D[544] = center<1,3> endpoint<0,7> (global=610)
  D[545] = center<1,3> endpoint<0,8> (global=611)
  D[546] = center<1,3> endpoint<0,9> (global=612)
  D[547] = center<1,3> endpoint<0,10> (global=613)
  D[548] = center<1,3> endpoint<0,11> (global=614)
  D[549] = center<1,3> endpoint<2,4> (global=615)
  D[550] = center<1,3> endpoint<2,5> (global=616)
  D[551] = center<1,3> endpoint<2,6> (global=617)
  D[552] = center<1,3> endpoint<2,7> (global=618)
  D[553] = center<1,3> endpoint<2,8> (global=619)
  D[554] = center<1,3> endpoint<2,9> (global=620)
  D[555] = center<1,3> endpoint<2,10> (global=621)
  D[556] = center<1,3> endpoint<2,11> (global=622)
  D[557] = center<1,3> endpoint<4,5> (global=623)
  D[558] = center<1,3> endpoint<4,6> (global=624)
  D[559] = center<1,3> endpoint<4,7> (global=625)
  D[560] = center<1,3> endpoint<4,8> (global=626)
  D[561] = center<1,3> endpoint<4,9> (global=627)
  D[562] = center<1,3> endpoint<4,10> (global=628)
  D[563] = center<1,3> endpoint<4,11> (global=629)
  D[564] = center<1,3> endpoint<5,6> (global=630)
  D[565] = center<1,3> endpoint<5,7> (global=631)
  D[566] = center<1,3> endpoint<5,8> (global=632)
  D[567] = center<1,3> endpoint<5,9> (global=633)
  D[568] = center<1,3> endpoint<5,10> (global=634)
  D[569] = center<1,3> endpoint<5,11> (global=635)
  D[570] = center<1,3> endpoint<6,7> (global=636)
  D[571] = center<1,3> endpoint<6,8> (global=637)
  D[572] = center<1,3> endpoint<6,9> (global=638)
  D[573] = center<1,3> endpoint<6,10> (global=639)
  D[574] = center<1,3> endpoint<6,11> (global=640)
  D[575] = center<1,3> endpoint<7,8> (global=641)
  D[576] = center<1,3> endpoint<7,9> (global=642)
  D[577] = center<1,3> endpoint<7,10> (global=643)
  D[578] = center<1,3> endpoint<7,11> (global=644)
  D[579] = center<1,3> endpoint<8,9> (global=645)
  D[580] = center<1,3> endpoint<8,10> (global=646)
  D[581] = center<1,3> endpoint<8,11> (global=647)
  D[582] = center<1,3> endpoint<9,10> (global=648)
  D[583] = center<1,3> endpoint<9,11> (global=649)
  D[584] = center<1,3> endpoint<10,11> (global=650)
  D[585] = center<1,4> endpoint<0,2> (global=651)
  D[586] = center<1,4> endpoint<0,3> (global=652)
  D[587] = center<1,4> endpoint<0,5> (global=653)
  D[588] = center<1,4> endpoint<0,6> (global=654)
  D[589] = center<1,4> endpoint<0,7> (global=655)
  D[590] = center<1,4> endpoint<0,8> (global=656)
  D[591] = center<1,4> endpoint<0,9> (global=657)
  D[592] = center<1,4> endpoint<0,10> (global=658)
  D[593] = center<1,4> endpoint<0,11> (global=659)
  D[594] = center<1,4> endpoint<2,3> (global=660)
  D[595] = center<1,4> endpoint<2,5> (global=661)
  D[596] = center<1,4> endpoint<2,6> (global=662)
  D[597] = center<1,4> endpoint<2,7> (global=663)
  D[598] = center<1,4> endpoint<2,8> (global=664)
  D[599] = center<1,4> endpoint<2,9> (global=665)
  D[600] = center<1,4> endpoint<2,10> (global=666)
  D[601] = center<1,4> endpoint<2,11> (global=667)
  D[602] = center<1,4> endpoint<3,5> (global=668)
  D[603] = center<1,4> endpoint<3,6> (global=669)
  D[604] = center<1,4> endpoint<3,7> (global=670)
  D[605] = center<1,4> endpoint<3,8> (global=671)
  D[606] = center<1,4> endpoint<3,9> (global=672)
  D[607] = center<1,4> endpoint<3,10> (global=673)
  D[608] = center<1,4> endpoint<3,11> (global=674)
  D[609] = center<1,4> endpoint<5,6> (global=675)
  D[610] = center<1,4> endpoint<5,7> (global=676)
  D[611] = center<1,4> endpoint<5,8> (global=677)
  D[612] = center<1,4> endpoint<5,9> (global=678)
  D[613] = center<1,4> endpoint<5,10> (global=679)
  D[614] = center<1,4> endpoint<5,11> (global=680)
  D[615] = center<1,4> endpoint<6,7> (global=681)
  D[616] = center<1,4> endpoint<6,8> (global=682)
  D[617] = center<1,4> endpoint<6,9> (global=683)
  D[618] = center<1,4> endpoint<6,10> (global=684)
  D[619] = center<1,4> endpoint<6,11> (global=685)
  D[620] = center<1,4> endpoint<7,8> (global=686)
  D[621] = center<1,4> endpoint<7,9> (global=687)
  D[622] = center<1,4> endpoint<7,10> (global=688)
  D[623] = center<1,4> endpoint<7,11> (global=689)
  D[624] = center<1,4> endpoint<8,9> (global=690)
  D[625] = center<1,4> endpoint<8,10> (global=691)
  D[626] = center<1,4> endpoint<8,11> (global=692)
  D[627] = center<1,4> endpoint<9,10> (global=693)
  D[628] = center<1,4> endpoint<9,11> (global=694)
  D[629] = center<1,4> endpoint<10,11> (global=695)
  D[630] = center<1,5> endpoint<0,2> (global=696)
  D[631] = center<1,5> endpoint<0,3> (global=697)
  D[632] = center<1,5> endpoint<0,4> (global=698)
  D[633] = center<1,5> endpoint<0,6> (global=699)
  D[634] = center<1,5> endpoint<0,7> (global=700)
  D[635] = center<1,5> endpoint<0,8> (global=701)
  D[636] = center<1,5> endpoint<0,9> (global=702)
  D[637] = center<1,5> endpoint<0,10> (global=703)
  D[638] = center<1,5> endpoint<0,11> (global=704)
  D[639] = center<1,5> endpoint<2,3> (global=705)
  D[640] = center<1,5> endpoint<2,4> (global=706)
  D[641] = center<1,5> endpoint<2,6> (global=707)
  D[642] = center<1,5> endpoint<2,7> (global=708)
  D[643] = center<1,5> endpoint<2,8> (global=709)
  D[644] = center<1,5> endpoint<2,9> (global=710)
  D[645] = center<1,5> endpoint<2,10> (global=711)
  D[646] = center<1,5> endpoint<2,11> (global=712)
  D[647] = center<1,5> endpoint<3,4> (global=713)
  D[648] = center<1,5> endpoint<3,6> (global=714)
  D[649] = center<1,5> endpoint<3,7> (global=715)
  D[650] = center<1,5> endpoint<3,8> (global=716)
  D[651] = center<1,5> endpoint<3,9> (global=717)
  D[652] = center<1,5> endpoint<3,10> (global=718)
  D[653] = center<1,5> endpoint<3,11> (global=719)
  D[654] = center<1,5> endpoint<4,6> (global=720)
  D[655] = center<1,5> endpoint<4,7> (global=721)
  D[656] = center<1,5> endpoint<4,8> (global=722)
  D[657] = center<1,5> endpoint<4,9> (global=723)
  D[658] = center<1,5> endpoint<4,10> (global=724)
  D[659] = center<1,5> endpoint<4,11> (global=725)
  D[660] = center<1,5> endpoint<6,7> (global=726)
  D[661] = center<1,5> endpoint<6,8> (global=727)
  D[662] = center<1,5> endpoint<6,9> (global=728)
  D[663] = center<1,5> endpoint<6,10> (global=729)
  D[664] = center<1,5> endpoint<6,11> (global=730)
  D[665] = center<1,5> endpoint<7,8> (global=731)
  D[666] = center<1,5> endpoint<7,9> (global=732)
  D[667] = center<1,5> endpoint<7,10> (global=733)
  D[668] = center<1,5> endpoint<7,11> (global=734)
  D[669] = center<1,5> endpoint<8,9> (global=735)
  D[670] = center<1,5> endpoint<8,10> (global=736)
  D[671] = center<1,5> endpoint<8,11> (global=737)
  D[672] = center<1,5> endpoint<9,10> (global=738)
  D[673] = center<1,5> endpoint<9,11> (global=739)
  D[674] = center<1,5> endpoint<10,11> (global=740)
  D[675] = center<1,6> endpoint<0,2> (global=741)
  D[676] = center<1,6> endpoint<0,3> (global=742)
  D[677] = center<1,6> endpoint<0,4> (global=743)
  D[678] = center<1,6> endpoint<0,5> (global=744)
  D[679] = center<1,6> endpoint<0,7> (global=745)
  D[680] = center<1,6> endpoint<0,8> (global=746)
  D[681] = center<1,6> endpoint<0,9> (global=747)
  D[682] = center<1,6> endpoint<0,10> (global=748)
  D[683] = center<1,6> endpoint<0,11> (global=749)
  D[684] = center<1,6> endpoint<2,3> (global=750)
  D[685] = center<1,6> endpoint<2,4> (global=751)
  D[686] = center<1,6> endpoint<2,5> (global=752)
  D[687] = center<1,6> endpoint<2,7> (global=753)
  D[688] = center<1,6> endpoint<2,8> (global=754)
  D[689] = center<1,6> endpoint<2,9> (global=755)
  D[690] = center<1,6> endpoint<2,10> (global=756)
  D[691] = center<1,6> endpoint<2,11> (global=757)
  D[692] = center<1,6> endpoint<3,4> (global=758)
  D[693] = center<1,6> endpoint<3,5> (global=759)
  D[694] = center<1,6> endpoint<3,7> (global=760)
  D[695] = center<1,6> endpoint<3,8> (global=761)
  D[696] = center<1,6> endpoint<3,9> (global=762)
  D[697] = center<1,6> endpoint<3,10> (global=763)
  D[698] = center<1,6> endpoint<3,11> (global=764)
  D[699] = center<1,6> endpoint<4,5> (global=765)
  D[700] = center<1,6> endpoint<4,7> (global=766)
  D[701] = center<1,6> endpoint<4,8> (global=767)
  D[702] = center<1,6> endpoint<4,9> (global=768)
  D[703] = center<1,6> endpoint<4,10> (global=769)
  D[704] = center<1,6> endpoint<4,11> (global=770)
  D[705] = center<1,6> endpoint<5,7> (global=771)
  D[706] = center<1,6> endpoint<5,8> (global=772)
  D[707] = center<1,6> endpoint<5,9> (global=773)
  D[708] = center<1,6> endpoint<5,10> (global=774)
  D[709] = center<1,6> endpoint<5,11> (global=775)
  D[710] = center<1,6> endpoint<7,8> (global=776)
  D[711] = center<1,6> endpoint<7,9> (global=777)
  D[712] = center<1,6> endpoint<7,10> (global=778)
  D[713] = center<1,6> endpoint<7,11> (global=779)
  D[714] = center<1,6> endpoint<8,9> (global=780)
  D[715] = center<1,6> endpoint<8,10> (global=781)
  D[716] = center<1,6> endpoint<8,11> (global=782)
  D[717] = center<1,6> endpoint<9,10> (global=783)
  D[718] = center<1,6> endpoint<9,11> (global=784)
  D[719] = center<1,6> endpoint<10,11> (global=785)
  D[720] = center<1,7> endpoint<0,2> (global=786)
  D[721] = center<1,7> endpoint<0,3> (global=787)
  D[722] = center<1,7> endpoint<0,4> (global=788)
  D[723] = center<1,7> endpoint<0,5> (global=789)
  D[724] = center<1,7> endpoint<0,6> (global=790)
  D[725] = center<1,7> endpoint<0,8> (global=791)
  D[726] = center<1,7> endpoint<0,9> (global=792)
  D[727] = center<1,7> endpoint<0,10> (global=793)
  D[728] = center<1,7> endpoint<0,11> (global=794)
  D[729] = center<1,7> endpoint<2,3> (global=795)
  D[730] = center<1,7> endpoint<2,4> (global=796)
  D[731] = center<1,7> endpoint<2,5> (global=797)
  D[732] = center<1,7> endpoint<2,6> (global=798)
  D[733] = center<1,7> endpoint<2,8> (global=799)
  D[734] = center<1,7> endpoint<2,9> (global=800)
  D[735] = center<1,7> endpoint<2,10> (global=801)
  D[736] = center<1,7> endpoint<2,11> (global=802)
  D[737] = center<1,7> endpoint<3,4> (global=803)
  D[738] = center<1,7> endpoint<3,5> (global=804)
  D[739] = center<1,7> endpoint<3,6> (global=805)
  D[740] = center<1,7> endpoint<3,8> (global=806)
  D[741] = center<1,7> endpoint<3,9> (global=807)
  D[742] = center<1,7> endpoint<3,10> (global=808)
  D[743] = center<1,7> endpoint<3,11> (global=809)
  D[744] = center<1,7> endpoint<4,5> (global=810)
  D[745] = center<1,7> endpoint<4,6> (global=811)
  D[746] = center<1,7> endpoint<4,8> (global=812)
  D[747] = center<1,7> endpoint<4,9> (global=813)
  D[748] = center<1,7> endpoint<4,10> (global=814)
  D[749] = center<1,7> endpoint<4,11> (global=815)
  D[750] = center<1,7> endpoint<5,6> (global=816)
  D[751] = center<1,7> endpoint<5,8> (global=817)
  D[752] = center<1,7> endpoint<5,9> (global=818)
  D[753] = center<1,7> endpoint<5,10> (global=819)
  D[754] = center<1,7> endpoint<5,11> (global=820)
  D[755] = center<1,7> endpoint<6,8> (global=821)
  D[756] = center<1,7> endpoint<6,9> (global=822)
  D[757] = center<1,7> endpoint<6,10> (global=823)
  D[758] = center<1,7> endpoint<6,11> (global=824)
  D[759] = center<1,7> endpoint<8,9> (global=825)
  D[760] = center<1,7> endpoint<8,10> (global=826)
  D[761] = center<1,7> endpoint<8,11> (global=827)
  D[762] = center<1,7> endpoint<9,10> (global=828)
  D[763] = center<1,7> endpoint<9,11> (global=829)
  D[764] = center<1,7> endpoint<10,11> (global=830)
  D[765] = center<1,8> endpoint<0,2> (global=831)
  D[766] = center<1,8> endpoint<0,3> (global=832)
  D[767] = center<1,8> endpoint<0,4> (global=833)
  D[768] = center<1,8> endpoint<0,5> (global=834)
  D[769] = center<1,8> endpoint<0,6> (global=835)
  D[770] = center<1,8> endpoint<0,7> (global=836)
  D[771] = center<1,8> endpoint<0,9> (global=837)
  D[772] = center<1,8> endpoint<0,10> (global=838)
  D[773] = center<1,8> endpoint<0,11> (global=839)
  D[774] = center<1,8> endpoint<2,3> (global=840)
  D[775] = center<1,8> endpoint<2,4> (global=841)
  D[776] = center<1,8> endpoint<2,5> (global=842)
  D[777] = center<1,8> endpoint<2,6> (global=843)
  D[778] = center<1,8> endpoint<2,7> (global=844)
  D[779] = center<1,8> endpoint<2,9> (global=845)
  D[780] = center<1,8> endpoint<2,10> (global=846)
  D[781] = center<1,8> endpoint<2,11> (global=847)
  D[782] = center<1,8> endpoint<3,4> (global=848)
  D[783] = center<1,8> endpoint<3,5> (global=849)
  D[784] = center<1,8> endpoint<3,6> (global=850)
  D[785] = center<1,8> endpoint<3,7> (global=851)
  D[786] = center<1,8> endpoint<3,9> (global=852)
  D[787] = center<1,8> endpoint<3,10> (global=853)
  D[788] = center<1,8> endpoint<3,11> (global=854)
  D[789] = center<1,8> endpoint<4,5> (global=855)
  D[790] = center<1,8> endpoint<4,6> (global=856)
  D[791] = center<1,8> endpoint<4,7> (global=857)
  D[792] = center<1,8> endpoint<4,9> (global=858)
  D[793] = center<1,8> endpoint<4,10> (global=859)
  D[794] = center<1,8> endpoint<4,11> (global=860)
  D[795] = center<1,8> endpoint<5,6> (global=861)
  D[796] = center<1,8> endpoint<5,7> (global=862)
  D[797] = center<1,8> endpoint<5,9> (global=863)
  D[798] = center<1,8> endpoint<5,10> (global=864)
  D[799] = center<1,8> endpoint<5,11> (global=865)
  D[800] = center<1,8> endpoint<6,7> (global=866)
  D[801] = center<1,8> endpoint<6,9> (global=867)
  D[802] = center<1,8> endpoint<6,10> (global=868)
  D[803] = center<1,8> endpoint<6,11> (global=869)
  D[804] = center<1,8> endpoint<7,9> (global=870)
  D[805] = center<1,8> endpoint<7,10> (global=871)
  D[806] = center<1,8> endpoint<7,11> (global=872)
  D[807] = center<1,8> endpoint<9,10> (global=873)
  D[808] = center<1,8> endpoint<9,11> (global=874)
  D[809] = center<1,8> endpoint<10,11> (global=875)
  D[810] = center<1,9> endpoint<0,2> (global=876)
  D[811] = center<1,9> endpoint<0,3> (global=877)
  D[812] = center<1,9> endpoint<0,4> (global=878)
  D[813] = center<1,9> endpoint<0,5> (global=879)
  D[814] = center<1,9> endpoint<0,6> (global=880)
  D[815] = center<1,9> endpoint<0,7> (global=881)
  D[816] = center<1,9> endpoint<0,8> (global=882)
  D[817] = center<1,9> endpoint<0,10> (global=883)
  D[818] = center<1,9> endpoint<0,11> (global=884)
  D[819] = center<1,9> endpoint<2,3> (global=885)
  D[820] = center<1,9> endpoint<2,4> (global=886)
  D[821] = center<1,9> endpoint<2,5> (global=887)
  D[822] = center<1,9> endpoint<2,6> (global=888)
  D[823] = center<1,9> endpoint<2,7> (global=889)
  D[824] = center<1,9> endpoint<2,8> (global=890)
  D[825] = center<1,9> endpoint<2,10> (global=891)
  D[826] = center<1,9> endpoint<2,11> (global=892)
  D[827] = center<1,9> endpoint<3,4> (global=893)
  D[828] = center<1,9> endpoint<3,5> (global=894)
  D[829] = center<1,9> endpoint<3,6> (global=895)
  D[830] = center<1,9> endpoint<3,7> (global=896)
  D[831] = center<1,9> endpoint<3,8> (global=897)
  D[832] = center<1,9> endpoint<3,10> (global=898)
  D[833] = center<1,9> endpoint<3,11> (global=899)
  D[834] = center<1,9> endpoint<4,5> (global=900)
  D[835] = center<1,9> endpoint<4,6> (global=901)
  D[836] = center<1,9> endpoint<4,7> (global=902)
  D[837] = center<1,9> endpoint<4,8> (global=903)
  D[838] = center<1,9> endpoint<4,10> (global=904)
  D[839] = center<1,9> endpoint<4,11> (global=905)
  D[840] = center<1,9> endpoint<5,6> (global=906)
  D[841] = center<1,9> endpoint<5,7> (global=907)
  D[842] = center<1,9> endpoint<5,8> (global=908)
  D[843] = center<1,9> endpoint<5,10> (global=909)
  D[844] = center<1,9> endpoint<5,11> (global=910)
  D[845] = center<1,9> endpoint<6,7> (global=911)
  D[846] = center<1,9> endpoint<6,8> (global=912)
  D[847] = center<1,9> endpoint<6,10> (global=913)
  D[848] = center<1,9> endpoint<6,11> (global=914)
  D[849] = center<1,9> endpoint<7,8> (global=915)
  D[850] = center<1,9> endpoint<7,10> (global=916)
  D[851] = center<1,9> endpoint<7,11> (global=917)
  D[852] = center<1,9> endpoint<8,10> (global=918)
  D[853] = center<1,9> endpoint<8,11> (global=919)
  D[854] = center<1,9> endpoint<10,11> (global=920)
  D[855] = center<1,10> endpoint<0,2> (global=921)
  D[856] = center<1,10> endpoint<0,3> (global=922)
  D[857] = center<1,10> endpoint<0,4> (global=923)
  D[858] = center<1,10> endpoint<0,5> (global=924)
  D[859] = center<1,10> endpoint<0,6> (global=925)
  D[860] = center<1,10> endpoint<0,7> (global=926)
  D[861] = center<1,10> endpoint<0,8> (global=927)
  D[862] = center<1,10> endpoint<0,9> (global=928)
  D[863] = center<1,10> endpoint<0,11> (global=929)
  D[864] = center<1,10> endpoint<2,3> (global=930)
  D[865] = center<1,10> endpoint<2,4> (global=931)
  D[866] = center<1,10> endpoint<2,5> (global=932)
  D[867] = center<1,10> endpoint<2,6> (global=933)
  D[868] = center<1,10> endpoint<2,7> (global=934)
  D[869] = center<1,10> endpoint<2,8> (global=935)
  D[870] = center<1,10> endpoint<2,9> (global=936)
  D[871] = center<1,10> endpoint<2,11> (global=937)
  D[872] = center<1,10> endpoint<3,4> (global=938)
  D[873] = center<1,10> endpoint<3,5> (global=939)
  D[874] = center<1,10> endpoint<3,6> (global=940)
  D[875] = center<1,10> endpoint<3,7> (global=941)
  D[876] = center<1,10> endpoint<3,8> (global=942)
  D[877] = center<1,10> endpoint<3,9> (global=943)
  D[878] = center<1,10> endpoint<3,11> (global=944)
  D[879] = center<1,10> endpoint<4,5> (global=945)
  D[880] = center<1,10> endpoint<4,6> (global=946)
  D[881] = center<1,10> endpoint<4,7> (global=947)
  D[882] = center<1,10> endpoint<4,8> (global=948)
  D[883] = center<1,10> endpoint<4,9> (global=949)
  D[884] = center<1,10> endpoint<4,11> (global=950)
  D[885] = center<1,10> endpoint<5,6> (global=951)
  D[886] = center<1,10> endpoint<5,7> (global=952)
  D[887] = center<1,10> endpoint<5,8> (global=953)
  D[888] = center<1,10> endpoint<5,9> (global=954)
  D[889] = center<1,10> endpoint<5,11> (global=955)
  D[890] = center<1,10> endpoint<6,7> (global=956)
  D[891] = center<1,10> endpoint<6,8> (global=957)
  D[892] = center<1,10> endpoint<6,9> (global=958)
  D[893] = center<1,10> endpoint<6,11> (global=959)
  D[894] = center<1,10> endpoint<7,8> (global=960)
  D[895] = center<1,10> endpoint<7,9> (global=961)
  D[896] = center<1,10> endpoint<7,11> (global=962)
  D[897] = center<1,10> endpoint<8,9> (global=963)
  D[898] = center<1,10> endpoint<8,11> (global=964)
  D[899] = center<1,10> endpoint<9,11> (global=965)
  D[900] = center<1,11> endpoint<0,2> (global=966)
  D[901] = center<1,11> endpoint<0,3> (global=967)
  D[902] = center<1,11> endpoint<0,4> (global=968)
  D[903] = center<1,11> endpoint<0,5> (global=969)
  D[904] = center<1,11> endpoint<0,6> (global=970)
  D[905] = center<1,11> endpoint<0,7> (global=971)
  D[906] = center<1,11> endpoint<0,8> (global=972)
  D[907] = center<1,11> endpoint<0,9> (global=973)
  D[908] = center<1,11> endpoint<0,10> (global=974)
  D[909] = center<1,11> endpoint<2,3> (global=975)
  D[910] = center<1,11> endpoint<2,4> (global=976)
  D[911] = center<1,11> endpoint<2,5> (global=977)
  D[912] = center<1,11> endpoint<2,6> (global=978)
  D[913] = center<1,11> endpoint<2,7> (global=979)
  D[914] = center<1,11> endpoint<2,8> (global=980)
  D[915] = center<1,11> endpoint<2,9> (global=981)
  D[916] = center<1,11> endpoint<2,10> (global=982)
  D[917] = center<1,11> endpoint<3,4> (global=983)
  D[918] = center<1,11> endpoint<3,5> (global=984)
  D[919] = center<1,11> endpoint<3,6> (global=985)
  D[920] = center<1,11> endpoint<3,7> (global=986)
  D[921] = center<1,11> endpoint<3,8> (global=987)
  D[922] = center<1,11> endpoint<3,9> (global=988)
  D[923] = center<1,11> endpoint<3,10> (global=989)
  D[924] = center<1,11> endpoint<4,5> (global=990)
  D[925] = center<1,11> endpoint<4,6> (global=991)
  D[926] = center<1,11> endpoint<4,7> (global=992)
  D[927] = center<1,11> endpoint<4,8> (global=993)
  D[928] = center<1,11> endpoint<4,9> (global=994)
  D[929] = center<1,11> endpoint<4,10> (global=995)
  D[930] = center<1,11> endpoint<5,6> (global=996)
  D[931] = center<1,11> endpoint<5,7> (global=997)
  D[932] = center<1,11> endpoint<5,8> (global=998)
  D[933] = center<1,11> endpoint<5,9> (global=999)
  D[934] = center<1,11> endpoint<5,10> (global=1000)
  D[935] = center<1,11> endpoint<6,7> (global=1001)
  D[936] = center<1,11> endpoint<6,8> (global=1002)
  D[937] = center<1,11> endpoint<6,9> (global=1003)
  D[938] = center<1,11> endpoint<6,10> (global=1004)
  D[939] = center<1,11> endpoint<7,8> (global=1005)
  D[940] = center<1,11> endpoint<7,9> (global=1006)
  D[941] = center<1,11> endpoint<7,10> (global=1007)
  D[942] = center<1,11> endpoint<8,9> (global=1008)
  D[943] = center<1,11> endpoint<8,10> (global=1009)
  D[944] = center<1,11> endpoint<9,10> (global=1010)
  D[945] = center<2,3> endpoint<0,1> (global=1011)
  D[946] = center<2,3> endpoint<0,4> (global=1012)
  D[947] = center<2,3> endpoint<0,5> (global=1013)
  D[948] = center<2,3> endpoint<0,6> (global=1014)
  D[949] = center<2,3> endpoint<0,7> (global=1015)
  D[950] = center<2,3> endpoint<0,8> (global=1016)
  D[951] = center<2,3> endpoint<0,9> (global=1017)
  D[952] = center<2,3> endpoint<0,10> (global=1018)
  D[953] = center<2,3> endpoint<0,11> (global=1019)
  D[954] = center<2,3> endpoint<1,4> (global=1020)
  D[955] = center<2,3> endpoint<1,5> (global=1021)
  D[956] = center<2,3> endpoint<1,6> (global=1022)
  D[957] = center<2,3> endpoint<1,7> (global=1023)
  D[958] = center<2,3> endpoint<1,8> (global=1024)
  D[959] = center<2,3> endpoint<1,9> (global=1025)
  D[960] = center<2,3> endpoint<1,10> (global=1026)
  D[961] = center<2,3> endpoint<1,11> (global=1027)
  D[962] = center<2,3> endpoint<4,5> (global=1028)
  D[963] = center<2,3> endpoint<4,6> (global=1029)
  D[964] = center<2,3> endpoint<4,7> (global=1030)
  D[965] = center<2,3> endpoint<4,8> (global=1031)
  D[966] = center<2,3> endpoint<4,9> (global=1032)
  D[967] = center<2,3> endpoint<4,10> (global=1033)
  D[968] = center<2,3> endpoint<4,11> (global=1034)
  D[969] = center<2,3> endpoint<5,6> (global=1035)
  D[970] = center<2,3> endpoint<5,7> (global=1036)
  D[971] = center<2,3> endpoint<5,8> (global=1037)
  D[972] = center<2,3> endpoint<5,9> (global=1038)
  D[973] = center<2,3> endpoint<5,10> (global=1039)
  D[974] = center<2,3> endpoint<5,11> (global=1040)
  D[975] = center<2,3> endpoint<6,7> (global=1041)
  D[976] = center<2,3> endpoint<6,8> (global=1042)
  D[977] = center<2,3> endpoint<6,9> (global=1043)
  D[978] = center<2,3> endpoint<6,10> (global=1044)
  D[979] = center<2,3> endpoint<6,11> (global=1045)
  D[980] = center<2,3> endpoint<7,8> (global=1046)
  D[981] = center<2,3> endpoint<7,9> (global=1047)
  D[982] = center<2,3> endpoint<7,10> (global=1048)
  D[983] = center<2,3> endpoint<7,11> (global=1049)
  D[984] = center<2,3> endpoint<8,9> (global=1050)
  D[985] = center<2,3> endpoint<8,10> (global=1051)
  D[986] = center<2,3> endpoint<8,11> (global=1052)
  D[987] = center<2,3> endpoint<9,10> (global=1053)
  D[988] = center<2,3> endpoint<9,11> (global=1054)
  D[989] = center<2,3> endpoint<10,11> (global=1055)
  D[990] = center<2,4> endpoint<0,1> (global=1056)
  D[991] = center<2,4> endpoint<0,3> (global=1057)
  D[992] = center<2,4> endpoint<0,5> (global=1058)
  D[993] = center<2,4> endpoint<0,6> (global=1059)
  D[994] = center<2,4> endpoint<0,7> (global=1060)
  D[995] = center<2,4> endpoint<0,8> (global=1061)
  D[996] = center<2,4> endpoint<0,9> (global=1062)
  D[997] = center<2,4> endpoint<0,10> (global=1063)
  D[998] = center<2,4> endpoint<0,11> (global=1064)
  D[999] = center<2,4> endpoint<1,3> (global=1065)
  D[1000] = center<2,4> endpoint<1,5> (global=1066)
  D[1001] = center<2,4> endpoint<1,6> (global=1067)
  D[1002] = center<2,4> endpoint<1,7> (global=1068)
  D[1003] = center<2,4> endpoint<1,8> (global=1069)
  D[1004] = center<2,4> endpoint<1,9> (global=1070)
  D[1005] = center<2,4> endpoint<1,10> (global=1071)
  D[1006] = center<2,4> endpoint<1,11> (global=1072)
  D[1007] = center<2,4> endpoint<3,5> (global=1073)
  D[1008] = center<2,4> endpoint<3,6> (global=1074)
  D[1009] = center<2,4> endpoint<3,7> (global=1075)
  D[1010] = center<2,4> endpoint<3,8> (global=1076)
  D[1011] = center<2,4> endpoint<3,9> (global=1077)
  D[1012] = center<2,4> endpoint<3,10> (global=1078)
  D[1013] = center<2,4> endpoint<3,11> (global=1079)
  D[1014] = center<2,4> endpoint<5,6> (global=1080)
  D[1015] = center<2,4> endpoint<5,7> (global=1081)
  D[1016] = center<2,4> endpoint<5,8> (global=1082)
  D[1017] = center<2,4> endpoint<5,9> (global=1083)
  D[1018] = center<2,4> endpoint<5,10> (global=1084)
  D[1019] = center<2,4> endpoint<5,11> (global=1085)
  D[1020] = center<2,4> endpoint<6,7> (global=1086)
  D[1021] = center<2,4> endpoint<6,8> (global=1087)
  D[1022] = center<2,4> endpoint<6,9> (global=1088)
  D[1023] = center<2,4> endpoint<6,10> (global=1089)
  D[1024] = center<2,4> endpoint<6,11> (global=1090)
  D[1025] = center<2,4> endpoint<7,8> (global=1091)
  D[1026] = center<2,4> endpoint<7,9> (global=1092)
  D[1027] = center<2,4> endpoint<7,10> (global=1093)
  D[1028] = center<2,4> endpoint<7,11> (global=1094)
  D[1029] = center<2,4> endpoint<8,9> (global=1095)
  D[1030] = center<2,4> endpoint<8,10> (global=1096)
  D[1031] = center<2,4> endpoint<8,11> (global=1097)
  D[1032] = center<2,4> endpoint<9,10> (global=1098)
  D[1033] = center<2,4> endpoint<9,11> (global=1099)
  D[1034] = center<2,4> endpoint<10,11> (global=1100)
  D[1035] = center<2,5> endpoint<0,1> (global=1101)
  D[1036] = center<2,5> endpoint<0,3> (global=1102)
  D[1037] = center<2,5> endpoint<0,4> (global=1103)
  D[1038] = center<2,5> endpoint<0,6> (global=1104)
  D[1039] = center<2,5> endpoint<0,7> (global=1105)
  D[1040] = center<2,5> endpoint<0,8> (global=1106)
  D[1041] = center<2,5> endpoint<0,9> (global=1107)
  D[1042] = center<2,5> endpoint<0,10> (global=1108)
  D[1043] = center<2,5> endpoint<0,11> (global=1109)
  D[1044] = center<2,5> endpoint<1,3> (global=1110)
  D[1045] = center<2,5> endpoint<1,4> (global=1111)
  D[1046] = center<2,5> endpoint<1,6> (global=1112)
  D[1047] = center<2,5> endpoint<1,7> (global=1113)
  D[1048] = center<2,5> endpoint<1,8> (global=1114)
  D[1049] = center<2,5> endpoint<1,9> (global=1115)
  D[1050] = center<2,5> endpoint<1,10> (global=1116)
  D[1051] = center<2,5> endpoint<1,11> (global=1117)
  D[1052] = center<2,5> endpoint<3,4> (global=1118)
  D[1053] = center<2,5> endpoint<3,6> (global=1119)
  D[1054] = center<2,5> endpoint<3,7> (global=1120)
  D[1055] = center<2,5> endpoint<3,8> (global=1121)
  D[1056] = center<2,5> endpoint<3,9> (global=1122)
  D[1057] = center<2,5> endpoint<3,10> (global=1123)
  D[1058] = center<2,5> endpoint<3,11> (global=1124)
  D[1059] = center<2,5> endpoint<4,6> (global=1125)
  D[1060] = center<2,5> endpoint<4,7> (global=1126)
  D[1061] = center<2,5> endpoint<4,8> (global=1127)
  D[1062] = center<2,5> endpoint<4,9> (global=1128)
  D[1063] = center<2,5> endpoint<4,10> (global=1129)
  D[1064] = center<2,5> endpoint<4,11> (global=1130)
  D[1065] = center<2,5> endpoint<6,7> (global=1131)
  D[1066] = center<2,5> endpoint<6,8> (global=1132)
  D[1067] = center<2,5> endpoint<6,9> (global=1133)
  D[1068] = center<2,5> endpoint<6,10> (global=1134)
  D[1069] = center<2,5> endpoint<6,11> (global=1135)
  D[1070] = center<2,5> endpoint<7,8> (global=1136)
  D[1071] = center<2,5> endpoint<7,9> (global=1137)
  D[1072] = center<2,5> endpoint<7,10> (global=1138)
  D[1073] = center<2,5> endpoint<7,11> (global=1139)
  D[1074] = center<2,5> endpoint<8,9> (global=1140)
  D[1075] = center<2,5> endpoint<8,10> (global=1141)
  D[1076] = center<2,5> endpoint<8,11> (global=1142)
  D[1077] = center<2,5> endpoint<9,10> (global=1143)
  D[1078] = center<2,5> endpoint<9,11> (global=1144)
  D[1079] = center<2,5> endpoint<10,11> (global=1145)
  D[1080] = center<2,6> endpoint<0,1> (global=1146)
  D[1081] = center<2,6> endpoint<0,3> (global=1147)
  D[1082] = center<2,6> endpoint<0,4> (global=1148)
  D[1083] = center<2,6> endpoint<0,5> (global=1149)
  D[1084] = center<2,6> endpoint<0,7> (global=1150)
  D[1085] = center<2,6> endpoint<0,8> (global=1151)
  D[1086] = center<2,6> endpoint<0,9> (global=1152)
  D[1087] = center<2,6> endpoint<0,10> (global=1153)
  D[1088] = center<2,6> endpoint<0,11> (global=1154)
  D[1089] = center<2,6> endpoint<1,3> (global=1155)
  D[1090] = center<2,6> endpoint<1,4> (global=1156)
  D[1091] = center<2,6> endpoint<1,5> (global=1157)
  D[1092] = center<2,6> endpoint<1,7> (global=1158)
  D[1093] = center<2,6> endpoint<1,8> (global=1159)
  D[1094] = center<2,6> endpoint<1,9> (global=1160)
  D[1095] = center<2,6> endpoint<1,10> (global=1161)
  D[1096] = center<2,6> endpoint<1,11> (global=1162)
  D[1097] = center<2,6> endpoint<3,4> (global=1163)
  D[1098] = center<2,6> endpoint<3,5> (global=1164)
  D[1099] = center<2,6> endpoint<3,7> (global=1165)
  D[1100] = center<2,6> endpoint<3,8> (global=1166)
  D[1101] = center<2,6> endpoint<3,9> (global=1167)
  D[1102] = center<2,6> endpoint<3,10> (global=1168)
  D[1103] = center<2,6> endpoint<3,11> (global=1169)
  D[1104] = center<2,6> endpoint<4,5> (global=1170)
  D[1105] = center<2,6> endpoint<4,7> (global=1171)
  D[1106] = center<2,6> endpoint<4,8> (global=1172)
  D[1107] = center<2,6> endpoint<4,9> (global=1173)
  D[1108] = center<2,6> endpoint<4,10> (global=1174)
  D[1109] = center<2,6> endpoint<4,11> (global=1175)
  D[1110] = center<2,6> endpoint<5,7> (global=1176)
  D[1111] = center<2,6> endpoint<5,8> (global=1177)
  D[1112] = center<2,6> endpoint<5,9> (global=1178)
  D[1113] = center<2,6> endpoint<5,10> (global=1179)
  D[1114] = center<2,6> endpoint<5,11> (global=1180)
  D[1115] = center<2,6> endpoint<7,8> (global=1181)
  D[1116] = center<2,6> endpoint<7,9> (global=1182)
  D[1117] = center<2,6> endpoint<7,10> (global=1183)
  D[1118] = center<2,6> endpoint<7,11> (global=1184)
  D[1119] = center<2,6> endpoint<8,9> (global=1185)
  D[1120] = center<2,6> endpoint<8,10> (global=1186)
  D[1121] = center<2,6> endpoint<8,11> (global=1187)
  D[1122] = center<2,6> endpoint<9,10> (global=1188)
  D[1123] = center<2,6> endpoint<9,11> (global=1189)
  D[1124] = center<2,6> endpoint<10,11> (global=1190)
  D[1125] = center<2,7> endpoint<0,1> (global=1191)
  D[1126] = center<2,7> endpoint<0,3> (global=1192)
  D[1127] = center<2,7> endpoint<0,4> (global=1193)
  D[1128] = center<2,7> endpoint<0,5> (global=1194)
  D[1129] = center<2,7> endpoint<0,6> (global=1195)
  D[1130] = center<2,7> endpoint<0,8> (global=1196)
  D[1131] = center<2,7> endpoint<0,9> (global=1197)
  D[1132] = center<2,7> endpoint<0,10> (global=1198)
  D[1133] = center<2,7> endpoint<0,11> (global=1199)
  D[1134] = center<2,7> endpoint<1,3> (global=1200)
  D[1135] = center<2,7> endpoint<1,4> (global=1201)
  D[1136] = center<2,7> endpoint<1,5> (global=1202)
  D[1137] = center<2,7> endpoint<1,6> (global=1203)
  D[1138] = center<2,7> endpoint<1,8> (global=1204)
  D[1139] = center<2,7> endpoint<1,9> (global=1205)
  D[1140] = center<2,7> endpoint<1,10> (global=1206)
  D[1141] = center<2,7> endpoint<1,11> (global=1207)
  D[1142] = center<2,7> endpoint<3,4> (global=1208)
  D[1143] = center<2,7> endpoint<3,5> (global=1209)
  D[1144] = center<2,7> endpoint<3,6> (global=1210)
  D[1145] = center<2,7> endpoint<3,8> (global=1211)
  D[1146] = center<2,7> endpoint<3,9> (global=1212)
  D[1147] = center<2,7> endpoint<3,10> (global=1213)
  D[1148] = center<2,7> endpoint<3,11> (global=1214)
  D[1149] = center<2,7> endpoint<4,5> (global=1215)
  D[1150] = center<2,7> endpoint<4,6> (global=1216)
  D[1151] = center<2,7> endpoint<4,8> (global=1217)
  D[1152] = center<2,7> endpoint<4,9> (global=1218)
  D[1153] = center<2,7> endpoint<4,10> (global=1219)
  D[1154] = center<2,7> endpoint<4,11> (global=1220)
  D[1155] = center<2,7> endpoint<5,6> (global=1221)
  D[1156] = center<2,7> endpoint<5,8> (global=1222)
  D[1157] = center<2,7> endpoint<5,9> (global=1223)
  D[1158] = center<2,7> endpoint<5,10> (global=1224)
  D[1159] = center<2,7> endpoint<5,11> (global=1225)
  D[1160] = center<2,7> endpoint<6,8> (global=1226)
  D[1161] = center<2,7> endpoint<6,9> (global=1227)
  D[1162] = center<2,7> endpoint<6,10> (global=1228)
  D[1163] = center<2,7> endpoint<6,11> (global=1229)
  D[1164] = center<2,7> endpoint<8,9> (global=1230)
  D[1165] = center<2,7> endpoint<8,10> (global=1231)
  D[1166] = center<2,7> endpoint<8,11> (global=1232)
  D[1167] = center<2,7> endpoint<9,10> (global=1233)
  D[1168] = center<2,7> endpoint<9,11> (global=1234)
  D[1169] = center<2,7> endpoint<10,11> (global=1235)
  D[1170] = center<2,8> endpoint<0,1> (global=1236)
  D[1171] = center<2,8> endpoint<0,3> (global=1237)
  D[1172] = center<2,8> endpoint<0,4> (global=1238)
  D[1173] = center<2,8> endpoint<0,5> (global=1239)
  D[1174] = center<2,8> endpoint<0,6> (global=1240)
  D[1175] = center<2,8> endpoint<0,7> (global=1241)
  D[1176] = center<2,8> endpoint<0,9> (global=1242)
  D[1177] = center<2,8> endpoint<0,10> (global=1243)
  D[1178] = center<2,8> endpoint<0,11> (global=1244)
  D[1179] = center<2,8> endpoint<1,3> (global=1245)
  D[1180] = center<2,8> endpoint<1,4> (global=1246)
  D[1181] = center<2,8> endpoint<1,5> (global=1247)
  D[1182] = center<2,8> endpoint<1,6> (global=1248)
  D[1183] = center<2,8> endpoint<1,7> (global=1249)
  D[1184] = center<2,8> endpoint<1,9> (global=1250)
  D[1185] = center<2,8> endpoint<1,10> (global=1251)
  D[1186] = center<2,8> endpoint<1,11> (global=1252)
  D[1187] = center<2,8> endpoint<3,4> (global=1253)
  D[1188] = center<2,8> endpoint<3,5> (global=1254)
  D[1189] = center<2,8> endpoint<3,6> (global=1255)
  D[1190] = center<2,8> endpoint<3,7> (global=1256)
  D[1191] = center<2,8> endpoint<3,9> (global=1257)
  D[1192] = center<2,8> endpoint<3,10> (global=1258)
  D[1193] = center<2,8> endpoint<3,11> (global=1259)
  D[1194] = center<2,8> endpoint<4,5> (global=1260)
  D[1195] = center<2,8> endpoint<4,6> (global=1261)
  D[1196] = center<2,8> endpoint<4,7> (global=1262)
  D[1197] = center<2,8> endpoint<4,9> (global=1263)
  D[1198] = center<2,8> endpoint<4,10> (global=1264)
  D[1199] = center<2,8> endpoint<4,11> (global=1265)
  D[1200] = center<2,8> endpoint<5,6> (global=1266)
  D[1201] = center<2,8> endpoint<5,7> (global=1267)
  D[1202] = center<2,8> endpoint<5,9> (global=1268)
  D[1203] = center<2,8> endpoint<5,10> (global=1269)
  D[1204] = center<2,8> endpoint<5,11> (global=1270)
  D[1205] = center<2,8> endpoint<6,7> (global=1271)
  D[1206] = center<2,8> endpoint<6,9> (global=1272)
  D[1207] = center<2,8> endpoint<6,10> (global=1273)
  D[1208] = center<2,8> endpoint<6,11> (global=1274)
  D[1209] = center<2,8> endpoint<7,9> (global=1275)
  D[1210] = center<2,8> endpoint<7,10> (global=1276)
  D[1211] = center<2,8> endpoint<7,11> (global=1277)
  D[1212] = center<2,8> endpoint<9,10> (global=1278)
  D[1213] = center<2,8> endpoint<9,11> (global=1279)
  D[1214] = center<2,8> endpoint<10,11> (global=1280)
  D[1215] = center<2,9> endpoint<0,1> (global=1281)
  D[1216] = center<2,9> endpoint<0,3> (global=1282)
  D[1217] = center<2,9> endpoint<0,4> (global=1283)
  D[1218] = center<2,9> endpoint<0,5> (global=1284)
  D[1219] = center<2,9> endpoint<0,6> (global=1285)
  D[1220] = center<2,9> endpoint<0,7> (global=1286)
  D[1221] = center<2,9> endpoint<0,8> (global=1287)
  D[1222] = center<2,9> endpoint<0,10> (global=1288)
  D[1223] = center<2,9> endpoint<0,11> (global=1289)
  D[1224] = center<2,9> endpoint<1,3> (global=1290)
  D[1225] = center<2,9> endpoint<1,4> (global=1291)
  D[1226] = center<2,9> endpoint<1,5> (global=1292)
  D[1227] = center<2,9> endpoint<1,6> (global=1293)
  D[1228] = center<2,9> endpoint<1,7> (global=1294)
  D[1229] = center<2,9> endpoint<1,8> (global=1295)
  D[1230] = center<2,9> endpoint<1,10> (global=1296)
  D[1231] = center<2,9> endpoint<1,11> (global=1297)
  D[1232] = center<2,9> endpoint<3,4> (global=1298)
  D[1233] = center<2,9> endpoint<3,5> (global=1299)
  D[1234] = center<2,9> endpoint<3,6> (global=1300)
  D[1235] = center<2,9> endpoint<3,7> (global=1301)
  D[1236] = center<2,9> endpoint<3,8> (global=1302)
  D[1237] = center<2,9> endpoint<3,10> (global=1303)
  D[1238] = center<2,9> endpoint<3,11> (global=1304)
  D[1239] = center<2,9> endpoint<4,5> (global=1305)
  D[1240] = center<2,9> endpoint<4,6> (global=1306)
  D[1241] = center<2,9> endpoint<4,7> (global=1307)
  D[1242] = center<2,9> endpoint<4,8> (global=1308)
  D[1243] = center<2,9> endpoint<4,10> (global=1309)
  D[1244] = center<2,9> endpoint<4,11> (global=1310)
  D[1245] = center<2,9> endpoint<5,6> (global=1311)
  D[1246] = center<2,9> endpoint<5,7> (global=1312)
  D[1247] = center<2,9> endpoint<5,8> (global=1313)
  D[1248] = center<2,9> endpoint<5,10> (global=1314)
  D[1249] = center<2,9> endpoint<5,11> (global=1315)
  D[1250] = center<2,9> endpoint<6,7> (global=1316)
  D[1251] = center<2,9> endpoint<6,8> (global=1317)
  D[1252] = center<2,9> endpoint<6,10> (global=1318)
  D[1253] = center<2,9> endpoint<6,11> (global=1319)
  D[1254] = center<2,9> endpoint<7,8> (global=1320)
  D[1255] = center<2,9> endpoint<7,10> (global=1321)
  D[1256] = center<2,9> endpoint<7,11> (global=1322)
  D[1257] = center<2,9> endpoint<8,10> (global=1323)
  D[1258] = center<2,9> endpoint<8,11> (global=1324)
  D[1259] = center<2,9> endpoint<10,11> (global=1325)
  D[1260] = center<2,10> endpoint<0,1> (global=1326)
  D[1261] = center<2,10> endpoint<0,3> (global=1327)
  D[1262] = center<2,10> endpoint<0,4> (global=1328)
  D[1263] = center<2,10> endpoint<0,5> (global=1329)
  D[1264] = center<2,10> endpoint<0,6> (global=1330)
  D[1265] = center<2,10> endpoint<0,7> (global=1331)
  D[1266] = center<2,10> endpoint<0,8> (global=1332)
  D[1267] = center<2,10> endpoint<0,9> (global=1333)
  D[1268] = center<2,10> endpoint<0,11> (global=1334)
  D[1269] = center<2,10> endpoint<1,3> (global=1335)
  D[1270] = center<2,10> endpoint<1,4> (global=1336)
  D[1271] = center<2,10> endpoint<1,5> (global=1337)
  D[1272] = center<2,10> endpoint<1,6> (global=1338)
  D[1273] = center<2,10> endpoint<1,7> (global=1339)
  D[1274] = center<2,10> endpoint<1,8> (global=1340)
  D[1275] = center<2,10> endpoint<1,9> (global=1341)
  D[1276] = center<2,10> endpoint<1,11> (global=1342)
  D[1277] = center<2,10> endpoint<3,4> (global=1343)
  D[1278] = center<2,10> endpoint<3,5> (global=1344)
  D[1279] = center<2,10> endpoint<3,6> (global=1345)
  D[1280] = center<2,10> endpoint<3,7> (global=1346)
  D[1281] = center<2,10> endpoint<3,8> (global=1347)
  D[1282] = center<2,10> endpoint<3,9> (global=1348)
  D[1283] = center<2,10> endpoint<3,11> (global=1349)
  D[1284] = center<2,10> endpoint<4,5> (global=1350)
  D[1285] = center<2,10> endpoint<4,6> (global=1351)
  D[1286] = center<2,10> endpoint<4,7> (global=1352)
  D[1287] = center<2,10> endpoint<4,8> (global=1353)
  D[1288] = center<2,10> endpoint<4,9> (global=1354)
  D[1289] = center<2,10> endpoint<4,11> (global=1355)
  D[1290] = center<2,10> endpoint<5,6> (global=1356)
  D[1291] = center<2,10> endpoint<5,7> (global=1357)
  D[1292] = center<2,10> endpoint<5,8> (global=1358)
  D[1293] = center<2,10> endpoint<5,9> (global=1359)
  D[1294] = center<2,10> endpoint<5,11> (global=1360)
  D[1295] = center<2,10> endpoint<6,7> (global=1361)
  D[1296] = center<2,10> endpoint<6,8> (global=1362)
  D[1297] = center<2,10> endpoint<6,9> (global=1363)
  D[1298] = center<2,10> endpoint<6,11> (global=1364)
  D[1299] = center<2,10> endpoint<7,8> (global=1365)
  D[1300] = center<2,10> endpoint<7,9> (global=1366)
  D[1301] = center<2,10> endpoint<7,11> (global=1367)
  D[1302] = center<2,10> endpoint<8,9> (global=1368)
  D[1303] = center<2,10> endpoint<8,11> (global=1369)
  D[1304] = center<2,10> endpoint<9,11> (global=1370)
  D[1305] = center<2,11> endpoint<0,1> (global=1371)
  D[1306] = center<2,11> endpoint<0,3> (global=1372)
  D[1307] = center<2,11> endpoint<0,4> (global=1373)
  D[1308] = center<2,11> endpoint<0,5> (global=1374)
  D[1309] = center<2,11> endpoint<0,6> (global=1375)
  D[1310] = center<2,11> endpoint<0,7> (global=1376)
  D[1311] = center<2,11> endpoint<0,8> (global=1377)
  D[1312] = center<2,11> endpoint<0,9> (global=1378)
  D[1313] = center<2,11> endpoint<0,10> (global=1379)
  D[1314] = center<2,11> endpoint<1,3> (global=1380)
  D[1315] = center<2,11> endpoint<1,4> (global=1381)
  D[1316] = center<2,11> endpoint<1,5> (global=1382)
  D[1317] = center<2,11> endpoint<1,6> (global=1383)
  D[1318] = center<2,11> endpoint<1,7> (global=1384)
  D[1319] = center<2,11> endpoint<1,8> (global=1385)
  D[1320] = center<2,11> endpoint<1,9> (global=1386)
  D[1321] = center<2,11> endpoint<1,10> (global=1387)
  D[1322] = center<2,11> endpoint<3,4> (global=1388)
  D[1323] = center<2,11> endpoint<3,5> (global=1389)
  D[1324] = center<2,11> endpoint<3,6> (global=1390)
  D[1325] = center<2,11> endpoint<3,7> (global=1391)
  D[1326] = center<2,11> endpoint<3,8> (global=1392)
  D[1327] = center<2,11> endpoint<3,9> (global=1393)
  D[1328] = center<2,11> endpoint<3,10> (global=1394)
  D[1329] = center<2,11> endpoint<4,5> (global=1395)
  D[1330] = center<2,11> endpoint<4,6> (global=1396)
  D[1331] = center<2,11> endpoint<4,7> (global=1397)
  D[1332] = center<2,11> endpoint<4,8> (global=1398)
  D[1333] = center<2,11> endpoint<4,9> (global=1399)
  D[1334] = center<2,11> endpoint<4,10> (global=1400)
  D[1335] = center<2,11> endpoint<5,6> (global=1401)
  D[1336] = center<2,11> endpoint<5,7> (global=1402)
  D[1337] = center<2,11> endpoint<5,8> (global=1403)
  D[1338] = center<2,11> endpoint<5,9> (global=1404)
  D[1339] = center<2,11> endpoint<5,10> (global=1405)
  D[1340] = center<2,11> endpoint<6,7> (global=1406)
  D[1341] = center<2,11> endpoint<6,8> (global=1407)
  D[1342] = center<2,11> endpoint<6,9> (global=1408)
  D[1343] = center<2,11> endpoint<6,10> (global=1409)
  D[1344] = center<2,11> endpoint<7,8> (global=1410)
  D[1345] = center<2,11> endpoint<7,9> (global=1411)
  D[1346] = center<2,11> endpoint<7,10> (global=1412)
  D[1347] = center<2,11> endpoint<8,9> (global=1413)
  D[1348] = center<2,11> endpoint<8,10> (global=1414)
  D[1349] = center<2,11> endpoint<9,10> (global=1415)
  D[1350] = center<3,4> endpoint<0,1> (global=1416)
  D[1351] = center<3,4> endpoint<0,2> (global=1417)
  D[1352] = center<3,4> endpoint<0,5> (global=1418)
  D[1353] = center<3,4> endpoint<0,6> (global=1419)
  D[1354] = center<3,4> endpoint<0,7> (global=1420)
  D[1355] = center<3,4> endpoint<0,8> (global=1421)
  D[1356] = center<3,4> endpoint<0,9> (global=1422)
  D[1357] = center<3,4> endpoint<0,10> (global=1423)
  D[1358] = center<3,4> endpoint<0,11> (global=1424)
  D[1359] = center<3,4> endpoint<1,2> (global=1425)
  D[1360] = center<3,4> endpoint<1,5> (global=1426)
  D[1361] = center<3,4> endpoint<1,6> (global=1427)
  D[1362] = center<3,4> endpoint<1,7> (global=1428)
  D[1363] = center<3,4> endpoint<1,8> (global=1429)
  D[1364] = center<3,4> endpoint<1,9> (global=1430)
  D[1365] = center<3,4> endpoint<1,10> (global=1431)
  D[1366] = center<3,4> endpoint<1,11> (global=1432)
  D[1367] = center<3,4> endpoint<2,5> (global=1433)
  D[1368] = center<3,4> endpoint<2,6> (global=1434)
  D[1369] = center<3,4> endpoint<2,7> (global=1435)
  D[1370] = center<3,4> endpoint<2,8> (global=1436)
  D[1371] = center<3,4> endpoint<2,9> (global=1437)
  D[1372] = center<3,4> endpoint<2,10> (global=1438)
  D[1373] = center<3,4> endpoint<2,11> (global=1439)
  D[1374] = center<3,4> endpoint<5,6> (global=1440)
  D[1375] = center<3,4> endpoint<5,7> (global=1441)
  D[1376] = center<3,4> endpoint<5,8> (global=1442)
  D[1377] = center<3,4> endpoint<5,9> (global=1443)
  D[1378] = center<3,4> endpoint<5,10> (global=1444)
  D[1379] = center<3,4> endpoint<5,11> (global=1445)
  D[1380] = center<3,4> endpoint<6,7> (global=1446)
  D[1381] = center<3,4> endpoint<6,8> (global=1447)
  D[1382] = center<3,4> endpoint<6,9> (global=1448)
  D[1383] = center<3,4> endpoint<6,10> (global=1449)
  D[1384] = center<3,4> endpoint<6,11> (global=1450)
  D[1385] = center<3,4> endpoint<7,8> (global=1451)
  D[1386] = center<3,4> endpoint<7,9> (global=1452)
  D[1387] = center<3,4> endpoint<7,10> (global=1453)
  D[1388] = center<3,4> endpoint<7,11> (global=1454)
  D[1389] = center<3,4> endpoint<8,9> (global=1455)
  D[1390] = center<3,4> endpoint<8,10> (global=1456)
  D[1391] = center<3,4> endpoint<8,11> (global=1457)
  D[1392] = center<3,4> endpoint<9,10> (global=1458)
  D[1393] = center<3,4> endpoint<9,11> (global=1459)
  D[1394] = center<3,4> endpoint<10,11> (global=1460)
  D[1395] = center<3,5> endpoint<0,1> (global=1461)
  D[1396] = center<3,5> endpoint<0,2> (global=1462)
  D[1397] = center<3,5> endpoint<0,4> (global=1463)
  D[1398] = center<3,5> endpoint<0,6> (global=1464)
  D[1399] = center<3,5> endpoint<0,7> (global=1465)
  D[1400] = center<3,5> endpoint<0,8> (global=1466)
  D[1401] = center<3,5> endpoint<0,9> (global=1467)
  D[1402] = center<3,5> endpoint<0,10> (global=1468)
  D[1403] = center<3,5> endpoint<0,11> (global=1469)
  D[1404] = center<3,5> endpoint<1,2> (global=1470)
  D[1405] = center<3,5> endpoint<1,4> (global=1471)
  D[1406] = center<3,5> endpoint<1,6> (global=1472)
  D[1407] = center<3,5> endpoint<1,7> (global=1473)
  D[1408] = center<3,5> endpoint<1,8> (global=1474)
  D[1409] = center<3,5> endpoint<1,9> (global=1475)
  D[1410] = center<3,5> endpoint<1,10> (global=1476)
  D[1411] = center<3,5> endpoint<1,11> (global=1477)
  D[1412] = center<3,5> endpoint<2,4> (global=1478)
  D[1413] = center<3,5> endpoint<2,6> (global=1479)
  D[1414] = center<3,5> endpoint<2,7> (global=1480)
  D[1415] = center<3,5> endpoint<2,8> (global=1481)
  D[1416] = center<3,5> endpoint<2,9> (global=1482)
  D[1417] = center<3,5> endpoint<2,10> (global=1483)
  D[1418] = center<3,5> endpoint<2,11> (global=1484)
  D[1419] = center<3,5> endpoint<4,6> (global=1485)
  D[1420] = center<3,5> endpoint<4,7> (global=1486)
  D[1421] = center<3,5> endpoint<4,8> (global=1487)
  D[1422] = center<3,5> endpoint<4,9> (global=1488)
  D[1423] = center<3,5> endpoint<4,10> (global=1489)
  D[1424] = center<3,5> endpoint<4,11> (global=1490)
  D[1425] = center<3,5> endpoint<6,7> (global=1491)
  D[1426] = center<3,5> endpoint<6,8> (global=1492)
  D[1427] = center<3,5> endpoint<6,9> (global=1493)
  D[1428] = center<3,5> endpoint<6,10> (global=1494)
  D[1429] = center<3,5> endpoint<6,11> (global=1495)
  D[1430] = center<3,5> endpoint<7,8> (global=1496)
  D[1431] = center<3,5> endpoint<7,9> (global=1497)
  D[1432] = center<3,5> endpoint<7,10> (global=1498)
  D[1433] = center<3,5> endpoint<7,11> (global=1499)
  D[1434] = center<3,5> endpoint<8,9> (global=1500)
  D[1435] = center<3,5> endpoint<8,10> (global=1501)
  D[1436] = center<3,5> endpoint<8,11> (global=1502)
  D[1437] = center<3,5> endpoint<9,10> (global=1503)
  D[1438] = center<3,5> endpoint<9,11> (global=1504)
  D[1439] = center<3,5> endpoint<10,11> (global=1505)
  D[1440] = center<3,6> endpoint<0,1> (global=1506)
  D[1441] = center<3,6> endpoint<0,2> (global=1507)
  D[1442] = center<3,6> endpoint<0,4> (global=1508)
  D[1443] = center<3,6> endpoint<0,5> (global=1509)
  D[1444] = center<3,6> endpoint<0,7> (global=1510)
  D[1445] = center<3,6> endpoint<0,8> (global=1511)
  D[1446] = center<3,6> endpoint<0,9> (global=1512)
  D[1447] = center<3,6> endpoint<0,10> (global=1513)
  D[1448] = center<3,6> endpoint<0,11> (global=1514)
  D[1449] = center<3,6> endpoint<1,2> (global=1515)
  D[1450] = center<3,6> endpoint<1,4> (global=1516)
  D[1451] = center<3,6> endpoint<1,5> (global=1517)
  D[1452] = center<3,6> endpoint<1,7> (global=1518)
  D[1453] = center<3,6> endpoint<1,8> (global=1519)
  D[1454] = center<3,6> endpoint<1,9> (global=1520)
  D[1455] = center<3,6> endpoint<1,10> (global=1521)
  D[1456] = center<3,6> endpoint<1,11> (global=1522)
  D[1457] = center<3,6> endpoint<2,4> (global=1523)
  D[1458] = center<3,6> endpoint<2,5> (global=1524)
  D[1459] = center<3,6> endpoint<2,7> (global=1525)
  D[1460] = center<3,6> endpoint<2,8> (global=1526)
  D[1461] = center<3,6> endpoint<2,9> (global=1527)
  D[1462] = center<3,6> endpoint<2,10> (global=1528)
  D[1463] = center<3,6> endpoint<2,11> (global=1529)
  D[1464] = center<3,6> endpoint<4,5> (global=1530)
  D[1465] = center<3,6> endpoint<4,7> (global=1531)
  D[1466] = center<3,6> endpoint<4,8> (global=1532)
  D[1467] = center<3,6> endpoint<4,9> (global=1533)
  D[1468] = center<3,6> endpoint<4,10> (global=1534)
  D[1469] = center<3,6> endpoint<4,11> (global=1535)
  D[1470] = center<3,6> endpoint<5,7> (global=1536)
  D[1471] = center<3,6> endpoint<5,8> (global=1537)
  D[1472] = center<3,6> endpoint<5,9> (global=1538)
  D[1473] = center<3,6> endpoint<5,10> (global=1539)
  D[1474] = center<3,6> endpoint<5,11> (global=1540)
  D[1475] = center<3,6> endpoint<7,8> (global=1541)
  D[1476] = center<3,6> endpoint<7,9> (global=1542)
  D[1477] = center<3,6> endpoint<7,10> (global=1543)
  D[1478] = center<3,6> endpoint<7,11> (global=1544)
  D[1479] = center<3,6> endpoint<8,9> (global=1545)
  D[1480] = center<3,6> endpoint<8,10> (global=1546)
  D[1481] = center<3,6> endpoint<8,11> (global=1547)
  D[1482] = center<3,6> endpoint<9,10> (global=1548)
  D[1483] = center<3,6> endpoint<9,11> (global=1549)
  D[1484] = center<3,6> endpoint<10,11> (global=1550)
  D[1485] = center<3,7> endpoint<0,1> (global=1551)
  D[1486] = center<3,7> endpoint<0,2> (global=1552)
  D[1487] = center<3,7> endpoint<0,4> (global=1553)
  D[1488] = center<3,7> endpoint<0,5> (global=1554)
  D[1489] = center<3,7> endpoint<0,6> (global=1555)
  D[1490] = center<3,7> endpoint<0,8> (global=1556)
  D[1491] = center<3,7> endpoint<0,9> (global=1557)
  D[1492] = center<3,7> endpoint<0,10> (global=1558)
  D[1493] = center<3,7> endpoint<0,11> (global=1559)
  D[1494] = center<3,7> endpoint<1,2> (global=1560)
  D[1495] = center<3,7> endpoint<1,4> (global=1561)
  D[1496] = center<3,7> endpoint<1,5> (global=1562)
  D[1497] = center<3,7> endpoint<1,6> (global=1563)
  D[1498] = center<3,7> endpoint<1,8> (global=1564)
  D[1499] = center<3,7> endpoint<1,9> (global=1565)
  D[1500] = center<3,7> endpoint<1,10> (global=1566)
  D[1501] = center<3,7> endpoint<1,11> (global=1567)
  D[1502] = center<3,7> endpoint<2,4> (global=1568)
  D[1503] = center<3,7> endpoint<2,5> (global=1569)
  D[1504] = center<3,7> endpoint<2,6> (global=1570)
  D[1505] = center<3,7> endpoint<2,8> (global=1571)
  D[1506] = center<3,7> endpoint<2,9> (global=1572)
  D[1507] = center<3,7> endpoint<2,10> (global=1573)
  D[1508] = center<3,7> endpoint<2,11> (global=1574)
  D[1509] = center<3,7> endpoint<4,5> (global=1575)
  D[1510] = center<3,7> endpoint<4,6> (global=1576)
  D[1511] = center<3,7> endpoint<4,8> (global=1577)
  D[1512] = center<3,7> endpoint<4,9> (global=1578)
  D[1513] = center<3,7> endpoint<4,10> (global=1579)
  D[1514] = center<3,7> endpoint<4,11> (global=1580)
  D[1515] = center<3,7> endpoint<5,6> (global=1581)
  D[1516] = center<3,7> endpoint<5,8> (global=1582)
  D[1517] = center<3,7> endpoint<5,9> (global=1583)
  D[1518] = center<3,7> endpoint<5,10> (global=1584)
  D[1519] = center<3,7> endpoint<5,11> (global=1585)
  D[1520] = center<3,7> endpoint<6,8> (global=1586)
  D[1521] = center<3,7> endpoint<6,9> (global=1587)
  D[1522] = center<3,7> endpoint<6,10> (global=1588)
  D[1523] = center<3,7> endpoint<6,11> (global=1589)
  D[1524] = center<3,7> endpoint<8,9> (global=1590)
  D[1525] = center<3,7> endpoint<8,10> (global=1591)
  D[1526] = center<3,7> endpoint<8,11> (global=1592)
  D[1527] = center<3,7> endpoint<9,10> (global=1593)
  D[1528] = center<3,7> endpoint<9,11> (global=1594)
  D[1529] = center<3,7> endpoint<10,11> (global=1595)
  D[1530] = center<3,8> endpoint<0,1> (global=1596)
  D[1531] = center<3,8> endpoint<0,2> (global=1597)
  D[1532] = center<3,8> endpoint<0,4> (global=1598)
  D[1533] = center<3,8> endpoint<0,5> (global=1599)
  D[1534] = center<3,8> endpoint<0,6> (global=1600)
  D[1535] = center<3,8> endpoint<0,7> (global=1601)
  D[1536] = center<3,8> endpoint<0,9> (global=1602)
  D[1537] = center<3,8> endpoint<0,10> (global=1603)
  D[1538] = center<3,8> endpoint<0,11> (global=1604)
  D[1539] = center<3,8> endpoint<1,2> (global=1605)
  D[1540] = center<3,8> endpoint<1,4> (global=1606)
  D[1541] = center<3,8> endpoint<1,5> (global=1607)
  D[1542] = center<3,8> endpoint<1,6> (global=1608)
  D[1543] = center<3,8> endpoint<1,7> (global=1609)
  D[1544] = center<3,8> endpoint<1,9> (global=1610)
  D[1545] = center<3,8> endpoint<1,10> (global=1611)
  D[1546] = center<3,8> endpoint<1,11> (global=1612)
  D[1547] = center<3,8> endpoint<2,4> (global=1613)
  D[1548] = center<3,8> endpoint<2,5> (global=1614)
  D[1549] = center<3,8> endpoint<2,6> (global=1615)
  D[1550] = center<3,8> endpoint<2,7> (global=1616)
  D[1551] = center<3,8> endpoint<2,9> (global=1617)
  D[1552] = center<3,8> endpoint<2,10> (global=1618)
  D[1553] = center<3,8> endpoint<2,11> (global=1619)
  D[1554] = center<3,8> endpoint<4,5> (global=1620)
  D[1555] = center<3,8> endpoint<4,6> (global=1621)
  D[1556] = center<3,8> endpoint<4,7> (global=1622)
  D[1557] = center<3,8> endpoint<4,9> (global=1623)
  D[1558] = center<3,8> endpoint<4,10> (global=1624)
  D[1559] = center<3,8> endpoint<4,11> (global=1625)
  D[1560] = center<3,8> endpoint<5,6> (global=1626)
  D[1561] = center<3,8> endpoint<5,7> (global=1627)
  D[1562] = center<3,8> endpoint<5,9> (global=1628)
  D[1563] = center<3,8> endpoint<5,10> (global=1629)
  D[1564] = center<3,8> endpoint<5,11> (global=1630)
  D[1565] = center<3,8> endpoint<6,7> (global=1631)
  D[1566] = center<3,8> endpoint<6,9> (global=1632)
  D[1567] = center<3,8> endpoint<6,10> (global=1633)
  D[1568] = center<3,8> endpoint<6,11> (global=1634)
  D[1569] = center<3,8> endpoint<7,9> (global=1635)
  D[1570] = center<3,8> endpoint<7,10> (global=1636)
  D[1571] = center<3,8> endpoint<7,11> (global=1637)
  D[1572] = center<3,8> endpoint<9,10> (global=1638)
  D[1573] = center<3,8> endpoint<9,11> (global=1639)
  D[1574] = center<3,8> endpoint<10,11> (global=1640)
  D[1575] = center<3,9> endpoint<0,1> (global=1641)
  D[1576] = center<3,9> endpoint<0,2> (global=1642)
  D[1577] = center<3,9> endpoint<0,4> (global=1643)
  D[1578] = center<3,9> endpoint<0,5> (global=1644)
  D[1579] = center<3,9> endpoint<0,6> (global=1645)
  D[1580] = center<3,9> endpoint<0,7> (global=1646)
  D[1581] = center<3,9> endpoint<0,8> (global=1647)
  D[1582] = center<3,9> endpoint<0,10> (global=1648)
  D[1583] = center<3,9> endpoint<0,11> (global=1649)
  D[1584] = center<3,9> endpoint<1,2> (global=1650)
  D[1585] = center<3,9> endpoint<1,4> (global=1651)
  D[1586] = center<3,9> endpoint<1,5> (global=1652)
  D[1587] = center<3,9> endpoint<1,6> (global=1653)
  D[1588] = center<3,9> endpoint<1,7> (global=1654)
  D[1589] = center<3,9> endpoint<1,8> (global=1655)
  D[1590] = center<3,9> endpoint<1,10> (global=1656)
  D[1591] = center<3,9> endpoint<1,11> (global=1657)
  D[1592] = center<3,9> endpoint<2,4> (global=1658)
  D[1593] = center<3,9> endpoint<2,5> (global=1659)
  D[1594] = center<3,9> endpoint<2,6> (global=1660)
  D[1595] = center<3,9> endpoint<2,7> (global=1661)
  D[1596] = center<3,9> endpoint<2,8> (global=1662)
  D[1597] = center<3,9> endpoint<2,10> (global=1663)
  D[1598] = center<3,9> endpoint<2,11> (global=1664)
  D[1599] = center<3,9> endpoint<4,5> (global=1665)
  D[1600] = center<3,9> endpoint<4,6> (global=1666)
  D[1601] = center<3,9> endpoint<4,7> (global=1667)
  D[1602] = center<3,9> endpoint<4,8> (global=1668)
  D[1603] = center<3,9> endpoint<4,10> (global=1669)
  D[1604] = center<3,9> endpoint<4,11> (global=1670)
  D[1605] = center<3,9> endpoint<5,6> (global=1671)
  D[1606] = center<3,9> endpoint<5,7> (global=1672)
  D[1607] = center<3,9> endpoint<5,8> (global=1673)
  D[1608] = center<3,9> endpoint<5,10> (global=1674)
  D[1609] = center<3,9> endpoint<5,11> (global=1675)
  D[1610] = center<3,9> endpoint<6,7> (global=1676)
  D[1611] = center<3,9> endpoint<6,8> (global=1677)
  D[1612] = center<3,9> endpoint<6,10> (global=1678)
  D[1613] = center<3,9> endpoint<6,11> (global=1679)
  D[1614] = center<3,9> endpoint<7,8> (global=1680)
  D[1615] = center<3,9> endpoint<7,10> (global=1681)
  D[1616] = center<3,9> endpoint<7,11> (global=1682)
  D[1617] = center<3,9> endpoint<8,10> (global=1683)
  D[1618] = center<3,9> endpoint<8,11> (global=1684)
  D[1619] = center<3,9> endpoint<10,11> (global=1685)
  D[1620] = center<3,10> endpoint<0,1> (global=1686)
  D[1621] = center<3,10> endpoint<0,2> (global=1687)
  D[1622] = center<3,10> endpoint<0,4> (global=1688)
  D[1623] = center<3,10> endpoint<0,5> (global=1689)
  D[1624] = center<3,10> endpoint<0,6> (global=1690)
  D[1625] = center<3,10> endpoint<0,7> (global=1691)
  D[1626] = center<3,10> endpoint<0,8> (global=1692)
  D[1627] = center<3,10> endpoint<0,9> (global=1693)
  D[1628] = center<3,10> endpoint<0,11> (global=1694)
  D[1629] = center<3,10> endpoint<1,2> (global=1695)
  D[1630] = center<3,10> endpoint<1,4> (global=1696)
  D[1631] = center<3,10> endpoint<1,5> (global=1697)
  D[1632] = center<3,10> endpoint<1,6> (global=1698)
  D[1633] = center<3,10> endpoint<1,7> (global=1699)
  D[1634] = center<3,10> endpoint<1,8> (global=1700)
  D[1635] = center<3,10> endpoint<1,9> (global=1701)
  D[1636] = center<3,10> endpoint<1,11> (global=1702)
  D[1637] = center<3,10> endpoint<2,4> (global=1703)
  D[1638] = center<3,10> endpoint<2,5> (global=1704)
  D[1639] = center<3,10> endpoint<2,6> (global=1705)
  D[1640] = center<3,10> endpoint<2,7> (global=1706)
  D[1641] = center<3,10> endpoint<2,8> (global=1707)
  D[1642] = center<3,10> endpoint<2,9> (global=1708)
  D[1643] = center<3,10> endpoint<2,11> (global=1709)
  D[1644] = center<3,10> endpoint<4,5> (global=1710)
  D[1645] = center<3,10> endpoint<4,6> (global=1711)
  D[1646] = center<3,10> endpoint<4,7> (global=1712)
  D[1647] = center<3,10> endpoint<4,8> (global=1713)
  D[1648] = center<3,10> endpoint<4,9> (global=1714)
  D[1649] = center<3,10> endpoint<4,11> (global=1715)
  D[1650] = center<3,10> endpoint<5,6> (global=1716)
  D[1651] = center<3,10> endpoint<5,7> (global=1717)
  D[1652] = center<3,10> endpoint<5,8> (global=1718)
  D[1653] = center<3,10> endpoint<5,9> (global=1719)
  D[1654] = center<3,10> endpoint<5,11> (global=1720)
  D[1655] = center<3,10> endpoint<6,7> (global=1721)
  D[1656] = center<3,10> endpoint<6,8> (global=1722)
  D[1657] = center<3,10> endpoint<6,9> (global=1723)
  D[1658] = center<3,10> endpoint<6,11> (global=1724)
  D[1659] = center<3,10> endpoint<7,8> (global=1725)
  D[1660] = center<3,10> endpoint<7,9> (global=1726)
  D[1661] = center<3,10> endpoint<7,11> (global=1727)
  D[1662] = center<3,10> endpoint<8,9> (global=1728)
  D[1663] = center<3,10> endpoint<8,11> (global=1729)
  D[1664] = center<3,10> endpoint<9,11> (global=1730)
  D[1665] = center<3,11> endpoint<0,1> (global=1731)
  D[1666] = center<3,11> endpoint<0,2> (global=1732)
  D[1667] = center<3,11> endpoint<0,4> (global=1733)
  D[1668] = center<3,11> endpoint<0,5> (global=1734)
  D[1669] = center<3,11> endpoint<0,6> (global=1735)
  D[1670] = center<3,11> endpoint<0,7> (global=1736)
  D[1671] = center<3,11> endpoint<0,8> (global=1737)
  D[1672] = center<3,11> endpoint<0,9> (global=1738)
  D[1673] = center<3,11> endpoint<0,10> (global=1739)
  D[1674] = center<3,11> endpoint<1,2> (global=1740)
  D[1675] = center<3,11> endpoint<1,4> (global=1741)
  D[1676] = center<3,11> endpoint<1,5> (global=1742)
  D[1677] = center<3,11> endpoint<1,6> (global=1743)
  D[1678] = center<3,11> endpoint<1,7> (global=1744)
  D[1679] = center<3,11> endpoint<1,8> (global=1745)
  D[1680] = center<3,11> endpoint<1,9> (global=1746)
  D[1681] = center<3,11> endpoint<1,10> (global=1747)
  D[1682] = center<3,11> endpoint<2,4> (global=1748)
  D[1683] = center<3,11> endpoint<2,5> (global=1749)
  D[1684] = center<3,11> endpoint<2,6> (global=1750)
  D[1685] = center<3,11> endpoint<2,7> (global=1751)
  D[1686] = center<3,11> endpoint<2,8> (global=1752)
  D[1687] = center<3,11> endpoint<2,9> (global=1753)
  D[1688] = center<3,11> endpoint<2,10> (global=1754)
  D[1689] = center<3,11> endpoint<4,5> (global=1755)
  D[1690] = center<3,11> endpoint<4,6> (global=1756)
  D[1691] = center<3,11> endpoint<4,7> (global=1757)
  D[1692] = center<3,11> endpoint<4,8> (global=1758)
  D[1693] = center<3,11> endpoint<4,9> (global=1759)
  D[1694] = center<3,11> endpoint<4,10> (global=1760)
  D[1695] = center<3,11> endpoint<5,6> (global=1761)
  D[1696] = center<3,11> endpoint<5,7> (global=1762)
  D[1697] = center<3,11> endpoint<5,8> (global=1763)
  D[1698] = center<3,11> endpoint<5,9> (global=1764)
  D[1699] = center<3,11> endpoint<5,10> (global=1765)
  D[1700] = center<3,11> endpoint<6,7> (global=1766)
  D[1701] = center<3,11> endpoint<6,8> (global=1767)
  D[1702] = center<3,11> endpoint<6,9> (global=1768)
  D[1703] = center<3,11> endpoint<6,10> (global=1769)
  D[1704] = center<3,11> endpoint<7,8> (global=1770)
  D[1705] = center<3,11> endpoint<7,9> (global=1771)
  D[1706] = center<3,11> endpoint<7,10> (global=1772)
  D[1707] = center<3,11> endpoint<8,9> (global=1773)
  D[1708] = center<3,11> endpoint<8,10> (global=1774)
  D[1709] = center<3,11> endpoint<9,10> (global=1775)
  D[1710] = center<4,5> endpoint<0,1> (global=1776)
  D[1711] = center<4,5> endpoint<0,2> (global=1777)
  D[1712] = center<4,5> endpoint<0,3> (global=1778)
  D[1713] = center<4,5> endpoint<0,6> (global=1779)
  D[1714] = center<4,5> endpoint<0,7> (global=1780)
  D[1715] = center<4,5> endpoint<0,8> (global=1781)
  D[1716] = center<4,5> endpoint<0,9> (global=1782)
  D[1717] = center<4,5> endpoint<0,10> (global=1783)
  D[1718] = center<4,5> endpoint<0,11> (global=1784)
  D[1719] = center<4,5> endpoint<1,2> (global=1785)
  D[1720] = center<4,5> endpoint<1,3> (global=1786)
  D[1721] = center<4,5> endpoint<1,6> (global=1787)
  D[1722] = center<4,5> endpoint<1,7> (global=1788)
  D[1723] = center<4,5> endpoint<1,8> (global=1789)
  D[1724] = center<4,5> endpoint<1,9> (global=1790)
  D[1725] = center<4,5> endpoint<1,10> (global=1791)
  D[1726] = center<4,5> endpoint<1,11> (global=1792)
  D[1727] = center<4,5> endpoint<2,3> (global=1793)
  D[1728] = center<4,5> endpoint<2,6> (global=1794)
  D[1729] = center<4,5> endpoint<2,7> (global=1795)
  D[1730] = center<4,5> endpoint<2,8> (global=1796)
  D[1731] = center<4,5> endpoint<2,9> (global=1797)
  D[1732] = center<4,5> endpoint<2,10> (global=1798)
  D[1733] = center<4,5> endpoint<2,11> (global=1799)
  D[1734] = center<4,5> endpoint<3,6> (global=1800)
  D[1735] = center<4,5> endpoint<3,7> (global=1801)
  D[1736] = center<4,5> endpoint<3,8> (global=1802)
  D[1737] = center<4,5> endpoint<3,9> (global=1803)
  D[1738] = center<4,5> endpoint<3,10> (global=1804)
  D[1739] = center<4,5> endpoint<3,11> (global=1805)
  D[1740] = center<4,5> endpoint<6,7> (global=1806)
  D[1741] = center<4,5> endpoint<6,8> (global=1807)
  D[1742] = center<4,5> endpoint<6,9> (global=1808)
  D[1743] = center<4,5> endpoint<6,10> (global=1809)
  D[1744] = center<4,5> endpoint<6,11> (global=1810)
  D[1745] = center<4,5> endpoint<7,8> (global=1811)
  D[1746] = center<4,5> endpoint<7,9> (global=1812)
  D[1747] = center<4,5> endpoint<7,10> (global=1813)
  D[1748] = center<4,5> endpoint<7,11> (global=1814)
  D[1749] = center<4,5> endpoint<8,9> (global=1815)
  D[1750] = center<4,5> endpoint<8,10> (global=1816)
  D[1751] = center<4,5> endpoint<8,11> (global=1817)
  D[1752] = center<4,5> endpoint<9,10> (global=1818)
  D[1753] = center<4,5> endpoint<9,11> (global=1819)
  D[1754] = center<4,5> endpoint<10,11> (global=1820)
  D[1755] = center<4,6> endpoint<0,1> (global=1821)
  D[1756] = center<4,6> endpoint<0,2> (global=1822)
  D[1757] = center<4,6> endpoint<0,3> (global=1823)
  D[1758] = center<4,6> endpoint<0,5> (global=1824)
  D[1759] = center<4,6> endpoint<0,7> (global=1825)
  D[1760] = center<4,6> endpoint<0,8> (global=1826)
  D[1761] = center<4,6> endpoint<0,9> (global=1827)
  D[1762] = center<4,6> endpoint<0,10> (global=1828)
  D[1763] = center<4,6> endpoint<0,11> (global=1829)
  D[1764] = center<4,6> endpoint<1,2> (global=1830)
  D[1765] = center<4,6> endpoint<1,3> (global=1831)
  D[1766] = center<4,6> endpoint<1,5> (global=1832)
  D[1767] = center<4,6> endpoint<1,7> (global=1833)
  D[1768] = center<4,6> endpoint<1,8> (global=1834)
  D[1769] = center<4,6> endpoint<1,9> (global=1835)
  D[1770] = center<4,6> endpoint<1,10> (global=1836)
  D[1771] = center<4,6> endpoint<1,11> (global=1837)
  D[1772] = center<4,6> endpoint<2,3> (global=1838)
  D[1773] = center<4,6> endpoint<2,5> (global=1839)
  D[1774] = center<4,6> endpoint<2,7> (global=1840)
  D[1775] = center<4,6> endpoint<2,8> (global=1841)
  D[1776] = center<4,6> endpoint<2,9> (global=1842)
  D[1777] = center<4,6> endpoint<2,10> (global=1843)
  D[1778] = center<4,6> endpoint<2,11> (global=1844)
  D[1779] = center<4,6> endpoint<3,5> (global=1845)
  D[1780] = center<4,6> endpoint<3,7> (global=1846)
  D[1781] = center<4,6> endpoint<3,8> (global=1847)
  D[1782] = center<4,6> endpoint<3,9> (global=1848)
  D[1783] = center<4,6> endpoint<3,10> (global=1849)
  D[1784] = center<4,6> endpoint<3,11> (global=1850)
  D[1785] = center<4,6> endpoint<5,7> (global=1851)
  D[1786] = center<4,6> endpoint<5,8> (global=1852)
  D[1787] = center<4,6> endpoint<5,9> (global=1853)
  D[1788] = center<4,6> endpoint<5,10> (global=1854)
  D[1789] = center<4,6> endpoint<5,11> (global=1855)
  D[1790] = center<4,6> endpoint<7,8> (global=1856)
  D[1791] = center<4,6> endpoint<7,9> (global=1857)
  D[1792] = center<4,6> endpoint<7,10> (global=1858)
  D[1793] = center<4,6> endpoint<7,11> (global=1859)
  D[1794] = center<4,6> endpoint<8,9> (global=1860)
  D[1795] = center<4,6> endpoint<8,10> (global=1861)
  D[1796] = center<4,6> endpoint<8,11> (global=1862)
  D[1797] = center<4,6> endpoint<9,10> (global=1863)
  D[1798] = center<4,6> endpoint<9,11> (global=1864)
  D[1799] = center<4,6> endpoint<10,11> (global=1865)
  D[1800] = center<4,7> endpoint<0,1> (global=1866)
  D[1801] = center<4,7> endpoint<0,2> (global=1867)
  D[1802] = center<4,7> endpoint<0,3> (global=1868)
  D[1803] = center<4,7> endpoint<0,5> (global=1869)
  D[1804] = center<4,7> endpoint<0,6> (global=1870)
  D[1805] = center<4,7> endpoint<0,8> (global=1871)
  D[1806] = center<4,7> endpoint<0,9> (global=1872)
  D[1807] = center<4,7> endpoint<0,10> (global=1873)
  D[1808] = center<4,7> endpoint<0,11> (global=1874)
  D[1809] = center<4,7> endpoint<1,2> (global=1875)
  D[1810] = center<4,7> endpoint<1,3> (global=1876)
  D[1811] = center<4,7> endpoint<1,5> (global=1877)
  D[1812] = center<4,7> endpoint<1,6> (global=1878)
  D[1813] = center<4,7> endpoint<1,8> (global=1879)
  D[1814] = center<4,7> endpoint<1,9> (global=1880)
  D[1815] = center<4,7> endpoint<1,10> (global=1881)
  D[1816] = center<4,7> endpoint<1,11> (global=1882)
  D[1817] = center<4,7> endpoint<2,3> (global=1883)
  D[1818] = center<4,7> endpoint<2,5> (global=1884)
  D[1819] = center<4,7> endpoint<2,6> (global=1885)
  D[1820] = center<4,7> endpoint<2,8> (global=1886)
  D[1821] = center<4,7> endpoint<2,9> (global=1887)
  D[1822] = center<4,7> endpoint<2,10> (global=1888)
  D[1823] = center<4,7> endpoint<2,11> (global=1889)
  D[1824] = center<4,7> endpoint<3,5> (global=1890)
  D[1825] = center<4,7> endpoint<3,6> (global=1891)
  D[1826] = center<4,7> endpoint<3,8> (global=1892)
  D[1827] = center<4,7> endpoint<3,9> (global=1893)
  D[1828] = center<4,7> endpoint<3,10> (global=1894)
  D[1829] = center<4,7> endpoint<3,11> (global=1895)
  D[1830] = center<4,7> endpoint<5,6> (global=1896)
  D[1831] = center<4,7> endpoint<5,8> (global=1897)
  D[1832] = center<4,7> endpoint<5,9> (global=1898)
  D[1833] = center<4,7> endpoint<5,10> (global=1899)
  D[1834] = center<4,7> endpoint<5,11> (global=1900)
  D[1835] = center<4,7> endpoint<6,8> (global=1901)
  D[1836] = center<4,7> endpoint<6,9> (global=1902)
  D[1837] = center<4,7> endpoint<6,10> (global=1903)
  D[1838] = center<4,7> endpoint<6,11> (global=1904)
  D[1839] = center<4,7> endpoint<8,9> (global=1905)
  D[1840] = center<4,7> endpoint<8,10> (global=1906)
  D[1841] = center<4,7> endpoint<8,11> (global=1907)
  D[1842] = center<4,7> endpoint<9,10> (global=1908)
  D[1843] = center<4,7> endpoint<9,11> (global=1909)
  D[1844] = center<4,7> endpoint<10,11> (global=1910)
  D[1845] = center<4,8> endpoint<0,1> (global=1911)
  D[1846] = center<4,8> endpoint<0,2> (global=1912)
  D[1847] = center<4,8> endpoint<0,3> (global=1913)
  D[1848] = center<4,8> endpoint<0,5> (global=1914)
  D[1849] = center<4,8> endpoint<0,6> (global=1915)
  D[1850] = center<4,8> endpoint<0,7> (global=1916)
  D[1851] = center<4,8> endpoint<0,9> (global=1917)
  D[1852] = center<4,8> endpoint<0,10> (global=1918)
  D[1853] = center<4,8> endpoint<0,11> (global=1919)
  D[1854] = center<4,8> endpoint<1,2> (global=1920)
  D[1855] = center<4,8> endpoint<1,3> (global=1921)
  D[1856] = center<4,8> endpoint<1,5> (global=1922)
  D[1857] = center<4,8> endpoint<1,6> (global=1923)
  D[1858] = center<4,8> endpoint<1,7> (global=1924)
  D[1859] = center<4,8> endpoint<1,9> (global=1925)
  D[1860] = center<4,8> endpoint<1,10> (global=1926)
  D[1861] = center<4,8> endpoint<1,11> (global=1927)
  D[1862] = center<4,8> endpoint<2,3> (global=1928)
  D[1863] = center<4,8> endpoint<2,5> (global=1929)
  D[1864] = center<4,8> endpoint<2,6> (global=1930)
  D[1865] = center<4,8> endpoint<2,7> (global=1931)
  D[1866] = center<4,8> endpoint<2,9> (global=1932)
  D[1867] = center<4,8> endpoint<2,10> (global=1933)
  D[1868] = center<4,8> endpoint<2,11> (global=1934)
  D[1869] = center<4,8> endpoint<3,5> (global=1935)
  D[1870] = center<4,8> endpoint<3,6> (global=1936)
  D[1871] = center<4,8> endpoint<3,7> (global=1937)
  D[1872] = center<4,8> endpoint<3,9> (global=1938)
  D[1873] = center<4,8> endpoint<3,10> (global=1939)
  D[1874] = center<4,8> endpoint<3,11> (global=1940)
  D[1875] = center<4,8> endpoint<5,6> (global=1941)
  D[1876] = center<4,8> endpoint<5,7> (global=1942)
  D[1877] = center<4,8> endpoint<5,9> (global=1943)
  D[1878] = center<4,8> endpoint<5,10> (global=1944)
  D[1879] = center<4,8> endpoint<5,11> (global=1945)
  D[1880] = center<4,8> endpoint<6,7> (global=1946)
  D[1881] = center<4,8> endpoint<6,9> (global=1947)
  D[1882] = center<4,8> endpoint<6,10> (global=1948)
  D[1883] = center<4,8> endpoint<6,11> (global=1949)
  D[1884] = center<4,8> endpoint<7,9> (global=1950)
  D[1885] = center<4,8> endpoint<7,10> (global=1951)
  D[1886] = center<4,8> endpoint<7,11> (global=1952)
  D[1887] = center<4,8> endpoint<9,10> (global=1953)
  D[1888] = center<4,8> endpoint<9,11> (global=1954)
  D[1889] = center<4,8> endpoint<10,11> (global=1955)
  D[1890] = center<4,9> endpoint<0,1> (global=1956)
  D[1891] = center<4,9> endpoint<0,2> (global=1957)
  D[1892] = center<4,9> endpoint<0,3> (global=1958)
  D[1893] = center<4,9> endpoint<0,5> (global=1959)
  D[1894] = center<4,9> endpoint<0,6> (global=1960)
  D[1895] = center<4,9> endpoint<0,7> (global=1961)
  D[1896] = center<4,9> endpoint<0,8> (global=1962)
  D[1897] = center<4,9> endpoint<0,10> (global=1963)
  D[1898] = center<4,9> endpoint<0,11> (global=1964)
  D[1899] = center<4,9> endpoint<1,2> (global=1965)
  D[1900] = center<4,9> endpoint<1,3> (global=1966)
  D[1901] = center<4,9> endpoint<1,5> (global=1967)
  D[1902] = center<4,9> endpoint<1,6> (global=1968)
  D[1903] = center<4,9> endpoint<1,7> (global=1969)
  D[1904] = center<4,9> endpoint<1,8> (global=1970)
  D[1905] = center<4,9> endpoint<1,10> (global=1971)
  D[1906] = center<4,9> endpoint<1,11> (global=1972)
  D[1907] = center<4,9> endpoint<2,3> (global=1973)
  D[1908] = center<4,9> endpoint<2,5> (global=1974)
  D[1909] = center<4,9> endpoint<2,6> (global=1975)
  D[1910] = center<4,9> endpoint<2,7> (global=1976)
  D[1911] = center<4,9> endpoint<2,8> (global=1977)
  D[1912] = center<4,9> endpoint<2,10> (global=1978)
  D[1913] = center<4,9> endpoint<2,11> (global=1979)
  D[1914] = center<4,9> endpoint<3,5> (global=1980)
  D[1915] = center<4,9> endpoint<3,6> (global=1981)
  D[1916] = center<4,9> endpoint<3,7> (global=1982)
  D[1917] = center<4,9> endpoint<3,8> (global=1983)
  D[1918] = center<4,9> endpoint<3,10> (global=1984)
  D[1919] = center<4,9> endpoint<3,11> (global=1985)
  D[1920] = center<4,9> endpoint<5,6> (global=1986)
  D[1921] = center<4,9> endpoint<5,7> (global=1987)
  D[1922] = center<4,9> endpoint<5,8> (global=1988)
  D[1923] = center<4,9> endpoint<5,10> (global=1989)
  D[1924] = center<4,9> endpoint<5,11> (global=1990)
  D[1925] = center<4,9> endpoint<6,7> (global=1991)
  D[1926] = center<4,9> endpoint<6,8> (global=1992)
  D[1927] = center<4,9> endpoint<6,10> (global=1993)
  D[1928] = center<4,9> endpoint<6,11> (global=1994)
  D[1929] = center<4,9> endpoint<7,8> (global=1995)
  D[1930] = center<4,9> endpoint<7,10> (global=1996)
  D[1931] = center<4,9> endpoint<7,11> (global=1997)
  D[1932] = center<4,9> endpoint<8,10> (global=1998)
  D[1933] = center<4,9> endpoint<8,11> (global=1999)
  D[1934] = center<4,9> endpoint<10,11> (global=2000)
  D[1935] = center<4,10> endpoint<0,1> (global=2001)
  D[1936] = center<4,10> endpoint<0,2> (global=2002)
  D[1937] = center<4,10> endpoint<0,3> (global=2003)
  D[1938] = center<4,10> endpoint<0,5> (global=2004)
  D[1939] = center<4,10> endpoint<0,6> (global=2005)
  D[1940] = center<4,10> endpoint<0,7> (global=2006)
  D[1941] = center<4,10> endpoint<0,8> (global=2007)
  D[1942] = center<4,10> endpoint<0,9> (global=2008)
  D[1943] = center<4,10> endpoint<0,11> (global=2009)
  D[1944] = center<4,10> endpoint<1,2> (global=2010)
  D[1945] = center<4,10> endpoint<1,3> (global=2011)
  D[1946] = center<4,10> endpoint<1,5> (global=2012)
  D[1947] = center<4,10> endpoint<1,6> (global=2013)
  D[1948] = center<4,10> endpoint<1,7> (global=2014)
  D[1949] = center<4,10> endpoint<1,8> (global=2015)
  D[1950] = center<4,10> endpoint<1,9> (global=2016)
  D[1951] = center<4,10> endpoint<1,11> (global=2017)
  D[1952] = center<4,10> endpoint<2,3> (global=2018)
  D[1953] = center<4,10> endpoint<2,5> (global=2019)
  D[1954] = center<4,10> endpoint<2,6> (global=2020)
  D[1955] = center<4,10> endpoint<2,7> (global=2021)
  D[1956] = center<4,10> endpoint<2,8> (global=2022)
  D[1957] = center<4,10> endpoint<2,9> (global=2023)
  D[1958] = center<4,10> endpoint<2,11> (global=2024)
  D[1959] = center<4,10> endpoint<3,5> (global=2025)
  D[1960] = center<4,10> endpoint<3,6> (global=2026)
  D[1961] = center<4,10> endpoint<3,7> (global=2027)
  D[1962] = center<4,10> endpoint<3,8> (global=2028)
  D[1963] = center<4,10> endpoint<3,9> (global=2029)
  D[1964] = center<4,10> endpoint<3,11> (global=2030)
  D[1965] = center<4,10> endpoint<5,6> (global=2031)
  D[1966] = center<4,10> endpoint<5,7> (global=2032)
  D[1967] = center<4,10> endpoint<5,8> (global=2033)
  D[1968] = center<4,10> endpoint<5,9> (global=2034)
  D[1969] = center<4,10> endpoint<5,11> (global=2035)
  D[1970] = center<4,10> endpoint<6,7> (global=2036)
  D[1971] = center<4,10> endpoint<6,8> (global=2037)
  D[1972] = center<4,10> endpoint<6,9> (global=2038)
  D[1973] = center<4,10> endpoint<6,11> (global=2039)
  D[1974] = center<4,10> endpoint<7,8> (global=2040)
  D[1975] = center<4,10> endpoint<7,9> (global=2041)
  D[1976] = center<4,10> endpoint<7,11> (global=2042)
  D[1977] = center<4,10> endpoint<8,9> (global=2043)
  D[1978] = center<4,10> endpoint<8,11> (global=2044)
  D[1979] = center<4,10> endpoint<9,11> (global=2045)
  D[1980] = center<4,11> endpoint<0,1> (global=2046)
  D[1981] = center<4,11> endpoint<0,2> (global=2047)
  D[1982] = center<4,11> endpoint<0,3> (global=2048)
  D[1983] = center<4,11> endpoint<0,5> (global=2049)
  D[1984] = center<4,11> endpoint<0,6> (global=2050)
  D[1985] = center<4,11> endpoint<0,7> (global=2051)
  D[1986] = center<4,11> endpoint<0,8> (global=2052)
  D[1987] = center<4,11> endpoint<0,9> (global=2053)
  D[1988] = center<4,11> endpoint<0,10> (global=2054)
  D[1989] = center<4,11> endpoint<1,2> (global=2055)
  D[1990] = center<4,11> endpoint<1,3> (global=2056)
  D[1991] = center<4,11> endpoint<1,5> (global=2057)
  D[1992] = center<4,11> endpoint<1,6> (global=2058)
  D[1993] = center<4,11> endpoint<1,7> (global=2059)
  D[1994] = center<4,11> endpoint<1,8> (global=2060)
  D[1995] = center<4,11> endpoint<1,9> (global=2061)
  D[1996] = center<4,11> endpoint<1,10> (global=2062)
  D[1997] = center<4,11> endpoint<2,3> (global=2063)
  D[1998] = center<4,11> endpoint<2,5> (global=2064)
  D[1999] = center<4,11> endpoint<2,6> (global=2065)
  D[2000] = center<4,11> endpoint<2,7> (global=2066)
  D[2001] = center<4,11> endpoint<2,8> (global=2067)
  D[2002] = center<4,11> endpoint<2,9> (global=2068)
  D[2003] = center<4,11> endpoint<2,10> (global=2069)
  D[2004] = center<4,11> endpoint<3,5> (global=2070)
  D[2005] = center<4,11> endpoint<3,6> (global=2071)
  D[2006] = center<4,11> endpoint<3,7> (global=2072)
  D[2007] = center<4,11> endpoint<3,8> (global=2073)
  D[2008] = center<4,11> endpoint<3,9> (global=2074)
  D[2009] = center<4,11> endpoint<3,10> (global=2075)
  D[2010] = center<4,11> endpoint<5,6> (global=2076)
  D[2011] = center<4,11> endpoint<5,7> (global=2077)
  D[2012] = center<4,11> endpoint<5,8> (global=2078)
  D[2013] = center<4,11> endpoint<5,9> (global=2079)
  D[2014] = center<4,11> endpoint<5,10> (global=2080)
  D[2015] = center<4,11> endpoint<6,7> (global=2081)
  D[2016] = center<4,11> endpoint<6,8> (global=2082)
  D[2017] = center<4,11> endpoint<6,9> (global=2083)
  D[2018] = center<4,11> endpoint<6,10> (global=2084)
  D[2019] = center<4,11> endpoint<7,8> (global=2085)
  D[2020] = center<4,11> endpoint<7,9> (global=2086)
  D[2021] = center<4,11> endpoint<7,10> (global=2087)
  D[2022] = center<4,11> endpoint<8,9> (global=2088)
  D[2023] = center<4,11> endpoint<8,10> (global=2089)
  D[2024] = center<4,11> endpoint<9,10> (global=2090)
  D[2025] = center<5,6> endpoint<0,1> (global=2091)
  D[2026] = center<5,6> endpoint<0,2> (global=2092)
  D[2027] = center<5,6> endpoint<0,3> (global=2093)
  D[2028] = center<5,6> endpoint<0,4> (global=2094)
  D[2029] = center<5,6> endpoint<0,7> (global=2095)
  D[2030] = center<5,6> endpoint<0,8> (global=2096)
  D[2031] = center<5,6> endpoint<0,9> (global=2097)
  D[2032] = center<5,6> endpoint<0,10> (global=2098)
  D[2033] = center<5,6> endpoint<0,11> (global=2099)
  D[2034] = center<5,6> endpoint<1,2> (global=2100)
  D[2035] = center<5,6> endpoint<1,3> (global=2101)
  D[2036] = center<5,6> endpoint<1,4> (global=2102)
  D[2037] = center<5,6> endpoint<1,7> (global=2103)
  D[2038] = center<5,6> endpoint<1,8> (global=2104)
  D[2039] = center<5,6> endpoint<1,9> (global=2105)
  D[2040] = center<5,6> endpoint<1,10> (global=2106)
  D[2041] = center<5,6> endpoint<1,11> (global=2107)
  D[2042] = center<5,6> endpoint<2,3> (global=2108)
  D[2043] = center<5,6> endpoint<2,4> (global=2109)
  D[2044] = center<5,6> endpoint<2,7> (global=2110)
  D[2045] = center<5,6> endpoint<2,8> (global=2111)
  D[2046] = center<5,6> endpoint<2,9> (global=2112)
  D[2047] = center<5,6> endpoint<2,10> (global=2113)
  D[2048] = center<5,6> endpoint<2,11> (global=2114)
  D[2049] = center<5,6> endpoint<3,4> (global=2115)
  D[2050] = center<5,6> endpoint<3,7> (global=2116)
  D[2051] = center<5,6> endpoint<3,8> (global=2117)
  D[2052] = center<5,6> endpoint<3,9> (global=2118)
  D[2053] = center<5,6> endpoint<3,10> (global=2119)
  D[2054] = center<5,6> endpoint<3,11> (global=2120)
  D[2055] = center<5,6> endpoint<4,7> (global=2121)
  D[2056] = center<5,6> endpoint<4,8> (global=2122)
  D[2057] = center<5,6> endpoint<4,9> (global=2123)
  D[2058] = center<5,6> endpoint<4,10> (global=2124)
  D[2059] = center<5,6> endpoint<4,11> (global=2125)
  D[2060] = center<5,6> endpoint<7,8> (global=2126)
  D[2061] = center<5,6> endpoint<7,9> (global=2127)
  D[2062] = center<5,6> endpoint<7,10> (global=2128)
  D[2063] = center<5,6> endpoint<7,11> (global=2129)
  D[2064] = center<5,6> endpoint<8,9> (global=2130)
  D[2065] = center<5,6> endpoint<8,10> (global=2131)
  D[2066] = center<5,6> endpoint<8,11> (global=2132)
  D[2067] = center<5,6> endpoint<9,10> (global=2133)
  D[2068] = center<5,6> endpoint<9,11> (global=2134)
  D[2069] = center<5,6> endpoint<10,11> (global=2135)
  D[2070] = center<5,7> endpoint<0,1> (global=2136)
  D[2071] = center<5,7> endpoint<0,2> (global=2137)
  D[2072] = center<5,7> endpoint<0,3> (global=2138)
  D[2073] = center<5,7> endpoint<0,4> (global=2139)
  D[2074] = center<5,7> endpoint<0,6> (global=2140)
  D[2075] = center<5,7> endpoint<0,8> (global=2141)
  D[2076] = center<5,7> endpoint<0,9> (global=2142)
  D[2077] = center<5,7> endpoint<0,10> (global=2143)
  D[2078] = center<5,7> endpoint<0,11> (global=2144)
  D[2079] = center<5,7> endpoint<1,2> (global=2145)
  D[2080] = center<5,7> endpoint<1,3> (global=2146)
  D[2081] = center<5,7> endpoint<1,4> (global=2147)
  D[2082] = center<5,7> endpoint<1,6> (global=2148)
  D[2083] = center<5,7> endpoint<1,8> (global=2149)
  D[2084] = center<5,7> endpoint<1,9> (global=2150)
  D[2085] = center<5,7> endpoint<1,10> (global=2151)
  D[2086] = center<5,7> endpoint<1,11> (global=2152)
  D[2087] = center<5,7> endpoint<2,3> (global=2153)
  D[2088] = center<5,7> endpoint<2,4> (global=2154)
  D[2089] = center<5,7> endpoint<2,6> (global=2155)
  D[2090] = center<5,7> endpoint<2,8> (global=2156)
  D[2091] = center<5,7> endpoint<2,9> (global=2157)
  D[2092] = center<5,7> endpoint<2,10> (global=2158)
  D[2093] = center<5,7> endpoint<2,11> (global=2159)
  D[2094] = center<5,7> endpoint<3,4> (global=2160)
  D[2095] = center<5,7> endpoint<3,6> (global=2161)
  D[2096] = center<5,7> endpoint<3,8> (global=2162)
  D[2097] = center<5,7> endpoint<3,9> (global=2163)
  D[2098] = center<5,7> endpoint<3,10> (global=2164)
  D[2099] = center<5,7> endpoint<3,11> (global=2165)
  D[2100] = center<5,7> endpoint<4,6> (global=2166)
  D[2101] = center<5,7> endpoint<4,8> (global=2167)
  D[2102] = center<5,7> endpoint<4,9> (global=2168)
  D[2103] = center<5,7> endpoint<4,10> (global=2169)
  D[2104] = center<5,7> endpoint<4,11> (global=2170)
  D[2105] = center<5,7> endpoint<6,8> (global=2171)
  D[2106] = center<5,7> endpoint<6,9> (global=2172)
  D[2107] = center<5,7> endpoint<6,10> (global=2173)
  D[2108] = center<5,7> endpoint<6,11> (global=2174)
  D[2109] = center<5,7> endpoint<8,9> (global=2175)
  D[2110] = center<5,7> endpoint<8,10> (global=2176)
  D[2111] = center<5,7> endpoint<8,11> (global=2177)
  D[2112] = center<5,7> endpoint<9,10> (global=2178)
  D[2113] = center<5,7> endpoint<9,11> (global=2179)
  D[2114] = center<5,7> endpoint<10,11> (global=2180)
  D[2115] = center<5,8> endpoint<0,1> (global=2181)
  D[2116] = center<5,8> endpoint<0,2> (global=2182)
  D[2117] = center<5,8> endpoint<0,3> (global=2183)
  D[2118] = center<5,8> endpoint<0,4> (global=2184)
  D[2119] = center<5,8> endpoint<0,6> (global=2185)
  D[2120] = center<5,8> endpoint<0,7> (global=2186)
  D[2121] = center<5,8> endpoint<0,9> (global=2187)
  D[2122] = center<5,8> endpoint<0,10> (global=2188)
  D[2123] = center<5,8> endpoint<0,11> (global=2189)
  D[2124] = center<5,8> endpoint<1,2> (global=2190)
  D[2125] = center<5,8> endpoint<1,3> (global=2191)
  D[2126] = center<5,8> endpoint<1,4> (global=2192)
  D[2127] = center<5,8> endpoint<1,6> (global=2193)
  D[2128] = center<5,8> endpoint<1,7> (global=2194)
  D[2129] = center<5,8> endpoint<1,9> (global=2195)
  D[2130] = center<5,8> endpoint<1,10> (global=2196)
  D[2131] = center<5,8> endpoint<1,11> (global=2197)
  D[2132] = center<5,8> endpoint<2,3> (global=2198)
  D[2133] = center<5,8> endpoint<2,4> (global=2199)
  D[2134] = center<5,8> endpoint<2,6> (global=2200)
  D[2135] = center<5,8> endpoint<2,7> (global=2201)
  D[2136] = center<5,8> endpoint<2,9> (global=2202)
  D[2137] = center<5,8> endpoint<2,10> (global=2203)
  D[2138] = center<5,8> endpoint<2,11> (global=2204)
  D[2139] = center<5,8> endpoint<3,4> (global=2205)
  D[2140] = center<5,8> endpoint<3,6> (global=2206)
  D[2141] = center<5,8> endpoint<3,7> (global=2207)
  D[2142] = center<5,8> endpoint<3,9> (global=2208)
  D[2143] = center<5,8> endpoint<3,10> (global=2209)
  D[2144] = center<5,8> endpoint<3,11> (global=2210)
  D[2145] = center<5,8> endpoint<4,6> (global=2211)
  D[2146] = center<5,8> endpoint<4,7> (global=2212)
  D[2147] = center<5,8> endpoint<4,9> (global=2213)
  D[2148] = center<5,8> endpoint<4,10> (global=2214)
  D[2149] = center<5,8> endpoint<4,11> (global=2215)
  D[2150] = center<5,8> endpoint<6,7> (global=2216)
  D[2151] = center<5,8> endpoint<6,9> (global=2217)
  D[2152] = center<5,8> endpoint<6,10> (global=2218)
  D[2153] = center<5,8> endpoint<6,11> (global=2219)
  D[2154] = center<5,8> endpoint<7,9> (global=2220)
  D[2155] = center<5,8> endpoint<7,10> (global=2221)
  D[2156] = center<5,8> endpoint<7,11> (global=2222)
  D[2157] = center<5,8> endpoint<9,10> (global=2223)
  D[2158] = center<5,8> endpoint<9,11> (global=2224)
  D[2159] = center<5,8> endpoint<10,11> (global=2225)
  D[2160] = center<5,9> endpoint<0,1> (global=2226)
  D[2161] = center<5,9> endpoint<0,2> (global=2227)
  D[2162] = center<5,9> endpoint<0,3> (global=2228)
  D[2163] = center<5,9> endpoint<0,4> (global=2229)
  D[2164] = center<5,9> endpoint<0,6> (global=2230)
  D[2165] = center<5,9> endpoint<0,7> (global=2231)
  D[2166] = center<5,9> endpoint<0,8> (global=2232)
  D[2167] = center<5,9> endpoint<0,10> (global=2233)
  D[2168] = center<5,9> endpoint<0,11> (global=2234)
  D[2169] = center<5,9> endpoint<1,2> (global=2235)
  D[2170] = center<5,9> endpoint<1,3> (global=2236)
  D[2171] = center<5,9> endpoint<1,4> (global=2237)
  D[2172] = center<5,9> endpoint<1,6> (global=2238)
  D[2173] = center<5,9> endpoint<1,7> (global=2239)
  D[2174] = center<5,9> endpoint<1,8> (global=2240)
  D[2175] = center<5,9> endpoint<1,10> (global=2241)
  D[2176] = center<5,9> endpoint<1,11> (global=2242)
  D[2177] = center<5,9> endpoint<2,3> (global=2243)
  D[2178] = center<5,9> endpoint<2,4> (global=2244)
  D[2179] = center<5,9> endpoint<2,6> (global=2245)
  D[2180] = center<5,9> endpoint<2,7> (global=2246)
  D[2181] = center<5,9> endpoint<2,8> (global=2247)
  D[2182] = center<5,9> endpoint<2,10> (global=2248)
  D[2183] = center<5,9> endpoint<2,11> (global=2249)
  D[2184] = center<5,9> endpoint<3,4> (global=2250)
  D[2185] = center<5,9> endpoint<3,6> (global=2251)
  D[2186] = center<5,9> endpoint<3,7> (global=2252)
  D[2187] = center<5,9> endpoint<3,8> (global=2253)
  D[2188] = center<5,9> endpoint<3,10> (global=2254)
  D[2189] = center<5,9> endpoint<3,11> (global=2255)
  D[2190] = center<5,9> endpoint<4,6> (global=2256)
  D[2191] = center<5,9> endpoint<4,7> (global=2257)
  D[2192] = center<5,9> endpoint<4,8> (global=2258)
  D[2193] = center<5,9> endpoint<4,10> (global=2259)
  D[2194] = center<5,9> endpoint<4,11> (global=2260)
  D[2195] = center<5,9> endpoint<6,7> (global=2261)
  D[2196] = center<5,9> endpoint<6,8> (global=2262)
  D[2197] = center<5,9> endpoint<6,10> (global=2263)
  D[2198] = center<5,9> endpoint<6,11> (global=2264)
  D[2199] = center<5,9> endpoint<7,8> (global=2265)
  D[2200] = center<5,9> endpoint<7,10> (global=2266)
  D[2201] = center<5,9> endpoint<7,11> (global=2267)
  D[2202] = center<5,9> endpoint<8,10> (global=2268)
  D[2203] = center<5,9> endpoint<8,11> (global=2269)
  D[2204] = center<5,9> endpoint<10,11> (global=2270)
  D[2205] = center<5,10> endpoint<0,1> (global=2271)
  D[2206] = center<5,10> endpoint<0,2> (global=2272)
  D[2207] = center<5,10> endpoint<0,3> (global=2273)
  D[2208] = center<5,10> endpoint<0,4> (global=2274)
  D[2209] = center<5,10> endpoint<0,6> (global=2275)
  D[2210] = center<5,10> endpoint<0,7> (global=2276)
  D[2211] = center<5,10> endpoint<0,8> (global=2277)
  D[2212] = center<5,10> endpoint<0,9> (global=2278)
  D[2213] = center<5,10> endpoint<0,11> (global=2279)
  D[2214] = center<5,10> endpoint<1,2> (global=2280)
  D[2215] = center<5,10> endpoint<1,3> (global=2281)
  D[2216] = center<5,10> endpoint<1,4> (global=2282)
  D[2217] = center<5,10> endpoint<1,6> (global=2283)
  D[2218] = center<5,10> endpoint<1,7> (global=2284)
  D[2219] = center<5,10> endpoint<1,8> (global=2285)
  D[2220] = center<5,10> endpoint<1,9> (global=2286)
  D[2221] = center<5,10> endpoint<1,11> (global=2287)
  D[2222] = center<5,10> endpoint<2,3> (global=2288)
  D[2223] = center<5,10> endpoint<2,4> (global=2289)
  D[2224] = center<5,10> endpoint<2,6> (global=2290)
  D[2225] = center<5,10> endpoint<2,7> (global=2291)
  D[2226] = center<5,10> endpoint<2,8> (global=2292)
  D[2227] = center<5,10> endpoint<2,9> (global=2293)
  D[2228] = center<5,10> endpoint<2,11> (global=2294)
  D[2229] = center<5,10> endpoint<3,4> (global=2295)
  D[2230] = center<5,10> endpoint<3,6> (global=2296)
  D[2231] = center<5,10> endpoint<3,7> (global=2297)
  D[2232] = center<5,10> endpoint<3,8> (global=2298)
  D[2233] = center<5,10> endpoint<3,9> (global=2299)
  D[2234] = center<5,10> endpoint<3,11> (global=2300)
  D[2235] = center<5,10> endpoint<4,6> (global=2301)
  D[2236] = center<5,10> endpoint<4,7> (global=2302)
  D[2237] = center<5,10> endpoint<4,8> (global=2303)
  D[2238] = center<5,10> endpoint<4,9> (global=2304)
  D[2239] = center<5,10> endpoint<4,11> (global=2305)
  D[2240] = center<5,10> endpoint<6,7> (global=2306)
  D[2241] = center<5,10> endpoint<6,8> (global=2307)
  D[2242] = center<5,10> endpoint<6,9> (global=2308)
  D[2243] = center<5,10> endpoint<6,11> (global=2309)
  D[2244] = center<5,10> endpoint<7,8> (global=2310)
  D[2245] = center<5,10> endpoint<7,9> (global=2311)
  D[2246] = center<5,10> endpoint<7,11> (global=2312)
  D[2247] = center<5,10> endpoint<8,9> (global=2313)
  D[2248] = center<5,10> endpoint<8,11> (global=2314)
  D[2249] = center<5,10> endpoint<9,11> (global=2315)
  D[2250] = center<5,11> endpoint<0,1> (global=2316)
  D[2251] = center<5,11> endpoint<0,2> (global=2317)
  D[2252] = center<5,11> endpoint<0,3> (global=2318)
  D[2253] = center<5,11> endpoint<0,4> (global=2319)
  D[2254] = center<5,11> endpoint<0,6> (global=2320)
  D[2255] = center<5,11> endpoint<0,7> (global=2321)
  D[2256] = center<5,11> endpoint<0,8> (global=2322)
  D[2257] = center<5,11> endpoint<0,9> (global=2323)
  D[2258] = center<5,11> endpoint<0,10> (global=2324)
  D[2259] = center<5,11> endpoint<1,2> (global=2325)
  D[2260] = center<5,11> endpoint<1,3> (global=2326)
  D[2261] = center<5,11> endpoint<1,4> (global=2327)
  D[2262] = center<5,11> endpoint<1,6> (global=2328)
  D[2263] = center<5,11> endpoint<1,7> (global=2329)
  D[2264] = center<5,11> endpoint<1,8> (global=2330)
  D[2265] = center<5,11> endpoint<1,9> (global=2331)
  D[2266] = center<5,11> endpoint<1,10> (global=2332)
  D[2267] = center<5,11> endpoint<2,3> (global=2333)
  D[2268] = center<5,11> endpoint<2,4> (global=2334)
  D[2269] = center<5,11> endpoint<2,6> (global=2335)
  D[2270] = center<5,11> endpoint<2,7> (global=2336)
  D[2271] = center<5,11> endpoint<2,8> (global=2337)
  D[2272] = center<5,11> endpoint<2,9> (global=2338)
  D[2273] = center<5,11> endpoint<2,10> (global=2339)
  D[2274] = center<5,11> endpoint<3,4> (global=2340)
  D[2275] = center<5,11> endpoint<3,6> (global=2341)
  D[2276] = center<5,11> endpoint<3,7> (global=2342)
  D[2277] = center<5,11> endpoint<3,8> (global=2343)
  D[2278] = center<5,11> endpoint<3,9> (global=2344)
  D[2279] = center<5,11> endpoint<3,10> (global=2345)
  D[2280] = center<5,11> endpoint<4,6> (global=2346)
  D[2281] = center<5,11> endpoint<4,7> (global=2347)
  D[2282] = center<5,11> endpoint<4,8> (global=2348)
  D[2283] = center<5,11> endpoint<4,9> (global=2349)
  D[2284] = center<5,11> endpoint<4,10> (global=2350)
  D[2285] = center<5,11> endpoint<6,7> (global=2351)
  D[2286] = center<5,11> endpoint<6,8> (global=2352)
  D[2287] = center<5,11> endpoint<6,9> (global=2353)
  D[2288] = center<5,11> endpoint<6,10> (global=2354)
  D[2289] = center<5,11> endpoint<7,8> (global=2355)
  D[2290] = center<5,11> endpoint<7,9> (global=2356)
  D[2291] = center<5,11> endpoint<7,10> (global=2357)
  D[2292] = center<5,11> endpoint<8,9> (global=2358)
  D[2293] = center<5,11> endpoint<8,10> (global=2359)
  D[2294] = center<5,11> endpoint<9,10> (global=2360)
  D[2295] = center<6,7> endpoint<0,1> (global=2361)
  D[2296] = center<6,7> endpoint<0,2> (global=2362)
  D[2297] = center<6,7> endpoint<0,3> (global=2363)
  D[2298] = center<6,7> endpoint<0,4> (global=2364)
  D[2299] = center<6,7> endpoint<0,5> (global=2365)
  D[2300] = center<6,7> endpoint<0,8> (global=2366)
  D[2301] = center<6,7> endpoint<0,9> (global=2367)
  D[2302] = center<6,7> endpoint<0,10> (global=2368)
  D[2303] = center<6,7> endpoint<0,11> (global=2369)
  D[2304] = center<6,7> endpoint<1,2> (global=2370)
  D[2305] = center<6,7> endpoint<1,3> (global=2371)
  D[2306] = center<6,7> endpoint<1,4> (global=2372)
  D[2307] = center<6,7> endpoint<1,5> (global=2373)
  D[2308] = center<6,7> endpoint<1,8> (global=2374)
  D[2309] = center<6,7> endpoint<1,9> (global=2375)
  D[2310] = center<6,7> endpoint<1,10> (global=2376)
  D[2311] = center<6,7> endpoint<1,11> (global=2377)
  D[2312] = center<6,7> endpoint<2,3> (global=2378)
  D[2313] = center<6,7> endpoint<2,4> (global=2379)
  D[2314] = center<6,7> endpoint<2,5> (global=2380)
  D[2315] = center<6,7> endpoint<2,8> (global=2381)
  D[2316] = center<6,7> endpoint<2,9> (global=2382)
  D[2317] = center<6,7> endpoint<2,10> (global=2383)
  D[2318] = center<6,7> endpoint<2,11> (global=2384)
  D[2319] = center<6,7> endpoint<3,4> (global=2385)
  D[2320] = center<6,7> endpoint<3,5> (global=2386)
  D[2321] = center<6,7> endpoint<3,8> (global=2387)
  D[2322] = center<6,7> endpoint<3,9> (global=2388)
  D[2323] = center<6,7> endpoint<3,10> (global=2389)
  D[2324] = center<6,7> endpoint<3,11> (global=2390)
  D[2325] = center<6,7> endpoint<4,5> (global=2391)
  D[2326] = center<6,7> endpoint<4,8> (global=2392)
  D[2327] = center<6,7> endpoint<4,9> (global=2393)
  D[2328] = center<6,7> endpoint<4,10> (global=2394)
  D[2329] = center<6,7> endpoint<4,11> (global=2395)
  D[2330] = center<6,7> endpoint<5,8> (global=2396)
  D[2331] = center<6,7> endpoint<5,9> (global=2397)
  D[2332] = center<6,7> endpoint<5,10> (global=2398)
  D[2333] = center<6,7> endpoint<5,11> (global=2399)
  D[2334] = center<6,7> endpoint<8,9> (global=2400)
  D[2335] = center<6,7> endpoint<8,10> (global=2401)
  D[2336] = center<6,7> endpoint<8,11> (global=2402)
  D[2337] = center<6,7> endpoint<9,10> (global=2403)
  D[2338] = center<6,7> endpoint<9,11> (global=2404)
  D[2339] = center<6,7> endpoint<10,11> (global=2405)
  D[2340] = center<6,8> endpoint<0,1> (global=2406)
  D[2341] = center<6,8> endpoint<0,2> (global=2407)
  D[2342] = center<6,8> endpoint<0,3> (global=2408)
  D[2343] = center<6,8> endpoint<0,4> (global=2409)
  D[2344] = center<6,8> endpoint<0,5> (global=2410)
  D[2345] = center<6,8> endpoint<0,7> (global=2411)
  D[2346] = center<6,8> endpoint<0,9> (global=2412)
  D[2347] = center<6,8> endpoint<0,10> (global=2413)
  D[2348] = center<6,8> endpoint<0,11> (global=2414)
  D[2349] = center<6,8> endpoint<1,2> (global=2415)
  D[2350] = center<6,8> endpoint<1,3> (global=2416)
  D[2351] = center<6,8> endpoint<1,4> (global=2417)
  D[2352] = center<6,8> endpoint<1,5> (global=2418)
  D[2353] = center<6,8> endpoint<1,7> (global=2419)
  D[2354] = center<6,8> endpoint<1,9> (global=2420)
  D[2355] = center<6,8> endpoint<1,10> (global=2421)
  D[2356] = center<6,8> endpoint<1,11> (global=2422)
  D[2357] = center<6,8> endpoint<2,3> (global=2423)
  D[2358] = center<6,8> endpoint<2,4> (global=2424)
  D[2359] = center<6,8> endpoint<2,5> (global=2425)
  D[2360] = center<6,8> endpoint<2,7> (global=2426)
  D[2361] = center<6,8> endpoint<2,9> (global=2427)
  D[2362] = center<6,8> endpoint<2,10> (global=2428)
  D[2363] = center<6,8> endpoint<2,11> (global=2429)
  D[2364] = center<6,8> endpoint<3,4> (global=2430)
  D[2365] = center<6,8> endpoint<3,5> (global=2431)
  D[2366] = center<6,8> endpoint<3,7> (global=2432)
  D[2367] = center<6,8> endpoint<3,9> (global=2433)
  D[2368] = center<6,8> endpoint<3,10> (global=2434)
  D[2369] = center<6,8> endpoint<3,11> (global=2435)
  D[2370] = center<6,8> endpoint<4,5> (global=2436)
  D[2371] = center<6,8> endpoint<4,7> (global=2437)
  D[2372] = center<6,8> endpoint<4,9> (global=2438)
  D[2373] = center<6,8> endpoint<4,10> (global=2439)
  D[2374] = center<6,8> endpoint<4,11> (global=2440)
  D[2375] = center<6,8> endpoint<5,7> (global=2441)
  D[2376] = center<6,8> endpoint<5,9> (global=2442)
  D[2377] = center<6,8> endpoint<5,10> (global=2443)
  D[2378] = center<6,8> endpoint<5,11> (global=2444)
  D[2379] = center<6,8> endpoint<7,9> (global=2445)
  D[2380] = center<6,8> endpoint<7,10> (global=2446)
  D[2381] = center<6,8> endpoint<7,11> (global=2447)
  D[2382] = center<6,8> endpoint<9,10> (global=2448)
  D[2383] = center<6,8> endpoint<9,11> (global=2449)
  D[2384] = center<6,8> endpoint<10,11> (global=2450)
  D[2385] = center<6,9> endpoint<0,1> (global=2451)
  D[2386] = center<6,9> endpoint<0,2> (global=2452)
  D[2387] = center<6,9> endpoint<0,3> (global=2453)
  D[2388] = center<6,9> endpoint<0,4> (global=2454)
  D[2389] = center<6,9> endpoint<0,5> (global=2455)
  D[2390] = center<6,9> endpoint<0,7> (global=2456)
  D[2391] = center<6,9> endpoint<0,8> (global=2457)
  D[2392] = center<6,9> endpoint<0,10> (global=2458)
  D[2393] = center<6,9> endpoint<0,11> (global=2459)
  D[2394] = center<6,9> endpoint<1,2> (global=2460)
  D[2395] = center<6,9> endpoint<1,3> (global=2461)
  D[2396] = center<6,9> endpoint<1,4> (global=2462)
  D[2397] = center<6,9> endpoint<1,5> (global=2463)
  D[2398] = center<6,9> endpoint<1,7> (global=2464)
  D[2399] = center<6,9> endpoint<1,8> (global=2465)
  D[2400] = center<6,9> endpoint<1,10> (global=2466)
  D[2401] = center<6,9> endpoint<1,11> (global=2467)
  D[2402] = center<6,9> endpoint<2,3> (global=2468)
  D[2403] = center<6,9> endpoint<2,4> (global=2469)
  D[2404] = center<6,9> endpoint<2,5> (global=2470)
  D[2405] = center<6,9> endpoint<2,7> (global=2471)
  D[2406] = center<6,9> endpoint<2,8> (global=2472)
  D[2407] = center<6,9> endpoint<2,10> (global=2473)
  D[2408] = center<6,9> endpoint<2,11> (global=2474)
  D[2409] = center<6,9> endpoint<3,4> (global=2475)
  D[2410] = center<6,9> endpoint<3,5> (global=2476)
  D[2411] = center<6,9> endpoint<3,7> (global=2477)
  D[2412] = center<6,9> endpoint<3,8> (global=2478)
  D[2413] = center<6,9> endpoint<3,10> (global=2479)
  D[2414] = center<6,9> endpoint<3,11> (global=2480)
  D[2415] = center<6,9> endpoint<4,5> (global=2481)
  D[2416] = center<6,9> endpoint<4,7> (global=2482)
  D[2417] = center<6,9> endpoint<4,8> (global=2483)
  D[2418] = center<6,9> endpoint<4,10> (global=2484)
  D[2419] = center<6,9> endpoint<4,11> (global=2485)
  D[2420] = center<6,9> endpoint<5,7> (global=2486)
  D[2421] = center<6,9> endpoint<5,8> (global=2487)
  D[2422] = center<6,9> endpoint<5,10> (global=2488)
  D[2423] = center<6,9> endpoint<5,11> (global=2489)
  D[2424] = center<6,9> endpoint<7,8> (global=2490)
  D[2425] = center<6,9> endpoint<7,10> (global=2491)
  D[2426] = center<6,9> endpoint<7,11> (global=2492)
  D[2427] = center<6,9> endpoint<8,10> (global=2493)
  D[2428] = center<6,9> endpoint<8,11> (global=2494)
  D[2429] = center<6,9> endpoint<10,11> (global=2495)
  D[2430] = center<6,10> endpoint<0,1> (global=2496)
  D[2431] = center<6,10> endpoint<0,2> (global=2497)
  D[2432] = center<6,10> endpoint<0,3> (global=2498)
  D[2433] = center<6,10> endpoint<0,4> (global=2499)
  D[2434] = center<6,10> endpoint<0,5> (global=2500)
  D[2435] = center<6,10> endpoint<0,7> (global=2501)
  D[2436] = center<6,10> endpoint<0,8> (global=2502)
  D[2437] = center<6,10> endpoint<0,9> (global=2503)
  D[2438] = center<6,10> endpoint<0,11> (global=2504)
  D[2439] = center<6,10> endpoint<1,2> (global=2505)
  D[2440] = center<6,10> endpoint<1,3> (global=2506)
  D[2441] = center<6,10> endpoint<1,4> (global=2507)
  D[2442] = center<6,10> endpoint<1,5> (global=2508)
  D[2443] = center<6,10> endpoint<1,7> (global=2509)
  D[2444] = center<6,10> endpoint<1,8> (global=2510)
  D[2445] = center<6,10> endpoint<1,9> (global=2511)
  D[2446] = center<6,10> endpoint<1,11> (global=2512)
  D[2447] = center<6,10> endpoint<2,3> (global=2513)
  D[2448] = center<6,10> endpoint<2,4> (global=2514)
  D[2449] = center<6,10> endpoint<2,5> (global=2515)
  D[2450] = center<6,10> endpoint<2,7> (global=2516)
  D[2451] = center<6,10> endpoint<2,8> (global=2517)
  D[2452] = center<6,10> endpoint<2,9> (global=2518)
  D[2453] = center<6,10> endpoint<2,11> (global=2519)
  D[2454] = center<6,10> endpoint<3,4> (global=2520)
  D[2455] = center<6,10> endpoint<3,5> (global=2521)
  D[2456] = center<6,10> endpoint<3,7> (global=2522)
  D[2457] = center<6,10> endpoint<3,8> (global=2523)
  D[2458] = center<6,10> endpoint<3,9> (global=2524)
  D[2459] = center<6,10> endpoint<3,11> (global=2525)
  D[2460] = center<6,10> endpoint<4,5> (global=2526)
  D[2461] = center<6,10> endpoint<4,7> (global=2527)
  D[2462] = center<6,10> endpoint<4,8> (global=2528)
  D[2463] = center<6,10> endpoint<4,9> (global=2529)
  D[2464] = center<6,10> endpoint<4,11> (global=2530)
  D[2465] = center<6,10> endpoint<5,7> (global=2531)
  D[2466] = center<6,10> endpoint<5,8> (global=2532)
  D[2467] = center<6,10> endpoint<5,9> (global=2533)
  D[2468] = center<6,10> endpoint<5,11> (global=2534)
  D[2469] = center<6,10> endpoint<7,8> (global=2535)
  D[2470] = center<6,10> endpoint<7,9> (global=2536)
  D[2471] = center<6,10> endpoint<7,11> (global=2537)
  D[2472] = center<6,10> endpoint<8,9> (global=2538)
  D[2473] = center<6,10> endpoint<8,11> (global=2539)
  D[2474] = center<6,10> endpoint<9,11> (global=2540)
  D[2475] = center<6,11> endpoint<0,1> (global=2541)
  D[2476] = center<6,11> endpoint<0,2> (global=2542)
  D[2477] = center<6,11> endpoint<0,3> (global=2543)
  D[2478] = center<6,11> endpoint<0,4> (global=2544)
  D[2479] = center<6,11> endpoint<0,5> (global=2545)
  D[2480] = center<6,11> endpoint<0,7> (global=2546)
  D[2481] = center<6,11> endpoint<0,8> (global=2547)
  D[2482] = center<6,11> endpoint<0,9> (global=2548)
  D[2483] = center<6,11> endpoint<0,10> (global=2549)
  D[2484] = center<6,11> endpoint<1,2> (global=2550)
  D[2485] = center<6,11> endpoint<1,3> (global=2551)
  D[2486] = center<6,11> endpoint<1,4> (global=2552)
  D[2487] = center<6,11> endpoint<1,5> (global=2553)
  D[2488] = center<6,11> endpoint<1,7> (global=2554)
  D[2489] = center<6,11> endpoint<1,8> (global=2555)
  D[2490] = center<6,11> endpoint<1,9> (global=2556)
  D[2491] = center<6,11> endpoint<1,10> (global=2557)
  D[2492] = center<6,11> endpoint<2,3> (global=2558)
  D[2493] = center<6,11> endpoint<2,4> (global=2559)
  D[2494] = center<6,11> endpoint<2,5> (global=2560)
  D[2495] = center<6,11> endpoint<2,7> (global=2561)
  D[2496] = center<6,11> endpoint<2,8> (global=2562)
  D[2497] = center<6,11> endpoint<2,9> (global=2563)
  D[2498] = center<6,11> endpoint<2,10> (global=2564)
  D[2499] = center<6,11> endpoint<3,4> (global=2565)
  D[2500] = center<6,11> endpoint<3,5> (global=2566)
  D[2501] = center<6,11> endpoint<3,7> (global=2567)
  D[2502] = center<6,11> endpoint<3,8> (global=2568)
  D[2503] = center<6,11> endpoint<3,9> (global=2569)
  D[2504] = center<6,11> endpoint<3,10> (global=2570)
  D[2505] = center<6,11> endpoint<4,5> (global=2571)
  D[2506] = center<6,11> endpoint<4,7> (global=2572)
  D[2507] = center<6,11> endpoint<4,8> (global=2573)
  D[2508] = center<6,11> endpoint<4,9> (global=2574)
  D[2509] = center<6,11> endpoint<4,10> (global=2575)
  D[2510] = center<6,11> endpoint<5,7> (global=2576)
  D[2511] = center<6,11> endpoint<5,8> (global=2577)
  D[2512] = center<6,11> endpoint<5,9> (global=2578)
  D[2513] = center<6,11> endpoint<5,10> (global=2579)
  D[2514] = center<6,11> endpoint<7,8> (global=2580)
  D[2515] = center<6,11> endpoint<7,9> (global=2581)
  D[2516] = center<6,11> endpoint<7,10> (global=2582)
  D[2517] = center<6,11> endpoint<8,9> (global=2583)
  D[2518] = center<6,11> endpoint<8,10> (global=2584)
  D[2519] = center<6,11> endpoint<9,10> (global=2585)
  D[2520] = center<7,8> endpoint<0,1> (global=2586)
  D[2521] = center<7,8> endpoint<0,2> (global=2587)
  D[2522] = center<7,8> endpoint<0,3> (global=2588)
  D[2523] = center<7,8> endpoint<0,4> (global=2589)
  D[2524] = center<7,8> endpoint<0,5> (global=2590)
  D[2525] = center<7,8> endpoint<0,6> (global=2591)
  D[2526] = center<7,8> endpoint<0,9> (global=2592)
  D[2527] = center<7,8> endpoint<0,10> (global=2593)
  D[2528] = center<7,8> endpoint<0,11> (global=2594)
  D[2529] = center<7,8> endpoint<1,2> (global=2595)
  D[2530] = center<7,8> endpoint<1,3> (global=2596)
  D[2531] = center<7,8> endpoint<1,4> (global=2597)
  D[2532] = center<7,8> endpoint<1,5> (global=2598)
  D[2533] = center<7,8> endpoint<1,6> (global=2599)
  D[2534] = center<7,8> endpoint<1,9> (global=2600)
  D[2535] = center<7,8> endpoint<1,10> (global=2601)
  D[2536] = center<7,8> endpoint<1,11> (global=2602)
  D[2537] = center<7,8> endpoint<2,3> (global=2603)
  D[2538] = center<7,8> endpoint<2,4> (global=2604)
  D[2539] = center<7,8> endpoint<2,5> (global=2605)
  D[2540] = center<7,8> endpoint<2,6> (global=2606)
  D[2541] = center<7,8> endpoint<2,9> (global=2607)
  D[2542] = center<7,8> endpoint<2,10> (global=2608)
  D[2543] = center<7,8> endpoint<2,11> (global=2609)
  D[2544] = center<7,8> endpoint<3,4> (global=2610)
  D[2545] = center<7,8> endpoint<3,5> (global=2611)
  D[2546] = center<7,8> endpoint<3,6> (global=2612)
  D[2547] = center<7,8> endpoint<3,9> (global=2613)
  D[2548] = center<7,8> endpoint<3,10> (global=2614)
  D[2549] = center<7,8> endpoint<3,11> (global=2615)
  D[2550] = center<7,8> endpoint<4,5> (global=2616)
  D[2551] = center<7,8> endpoint<4,6> (global=2617)
  D[2552] = center<7,8> endpoint<4,9> (global=2618)
  D[2553] = center<7,8> endpoint<4,10> (global=2619)
  D[2554] = center<7,8> endpoint<4,11> (global=2620)
  D[2555] = center<7,8> endpoint<5,6> (global=2621)
  D[2556] = center<7,8> endpoint<5,9> (global=2622)
  D[2557] = center<7,8> endpoint<5,10> (global=2623)
  D[2558] = center<7,8> endpoint<5,11> (global=2624)
  D[2559] = center<7,8> endpoint<6,9> (global=2625)
  D[2560] = center<7,8> endpoint<6,10> (global=2626)
  D[2561] = center<7,8> endpoint<6,11> (global=2627)
  D[2562] = center<7,8> endpoint<9,10> (global=2628)
  D[2563] = center<7,8> endpoint<9,11> (global=2629)
  D[2564] = center<7,8> endpoint<10,11> (global=2630)
  D[2565] = center<7,9> endpoint<0,1> (global=2631)
  D[2566] = center<7,9> endpoint<0,2> (global=2632)
  D[2567] = center<7,9> endpoint<0,3> (global=2633)
  D[2568] = center<7,9> endpoint<0,4> (global=2634)
  D[2569] = center<7,9> endpoint<0,5> (global=2635)
  D[2570] = center<7,9> endpoint<0,6> (global=2636)
  D[2571] = center<7,9> endpoint<0,8> (global=2637)
  D[2572] = center<7,9> endpoint<0,10> (global=2638)
  D[2573] = center<7,9> endpoint<0,11> (global=2639)
  D[2574] = center<7,9> endpoint<1,2> (global=2640)
  D[2575] = center<7,9> endpoint<1,3> (global=2641)
  D[2576] = center<7,9> endpoint<1,4> (global=2642)
  D[2577] = center<7,9> endpoint<1,5> (global=2643)
  D[2578] = center<7,9> endpoint<1,6> (global=2644)
  D[2579] = center<7,9> endpoint<1,8> (global=2645)
  D[2580] = center<7,9> endpoint<1,10> (global=2646)
  D[2581] = center<7,9> endpoint<1,11> (global=2647)
  D[2582] = center<7,9> endpoint<2,3> (global=2648)
  D[2583] = center<7,9> endpoint<2,4> (global=2649)
  D[2584] = center<7,9> endpoint<2,5> (global=2650)
  D[2585] = center<7,9> endpoint<2,6> (global=2651)
  D[2586] = center<7,9> endpoint<2,8> (global=2652)
  D[2587] = center<7,9> endpoint<2,10> (global=2653)
  D[2588] = center<7,9> endpoint<2,11> (global=2654)
  D[2589] = center<7,9> endpoint<3,4> (global=2655)
  D[2590] = center<7,9> endpoint<3,5> (global=2656)
  D[2591] = center<7,9> endpoint<3,6> (global=2657)
  D[2592] = center<7,9> endpoint<3,8> (global=2658)
  D[2593] = center<7,9> endpoint<3,10> (global=2659)
  D[2594] = center<7,9> endpoint<3,11> (global=2660)
  D[2595] = center<7,9> endpoint<4,5> (global=2661)
  D[2596] = center<7,9> endpoint<4,6> (global=2662)
  D[2597] = center<7,9> endpoint<4,8> (global=2663)
  D[2598] = center<7,9> endpoint<4,10> (global=2664)
  D[2599] = center<7,9> endpoint<4,11> (global=2665)
  D[2600] = center<7,9> endpoint<5,6> (global=2666)
  D[2601] = center<7,9> endpoint<5,8> (global=2667)
  D[2602] = center<7,9> endpoint<5,10> (global=2668)
  D[2603] = center<7,9> endpoint<5,11> (global=2669)
  D[2604] = center<7,9> endpoint<6,8> (global=2670)
  D[2605] = center<7,9> endpoint<6,10> (global=2671)
  D[2606] = center<7,9> endpoint<6,11> (global=2672)
  D[2607] = center<7,9> endpoint<8,10> (global=2673)
  D[2608] = center<7,9> endpoint<8,11> (global=2674)
  D[2609] = center<7,9> endpoint<10,11> (global=2675)
  D[2610] = center<7,10> endpoint<0,1> (global=2676)
  D[2611] = center<7,10> endpoint<0,2> (global=2677)
  D[2612] = center<7,10> endpoint<0,3> (global=2678)
  D[2613] = center<7,10> endpoint<0,4> (global=2679)
  D[2614] = center<7,10> endpoint<0,5> (global=2680)
  D[2615] = center<7,10> endpoint<0,6> (global=2681)
  D[2616] = center<7,10> endpoint<0,8> (global=2682)
  D[2617] = center<7,10> endpoint<0,9> (global=2683)
  D[2618] = center<7,10> endpoint<0,11> (global=2684)
  D[2619] = center<7,10> endpoint<1,2> (global=2685)
  D[2620] = center<7,10> endpoint<1,3> (global=2686)
  D[2621] = center<7,10> endpoint<1,4> (global=2687)
  D[2622] = center<7,10> endpoint<1,5> (global=2688)
  D[2623] = center<7,10> endpoint<1,6> (global=2689)
  D[2624] = center<7,10> endpoint<1,8> (global=2690)
  D[2625] = center<7,10> endpoint<1,9> (global=2691)
  D[2626] = center<7,10> endpoint<1,11> (global=2692)
  D[2627] = center<7,10> endpoint<2,3> (global=2693)
  D[2628] = center<7,10> endpoint<2,4> (global=2694)
  D[2629] = center<7,10> endpoint<2,5> (global=2695)
  D[2630] = center<7,10> endpoint<2,6> (global=2696)
  D[2631] = center<7,10> endpoint<2,8> (global=2697)
  D[2632] = center<7,10> endpoint<2,9> (global=2698)
  D[2633] = center<7,10> endpoint<2,11> (global=2699)
  D[2634] = center<7,10> endpoint<3,4> (global=2700)
  D[2635] = center<7,10> endpoint<3,5> (global=2701)
  D[2636] = center<7,10> endpoint<3,6> (global=2702)
  D[2637] = center<7,10> endpoint<3,8> (global=2703)
  D[2638] = center<7,10> endpoint<3,9> (global=2704)
  D[2639] = center<7,10> endpoint<3,11> (global=2705)
  D[2640] = center<7,10> endpoint<4,5> (global=2706)
  D[2641] = center<7,10> endpoint<4,6> (global=2707)
  D[2642] = center<7,10> endpoint<4,8> (global=2708)
  D[2643] = center<7,10> endpoint<4,9> (global=2709)
  D[2644] = center<7,10> endpoint<4,11> (global=2710)
  D[2645] = center<7,10> endpoint<5,6> (global=2711)
  D[2646] = center<7,10> endpoint<5,8> (global=2712)
  D[2647] = center<7,10> endpoint<5,9> (global=2713)
  D[2648] = center<7,10> endpoint<5,11> (global=2714)
  D[2649] = center<7,10> endpoint<6,8> (global=2715)
  D[2650] = center<7,10> endpoint<6,9> (global=2716)
  D[2651] = center<7,10> endpoint<6,11> (global=2717)
  D[2652] = center<7,10> endpoint<8,9> (global=2718)
  D[2653] = center<7,10> endpoint<8,11> (global=2719)
  D[2654] = center<7,10> endpoint<9,11> (global=2720)
  D[2655] = center<7,11> endpoint<0,1> (global=2721)
  D[2656] = center<7,11> endpoint<0,2> (global=2722)
  D[2657] = center<7,11> endpoint<0,3> (global=2723)
  D[2658] = center<7,11> endpoint<0,4> (global=2724)
  D[2659] = center<7,11> endpoint<0,5> (global=2725)
  D[2660] = center<7,11> endpoint<0,6> (global=2726)
  D[2661] = center<7,11> endpoint<0,8> (global=2727)
  D[2662] = center<7,11> endpoint<0,9> (global=2728)
  D[2663] = center<7,11> endpoint<0,10> (global=2729)
  D[2664] = center<7,11> endpoint<1,2> (global=2730)
  D[2665] = center<7,11> endpoint<1,3> (global=2731)
  D[2666] = center<7,11> endpoint<1,4> (global=2732)
  D[2667] = center<7,11> endpoint<1,5> (global=2733)
  D[2668] = center<7,11> endpoint<1,6> (global=2734)
  D[2669] = center<7,11> endpoint<1,8> (global=2735)
  D[2670] = center<7,11> endpoint<1,9> (global=2736)
  D[2671] = center<7,11> endpoint<1,10> (global=2737)
  D[2672] = center<7,11> endpoint<2,3> (global=2738)
  D[2673] = center<7,11> endpoint<2,4> (global=2739)
  D[2674] = center<7,11> endpoint<2,5> (global=2740)
  D[2675] = center<7,11> endpoint<2,6> (global=2741)
  D[2676] = center<7,11> endpoint<2,8> (global=2742)
  D[2677] = center<7,11> endpoint<2,9> (global=2743)
  D[2678] = center<7,11> endpoint<2,10> (global=2744)
  D[2679] = center<7,11> endpoint<3,4> (global=2745)
  D[2680] = center<7,11> endpoint<3,5> (global=2746)
  D[2681] = center<7,11> endpoint<3,6> (global=2747)
  D[2682] = center<7,11> endpoint<3,8> (global=2748)
  D[2683] = center<7,11> endpoint<3,9> (global=2749)
  D[2684] = center<7,11> endpoint<3,10> (global=2750)
  D[2685] = center<7,11> endpoint<4,5> (global=2751)
  D[2686] = center<7,11> endpoint<4,6> (global=2752)
  D[2687] = center<7,11> endpoint<4,8> (global=2753)
  D[2688] = center<7,11> endpoint<4,9> (global=2754)
  D[2689] = center<7,11> endpoint<4,10> (global=2755)
  D[2690] = center<7,11> endpoint<5,6> (global=2756)
  D[2691] = center<7,11> endpoint<5,8> (global=2757)
  D[2692] = center<7,11> endpoint<5,9> (global=2758)
  D[2693] = center<7,11> endpoint<5,10> (global=2759)
  D[2694] = center<7,11> endpoint<6,8> (global=2760)
  D[2695] = center<7,11> endpoint<6,9> (global=2761)
  D[2696] = center<7,11> endpoint<6,10> (global=2762)
  D[2697] = center<7,11> endpoint<8,9> (global=2763)
  D[2698] = center<7,11> endpoint<8,10> (global=2764)
  D[2699] = center<7,11> endpoint<9,10> (global=2765)
  D[2700] = center<8,9> endpoint<0,1> (global=2766)
  D[2701] = center<8,9> endpoint<0,2> (global=2767)
  D[2702] = center<8,9> endpoint<0,3> (global=2768)
  D[2703] = center<8,9> endpoint<0,4> (global=2769)
  D[2704] = center<8,9> endpoint<0,5> (global=2770)
  D[2705] = center<8,9> endpoint<0,6> (global=2771)
  D[2706] = center<8,9> endpoint<0,7> (global=2772)
  D[2707] = center<8,9> endpoint<0,10> (global=2773)
  D[2708] = center<8,9> endpoint<0,11> (global=2774)
  D[2709] = center<8,9> endpoint<1,2> (global=2775)
  D[2710] = center<8,9> endpoint<1,3> (global=2776)
  D[2711] = center<8,9> endpoint<1,4> (global=2777)
  D[2712] = center<8,9> endpoint<1,5> (global=2778)
  D[2713] = center<8,9> endpoint<1,6> (global=2779)
  D[2714] = center<8,9> endpoint<1,7> (global=2780)
  D[2715] = center<8,9> endpoint<1,10> (global=2781)
  D[2716] = center<8,9> endpoint<1,11> (global=2782)
  D[2717] = center<8,9> endpoint<2,3> (global=2783)
  D[2718] = center<8,9> endpoint<2,4> (global=2784)
  D[2719] = center<8,9> endpoint<2,5> (global=2785)
  D[2720] = center<8,9> endpoint<2,6> (global=2786)
  D[2721] = center<8,9> endpoint<2,7> (global=2787)
  D[2722] = center<8,9> endpoint<2,10> (global=2788)
  D[2723] = center<8,9> endpoint<2,11> (global=2789)
  D[2724] = center<8,9> endpoint<3,4> (global=2790)
  D[2725] = center<8,9> endpoint<3,5> (global=2791)
  D[2726] = center<8,9> endpoint<3,6> (global=2792)
  D[2727] = center<8,9> endpoint<3,7> (global=2793)
  D[2728] = center<8,9> endpoint<3,10> (global=2794)
  D[2729] = center<8,9> endpoint<3,11> (global=2795)
  D[2730] = center<8,9> endpoint<4,5> (global=2796)
  D[2731] = center<8,9> endpoint<4,6> (global=2797)
  D[2732] = center<8,9> endpoint<4,7> (global=2798)
  D[2733] = center<8,9> endpoint<4,10> (global=2799)
  D[2734] = center<8,9> endpoint<4,11> (global=2800)
  D[2735] = center<8,9> endpoint<5,6> (global=2801)
  D[2736] = center<8,9> endpoint<5,7> (global=2802)
  D[2737] = center<8,9> endpoint<5,10> (global=2803)
  D[2738] = center<8,9> endpoint<5,11> (global=2804)
  D[2739] = center<8,9> endpoint<6,7> (global=2805)
  D[2740] = center<8,9> endpoint<6,10> (global=2806)
  D[2741] = center<8,9> endpoint<6,11> (global=2807)
  D[2742] = center<8,9> endpoint<7,10> (global=2808)
  D[2743] = center<8,9> endpoint<7,11> (global=2809)
  D[2744] = center<8,9> endpoint<10,11> (global=2810)
  D[2745] = center<8,10> endpoint<0,1> (global=2811)
  D[2746] = center<8,10> endpoint<0,2> (global=2812)
  D[2747] = center<8,10> endpoint<0,3> (global=2813)
  D[2748] = center<8,10> endpoint<0,4> (global=2814)
  D[2749] = center<8,10> endpoint<0,5> (global=2815)
  D[2750] = center<8,10> endpoint<0,6> (global=2816)
  D[2751] = center<8,10> endpoint<0,7> (global=2817)
  D[2752] = center<8,10> endpoint<0,9> (global=2818)
  D[2753] = center<8,10> endpoint<0,11> (global=2819)
  D[2754] = center<8,10> endpoint<1,2> (global=2820)
  D[2755] = center<8,10> endpoint<1,3> (global=2821)
  D[2756] = center<8,10> endpoint<1,4> (global=2822)
  D[2757] = center<8,10> endpoint<1,5> (global=2823)
  D[2758] = center<8,10> endpoint<1,6> (global=2824)
  D[2759] = center<8,10> endpoint<1,7> (global=2825)
  D[2760] = center<8,10> endpoint<1,9> (global=2826)
  D[2761] = center<8,10> endpoint<1,11> (global=2827)
  D[2762] = center<8,10> endpoint<2,3> (global=2828)
  D[2763] = center<8,10> endpoint<2,4> (global=2829)
  D[2764] = center<8,10> endpoint<2,5> (global=2830)
  D[2765] = center<8,10> endpoint<2,6> (global=2831)
  D[2766] = center<8,10> endpoint<2,7> (global=2832)
  D[2767] = center<8,10> endpoint<2,9> (global=2833)
  D[2768] = center<8,10> endpoint<2,11> (global=2834)
  D[2769] = center<8,10> endpoint<3,4> (global=2835)
  D[2770] = center<8,10> endpoint<3,5> (global=2836)
  D[2771] = center<8,10> endpoint<3,6> (global=2837)
  D[2772] = center<8,10> endpoint<3,7> (global=2838)
  D[2773] = center<8,10> endpoint<3,9> (global=2839)
  D[2774] = center<8,10> endpoint<3,11> (global=2840)
  D[2775] = center<8,10> endpoint<4,5> (global=2841)
  D[2776] = center<8,10> endpoint<4,6> (global=2842)
  D[2777] = center<8,10> endpoint<4,7> (global=2843)
  D[2778] = center<8,10> endpoint<4,9> (global=2844)
  D[2779] = center<8,10> endpoint<4,11> (global=2845)
  D[2780] = center<8,10> endpoint<5,6> (global=2846)
  D[2781] = center<8,10> endpoint<5,7> (global=2847)
  D[2782] = center<8,10> endpoint<5,9> (global=2848)
  D[2783] = center<8,10> endpoint<5,11> (global=2849)
  D[2784] = center<8,10> endpoint<6,7> (global=2850)
  D[2785] = center<8,10> endpoint<6,9> (global=2851)
  D[2786] = center<8,10> endpoint<6,11> (global=2852)
  D[2787] = center<8,10> endpoint<7,9> (global=2853)
  D[2788] = center<8,10> endpoint<7,11> (global=2854)
  D[2789] = center<8,10> endpoint<9,11> (global=2855)
  D[2790] = center<8,11> endpoint<0,1> (global=2856)
  D[2791] = center<8,11> endpoint<0,2> (global=2857)
  D[2792] = center<8,11> endpoint<0,3> (global=2858)
  D[2793] = center<8,11> endpoint<0,4> (global=2859)
  D[2794] = center<8,11> endpoint<0,5> (global=2860)
  D[2795] = center<8,11> endpoint<0,6> (global=2861)
  D[2796] = center<8,11> endpoint<0,7> (global=2862)
  D[2797] = center<8,11> endpoint<0,9> (global=2863)
  D[2798] = center<8,11> endpoint<0,10> (global=2864)
  D[2799] = center<8,11> endpoint<1,2> (global=2865)
  D[2800] = center<8,11> endpoint<1,3> (global=2866)
  D[2801] = center<8,11> endpoint<1,4> (global=2867)
  D[2802] = center<8,11> endpoint<1,5> (global=2868)
  D[2803] = center<8,11> endpoint<1,6> (global=2869)
  D[2804] = center<8,11> endpoint<1,7> (global=2870)
  D[2805] = center<8,11> endpoint<1,9> (global=2871)
  D[2806] = center<8,11> endpoint<1,10> (global=2872)
  D[2807] = center<8,11> endpoint<2,3> (global=2873)
  D[2808] = center<8,11> endpoint<2,4> (global=2874)
  D[2809] = center<8,11> endpoint<2,5> (global=2875)
  D[2810] = center<8,11> endpoint<2,6> (global=2876)
  D[2811] = center<8,11> endpoint<2,7> (global=2877)
  D[2812] = center<8,11> endpoint<2,9> (global=2878)
  D[2813] = center<8,11> endpoint<2,10> (global=2879)
  D[2814] = center<8,11> endpoint<3,4> (global=2880)
  D[2815] = center<8,11> endpoint<3,5> (global=2881)
  D[2816] = center<8,11> endpoint<3,6> (global=2882)
  D[2817] = center<8,11> endpoint<3,7> (global=2883)
  D[2818] = center<8,11> endpoint<3,9> (global=2884)
  D[2819] = center<8,11> endpoint<3,10> (global=2885)
  D[2820] = center<8,11> endpoint<4,5> (global=2886)
  D[2821] = center<8,11> endpoint<4,6> (global=2887)
  D[2822] = center<8,11> endpoint<4,7> (global=2888)
  D[2823] = center<8,11> endpoint<4,9> (global=2889)
  D[2824] = center<8,11> endpoint<4,10> (global=2890)
  D[2825] = center<8,11> endpoint<5,6> (global=2891)
  D[2826] = center<8,11> endpoint<5,7> (global=2892)
  D[2827] = center<8,11> endpoint<5,9> (global=2893)
  D[2828] = center<8,11> endpoint<5,10> (global=2894)
  D[2829] = center<8,11> endpoint<6,7> (global=2895)
  D[2830] = center<8,11> endpoint<6,9> (global=2896)
  D[2831] = center<8,11> endpoint<6,10> (global=2897)
  D[2832] = center<8,11> endpoint<7,9> (global=2898)
  D[2833] = center<8,11> endpoint<7,10> (global=2899)
  D[2834] = center<8,11> endpoint<9,10> (global=2900)
  D[2835] = center<9,10> endpoint<0,1> (global=2901)
  D[2836] = center<9,10> endpoint<0,2> (global=2902)
  D[2837] = center<9,10> endpoint<0,3> (global=2903)
  D[2838] = center<9,10> endpoint<0,4> (global=2904)
  D[2839] = center<9,10> endpoint<0,5> (global=2905)
  D[2840] = center<9,10> endpoint<0,6> (global=2906)
  D[2841] = center<9,10> endpoint<0,7> (global=2907)
  D[2842] = center<9,10> endpoint<0,8> (global=2908)
  D[2843] = center<9,10> endpoint<0,11> (global=2909)
  D[2844] = center<9,10> endpoint<1,2> (global=2910)
  D[2845] = center<9,10> endpoint<1,3> (global=2911)
  D[2846] = center<9,10> endpoint<1,4> (global=2912)
  D[2847] = center<9,10> endpoint<1,5> (global=2913)
  D[2848] = center<9,10> endpoint<1,6> (global=2914)
  D[2849] = center<9,10> endpoint<1,7> (global=2915)
  D[2850] = center<9,10> endpoint<1,8> (global=2916)
  D[2851] = center<9,10> endpoint<1,11> (global=2917)
  D[2852] = center<9,10> endpoint<2,3> (global=2918)
  D[2853] = center<9,10> endpoint<2,4> (global=2919)
  D[2854] = center<9,10> endpoint<2,5> (global=2920)
  D[2855] = center<9,10> endpoint<2,6> (global=2921)
  D[2856] = center<9,10> endpoint<2,7> (global=2922)
  D[2857] = center<9,10> endpoint<2,8> (global=2923)
  D[2858] = center<9,10> endpoint<2,11> (global=2924)
  D[2859] = center<9,10> endpoint<3,4> (global=2925)
  D[2860] = center<9,10> endpoint<3,5> (global=2926)
  D[2861] = center<9,10> endpoint<3,6> (global=2927)
  D[2862] = center<9,10> endpoint<3,7> (global=2928)
  D[2863] = center<9,10> endpoint<3,8> (global=2929)
  D[2864] = center<9,10> endpoint<3,11> (global=2930)
  D[2865] = center<9,10> endpoint<4,5> (global=2931)
  D[2866] = center<9,10> endpoint<4,6> (global=2932)
  D[2867] = center<9,10> endpoint<4,7> (global=2933)
  D[2868] = center<9,10> endpoint<4,8> (global=2934)
  D[2869] = center<9,10> endpoint<4,11> (global=2935)
  D[2870] = center<9,10> endpoint<5,6> (global=2936)
  D[2871] = center<9,10> endpoint<5,7> (global=2937)
  D[2872] = center<9,10> endpoint<5,8> (global=2938)
  D[2873] = center<9,10> endpoint<5,11> (global=2939)
  D[2874] = center<9,10> endpoint<6,7> (global=2940)
  D[2875] = center<9,10> endpoint<6,8> (global=2941)
  D[2876] = center<9,10> endpoint<6,11> (global=2942)
  D[2877] = center<9,10> endpoint<7,8> (global=2943)
  D[2878] = center<9,10> endpoint<7,11> (global=2944)
  D[2879] = center<9,10> endpoint<8,11> (global=2945)
  D[2880] = center<9,11> endpoint<0,1> (global=2946)
  D[2881] = center<9,11> endpoint<0,2> (global=2947)
  D[2882] = center<9,11> endpoint<0,3> (global=2948)
  D[2883] = center<9,11> endpoint<0,4> (global=2949)
  D[2884] = center<9,11> endpoint<0,5> (global=2950)
  D[2885] = center<9,11> endpoint<0,6> (global=2951)
  D[2886] = center<9,11> endpoint<0,7> (global=2952)
  D[2887] = center<9,11> endpoint<0,8> (global=2953)
  D[2888] = center<9,11> endpoint<0,10> (global=2954)
  D[2889] = center<9,11> endpoint<1,2> (global=2955)
  D[2890] = center<9,11> endpoint<1,3> (global=2956)
  D[2891] = center<9,11> endpoint<1,4> (global=2957)
  D[2892] = center<9,11> endpoint<1,5> (global=2958)
  D[2893] = center<9,11> endpoint<1,6> (global=2959)
  D[2894] = center<9,11> endpoint<1,7> (global=2960)
  D[2895] = center<9,11> endpoint<1,8> (global=2961)
  D[2896] = center<9,11> endpoint<1,10> (global=2962)
  D[2897] = center<9,11> endpoint<2,3> (global=2963)
  D[2898] = center<9,11> endpoint<2,4> (global=2964)
  D[2899] = center<9,11> endpoint<2,5> (global=2965)
  D[2900] = center<9,11> endpoint<2,6> (global=2966)
  D[2901] = center<9,11> endpoint<2,7> (global=2967)
  D[2902] = center<9,11> endpoint<2,8> (global=2968)
  D[2903] = center<9,11> endpoint<2,10> (global=2969)
  D[2904] = center<9,11> endpoint<3,4> (global=2970)
  D[2905] = center<9,11> endpoint<3,5> (global=2971)
  D[2906] = center<9,11> endpoint<3,6> (global=2972)
  D[2907] = center<9,11> endpoint<3,7> (global=2973)
  D[2908] = center<9,11> endpoint<3,8> (global=2974)
  D[2909] = center<9,11> endpoint<3,10> (global=2975)
  D[2910] = center<9,11> endpoint<4,5> (global=2976)
  D[2911] = center<9,11> endpoint<4,6> (global=2977)
  D[2912] = center<9,11> endpoint<4,7> (global=2978)
  D[2913] = center<9,11> endpoint<4,8> (global=2979)
  D[2914] = center<9,11> endpoint<4,10> (global=2980)
  D[2915] = center<9,11> endpoint<5,6> (global=2981)
  D[2916] = center<9,11> endpoint<5,7> (global=2982)
  D[2917] = center<9,11> endpoint<5,8> (global=2983)
  D[2918] = center<9,11> endpoint<5,10> (global=2984)
  D[2919] = center<9,11> endpoint<6,7> (global=2985)
  D[2920] = center<9,11> endpoint<6,8> (global=2986)
  D[2921] = center<9,11> endpoint<6,10> (global=2987)
  D[2922] = center<9,11> endpoint<7,8> (global=2988)
  D[2923] = center<9,11> endpoint<7,10> (global=2989)
  D[2924] = center<9,11> endpoint<8,10> (global=2990)
  D[2925] = center<10,11> endpoint<0,1> (global=2991)
  D[2926] = center<10,11> endpoint<0,2> (global=2992)
  D[2927] = center<10,11> endpoint<0,3> (global=2993)
  D[2928] = center<10,11> endpoint<0,4> (global=2994)
  D[2929] = center<10,11> endpoint<0,5> (global=2995)
  D[2930] = center<10,11> endpoint<0,6> (global=2996)
  D[2931] = center<10,11> endpoint<0,7> (global=2997)
  D[2932] = center<10,11> endpoint<0,8> (global=2998)
  D[2933] = center<10,11> endpoint<0,9> (global=2999)
  D[2934] = center<10,11> endpoint<1,2> (global=3000)
  D[2935] = center<10,11> endpoint<1,3> (global=3001)
  D[2936] = center<10,11> endpoint<1,4> (global=3002)
  D[2937] = center<10,11> endpoint<1,5> (global=3003)
  D[2938] = center<10,11> endpoint<1,6> (global=3004)
  D[2939] = center<10,11> endpoint<1,7> (global=3005)
  D[2940] = center<10,11> endpoint<1,8> (global=3006)
  D[2941] = center<10,11> endpoint<1,9> (global=3007)
  D[2942] = center<10,11> endpoint<2,3> (global=3008)
  D[2943] = center<10,11> endpoint<2,4> (global=3009)
  D[2944] = center<10,11> endpoint<2,5> (global=3010)
  D[2945] = center<10,11> endpoint<2,6> (global=3011)
  D[2946] = center<10,11> endpoint<2,7> (global=3012)
  D[2947] = center<10,11> endpoint<2,8> (global=3013)
  D[2948] = center<10,11> endpoint<2,9> (global=3014)
  D[2949] = center<10,11> endpoint<3,4> (global=3015)
  D[2950] = center<10,11> endpoint<3,5> (global=3016)
  D[2951] = center<10,11> endpoint<3,6> (global=3017)
  D[2952] = center<10,11> endpoint<3,7> (global=3018)
  D[2953] = center<10,11> endpoint<3,8> (global=3019)
  D[2954] = center<10,11> endpoint<3,9> (global=3020)
  D[2955] = center<10,11> endpoint<4,5> (global=3021)
  D[2956] = center<10,11> endpoint<4,6> (global=3022)
  D[2957] = center<10,11> endpoint<4,7> (global=3023)
  D[2958] = center<10,11> endpoint<4,8> (global=3024)
  D[2959] = center<10,11> endpoint<4,9> (global=3025)
  D[2960] = center<10,11> endpoint<5,6> (global=3026)
  D[2961] = center<10,11> endpoint<5,7> (global=3027)
  D[2962] = center<10,11> endpoint<5,8> (global=3028)
  D[2963] = center<10,11> endpoint<5,9> (global=3029)
  D[2964] = center<10,11> endpoint<6,7> (global=3030)
  D[2965] = center<10,11> endpoint<6,8> (global=3031)
  D[2966] = center<10,11> endpoint<6,9> (global=3032)
  D[2967] = center<10,11> endpoint<7,8> (global=3033)
  D[2968] = center<10,11> endpoint<7,9> (global=3034)
  D[2969] = center<10,11> endpoint<8,9> (global=3035)

[Permutation Matrices]
Total permutations: 10

Permutation #0:
  Bonds: r_{0,2}->r_{1,2}, r_{0,3}->r_{1,3}, r_{0,4}->r_{1,4}, r_{0,5}->r_{1,5}, r_{0,6}->r_{1,6}, r_{0,7}->r_{1,7}, r_{0,8}->r_{1,8}, r_{0,9}->r_{1,9}, r_{0,10}->r_{1,10}, r_{0,11}->r_{1,11}, r_{1,2}->r_{0,2}, r_{1,3}->r_{0,3}, r_{1,4}->r_{0,4}, r_{1,5}->r_{0,5}, r_{1,6}->r_{0,6}, r_{1,7}->r_{0,7}, r_{1,8}->r_{0,8}, r_{1,9}->r_{0,9}, r_{1,10}->r_{0,10}, r_{1,11}->r_{0,11}
  Angles: theta^{0}_{1,2}->theta^{1}_{0,2}, theta^{0}_{1,3}->theta^{1}_{0,3}, theta^{0}_{1,4}->theta^{1}_{0,4}, theta^{0}_{1,5}->theta^{1}_{0,5}, theta^{0}_{1,6}->theta^{1}_{0,6}, theta^{0}_{1,7}->theta^{1}_{0,7}, theta^{0}_{1,8}->theta^{1}_{0,8}, theta^{0}_{1,9}->theta^{1}_{0,9}, theta^{0}_{1,10}->theta^{1}_{0,10}, theta^{0}_{1,11}->theta^{1}_{0,11}, theta^{0}_{2,3}->theta^{1}_{2,3}, theta^{0}_{2,4}->theta^{1}_{2,4}, theta^{0}_{2,5}->theta^{1}_{2,5}, theta^{0}_{2,6}->theta^{1}_{2,6}, theta^{0}_{2,7}->theta^{1}_{2,7}, theta^{0}_{2,8}->theta^{1}_{2,8}, theta^{0}_{2,9}->theta^{1}_{2,9}, theta^{0}_{2,10}->theta^{1}_{2,10}, theta^{0}_{2,11}->theta^{1}_{2,11}, theta^{0}_{3,4}->theta^{1}_{3,4}, theta^{0}_{3,5}->theta^{1}_{3,5}, theta^{0}_{3,6}->theta^{1}_{3,6}, theta^{0}_{3,7}->theta^{1}_{3,7}, theta^{0}_{3,8}->theta^{1}_{3,8}, theta^{0}_{3,9}->theta^{1}_{3,9}, theta^{0}_{3,10}->theta^{1}_{3,10}, theta^{0}_{3,11}->theta^{1}_{3,11}, theta^{0}_{4,5}->theta^{1}_{4,5}, theta^{0}_{4,6}->theta^{1}_{4,6}, theta^{0}_{4,7}->theta^{1}_{4,7}, theta^{0}_{4,8}->theta^{1}_{4,8}, theta^{0}_{4,9}->theta^{1}_{4,9}, theta^{0}_{4,10}->theta^{1}_{4,10}, theta^{0}_{4,11}->theta^{1}_{4,11}, theta^{0}_{5,6}->theta^{1}_{5,6}, theta^{0}_{5,7}->theta^{1}_{5,7}, theta^{0}_{5,8}->theta^{1}_{5,8}, theta^{0}_{5,9}->theta^{1}_{5,9}, theta^{0}_{5,10}->theta^{1}_{5,10}, theta^{0}_{5,11}->theta^{1}_{5,11}, theta^{0}_{6,7}->theta^{1}_{6,7}, theta^{0}_{6,8}->theta^{1}_{6,8}, theta^{0}_{6,9}->theta^{1}_{6,9}, theta^{0}_{6,10}->theta^{1}_{6,10}, theta^{0}_{6,11}->theta^{1}_{6,11}, theta^{0}_{7,8}->theta^{1}_{7,8}, theta^{0}_{7,9}->theta^{1}_{7,9}, theta^{0}_{7,10}->theta^{1}_{7,10}, theta^{0}_{7,11}->theta^{1}_{7,11}, theta^{0}_{8,9}->theta^{1}_{8,9}, theta^{0}_{8,10}->theta^{1}_{8,10}, theta^{0}_{8,11}->theta^{1}_{8,11}, theta^{0}_{9,10}->theta^{1}_{9,10}, theta^{0}_{9,11}->theta^{1}_{9,11}, theta^{0}_{10,11}->theta^{1}_{10,11}, theta^{1}_{0,2}->theta^{0}_{1,2}, theta^{1}_{0,3}->theta^{0}_{1,3}, theta^{1}_{0,4}->theta^{0}_{1,4}, theta^{1}_{0,5}->theta^{0}_{1,5}, theta^{1}_{0,6}->theta^{0}_{1,6}, theta^{1}_{0,7}->theta^{0}_{1,7}, theta^{1}_{0,8}->theta^{0}_{1,8}, theta^{1}_{0,9}->theta^{0}_{1,9}, theta^{1}_{0,10}->theta^{0}_{1,10}, theta^{1}_{0,11}->theta^{0}_{1,11}, theta^{1}_{2,3}->theta^{0}_{2,3}, theta^{1}_{2,4}->theta^{0}_{2,4}, theta^{1}_{2,5}->theta^{0}_{2,5}, theta^{1}_{2,6}->theta^{0}_{2,6}, theta^{1}_{2,7}->theta^{0}_{2,7}, theta^{1}_{2,8}->theta^{0}_{2,8}, theta^{1}_{2,9}->theta^{0}_{2,9}, theta^{1}_{2,10}->theta^{0}_{2,10}, theta^{1}_{2,11}->theta^{0}_{2,11}, theta^{1}_{3,4}->theta^{0}_{3,4}, theta^{1}_{3,5}->theta^{0}_{3,5}, theta^{1}_{3,6}->theta^{0}_{3,6}, theta^{1}_{3,7}->theta^{0}_{3,7}, theta^{1}_{3,8}->theta^{0}_{3,8}, theta^{1}_{3,9}->theta^{0}_{3,9}, theta^{1}_{3,10}->theta^{0}_{3,10}, theta^{1}_{3,11}->theta^{0}_{3,11}, theta^{1}_{4,5}->theta^{0}_{4,5}, theta^{1}_{4,6}->theta^{0}_{4,6}, theta^{1}_{4,7}->theta^{0}_{4,7}, theta^{1}_{4,8}->theta^{0}_{4,8}, theta^{1}_{4,9}->theta^{0}_{4,9}, theta^{1}_{4,10}->theta^{0}_{4,10}, theta^{1}_{4,11}->theta^{0}_{4,11}, theta^{1}_{5,6}->theta^{0}_{5,6}, theta^{1}_{5,7}->theta^{0}_{5,7}, theta^{1}_{5,8}->theta^{0}_{5,8}, theta^{1}_{5,9}->theta^{0}_{5,9}, theta^{1}_{5,10}->theta^{0}_{5,10}, theta^{1}_{5,11}->theta^{0}_{5,11}, theta^{1}_{6,7}->theta^{0}_{6,7}, theta^{1}_{6,8}->theta^{0}_{6,8}, theta^{1}_{6,9}->theta^{0}_{6,9}, theta^{1}_{6,10}->theta^{0}_{6,10}, theta^{1}_{6,11}->theta^{0}_{6,11}, theta^{1}_{7,8}->theta^{0}_{7,8}, theta^{1}_{7,9}->theta^{0}_{7,9}, theta^{1}_{7,10}->theta^{0}_{7,10}, theta^{1}_{7,11}->theta^{0}_{7,11}, theta^{1}_{8,9}->theta^{0}_{8,9}, theta^{1}_{8,10}->theta^{0}_{8,10}, theta^{1}_{8,11}->theta^{0}_{8,11}, theta^{1}_{9,10}->theta^{0}_{9,10}, theta^{1}_{9,11}->theta^{0}_{9,11}, theta^{1}_{10,11}->theta^{0}_{10,11}, theta^{2}_{0,3}->theta^{2}_{1,3}, theta^{2}_{0,4}->theta^{2}_{1,4}, theta^{2}_{0,5}->theta^{2}_{1,5}, theta^{2}_{0,6}->theta^{2}_{1,6}, theta^{2}_{0,7}->theta^{2}_{1,7}, theta^{2}_{0,8}->theta^{2}_{1,8}, theta^{2}_{0,9}->theta^{2}_{1,9}, theta^{2}_{0,10}->theta^{2}_{1,10}, theta^{2}_{0,11}->theta^{2}_{1,11}, theta^{2}_{1,3}->theta^{2}_{0,3}, theta^{2}_{1,4}->theta^{2}_{0,4}, theta^{2}_{1,5}->theta^{2}_{0,5}, theta^{2}_{1,6}->theta^{2}_{0,6}, theta^{2}_{1,7}->theta^{2}_{0,7}, theta^{2}_{1,8}->theta^{2}_{0,8}, theta^{2}_{1,9}->theta^{2}_{0,9}, theta^{2}_{1,10}->theta^{2}_{0,10}, theta^{2}_{1,11}->theta^{2}_{0,11}, theta^{3}_{0,2}->theta^{3}_{1,2}, theta^{3}_{0,4}->theta^{3}_{1,4}, theta^{3}_{0,5}->theta^{3}_{1,5}, theta^{3}_{0,6}->theta^{3}_{1,6}, theta^{3}_{0,7}->theta^{3}_{1,7}, theta^{3}_{0,8}->theta^{3}_{1,8}, theta^{3}_{0,9}->theta^{3}_{1,9}, theta^{3}_{0,10}->theta^{3}_{1,10}, theta^{3}_{0,11}->theta^{3}_{1,11}, theta^{3}_{1,2}->theta^{3}_{0,2}, theta^{3}_{1,4}->theta^{3}_{0,4}, theta^{3}_{1,5}->theta^{3}_{0,5}, theta^{3}_{1,6}->theta^{3}_{0,6}, theta^{3}_{1,7}->theta^{3}_{0,7}, theta^{3}_{1,8}->theta^{3}_{0,8}, theta^{3}_{1,9}->theta^{3}_{0,9}, theta^{3}_{1,10}->theta^{3}_{0,10}, theta^{3}_{1,11}->theta^{3}_{0,11}, theta^{4}_{0,2}->theta^{4}_{1,2}, theta^{4}_{0,3}->theta^{4}_{1,3}, theta^{4}_{0,5}->theta^{4}_{1,5}, theta^{4}_{0,6}->theta^{4}_{1,6}, theta^{4}_{0,7}->theta^{4}_{1,7}, theta^{4}_{0,8}->theta^{4}_{1,8}, theta^{4}_{0,9}->theta^{4}_{1,9}, theta^{4}_{0,10}->theta^{4}_{1,10}, theta^{4}_{0,11}->theta^{4}_{1,11}, theta^{4}_{1,2}->theta^{4}_{0,2}, theta^{4}_{1,3}->theta^{4}_{0,3}, theta^{4}_{1,5}->theta^{4}_{0,5}, theta^{4}_{1,6}->theta^{4}_{0,6}, theta^{4}_{1,7}->theta^{4}_{0,7}, theta^{4}_{1,8}->theta^{4}_{0,8}, theta^{4}_{1,9}->theta^{4}_{0,9}, theta^{4}_{1,10}->theta^{4}_{0,10}, theta^{4}_{1,11}->theta^{4}_{0,11}, theta^{5}_{0,2}->theta^{5}_{1,2}, theta^{5}_{0,3}->theta^{5}_{1,3}, theta^{5}_{0,4}->theta^{5}_{1,4}, theta^{5}_{0,6}->theta^{5}_{1,6}, theta^{5}_{0,7}->theta^{5}_{1,7}, theta^{5}_{0,8}->theta^{5}_{1,8}, theta^{5}_{0,9}->theta^{5}_{1,9}, theta^{5}_{0,10}->theta^{5}_{1,10}, theta^{5}_{0,11}->theta^{5}_{1,11}, theta^{5}_{1,2}->theta^{5}_{0,2}, theta^{5}_{1,3}->theta^{5}_{0,3}, theta^{5}_{1,4}->theta^{5}_{0,4}, theta^{5}_{1,6}->theta^{5}_{0,6}, theta^{5}_{1,7}->theta^{5}_{0,7}, theta^{5}_{1,8}->theta^{5}_{0,8}, theta^{5}_{1,9}->theta^{5}_{0,9}, theta^{5}_{1,10}->theta^{5}_{0,10}, theta^{5}_{1,11}->theta^{5}_{0,11}, theta^{6}_{0,2}->theta^{6}_{1,2}, theta^{6}_{0,3}->theta^{6}_{1,3}, theta^{6}_{0,4}->theta^{6}_{1,4}, theta^{6}_{0,5}->theta^{6}_{1,5}, theta^{6}_{0,7}->theta^{6}_{1,7}, theta^{6}_{0,8}->theta^{6}_{1,8}, theta^{6}_{0,9}->theta^{6}_{1,9}, theta^{6}_{0,10}->theta^{6}_{1,10}, theta^{6}_{0,11}->theta^{6}_{1,11}, theta^{6}_{1,2}->theta^{6}_{0,2}, theta^{6}_{1,3}->theta^{6}_{0,3}, theta^{6}_{1,4}->theta^{6}_{0,4}, theta^{6}_{1,5}->theta^{6}_{0,5}, theta^{6}_{1,7}->theta^{6}_{0,7}, theta^{6}_{1,8}->theta^{6}_{0,8}, theta^{6}_{1,9}->theta^{6}_{0,9}, theta^{6}_{1,10}->theta^{6}_{0,10}, theta^{6}_{1,11}->theta^{6}_{0,11}, theta^{7}_{0,2}->theta^{7}_{1,2}, theta^{7}_{0,3}->theta^{7}_{1,3}, theta^{7}_{0,4}->theta^{7}_{1,4}, theta^{7}_{0,5}->theta^{7}_{1,5}, theta^{7}_{0,6}->theta^{7}_{1,6}, theta^{7}_{0,8}->theta^{7}_{1,8}, theta^{7}_{0,9}->theta^{7}_{1,9}, theta^{7}_{0,10}->theta^{7}_{1,10}, theta^{7}_{0,11}->theta^{7}_{1,11}, theta^{7}_{1,2}->theta^{7}_{0,2}, theta^{7}_{1,3}->theta^{7}_{0,3}, theta^{7}_{1,4}->theta^{7}_{0,4}, theta^{7}_{1,5}->theta^{7}_{0,5}, theta^{7}_{1,6}->theta^{7}_{0,6}, theta^{7}_{1,8}->theta^{7}_{0,8}, theta^{7}_{1,9}->theta^{7}_{0,9}, theta^{7}_{1,10}->theta^{7}_{0,10}, theta^{7}_{1,11}->theta^{7}_{0,11}, theta^{8}_{0,2}->theta^{8}_{1,2}, theta^{8}_{0,3}->theta^{8}_{1,3}, theta^{8}_{0,4}->theta^{8}_{1,4}, theta^{8}_{0,5}->theta^{8}_{1,5}, theta^{8}_{0,6}->theta^{8}_{1,6}, theta^{8}_{0,7}->theta^{8}_{1,7}, theta^{8}_{0,9}->theta^{8}_{1,9}, theta^{8}_{0,10}->theta^{8}_{1,10}, theta^{8}_{0,11}->theta^{8}_{1,11}, theta^{8}_{1,2}->theta^{8}_{0,2}, theta^{8}_{1,3}->theta^{8}_{0,3}, theta^{8}_{1,4}->theta^{8}_{0,4}, theta^{8}_{1,5}->theta^{8}_{0,5}, theta^{8}_{1,6}->theta^{8}_{0,6}, theta^{8}_{1,7}->theta^{8}_{0,7}, theta^{8}_{1,9}->theta^{8}_{0,9}, theta^{8}_{1,10}->theta^{8}_{0,10}, theta^{8}_{1,11}->theta^{8}_{0,11}, theta^{9}_{0,2}->theta^{9}_{1,2}, theta^{9}_{0,3}->theta^{9}_{1,3}, theta^{9}_{0,4}->theta^{9}_{1,4}, theta^{9}_{0,5}->theta^{9}_{1,5}, theta^{9}_{0,6}->theta^{9}_{1,6}, theta^{9}_{0,7}->theta^{9}_{1,7}, theta^{9}_{0,8}->theta^{9}_{1,8}, theta^{9}_{0,10}->theta^{9}_{1,10}, theta^{9}_{0,11}->theta^{9}_{1,11}, theta^{9}_{1,2}->theta^{9}_{0,2}, theta^{9}_{1,3}->theta^{9}_{0,3}, theta^{9}_{1,4}->theta^{9}_{0,4}, theta^{9}_{1,5}->theta^{9}_{0,5}, theta^{9}_{1,6}->theta^{9}_{0,6}, theta^{9}_{1,7}->theta^{9}_{0,7}, theta^{9}_{1,8}->theta^{9}_{0,8}, theta^{9}_{1,10}->theta^{9}_{0,10}, theta^{9}_{1,11}->theta^{9}_{0,11}, theta^{10}_{0,2}->theta^{10}_{1,2}, theta^{10}_{0,3}->theta^{10}_{1,3}, theta^{10}_{0,4}->theta^{10}_{1,4}, theta^{10}_{0,5}->theta^{10}_{1,5}, theta^{10}_{0,6}->theta^{10}_{1,6}, theta^{10}_{0,7}->theta^{10}_{1,7}, theta^{10}_{0,8}->theta^{10}_{1,8}, theta^{10}_{0,9}->theta^{10}_{1,9}, theta^{10}_{0,11}->theta^{10}_{1,11}, theta^{10}_{1,2}->theta^{10}_{0,2}, theta^{10}_{1,3}->theta^{10}_{0,3}, theta^{10}_{1,4}->theta^{10}_{0,4}, theta^{10}_{1,5}->theta^{10}_{0,5}, theta^{10}_{1,6}->theta^{10}_{0,6}, theta^{10}_{1,7}->theta^{10}_{0,7}, theta^{10}_{1,8}->theta^{10}_{0,8}, theta^{10}_{1,9}->theta^{10}_{0,9}, theta^{10}_{1,11}->theta^{10}_{0,11}, theta^{11}_{0,2}->theta^{11}_{1,2}, theta^{11}_{0,3}->theta^{11}_{1,3}, theta^{11}_{0,4}->theta^{11}_{1,4}, theta^{11}_{0,5}->theta^{11}_{1,5}, theta^{11}_{0,6}->theta^{11}_{1,6}, theta^{11}_{0,7}->theta^{11}_{1,7}, theta^{11}_{0,8}->theta^{11}_{1,8}, theta^{11}_{0,9}->theta^{11}_{1,9}, theta^{11}_{0,10}->theta^{11}_{1,10}, theta^{11}_{1,2}->theta^{11}_{0,2}, theta^{11}_{1,3}->theta^{11}_{0,3}, theta^{11}_{1,4}->theta^{11}_{0,4}, theta^{11}_{1,5}->theta^{11}_{0,5}, theta^{11}_{1,6}->theta^{11}_{0,6}, theta^{11}_{1,7}->theta^{11}_{0,7}, theta^{11}_{1,8}->theta^{11}_{0,8}, theta^{11}_{1,9}->theta^{11}_{0,9}, theta^{11}_{1,10}->theta^{11}_{0,10}
  Dihedrals: d_{0,2,1,3}->d_{1,2,0,3}, d_{0,2,1,4}->d_{1,2,0,4}, d_{0,2,1,5}->d_{1,2,0,5}, d_{0,2,1,6}->d_{1,2,0,6}, d_{0,2,1,7}->d_{1,2,0,7}, d_{0,2,1,8}->d_{1,2,0,8}, d_{0,2,1,9}->d_{1,2,0,9}, d_{0,2,1,10}->d_{1,2,0,10}, d_{0,2,1,11}->d_{1,2,0,11}, d_{0,2,3,4}->d_{1,2,3,4}, d_{0,2,3,5}->d_{1,2,3,5}, d_{0,2,3,6}->d_{1,2,3,6}, d_{0,2,3,7}->d_{1,2,3,7}, d_{0,2,3,8}->d_{1,2,3,8}, d_{0,2,3,9}->d_{1,2,3,9}, d_{0,2,3,10}->d_{1,2,3,10}, d_{0,2,3,11}->d_{1,2,3,11}, d_{0,2,4,5}->d_{1,2,4,5}, d_{0,2,4,6}->d_{1,2,4,6}, d_{0,2,4,7}->d_{1,2,4,7}, d_{0,2,4,8}->d_{1,2,4,8}, d_{0,2,4,9}->d_{1,2,4,9}, d_{0,2,4,10}->d_{1,2,4,10}, d_{0,2,4,11}->d_{1,2,4,11}, d_{0,2,5,6}->d_{1,2,5,6}, d_{0,2,5,7}->d_{1,2,5,7}, d_{0,2,5,8}->d_{1,2,5,8}, d_{0,2,5,9}->d_{1,2,5,9}, d_{0,2,5,10}->d_{1,2,5,10}, d_{0,2,5,11}->d_{1,2,5,11}, d_{0,2,6,7}->d_{1,2,6,7}, d_{0,2,6,8}->d_{1,2,6,8}, d_{0,2,6,9}->d_{1,2,6,9}, d_{0,2,6,10}->d_{1,2,6,10}, d_{0,2,6,11}->d_{1,2,6,11}, d_{0,2,7,8}->d_{1,2,7,8}, d_{0,2,7,9}->d_{1,2,7,9}, d_{0,2,7,10}->d_{1,2,7,10}, d_{0,2,7,11}->d_{1,2,7,11}, d_{0,2,8,9}->d_{1,2,8,9}, d_{0,2,8,10}->d_{1,2,8,10}, d_{0,2,8,11}->d_{1,2,8,11}, d_{0,2,9,10}->d_{1,2,9,10}, d_{0,2,9,11}->d_{1,2,9,11}, d_{0,2,10,11}->d_{1,2,10,11}, d_{0,3,1,2}->d_{1,3,0,2}, d_{0,3,1,4}->d_{1,3,0,4}, d_{0,3,1,5}->d_{1,3,0,5}, d_{0,3,1,6}->d_{1,3,0,6}, d_{0,3,1,7}->d_{1,3,0,7}, d_{0,3,1,8}->d_{1,3,0,8}, d_{0,3,1,9}->d_{1,3,0,9}, d_{0,3,1,10}->d_{1,3,0,10}, d_{0,3,1,11}->d_{1,3,0,11}, d_{0,3,2,4}->d_{1,3,2,4}, d_{0,3,2,5}->d_{1,3,2,5}, d_{0,3,2,6}->d_{1,3,2,6}, d_{0,3,2,7}->d_{1,3,2,7}, d_{0,3,2,8}->d_{1,3,2,8}, d_{0,3,2,9}->d_{1,3,2,9}, d_{0,3,2,10}->d_{1,3,2,10}, d_{0,3,2,11}->d_{1,3,2,11}, d_{0,3,4,5}->d_{1,3,4,5}, d_{0,3,4,6}->d_{1,3,4,6}, d_{0,3,4,7}->d_{1,3,4,7}, d_{0,3,4,8}->d_{1,3,4,8}, d_{0,3,4,9}->d_{1,3,4,9}, d_{0,3,4,10}->d_{1,3,4,10}, d_{0,3,4,11}->d_{1,3,4,11}, d_{0,3,5,6}->d_{1,3,5,6}, d_{0,3,5,7}->d_{1,3,5,7}, d_{0,3,5,8}->d_{1,3,5,8}, d_{0,3,5,9}->d_{1,3,5,9}, d_{0,3,5,10}->d_{1,3,5,10}, d_{0,3,5,11}->d_{1,3,5,11}, d_{0,3,6,7}->d_{1,3,6,7}, d_{0,3,6,8}->d_{1,3,6,8}, d_{0,3,6,9}->d_{1,3,6,9}, d_{0,3,6,10}->d_{1,3,6,10}, d_{0,3,6,11}->d_{1,3,6,11}, d_{0,3,7,8}->d_{1,3,7,8}, d_{0,3,7,9}->d_{1,3,7,9}, d_{0,3,7,10}->d_{1,3,7,10}, d_{0,3,7,11}->d_{1,3,7,11}, d_{0,3,8,9}->d_{1,3,8,9}, d_{0,3,8,10}->d_{1,3,8,10}, d_{0,3,8,11}->d_{1,3,8,11}, d_{0,3,9,10}->d_{1,3,9,10}, d_{0,3,9,11}->d_{1,3,9,11}, d_{0,3,10,11}->d_{1,3,10,11}, d_{0,4,1,2}->d_{1,4,0,2}, d_{0,4,1,3}->d_{1,4,0,3}, d_{0,4,1,5}->d_{1,4,0,5}, d_{0,4,1,6}->d_{1,4,0,6}, d_{0,4,1,7}->d_{1,4,0,7}, d_{0,4,1,8}->d_{1,4,0,8}, d_{0,4,1,9}->d_{1,4,0,9}, d_{0,4,1,10}->d_{1,4,0,10}, d_{0,4,1,11}->d_{1,4,0,11}, d_{0,4,2,3}->d_{1,4,2,3}, d_{0,4,2,5}->d_{1,4,2,5}, d_{0,4,2,6}->d_{1,4,2,6}, d_{0,4,2,7}->d_{1,4,2,7}, d_{0,4,2,8}->d_{1,4,2,8}, d_{0,4,2,9}->d_{1,4,2,9}, d_{0,4,2,10}->d_{1,4,2,10}, d_{0,4,2,11}->d_{1,4,2,11}, d_{0,4,3,5}->d_{1,4,3,5}, d_{0,4,3,6}->d_{1,4,3,6}, d_{0,4,3,7}->d_{1,4,3,7}, d_{0,4,3,8}->d_{1,4,3,8}, d_{0,4,3,9}->d_{1,4,3,9}, d_{0,4,3,10}->d_{1,4,3,10}, d_{0,4,3,11}->d_{1,4,3,11}, d_{0,4,5,6}->d_{1,4,5,6}, d_{0,4,5,7}->d_{1,4,5,7}, d_{0,4,5,8}->d_{1,4,5,8}, d_{0,4,5,9}->d_{1,4,5,9}, d_{0,4,5,10}->d_{1,4,5,10}, d_{0,4,5,11}->d_{1,4,5,11}, d_{0,4,6,7}->d_{1,4,6,7}, d_{0,4,6,8}->d_{1,4,6,8}, d_{0,4,6,9}->d_{1,4,6,9}, d_{0,4,6,10}->d_{1,4,6,10}, d_{0,4,6,11}->d_{1,4,6,11}, d_{0,4,7,8}->d_{1,4,7,8}, d_{0,4,7,9}->d_{1,4,7,9}, d_{0,4,7,10}->d_{1,4,7,10}, d_{0,4,7,11}->d_{1,4,7,11}, d_{0,4,8,9}->d_{1,4,8,9}, d_{0,4,8,10}->d_{1,4,8,10}, d_{0,4,8,11}->d_{1,4,8,11}, d_{0,4,9,10}->d_{1,4,9,10}, d_{0,4,9,11}->d_{1,4,9,11}, d_{0,4,10,11}->d_{1,4,10,11}, d_{0,5,1,2}->d_{1,5,0,2}, d_{0,5,1,3}->d_{1,5,0,3}, d_{0,5,1,4}->d_{1,5,0,4}, d_{0,5,1,6}->d_{1,5,0,6}, d_{0,5,1,7}->d_{1,5,0,7}, d_{0,5,1,8}->d_{1,5,0,8}, d_{0,5,1,9}->d_{1,5,0,9}, d_{0,5,1,10}->d_{1,5,0,10}, d_{0,5,1,11}->d_{1,5,0,11}, d_{0,5,2,3}->d_{1,5,2,3}, d_{0,5,2,4}->d_{1,5,2,4}, d_{0,5,2,6}->d_{1,5,2,6}, d_{0,5,2,7}->d_{1,5,2,7}, d_{0,5,2,8}->d_{1,5,2,8}, d_{0,5,2,9}->d_{1,5,2,9}, d_{0,5,2,10}->d_{1,5,2,10}, d_{0,5,2,11}->d_{1,5,2,11}, d_{0,5,3,4}->d_{1,5,3,4}, d_{0,5,3,6}->d_{1,5,3,6}, d_{0,5,3,7}->d_{1,5,3,7}, d_{0,5,3,8}->d_{1,5,3,8}, d_{0,5,3,9}->d_{1,5,3,9}, d_{0,5,3,10}->d_{1,5,3,10}, d_{0,5,3,11}->d_{1,5,3,11}, d_{0,5,4,6}->d_{1,5,4,6}, d_{0,5,4,7}->d_{1,5,4,7}, d_{0,5,4,8}->d_{1,5,4,8}, d_{0,5,4,9}->d_{1,5,4,9}, d_{0,5,4,10}->d_{1,5,4,10}, d_{0,5,4,11}->d_{1,5,4,11}, d_{0,5,6,7}->d_{1,5,6,7}, d_{0,5,6,8}->d_{1,5,6,8}, d_{0,5,6,9}->d_{1,5,6,9}, d_{0,5,6,10}->d_{1,5,6,10}, d_{0,5,6,11}->d_{1,5,6,11}, d_{0,5,7,8}->d_{1,5,7,8}, d_{0,5,7,9}->d_{1,5,7,9}, d_{0,5,7,10}->d_{1,5,7,10}, d_{0,5,7,11}->d_{1,5,7,11}, d_{0,5,8,9}->d_{1,5,8,9}, d_{0,5,8,10}->d_{1,5,8,10}, d_{0,5,8,11}->d_{1,5,8,11}, d_{0,5,9,10}->d_{1,5,9,10}, d_{0,5,9,11}->d_{1,5,9,11}, d_{0,5,10,11}->d_{1,5,10,11}, d_{0,6,1,2}->d_{1,6,0,2}, d_{0,6,1,3}->d_{1,6,0,3}, d_{0,6,1,4}->d_{1,6,0,4}, d_{0,6,1,5}->d_{1,6,0,5}, d_{0,6,1,7}->d_{1,6,0,7}, d_{0,6,1,8}->d_{1,6,0,8}, d_{0,6,1,9}->d_{1,6,0,9}, d_{0,6,1,10}->d_{1,6,0,10}, d_{0,6,1,11}->d_{1,6,0,11}, d_{0,6,2,3}->d_{1,6,2,3}, d_{0,6,2,4}->d_{1,6,2,4}, d_{0,6,2,5}->d_{1,6,2,5}, d_{0,6,2,7}->d_{1,6,2,7}, d_{0,6,2,8}->d_{1,6,2,8}, d_{0,6,2,9}->d_{1,6,2,9}, d_{0,6,2,10}->d_{1,6,2,10}, d_{0,6,2,11}->d_{1,6,2,11}, d_{0,6,3,4}->d_{1,6,3,4}, d_{0,6,3,5}->d_{1,6,3,5}, d_{0,6,3,7}->d_{1,6,3,7}, d_{0,6,3,8}->d_{1,6,3,8}, d_{0,6,3,9}->d_{1,6,3,9}, d_{0,6,3,10}->d_{1,6,3,10}, d_{0,6,3,11}->d_{1,6,3,11}, d_{0,6,4,5}->d_{1,6,4,5}, d_{0,6,4,7}->d_{1,6,4,7}, d_{0,6,4,8}->d_{1,6,4,8}, d_{0,6,4,9}->d_{1,6,4,9}, d_{0,6,4,10}->d_{1,6,4,10}, d_{0,6,4,11}->d_{1,6,4,11}, d_{0,6,5,7}->d_{1,6,5,7}, d_{0,6,5,8}->d_{1,6,5,8}, d_{0,6,5,9}->d_{1,6,5,9}, d_{0,6,5,10}->d_{1,6,5,10}, d_{0,6,5,11}->d_{1,6,5,11}, d_{0,6,7,8}->d_{1,6,7,8}, d_{0,6,7,9}->d_{1,6,7,9}, d_{0,6,7,10}->d_{1,6,7,10}, d_{0,6,7,11}->d_{1,6,7,11}, d_{0,6,8,9}->d_{1,6,8,9}, d_{0,6,8,10}->d_{1,6,8,10}, d_{0,6,8,11}->d_{1,6,8,11}, d_{0,6,9,10}->d_{1,6,9,10}, d_{0,6,9,11}->d_{1,6,9,11}, d_{0,6,10,11}->d_{1,6,10,11}, d_{0,7,1,2}->d_{1,7,0,2}, d_{0,7,1,3}->d_{1,7,0,3}, d_{0,7,1,4}->d_{1,7,0,4}, d_{0,7,1,5}->d_{1,7,0,5}, d_{0,7,1,6}->d_{1,7,0,6}, d_{0,7,1,8}->d_{1,7,0,8}, d_{0,7,1,9}->d_{1,7,0,9}, d_{0,7,1,10}->d_{1,7,0,10}, d_{0,7,1,11}->d_{1,7,0,11}, d_{0,7,2,3}->d_{1,7,2,3}, d_{0,7,2,4}->d_{1,7,2,4}, d_{0,7,2,5}->d_{1,7,2,5}, d_{0,7,2,6}->d_{1,7,2,6}, d_{0,7,2,8}->d_{1,7,2,8}, d_{0,7,2,9}->d_{1,7,2,9}, d_{0,7,2,10}->d_{1,7,2,10}, d_{0,7,2,11}->d_{1,7,2,11}, d_{0,7,3,4}->d_{1,7,3,4}, d_{0,7,3,5}->d_{1,7,3,5}, d_{0,7,3,6}->d_{1,7,3,6}, d_{0,7,3,8}->d_{1,7,3,8}, d_{0,7,3,9}->d_{1,7,3,9}, d_{0,7,3,10}->d_{1,7,3,10}, d_{0,7,3,11}->d_{1,7,3,11}, d_{0,7,4,5}->d_{1,7,4,5}, d_{0,7,4,6}->d_{1,7,4,6}, d_{0,7,4,8}->d_{1,7,4,8}, d_{0,7,4,9}->d_{1,7,4,9}, d_{0,7,4,10}->d_{1,7,4,10}, d_{0,7,4,11}->d_{1,7,4,11}, d_{0,7,5,6}->d_{1,7,5,6}, d_{0,7,5,8}->d_{1,7,5,8}, d_{0,7,5,9}->d_{1,7,5,9}, d_{0,7,5,10}->d_{1,7,5,10}, d_{0,7,5,11}->d_{1,7,5,11}, d_{0,7,6,8}->d_{1,7,6,8}, d_{0,7,6,9}->d_{1,7,6,9}, d_{0,7,6,10}->d_{1,7,6,10}, d_{0,7,6,11}->d_{1,7,6,11}, d_{0,7,8,9}->d_{1,7,8,9}, d_{0,7,8,10}->d_{1,7,8,10}, d_{0,7,8,11}->d_{1,7,8,11}, d_{0,7,9,10}->d_{1,7,9,10}, d_{0,7,9,11}->d_{1,7,9,11}, d_{0,7,10,11}->d_{1,7,10,11}, d_{0,8,1,2}->d_{1,8,0,2}, d_{0,8,1,3}->d_{1,8,0,3}, d_{0,8,1,4}->d_{1,8,0,4}, d_{0,8,1,5}->d_{1,8,0,5}, d_{0,8,1,6}->d_{1,8,0,6}, d_{0,8,1,7}->d_{1,8,0,7}, d_{0,8,1,9}->d_{1,8,0,9}, d_{0,8,1,10}->d_{1,8,0,10}, d_{0,8,1,11}->d_{1,8,0,11}, d_{0,8,2,3}->d_{1,8,2,3}, d_{0,8,2,4}->d_{1,8,2,4}, d_{0,8,2,5}->d_{1,8,2,5}, d_{0,8,2,6}->d_{1,8,2,6}, d_{0,8,2,7}->d_{1,8,2,7}, d_{0,8,2,9}->d_{1,8,2,9}, d_{0,8,2,10}->d_{1,8,2,10}, d_{0,8,2,11}->d_{1,8,2,11}, d_{0,8,3,4}->d_{1,8,3,4}, d_{0,8,3,5}->d_{1,8,3,5}, d_{0,8,3,6}->d_{1,8,3,6}, d_{0,8,3,7}->d_{1,8,3,7}, d_{0,8,3,9}->d_{1,8,3,9}, d_{0,8,3,10}->d_{1,8,3,10}, d_{0,8,3,11}->d_{1,8,3,11}, d_{0,8,4,5}->d_{1,8,4,5}, d_{0,8,4,6}->d_{1,8,4,6}, d_{0,8,4,7}->d_{1,8,4,7}, d_{0,8,4,9}->d_{1,8,4,9}, d_{0,8,4,10}->d_{1,8,4,10}, d_{0,8,4,11}->d_{1,8,4,11}, d_{0,8,5,6}->d_{1,8,5,6}, d_{0,8,5,7}->d_{1,8,5,7}, d_{0,8,5,9}->d_{1,8,5,9}, d_{0,8,5,10}->d_{1,8,5,10}, d_{0,8,5,11}->d_{1,8,5,11}, d_{0,8,6,7}->d_{1,8,6,7}, d_{0,8,6,9}->d_{1,8,6,9}, d_{0,8,6,10}->d_{1,8,6,10}, d_{0,8,6,11}->d_{1,8,6,11}, d_{0,8,7,9}->d_{1,8,7,9}, d_{0,8,7,10}->d_{1,8,7,10}, d_{0,8,7,11}->d_{1,8,7,11}, d_{0,8,9,10}->d_{1,8,9,10}, d_{0,8,9,11}->d_{1,8,9,11}, d_{0,8,10,11}->d_{1,8,10,11}, d_{0,9,1,2}->d_{1,9,0,2}, d_{0,9,1,3}->d_{1,9,0,3}, d_{0,9,1,4}->d_{1,9,0,4}, d_{0,9,1,5}->d_{1,9,0,5}, d_{0,9,1,6}->d_{1,9,0,6}, d_{0,9,1,7}->d_{1,9,0,7}, d_{0,9,1,8}->d_{1,9,0,8}, d_{0,9,1,10}->d_{1,9,0,10}, d_{0,9,1,11}->d_{1,9,0,11}, d_{0,9,2,3}->d_{1,9,2,3}, d_{0,9,2,4}->d_{1,9,2,4}, d_{0,9,2,5}->d_{1,9,2,5}, d_{0,9,2,6}->d_{1,9,2,6}, d_{0,9,2,7}->d_{1,9,2,7}, d_{0,9,2,8}->d_{1,9,2,8}, d_{0,9,2,10}->d_{1,9,2,10}, d_{0,9,2,11}->d_{1,9,2,11}, d_{0,9,3,4}->d_{1,9,3,4}, d_{0,9,3,5}->d_{1,9,3,5}, d_{0,9,3,6}->d_{1,9,3,6}, d_{0,9,3,7}->d_{1,9,3,7}, d_{0,9,3,8}->d_{1,9,3,8}, d_{0,9,3,10}->d_{1,9,3,10}, d_{0,9,3,11}->d_{1,9,3,11}, d_{0,9,4,5}->d_{1,9,4,5}, d_{0,9,4,6}->d_{1,9,4,6}, d_{0,9,4,7}->d_{1,9,4,7}, d_{0,9,4,8}->d_{1,9,4,8}, d_{0,9,4,10}->d_{1,9,4,10}, d_{0,9,4,11}->d_{1,9,4,11}, d_{0,9,5,6}->d_{1,9,5,6}, d_{0,9,5,7}->d_{1,9,5,7}, d_{0,9,5,8}->d_{1,9,5,8}, d_{0,9,5,10}->d_{1,9,5,10}, d_{0,9,5,11}->d_{1,9,5,11}, d_{0,9,6,7}->d_{1,9,6,7}, d_{0,9,6,8}->d_{1,9,6,8}, d_{0,9,6,10}->d_{1,9,6,10}, d_{0,9,6,11}->d_{1,9,6,11}, d_{0,9,7,8}->d_{1,9,7,8}, d_{0,9,7,10}->d_{1,9,7,10}, d_{0,9,7,11}->d_{1,9,7,11}, d_{0,9,8,10}->d_{1,9,8,10}, d_{0,9,8,11}->d_{1,9,8,11}, d_{0,9,10,11}->d_{1,9,10,11}, d_{0,10,1,2}->d_{1,10,0,2}, d_{0,10,1,3}->d_{1,10,0,3}, d_{0,10,1,4}->d_{1,10,0,4}, d_{0,10,1,5}->d_{1,10,0,5}, d_{0,10,1,6}->d_{1,10,0,6}, d_{0,10,1,7}->d_{1,10,0,7}, d_{0,10,1,8}->d_{1,10,0,8}, d_{0,10,1,9}->d_{1,10,0,9}, d_{0,10,1,11}->d_{1,10,0,11}, d_{0,10,2,3}->d_{1,10,2,3}, d_{0,10,2,4}->d_{1,10,2,4}, d_{0,10,2,5}->d_{1,10,2,5}, d_{0,10,2,6}->d_{1,10,2,6}, d_{0,10,2,7}->d_{1,10,2,7}, d_{0,10,2,8}->d_{1,10,2,8}, d_{0,10,2,9}->d_{1,10,2,9}, d_{0,10,2,11}->d_{1,10,2,11}, d_{0,10,3,4}->d_{1,10,3,4}, d_{0,10,3,5}->d_{1,10,3,5}, d_{0,10,3,6}->d_{1,10,3,6}, d_{0,10,3,7}->d_{1,10,3,7}, d_{0,10,3,8}->d_{1,10,3,8}, d_{0,10,3,9}->d_{1,10,3,9}, d_{0,10,3,11}->d_{1,10,3,11}, d_{0,10,4,5}->d_{1,10,4,5}, d_{0,10,4,6}->d_{1,10,4,6}, d_{0,10,4,7}->d_{1,10,4,7}, d_{0,10,4,8}->d_{1,10,4,8}, d_{0,10,4,9}->d_{1,10,4,9}, d_{0,10,4,11}->d_{1,10,4,11}, d_{0,10,5,6}->d_{1,10,5,6}, d_{0,10,5,7}->d_{1,10,5,7}, d_{0,10,5,8}->d_{1,10,5,8}, d_{0,10,5,9}->d_{1,10,5,9}, d_{0,10,5,11}->d_{1,10,5,11}, d_{0,10,6,7}->d_{1,10,6,7}, d_{0,10,6,8}->d_{1,10,6,8}, d_{0,10,6,9}->d_{1,10,6,9}, d_{0,10,6,11}->d_{1,10,6,11}, d_{0,10,7,8}->d_{1,10,7,8}, d_{0,10,7,9}->d_{1,10,7,9}, d_{0,10,7,11}->d_{1,10,7,11}, d_{0,10,8,9}->d_{1,10,8,9}, d_{0,10,8,11}->d_{1,10,8,11}, d_{0,10,9,11}->d_{1,10,9,11}, d_{0,11,1,2}->d_{1,11,0,2}, d_{0,11,1,3}->d_{1,11,0,3}, d_{0,11,1,4}->d_{1,11,0,4}, d_{0,11,1,5}->d_{1,11,0,5}, d_{0,11,1,6}->d_{1,11,0,6}, d_{0,11,1,7}->d_{1,11,0,7}, d_{0,11,1,8}->d_{1,11,0,8}, d_{0,11,1,9}->d_{1,11,0,9}, d_{0,11,1,10}->d_{1,11,0,10}, d_{0,11,2,3}->d_{1,11,2,3}, d_{0,11,2,4}->d_{1,11,2,4}, d_{0,11,2,5}->d_{1,11,2,5}, d_{0,11,2,6}->d_{1,11,2,6}, d_{0,11,2,7}->d_{1,11,2,7}, d_{0,11,2,8}->d_{1,11,2,8}, d_{0,11,2,9}->d_{1,11,2,9}, d_{0,11,2,10}->d_{1,11,2,10}, d_{0,11,3,4}->d_{1,11,3,4}, d_{0,11,3,5}->d_{1,11,3,5}, d_{0,11,3,6}->d_{1,11,3,6}, d_{0,11,3,7}->d_{1,11,3,7}, d_{0,11,3,8}->d_{1,11,3,8}, d_{0,11,3,9}->d_{1,11,3,9}, d_{0,11,3,10}->d_{1,11,3,10}, d_{0,11,4,5}->d_{1,11,4,5}, d_{0,11,4,6}->d_{1,11,4,6}, d_{0,11,4,7}->d_{1,11,4,7}, d_{0,11,4,8}->d_{1,11,4,8}, d_{0,11,4,9}->d_{1,11,4,9}, d_{0,11,4,10}->d_{1,11,4,10}, d_{0,11,5,6}->d_{1,11,5,6}, d_{0,11,5,7}->d_{1,11,5,7}, d_{0,11,5,8}->d_{1,11,5,8}, d_{0,11,5,9}->d_{1,11,5,9}, d_{0,11,5,10}->d_{1,11,5,10}, d_{0,11,6,7}->d_{1,11,6,7}, d_{0,11,6,8}->d_{1,11,6,8}, d_{0,11,6,9}->d_{1,11,6,9}, d_{0,11,6,10}->d_{1,11,6,10}, d_{0,11,7,8}->d_{1,11,7,8}, d_{0,11,7,9}->d_{1,11,7,9}, d_{0,11,7,10}->d_{1,11,7,10}, d_{0,11,8,9}->d_{1,11,8,9}, d_{0,11,8,10}->d_{1,11,8,10}, d_{0,11,9,10}->d_{1,11,9,10}, d_{1,2,0,3}->d_{0,2,1,3}, d_{1,2,0,4}->d_{0,2,1,4}, d_{1,2,0,5}->d_{0,2,1,5}, d_{1,2,0,6}->d_{0,2,1,6}, d_{1,2,0,7}->d_{0,2,1,7}, d_{1,2,0,8}->d_{0,2,1,8}, d_{1,2,0,9}->d_{0,2,1,9}, d_{1,2,0,10}->d_{0,2,1,10}, d_{1,2,0,11}->d_{0,2,1,11}, d_{1,2,3,4}->d_{0,2,3,4}, d_{1,2,3,5}->d_{0,2,3,5}, d_{1,2,3,6}->d_{0,2,3,6}, d_{1,2,3,7}->d_{0,2,3,7}, d_{1,2,3,8}->d_{0,2,3,8}, d_{1,2,3,9}->d_{0,2,3,9}, d_{1,2,3,10}->d_{0,2,3,10}, d_{1,2,3,11}->d_{0,2,3,11}, d_{1,2,4,5}->d_{0,2,4,5}, d_{1,2,4,6}->d_{0,2,4,6}, d_{1,2,4,7}->d_{0,2,4,7}, d_{1,2,4,8}->d_{0,2,4,8}, d_{1,2,4,9}->d_{0,2,4,9}, d_{1,2,4,10}->d_{0,2,4,10}, d_{1,2,4,11}->d_{0,2,4,11}, d_{1,2,5,6}->d_{0,2,5,6}, d_{1,2,5,7}->d_{0,2,5,7}, d_{1,2,5,8}->d_{0,2,5,8}, d_{1,2,5,9}->d_{0,2,5,9}, d_{1,2,5,10}->d_{0,2,5,10}, d_{1,2,5,11}->d_{0,2,5,11}, d_{1,2,6,7}->d_{0,2,6,7}, d_{1,2,6,8}->d_{0,2,6,8}, d_{1,2,6,9}->d_{0,2,6,9}, d_{1,2,6,10}->d_{0,2,6,10}, d_{1,2,6,11}->d_{0,2,6,11}, d_{1,2,7,8}->d_{0,2,7,8}, d_{1,2,7,9}->d_{0,2,7,9}, d_{1,2,7,10}->d_{0,2,7,10}, d_{1,2,7,11}->d_{0,2,7,11}, d_{1,2,8,9}->d_{0,2,8,9}, d_{1,2,8,10}->d_{0,2,8,10}, d_{1,2,8,11}->d_{0,2,8,11}, d_{1,2,9,10}->d_{0,2,9,10}, d_{1,2,9,11}->d_{0,2,9,11}, d_{1,2,10,11}->d_{0,2,10,11}, d_{1,3,0,2}->d_{0,3,1,2}, d_{1,3,0,4}->d_{0,3,1,4}, d_{1,3,0,5}->d_{0,3,1,5}, d_{1,3,0,6}->d_{0,3,1,6}, d_{1,3,0,7}->d_{0,3,1,7}, d_{1,3,0,8}->d_{0,3,1,8}, d_{1,3,0,9}->d_{0,3,1,9}, d_{1,3,0,10}->d_{0,3,1,10}, d_{1,3,0,11}->d_{0,3,1,11}, d_{1,3,2,4}->d_{0,3,2,4}, d_{1,3,2,5}->d_{0,3,2,5}, d_{1,3,2,6}->d_{0,3,2,6}, d_{1,3,2,7}->d_{0,3,2,7}, d_{1,3,2,8}->d_{0,3,2,8}, d_{1,3,2,9}->d_{0,3,2,9}, d_{1,3,2,10}->d_{0,3,2,10}, d_{1,3,2,11}->d_{0,3,2,11}, d_{1,3,4,5}->d_{0,3,4,5}, d_{1,3,4,6}->d_{0,3,4,6}, d_{1,3,4,7}->d_{0,3,4,7}, d_{1,3,4,8}->d_{0,3,4,8}, d_{1,3,4,9}->d_{0,3,4,9}, d_{1,3,4,10}->d_{0,3,4,10}, d_{1,3,4,11}->d_{0,3,4,11}, d_{1,3,5,6}->d_{0,3,5,6}, d_{1,3,5,7}->d_{0,3,5,7}, d_{1,3,5,8}->d_{0,3,5,8}, d_{1,3,5,9}->d_{0,3,5,9}, d_{1,3,5,10}->d_{0,3,5,10}, d_{1,3,5,11}->d_{0,3,5,11}, d_{1,3,6,7}->d_{0,3,6,7}, d_{1,3,6,8}->d_{0,3,6,8}, d_{1,3,6,9}->d_{0,3,6,9}, d_{1,3,6,10}->d_{0,3,6,10}, d_{1,3,6,11}->d_{0,3,6,11}, d_{1,3,7,8}->d_{0,3,7,8}, d_{1,3,7,9}->d_{0,3,7,9}, d_{1,3,7,10}->d_{0,3,7,10}, d_{1,3,7,11}->d_{0,3,7,11}, d_{1,3,8,9}->d_{0,3,8,9}, d_{1,3,8,10}->d_{0,3,8,10}, d_{1,3,8,11}->d_{0,3,8,11}, d_{1,3,9,10}->d_{0,3,9,10}, d_{1,3,9,11}->d_{0,3,9,11}, d_{1,3,10,11}->d_{0,3,10,11}, d_{1,4,0,2}->d_{0,4,1,2}, d_{1,4,0,3}->d_{0,4,1,3}, d_{1,4,0,5}->d_{0,4,1,5}, d_{1,4,0,6}->d_{0,4,1,6}, d_{1,4,0,7}->d_{0,4,1,7}, d_{1,4,0,8}->d_{0,4,1,8}, d_{1,4,0,9}->d_{0,4,1,9}, d_{1,4,0,10}->d_{0,4,1,10}, d_{1,4,0,11}->d_{0,4,1,11}, d_{1,4,2,3}->d_{0,4,2,3}, d_{1,4,2,5}->d_{0,4,2,5}, d_{1,4,2,6}->d_{0,4,2,6}, d_{1,4,2,7}->d_{0,4,2,7}, d_{1,4,2,8}->d_{0,4,2,8}, d_{1,4,2,9}->d_{0,4,2,9}, d_{1,4,2,10}->d_{0,4,2,10}, d_{1,4,2,11}->d_{0,4,2,11}, d_{1,4,3,5}->d_{0,4,3,5}, d_{1,4,3,6}->d_{0,4,3,6}, d_{1,4,3,7}->d_{0,4,3,7}, d_{1,4,3,8}->d_{0,4,3,8}, d_{1,4,3,9}->d_{0,4,3,9}, d_{1,4,3,10}->d_{0,4,3,10}, d_{1,4,3,11}->d_{0,4,3,11}, d_{1,4,5,6}->d_{0,4,5,6}, d_{1,4,5,7}->d_{0,4,5,7}, d_{1,4,5,8}->d_{0,4,5,8}, d_{1,4,5,9}->d_{0,4,5,9}, d_{1,4,5,10}->d_{0,4,5,10}, d_{1,4,5,11}->d_{0,4,5,11}, d_{1,4,6,7}->d_{0,4,6,7}, d_{1,4,6,8}->d_{0,4,6,8}, d_{1,4,6,9}->d_{0,4,6,9}, d_{1,4,6,10}->d_{0,4,6,10}, d_{1,4,6,11}->d_{0,4,6,11}, d_{1,4,7,8}->d_{0,4,7,8}, d_{1,4,7,9}->d_{0,4,7,9}, d_{1,4,7,10}->d_{0,4,7,10}, d_{1,4,7,11}->d_{0,4,7,11}, d_{1,4,8,9}->d_{0,4,8,9}, d_{1,4,8,10}->d_{0,4,8,10}, d_{1,4,8,11}->d_{0,4,8,11}, d_{1,4,9,10}->d_{0,4,9,10}, d_{1,4,9,11}->d_{0,4,9,11}, d_{1,4,10,11}->d_{0,4,10,11}, d_{1,5,0,2}->d_{0,5,1,2}, d_{1,5,0,3}->d_{0,5,1,3}, d_{1,5,0,4}->d_{0,5,1,4}, d_{1,5,0,6}->d_{0,5,1,6}, d_{1,5,0,7}->d_{0,5,1,7}, d_{1,5,0,8}->d_{0,5,1,8}, d_{1,5,0,9}->d_{0,5,1,9}, d_{1,5,0,10}->d_{0,5,1,10}, d_{1,5,0,11}->d_{0,5,1,11}, d_{1,5,2,3}->d_{0,5,2,3}, d_{1,5,2,4}->d_{0,5,2,4}, d_{1,5,2,6}->d_{0,5,2,6}, d_{1,5,2,7}->d_{0,5,2,7}, d_{1,5,2,8}->d_{0,5,2,8}, d_{1,5,2,9}->d_{0,5,2,9}, d_{1,5,2,10}->d_{0,5,2,10}, d_{1,5,2,11}->d_{0,5,2,11}, d_{1,5,3,4}->d_{0,5,3,4}, d_{1,5,3,6}->d_{0,5,3,6}, d_{1,5,3,7}->d_{0,5,3,7}, d_{1,5,3,8}->d_{0,5,3,8}, d_{1,5,3,9}->d_{0,5,3,9}, d_{1,5,3,10}->d_{0,5,3,10}, d_{1,5,3,11}->d_{0,5,3,11}, d_{1,5,4,6}->d_{0,5,4,6}, d_{1,5,4,7}->d_{0,5,4,7}, d_{1,5,4,8}->d_{0,5,4,8}, d_{1,5,4,9}->d_{0,5,4,9}, d_{1,5,4,10}->d_{0,5,4,10}, d_{1,5,4,11}->d_{0,5,4,11}, d_{1,5,6,7}->d_{0,5,6,7}, d_{1,5,6,8}->d_{0,5,6,8}, d_{1,5,6,9}->d_{0,5,6,9}, d_{1,5,6,10}->d_{0,5,6,10}, d_{1,5,6,11}->d_{0,5,6,11}, d_{1,5,7,8}->d_{0,5,7,8}, d_{1,5,7,9}->d_{0,5,7,9}, d_{1,5,7,10}->d_{0,5,7,10}, d_{1,5,7,11}->d_{0,5,7,11}, d_{1,5,8,9}->d_{0,5,8,9}, d_{1,5,8,10}->d_{0,5,8,10}, d_{1,5,8,11}->d_{0,5,8,11}, d_{1,5,9,10}->d_{0,5,9,10}, d_{1,5,9,11}->d_{0,5,9,11}, d_{1,5,10,11}->d_{0,5,10,11}, d_{1,6,0,2}->d_{0,6,1,2}, d_{1,6,0,3}->d_{0,6,1,3}, d_{1,6,0,4}->d_{0,6,1,4}, d_{1,6,0,5}->d_{0,6,1,5}, d_{1,6,0,7}->d_{0,6,1,7}, d_{1,6,0,8}->d_{0,6,1,8}, d_{1,6,0,9}->d_{0,6,1,9}, d_{1,6,0,10}->d_{0,6,1,10}, d_{1,6,0,11}->d_{0,6,1,11}, d_{1,6,2,3}->d_{0,6,2,3}, d_{1,6,2,4}->d_{0,6,2,4}, d_{1,6,2,5}->d_{0,6,2,5}, d_{1,6,2,7}->d_{0,6,2,7}, d_{1,6,2,8}->d_{0,6,2,8}, d_{1,6,2,9}->d_{0,6,2,9}, d_{1,6,2,10}->d_{0,6,2,10}, d_{1,6,2,11}->d_{0,6,2,11}, d_{1,6,3,4}->d_{0,6,3,4}, d_{1,6,3,5}->d_{0,6,3,5}, d_{1,6,3,7}->d_{0,6,3,7}, d_{1,6,3,8}->d_{0,6,3,8}, d_{1,6,3,9}->d_{0,6,3,9}, d_{1,6,3,10}->d_{0,6,3,10}, d_{1,6,3,11}->d_{0,6,3,11}, d_{1,6,4,5}->d_{0,6,4,5}, d_{1,6,4,7}->d_{0,6,4,7}, d_{1,6,4,8}->d_{0,6,4,8}, d_{1,6,4,9}->d_{0,6,4,9}, d_{1,6,4,10}->d_{0,6,4,10}, d_{1,6,4,11}->d_{0,6,4,11}, d_{1,6,5,7}->d_{0,6,5,7}, d_{1,6,5,8}->d_{0,6,5,8}, d_{1,6,5,9}->d_{0,6,5,9}, d_{1,6,5,10}->d_{0,6,5,10}, d_{1,6,5,11}->d_{0,6,5,11}, d_{1,6,7,8}->d_{0,6,7,8}, d_{1,6,7,9}->d_{0,6,7,9}, d_{1,6,7,10}->d_{0,6,7,10}, d_{1,6,7,11}->d_{0,6,7,11}, d_{1,6,8,9}->d_{0,6,8,9}, d_{1,6,8,10}->d_{0,6,8,10}, d_{1,6,8,11}->d_{0,6,8,11}, d_{1,6,9,10}->d_{0,6,9,10}, d_{1,6,9,11}->d_{0,6,9,11}, d_{1,6,10,11}->d_{0,6,10,11}, d_{1,7,0,2}->d_{0,7,1,2}, d_{1,7,0,3}->d_{0,7,1,3}, d_{1,7,0,4}->d_{0,7,1,4}, d_{1,7,0,5}->d_{0,7,1,5}, d_{1,7,0,6}->d_{0,7,1,6}, d_{1,7,0,8}->d_{0,7,1,8}, d_{1,7,0,9}->d_{0,7,1,9}, d_{1,7,0,10}->d_{0,7,1,10}, d_{1,7,0,11}->d_{0,7,1,11}, d_{1,7,2,3}->d_{0,7,2,3}, d_{1,7,2,4}->d_{0,7,2,4}, d_{1,7,2,5}->d_{0,7,2,5}, d_{1,7,2,6}->d_{0,7,2,6}, d_{1,7,2,8}->d_{0,7,2,8}, d_{1,7,2,9}->d_{0,7,2,9}, d_{1,7,2,10}->d_{0,7,2,10}, d_{1,7,2,11}->d_{0,7,2,11}, d_{1,7,3,4}->d_{0,7,3,4}, d_{1,7,3,5}->d_{0,7,3,5}, d_{1,7,3,6}->d_{0,7,3,6}, d_{1,7,3,8}->d_{0,7,3,8}, d_{1,7,3,9}->d_{0,7,3,9}, d_{1,7,3,10}->d_{0,7,3,10}, d_{1,7,3,11}->d_{0,7,3,11}, d_{1,7,4,5}->d_{0,7,4,5}, d_{1,7,4,6}->d_{0,7,4,6}, d_{1,7,4,8}->d_{0,7,4,8}, d_{1,7,4,9}->d_{0,7,4,9}, d_{1,7,4,10}->d_{0,7,4,10}, d_{1,7,4,11}->d_{0,7,4,11}, d_{1,7,5,6}->d_{0,7,5,6}, d_{1,7,5,8}->d_{0,7,5,8}, d_{1,7,5,9}->d_{0,7,5,9}, d_{1,7,5,10}->d_{0,7,5,10}, d_{1,7,5,11}->d_{0,7,5,11}, d_{1,7,6,8}->d_{0,7,6,8}, d_{1,7,6,9}->d_{0,7,6,9}, d_{1,7,6,10}->d_{0,7,6,10}, d_{1,7,6,11}->d_{0,7,6,11}, d_{1,7,8,9}->d_{0,7,8,9}, d_{1,7,8,10}->d_{0,7,8,10}, d_{1,7,8,11}->d_{0,7,8,11}, d_{1,7,9,10}->d_{0,7,9,10}, d_{1,7,9,11}->d_{0,7,9,11}, d_{1,7,10,11}->d_{0,7,10,11}, d_{1,8,0,2}->d_{0,8,1,2}, d_{1,8,0,3}->d_{0,8,1,3}, d_{1,8,0,4}->d_{0,8,1,4}, d_{1,8,0,5}->d_{0,8,1,5}, d_{1,8,0,6}->d_{0,8,1,6}, d_{1,8,0,7}->d_{0,8,1,7}, d_{1,8,0,9}->d_{0,8,1,9}, d_{1,8,0,10}->d_{0,8,1,10}, d_{1,8,0,11}->d_{0,8,1,11}, d_{1,8,2,3}->d_{0,8,2,3}, d_{1,8,2,4}->d_{0,8,2,4}, d_{1,8,2,5}->d_{0,8,2,5}, d_{1,8,2,6}->d_{0,8,2,6}, d_{1,8,2,7}->d_{0,8,2,7}, d_{1,8,2,9}->d_{0,8,2,9}, d_{1,8,2,10}->d_{0,8,2,10}, d_{1,8,2,11}->d_{0,8,2,11}, d_{1,8,3,4}->d_{0,8,3,4}, d_{1,8,3,5}->d_{0,8,3,5}, d_{1,8,3,6}->d_{0,8,3,6}, d_{1,8,3,7}->d_{0,8,3,7}, d_{1,8,3,9}->d_{0,8,3,9}, d_{1,8,3,10}->d_{0,8,3,10}, d_{1,8,3,11}->d_{0,8,3,11}, d_{1,8,4,5}->d_{0,8,4,5}, d_{1,8,4,6}->d_{0,8,4,6}, d_{1,8,4,7}->d_{0,8,4,7}, d_{1,8,4,9}->d_{0,8,4,9}, d_{1,8,4,10}->d_{0,8,4,10}, d_{1,8,4,11}->d_{0,8,4,11}, d_{1,8,5,6}->d_{0,8,5,6}, d_{1,8,5,7}->d_{0,8,5,7}, d_{1,8,5,9}->d_{0,8,5,9}, d_{1,8,5,10}->d_{0,8,5,10}, d_{1,8,5,11}->d_{0,8,5,11}, d_{1,8,6,7}->d_{0,8,6,7}, d_{1,8,6,9}->d_{0,8,6,9}, d_{1,8,6,10}->d_{0,8,6,10}, d_{1,8,6,11}->d_{0,8,6,11}, d_{1,8,7,9}->d_{0,8,7,9}, d_{1,8,7,10}->d_{0,8,7,10}, d_{1,8,7,11}->d_{0,8,7,11}, d_{1,8,9,10}->d_{0,8,9,10}, d_{1,8,9,11}->d_{0,8,9,11}, d_{1,8,10,11}->d_{0,8,10,11}, d_{1,9,0,2}->d_{0,9,1,2}, d_{1,9,0,3}->d_{0,9,1,3}, d_{1,9,0,4}->d_{0,9,1,4}, d_{1,9,0,5}->d_{0,9,1,5}, d_{1,9,0,6}->d_{0,9,1,6}, d_{1,9,0,7}->d_{0,9,1,7}, d_{1,9,0,8}->d_{0,9,1,8}, d_{1,9,0,10}->d_{0,9,1,10}, d_{1,9,0,11}->d_{0,9,1,11}, d_{1,9,2,3}->d_{0,9,2,3}, d_{1,9,2,4}->d_{0,9,2,4}, d_{1,9,2,5}->d_{0,9,2,5}, d_{1,9,2,6}->d_{0,9,2,6}, d_{1,9,2,7}->d_{0,9,2,7}, d_{1,9,2,8}->d_{0,9,2,8}, d_{1,9,2,10}->d_{0,9,2,10}, d_{1,9,2,11}->d_{0,9,2,11}, d_{1,9,3,4}->d_{0,9,3,4}, d_{1,9,3,5}->d_{0,9,3,5}, d_{1,9,3,6}->d_{0,9,3,6}, d_{1,9,3,7}->d_{0,9,3,7}, d_{1,9,3,8}->d_{0,9,3,8}, d_{1,9,3,10}->d_{0,9,3,10}, d_{1,9,3,11}->d_{0,9,3,11}, d_{1,9,4,5}->d_{0,9,4,5}, d_{1,9,4,6}->d_{0,9,4,6}, d_{1,9,4,7}->d_{0,9,4,7}, d_{1,9,4,8}->d_{0,9,4,8}, d_{1,9,4,10}->d_{0,9,4,10}, d_{1,9,4,11}->d_{0,9,4,11}, d_{1,9,5,6}->d_{0,9,5,6}, d_{1,9,5,7}->d_{0,9,5,7}, d_{1,9,5,8}->d_{0,9,5,8}, d_{1,9,5,10}->d_{0,9,5,10}, d_{1,9,5,11}->d_{0,9,5,11}, d_{1,9,6,7}->d_{0,9,6,7}, d_{1,9,6,8}->d_{0,9,6,8}, d_{1,9,6,10}->d_{0,9,6,10}, d_{1,9,6,11}->d_{0,9,6,11}, d_{1,9,7,8}->d_{0,9,7,8}, d_{1,9,7,10}->d_{0,9,7,10}, d_{1,9,7,11}->d_{0,9,7,11}, d_{1,9,8,10}->d_{0,9,8,10}, d_{1,9,8,11}->d_{0,9,8,11}, d_{1,9,10,11}->d_{0,9,10,11}, d_{1,10,0,2}->d_{0,10,1,2}, d_{1,10,0,3}->d_{0,10,1,3}, d_{1,10,0,4}->d_{0,10,1,4}, d_{1,10,0,5}->d_{0,10,1,5}, d_{1,10,0,6}->d_{0,10,1,6}, d_{1,10,0,7}->d_{0,10,1,7}, d_{1,10,0,8}->d_{0,10,1,8}, d_{1,10,0,9}->d_{0,10,1,9}, d_{1,10,0,11}->d_{0,10,1,11}, d_{1,10,2,3}->d_{0,10,2,3}, d_{1,10,2,4}->d_{0,10,2,4}, d_{1,10,2,5}->d_{0,10,2,5}, d_{1,10,2,6}->d_{0,10,2,6}, d_{1,10,2,7}->d_{0,10,2,7}, d_{1,10,2,8}->d_{0,10,2,8}, d_{1,10,2,9}->d_{0,10,2,9}, d_{1,10,2,11}->d_{0,10,2,11}, d_{1,10,3,4}->d_{0,10,3,4}, d_{1,10,3,5}->d_{0,10,3,5}, d_{1,10,3,6}->d_{0,10,3,6}, d_{1,10,3,7}->d_{0,10,3,7}, d_{1,10,3,8}->d_{0,10,3,8}, d_{1,10,3,9}->d_{0,10,3,9}, d_{1,10,3,11}->d_{0,10,3,11}, d_{1,10,4,5}->d_{0,10,4,5}, d_{1,10,4,6}->d_{0,10,4,6}, d_{1,10,4,7}->d_{0,10,4,7}, d_{1,10,4,8}->d_{0,10,4,8}, d_{1,10,4,9}->d_{0,10,4,9}, d_{1,10,4,11}->d_{0,10,4,11}, d_{1,10,5,6}->d_{0,10,5,6}, d_{1,10,5,7}->d_{0,10,5,7}, d_{1,10,5,8}->d_{0,10,5,8}, d_{1,10,5,9}->d_{0,10,5,9}, d_{1,10,5,11}->d_{0,10,5,11}, d_{1,10,6,7}->d_{0,10,6,7}, d_{1,10,6,8}->d_{0,10,6,8}, d_{1,10,6,9}->d_{0,10,6,9}, d_{1,10,6,11}->d_{0,10,6,11}, d_{1,10,7,8}->d_{0,10,7,8}, d_{1,10,7,9}->d_{0,10,7,9}, d_{1,10,7,11}->d_{0,10,7,11}, d_{1,10,8,9}->d_{0,10,8,9}, d_{1,10,8,11}->d_{0,10,8,11}, d_{1,10,9,11}->d_{0,10,9,11}, d_{1,11,0,2}->d_{0,11,1,2}, d_{1,11,0,3}->d_{0,11,1,3}, d_{1,11,0,4}->d_{0,11,1,4}, d_{1,11,0,5}->d_{0,11,1,5}, d_{1,11,0,6}->d_{0,11,1,6}, d_{1,11,0,7}->d_{0,11,1,7}, d_{1,11,0,8}->d_{0,11,1,8}, d_{1,11,0,9}->d_{0,11,1,9}, d_{1,11,0,10}->d_{0,11,1,10}, d_{1,11,2,3}->d_{0,11,2,3}, d_{1,11,2,4}->d_{0,11,2,4}, d_{1,11,2,5}->d_{0,11,2,5}, d_{1,11,2,6}->d_{0,11,2,6}, d_{1,11,2,7}->d_{0,11,2,7}, d_{1,11,2,8}->d_{0,11,2,8}, d_{1,11,2,9}->d_{0,11,2,9}, d_{1,11,2,10}->d_{0,11,2,10}, d_{1,11,3,4}->d_{0,11,3,4}, d_{1,11,3,5}->d_{0,11,3,5}, d_{1,11,3,6}->d_{0,11,3,6}, d_{1,11,3,7}->d_{0,11,3,7}, d_{1,11,3,8}->d_{0,11,3,8}, d_{1,11,3,9}->d_{0,11,3,9}, d_{1,11,3,10}->d_{0,11,3,10}, d_{1,11,4,5}->d_{0,11,4,5}, d_{1,11,4,6}->d_{0,11,4,6}, d_{1,11,4,7}->d_{0,11,4,7}, d_{1,11,4,8}->d_{0,11,4,8}, d_{1,11,4,9}->d_{0,11,4,9}, d_{1,11,4,10}->d_{0,11,4,10}, d_{1,11,5,6}->d_{0,11,5,6}, d_{1,11,5,7}->d_{0,11,5,7}, d_{1,11,5,8}->d_{0,11,5,8}, d_{1,11,5,9}->d_{0,11,5,9}, d_{1,11,5,10}->d_{0,11,5,10}, d_{1,11,6,7}->d_{0,11,6,7}, d_{1,11,6,8}->d_{0,11,6,8}, d_{1,11,6,9}->d_{0,11,6,9}, d_{1,11,6,10}->d_{0,11,6,10}, d_{1,11,7,8}->d_{0,11,7,8}, d_{1,11,7,9}->d_{0,11,7,9}, d_{1,11,7,10}->d_{0,11,7,10}, d_{1,11,8,9}->d_{0,11,8,9}, d_{1,11,8,10}->d_{0,11,8,10}, d_{1,11,9,10}->d_{0,11,9,10}, d_{2,3,0,4}->d_{2,3,1,4}, d_{2,3,0,5}->d_{2,3,1,5}, d_{2,3,0,6}->d_{2,3,1,6}, d_{2,3,0,7}->d_{2,3,1,7}, d_{2,3,0,8}->d_{2,3,1,8}, d_{2,3,0,9}->d_{2,3,1,9}, d_{2,3,0,10}->d_{2,3,1,10}, d_{2,3,0,11}->d_{2,3,1,11}, d_{2,3,1,4}->d_{2,3,0,4}, d_{2,3,1,5}->d_{2,3,0,5}, d_{2,3,1,6}->d_{2,3,0,6}, d_{2,3,1,7}->d_{2,3,0,7}, d_{2,3,1,8}->d_{2,3,0,8}, d_{2,3,1,9}->d_{2,3,0,9}, d_{2,3,1,10}->d_{2,3,0,10}, d_{2,3,1,11}->d_{2,3,0,11}, d_{2,4,0,3}->d_{2,4,1,3}, d_{2,4,0,5}->d_{2,4,1,5}, d_{2,4,0,6}->d_{2,4,1,6}, d_{2,4,0,7}->d_{2,4,1,7}, d_{2,4,0,8}->d_{2,4,1,8}, d_{2,4,0,9}->d_{2,4,1,9}, d_{2,4,0,10}->d_{2,4,1,10}, d_{2,4,0,11}->d_{2,4,1,11}, d_{2,4,1,3}->d_{2,4,0,3}, d_{2,4,1,5}->d_{2,4,0,5}, d_{2,4,1,6}->d_{2,4,0,6}, d_{2,4,1,7}->d_{2,4,0,7}, d_{2,4,1,8}->d_{2,4,0,8}, d_{2,4,1,9}->d_{2,4,0,9}, d_{2,4,1,10}->d_{2,4,0,10}, d_{2,4,1,11}->d_{2,4,0,11}, d_{2,5,0,3}->d_{2,5,1,3}, d_{2,5,0,4}->d_{2,5,1,4}, d_{2,5,0,6}->d_{2,5,1,6}, d_{2,5,0,7}->d_{2,5,1,7}, d_{2,5,0,8}->d_{2,5,1,8}, d_{2,5,0,9}->d_{2,5,1,9}, d_{2,5,0,10}->d_{2,5,1,10}, d_{2,5,0,11}->d_{2,5,1,11}, d_{2,5,1,3}->d_{2,5,0,3}, d_{2,5,1,4}->d_{2,5,0,4}, d_{2,5,1,6}->d_{2,5,0,6}, d_{2,5,1,7}->d_{2,5,0,7}, d_{2,5,1,8}->d_{2,5,0,8}, d_{2,5,1,9}->d_{2,5,0,9}, d_{2,5,1,10}->d_{2,5,0,10}, d_{2,5,1,11}->d_{2,5,0,11}, d_{2,6,0,3}->d_{2,6,1,3}, d_{2,6,0,4}->d_{2,6,1,4}, d_{2,6,0,5}->d_{2,6,1,5}, d_{2,6,0,7}->d_{2,6,1,7}, d_{2,6,0,8}->d_{2,6,1,8}, d_{2,6,0,9}->d_{2,6,1,9}, d_{2,6,0,10}->d_{2,6,1,10}, d_{2,6,0,11}->d_{2,6,1,11}, d_{2,6,1,3}->d_{2,6,0,3}, d_{2,6,1,4}->d_{2,6,0,4}, d_{2,6,1,5}->d_{2,6,0,5}, d_{2,6,1,7}->d_{2,6,0,7}, d_{2,6,1,8}->d_{2,6,0,8}, d_{2,6,1,9}->d_{2,6,0,9}, d_{2,6,1,10}->d_{2,6,0,10}, d_{2,6,1,11}->d_{2,6,0,11}, d_{2,7,0,3}->d_{2,7,1,3}, d_{2,7,0,4}->d_{2,7,1,4}, d_{2,7,0,5}->d_{2,7,1,5}, d_{2,7,0,6}->d_{2,7,1,6}, d_{2,7,0,8}->d_{2,7,1,8}, d_{2,7,0,9}->d_{2,7,1,9}, d_{2,7,0,10}->d_{2,7,1,10}, d_{2,7,0,11}->d_{2,7,1,11}, d_{2,7,1,3}->d_{2,7,0,3}, d_{2,7,1,4}->d_{2,7,0,4}, d_{2,7,1,5}->d_{2,7,0,5}, d_{2,7,1,6}->d_{2,7,0,6}, d_{2,7,1,8}->d_{2,7,0,8}, d_{2,7,1,9}->d_{2,7,0,9}, d_{2,7,1,10}->d_{2,7,0,10}, d_{2,7,1,11}->d_{2,7,0,11}, d_{2,8,0,3}->d_{2,8,1,3}, d_{2,8,0,4}->d_{2,8,1,4}, d_{2,8,0,5}->d_{2,8,1,5}, d_{2,8,0,6}->d_{2,8,1,6}, d_{2,8,0,7}->d_{2,8,1,7}, d_{2,8,0,9}->d_{2,8,1,9}, d_{2,8,0,10}->d_{2,8,1,10}, d_{2,8,0,11}->d_{2,8,1,11}, d_{2,8,1,3}->d_{2,8,0,3}, d_{2,8,1,4}->d_{2,8,0,4}, d_{2,8,1,5}->d_{2,8,0,5}, d_{2,8,1,6}->d_{2,8,0,6}, d_{2,8,1,7}->d_{2,8,0,7}, d_{2,8,1,9}->d_{2,8,0,9}, d_{2,8,1,10}->d_{2,8,0,10}, d_{2,8,1,11}->d_{2,8,0,11}, d_{2,9,0,3}->d_{2,9,1,3}, d_{2,9,0,4}->d_{2,9,1,4}, d_{2,9,0,5}->d_{2,9,1,5}, d_{2,9,0,6}->d_{2,9,1,6}, d_{2,9,0,7}->d_{2,9,1,7}, d_{2,9,0,8}->d_{2,9,1,8}, d_{2,9,0,10}->d_{2,9,1,10}, d_{2,9,0,11}->d_{2,9,1,11}, d_{2,9,1,3}->d_{2,9,0,3}, d_{2,9,1,4}->d_{2,9,0,4}, d_{2,9,1,5}->d_{2,9,0,5}, d_{2,9,1,6}->d_{2,9,0,6}, d_{2,9,1,7}->d_{2,9,0,7}, d_{2,9,1,8}->d_{2,9,0,8}, d_{2,9,1,10}->d_{2,9,0,10}, d_{2,9,1,11}->d_{2,9,0,11}, d_{2,10,0,3}->d_{2,10,1,3}, d_{2,10,0,4}->d_{2,10,1,4}, d_{2,10,0,5}->d_{2,10,1,5}, d_{2,10,0,6}->d_{2,10,1,6}, d_{2,10,0,7}->d_{2,10,1,7}, d_{2,10,0,8}->d_{2,10,1,8}, d_{2,10,0,9}->d_{2,10,1,9}, d_{2,10,0,11}->d_{2,10,1,11}, d_{2,10,1,3}->d_{2,10,0,3}, d_{2,10,1,4}->d_{2,10,0,4}, d_{2,10,1,5}->d_{2,10,0,5}, d_{2,10,1,6}->d_{2,10,0,6}, d_{2,10,1,7}->d_{2,10,0,7}, d_{2,10,1,8}->d_{2,10,0,8}, d_{2,10,1,9}->d_{2,10,0,9}, d_{2,10,1,11}->d_{2,10,0,11}, d_{2,11,0,3}->d_{2,11,1,3}, d_{2,11,0,4}->d_{2,11,1,4}, d_{2,11,0,5}->d_{2,11,1,5}, d_{2,11,0,6}->d_{2,11,1,6}, d_{2,11,0,7}->d_{2,11,1,7}, d_{2,11,0,8}->d_{2,11,1,8}, d_{2,11,0,9}->d_{2,11,1,9}, d_{2,11,0,10}->d_{2,11,1,10}, d_{2,11,1,3}->d_{2,11,0,3}, d_{2,11,1,4}->d_{2,11,0,4}, d_{2,11,1,5}->d_{2,11,0,5}, d_{2,11,1,6}->d_{2,11,0,6}, d_{2,11,1,7}->d_{2,11,0,7}, d_{2,11,1,8}->d_{2,11,0,8}, d_{2,11,1,9}->d_{2,11,0,9}, d_{2,11,1,10}->d_{2,11,0,10}, d_{3,4,0,2}->d_{3,4,1,2}, d_{3,4,0,5}->d_{3,4,1,5}, d_{3,4,0,6}->d_{3,4,1,6}, d_{3,4,0,7}->d_{3,4,1,7}, d_{3,4,0,8}->d_{3,4,1,8}, d_{3,4,0,9}->d_{3,4,1,9}, d_{3,4,0,10}->d_{3,4,1,10}, d_{3,4,0,11}->d_{3,4,1,11}, d_{3,4,1,2}->d_{3,4,0,2}, d_{3,4,1,5}->d_{3,4,0,5}, d_{3,4,1,6}->d_{3,4,0,6}, d_{3,4,1,7}->d_{3,4,0,7}, d_{3,4,1,8}->d_{3,4,0,8}, d_{3,4,1,9}->d_{3,4,0,9}, d_{3,4,1,10}->d_{3,4,0,10}, d_{3,4,1,11}->d_{3,4,0,11}, d_{3,5,0,2}->d_{3,5,1,2}, d_{3,5,0,4}->d_{3,5,1,4}, d_{3,5,0,6}->d_{3,5,1,6}, d_{3,5,0,7}->d_{3,5,1,7}, d_{3,5,0,8}->d_{3,5,1,8}, d_{3,5,0,9}->d_{3,5,1,9}, d_{3,5,0,10}->d_{3,5,1,10}, d_{3,5,0,11}->d_{3,5,1,11}, d_{3,5,1,2}->d_{3,5,0,2}, d_{3,5,1,4}->d_{3,5,0,4}, d_{3,5,1,6}->d_{3,5,0,6}, d_{3,5,1,7}->d_{3,5,0,7}, d_{3,5,1,8}->d_{3,5,0,8}, d_{3,5,1,9}->d_{3,5,0,9}, d_{3,5,1,10}->d_{3,5,0,10}, d_{3,5,1,11}->d_{3,5,0,11}, d_{3,6,0,2}->d_{3,6,1,2}, d_{3,6,0,4}->d_{3,6,1,4}, d_{3,6,0,5}->d_{3,6,1,5}, d_{3,6,0,7}->d_{3,6,1,7}, d_{3,6,0,8}->d_{3,6,1,8}, d_{3,6,0,9}->d_{3,6,1,9}, d_{3,6,0,10}->d_{3,6,1,10}, d_{3,6,0,11}->d_{3,6,1,11}, d_{3,6,1,2}->d_{3,6,0,2}, d_{3,6,1,4}->d_{3,6,0,4}, d_{3,6,1,5}->d_{3,6,0,5}, d_{3,6,1,7}->d_{3,6,0,7}, d_{3,6,1,8}->d_{3,6,0,8}, d_{3,6,1,9}->d_{3,6,0,9}, d_{3,6,1,10}->d_{3,6,0,10}, d_{3,6,1,11}->d_{3,6,0,11}, d_{3,7,0,2}->d_{3,7,1,2}, d_{3,7,0,4}->d_{3,7,1,4}, d_{3,7,0,5}->d_{3,7,1,5}, d_{3,7,0,6}->d_{3,7,1,6}, d_{3,7,0,8}->d_{3,7,1,8}, d_{3,7,0,9}->d_{3,7,1,9}, d_{3,7,0,10}->d_{3,7,1,10}, d_{3,7,0,11}->d_{3,7,1,11}, d_{3,7,1,2}->d_{3,7,0,2}, d_{3,7,1,4}->d_{3,7,0,4}, d_{3,7,1,5}->d_{3,7,0,5}, d_{3,7,1,6}->d_{3,7,0,6}, d_{3,7,1,8}->d_{3,7,0,8}, d_{3,7,1,9}->d_{3,7,0,9}, d_{3,7,1,10}->d_{3,7,0,10}, d_{3,7,1,11}->d_{3,7,0,11}, d_{3,8,0,2}->d_{3,8,1,2}, d_{3,8,0,4}->d_{3,8,1,4}, d_{3,8,0,5}->d_{3,8,1,5}, d_{3,8,0,6}->d_{3,8,1,6}, d_{3,8,0,7}->d_{3,8,1,7}, d_{3,8,0,9}->d_{3,8,1,9}, d_{3,8,0,10}->d_{3,8,1,10}, d_{3,8,0,11}->d_{3,8,1,11}, d_{3,8,1,2}->d_{3,8,0,2}, d_{3,8,1,4}->d_{3,8,0,4}, d_{3,8,1,5}->d_{3,8,0,5}, d_{3,8,1,6}->d_{3,8,0,6}, d_{3,8,1,7}->d_{3,8,0,7}, d_{3,8,1,9}->d_{3,8,0,9}, d_{3,8,1,10}->d_{3,8,0,10}, d_{3,8,1,11}->d_{3,8,0,11}, d_{3,9,0,2}->d_{3,9,1,2}, d_{3,9,0,4}->d_{3,9,1,4}, d_{3,9,0,5}->d_{3,9,1,5}, d_{3,9,0,6}->d_{3,9,1,6}, d_{3,9,0,7}->d_{3,9,1,7}, d_{3,9,0,8}->d_{3,9,1,8}, d_{3,9,0,10}->d_{3,9,1,10}, d_{3,9,0,11}->d_{3,9,1,11}, d_{3,9,1,2}->d_{3,9,0,2}, d_{3,9,1,4}->d_{3,9,0,4}, d_{3,9,1,5}->d_{3,9,0,5}, d_{3,9,1,6}->d_{3,9,0,6}, d_{3,9,1,7}->d_{3,9,0,7}, d_{3,9,1,8}->d_{3,9,0,8}, d_{3,9,1,10}->d_{3,9,0,10}, d_{3,9,1,11}->d_{3,9,0,11}, d_{3,10,0,2}->d_{3,10,1,2}, d_{3,10,0,4}->d_{3,10,1,4}, d_{3,10,0,5}->d_{3,10,1,5}, d_{3,10,0,6}->d_{3,10,1,6}, d_{3,10,0,7}->d_{3,10,1,7}, d_{3,10,0,8}->d_{3,10,1,8}, d_{3,10,0,9}->d_{3,10,1,9}, d_{3,10,0,11}->d_{3,10,1,11}, d_{3,10,1,2}->d_{3,10,0,2}, d_{3,10,1,4}->d_{3,10,0,4}, d_{3,10,1,5}->d_{3,10,0,5}, d_{3,10,1,6}->d_{3,10,0,6}, d_{3,10,1,7}->d_{3,10,0,7}, d_{3,10,1,8}->d_{3,10,0,8}, d_{3,10,1,9}->d_{3,10,0,9}, d_{3,10,1,11}->d_{3,10,0,11}, d_{3,11,0,2}->d_{3,11,1,2}, d_{3,11,0,4}->d_{3,11,1,4}, d_{3,11,0,5}->d_{3,11,1,5}, d_{3,11,0,6}->d_{3,11,1,6}, d_{3,11,0,7}->d_{3,11,1,7}, d_{3,11,0,8}->d_{3,11,1,8}, d_{3,11,0,9}->d_{3,11,1,9}, d_{3,11,0,10}->d_{3,11,1,10}, d_{3,11,1,2}->d_{3,11,0,2}, d_{3,11,1,4}->d_{3,11,0,4}, d_{3,11,1,5}->d_{3,11,0,5}, d_{3,11,1,6}->d_{3,11,0,6}, d_{3,11,1,7}->d_{3,11,0,7}, d_{3,11,1,8}->d_{3,11,0,8}, d_{3,11,1,9}->d_{3,11,0,9}, d_{3,11,1,10}->d_{3,11,0,10}, d_{4,5,0,2}->d_{4,5,1,2}, d_{4,5,0,3}->d_{4,5,1,3}, d_{4,5,0,6}->d_{4,5,1,6}, d_{4,5,0,7}->d_{4,5,1,7}, d_{4,5,0,8}->d_{4,5,1,8}, d_{4,5,0,9}->d_{4,5,1,9}, d_{4,5,0,10}->d_{4,5,1,10}, d_{4,5,0,11}->d_{4,5,1,11}, d_{4,5,1,2}->d_{4,5,0,2}, d_{4,5,1,3}->d_{4,5,0,3}, d_{4,5,1,6}->d_{4,5,0,6}, d_{4,5,1,7}->d_{4,5,0,7}, d_{4,5,1,8}->d_{4,5,0,8}, d_{4,5,1,9}->d_{4,5,0,9}, d_{4,5,1,10}->d_{4,5,0,10}, d_{4,5,1,11}->d_{4,5,0,11}, d_{4,6,0,2}->d_{4,6,1,2}, d_{4,6,0,3}->d_{4,6,1,3}, d_{4,6,0,5}->d_{4,6,1,5}, d_{4,6,0,7}->d_{4,6,1,7}, d_{4,6,0,8}->d_{4,6,1,8}, d_{4,6,0,9}->d_{4,6,1,9}, d_{4,6,0,10}->d_{4,6,1,10}, d_{4,6,0,11}->d_{4,6,1,11}, d_{4,6,1,2}->d_{4,6,0,2}, d_{4,6,1,3}->d_{4,6,0,3}, d_{4,6,1,5}->d_{4,6,0,5}, d_{4,6,1,7}->d_{4,6,0,7}, d_{4,6,1,8}->d_{4,6,0,8}, d_{4,6,1,9}->d_{4,6,0,9}, d_{4,6,1,10}->d_{4,6,0,10}, d_{4,6,1,11}->d_{4,6,0,11}, d_{4,7,0,2}->d_{4,7,1,2}, d_{4,7,0,3}->d_{4,7,1,3}, d_{4,7,0,5}->d_{4,7,1,5}, d_{4,7,0,6}->d_{4,7,1,6}, d_{4,7,0,8}->d_{4,7,1,8}, d_{4,7,0,9}->d_{4,7,1,9}, d_{4,7,0,10}->d_{4,7,1,10}, d_{4,7,0,11}->d_{4,7,1,11}, d_{4,7,1,2}->d_{4,7,0,2}, d_{4,7,1,3}->d_{4,7,0,3}, d_{4,7,1,5}->d_{4,7,0,5}, d_{4,7,1,6}->d_{4,7,0,6}, d_{4,7,1,8}->d_{4,7,0,8}, d_{4,7,1,9}->d_{4,7,0,9}, d_{4,7,1,10}->d_{4,7,0,10}, d_{4,7,1,11}->d_{4,7,0,11}, d_{4,8,0,2}->d_{4,8,1,2}, d_{4,8,0,3}->d_{4,8,1,3}, d_{4,8,0,5}->d_{4,8,1,5}, d_{4,8,0,6}->d_{4,8,1,6}, d_{4,8,0,7}->d_{4,8,1,7}, d_{4,8,0,9}->d_{4,8,1,9}, d_{4,8,0,10}->d_{4,8,1,10}, d_{4,8,0,11}->d_{4,8,1,11}, d_{4,8,1,2}->d_{4,8,0,2}, d_{4,8,1,3}->d_{4,8,0,3}, d_{4,8,1,5}->d_{4,8,0,5}, d_{4,8,1,6}->d_{4,8,0,6}, d_{4,8,1,7}->d_{4,8,0,7}, d_{4,8,1,9}->d_{4,8,0,9}, d_{4,8,1,10}->d_{4,8,0,10}, d_{4,8,1,11}->d_{4,8,0,11}, d_{4,9,0,2}->d_{4,9,1,2}, d_{4,9,0,3}->d_{4,9,1,3}, d_{4,9,0,5}->d_{4,9,1,5}, d_{4,9,0,6}->d_{4,9,1,6}, d_{4,9,0,7}->d_{4,9,1,7}, d_{4,9,0,8}->d_{4,9,1,8}, d_{4,9,0,10}->d_{4,9,1,10}, d_{4,9,0,11}->d_{4,9,1,11}, d_{4,9,1,2}->d_{4,9,0,2}, d_{4,9,1,3}->d_{4,9,0,3}, d_{4,9,1,5}->d_{4,9,0,5}, d_{4,9,1,6}->d_{4,9,0,6}, d_{4,9,1,7}->d_{4,9,0,7}, d_{4,9,1,8}->d_{4,9,0,8}, d_{4,9,1,10}->d_{4,9,0,10}, d_{4,9,1,11}->d_{4,9,0,11}, d_{4,10,0,2}->d_{4,10,1,2}, d_{4,10,0,3}->d_{4,10,1,3}, d_{4,10,0,5}->d_{4,10,1,5}, d_{4,10,0,6}->d_{4,10,1,6}, d_{4,10,0,7}->d_{4,10,1,7}, d_{4,10,0,8}->d_{4,10,1,8}, d_{4,10,0,9}->d_{4,10,1,9}, d_{4,10,0,11}->d_{4,10,1,11}, d_{4,10,1,2}->d_{4,10,0,2}, d_{4,10,1,3}->d_{4,10,0,3}, d_{4,10,1,5}->d_{4,10,0,5}, d_{4,10,1,6}->d_{4,10,0,6}, d_{4,10,1,7}->d_{4,10,0,7}, d_{4,10,1,8}->d_{4,10,0,8}, d_{4,10,1,9}->d_{4,10,0,9}, d_{4,10,1,11}->d_{4,10,0,11}, d_{4,11,0,2}->d_{4,11,1,2}, d_{4,11,0,3}->d_{4,11,1,3}, d_{4,11,0,5}->d_{4,11,1,5}, d_{4,11,0,6}->d_{4,11,1,6}, d_{4,11,0,7}->d_{4,11,1,7}, d_{4,11,0,8}->d_{4,11,1,8}, d_{4,11,0,9}->d_{4,11,1,9}, d_{4,11,0,10}->d_{4,11,1,10}, d_{4,11,1,2}->d_{4,11,0,2}, d_{4,11,1,3}->d_{4,11,0,3}, d_{4,11,1,5}->d_{4,11,0,5}, d_{4,11,1,6}->d_{4,11,0,6}, d_{4,11,1,7}->d_{4,11,0,7}, d_{4,11,1,8}->d_{4,11,0,8}, d_{4,11,1,9}->d_{4,11,0,9}, d_{4,11,1,10}->d_{4,11,0,10}, d_{5,6,0,2}->d_{5,6,1,2}, d_{5,6,0,3}->d_{5,6,1,3}, d_{5,6,0,4}->d_{5,6,1,4}, d_{5,6,0,7}->d_{5,6,1,7}, d_{5,6,0,8}->d_{5,6,1,8}, d_{5,6,0,9}->d_{5,6,1,9}, d_{5,6,0,10}->d_{5,6,1,10}, d_{5,6,0,11}->d_{5,6,1,11}, d_{5,6,1,2}->d_{5,6,0,2}, d_{5,6,1,3}->d_{5,6,0,3}, d_{5,6,1,4}->d_{5,6,0,4}, d_{5,6,1,7}->d_{5,6,0,7}, d_{5,6,1,8}->d_{5,6,0,8}, d_{5,6,1,9}->d_{5,6,0,9}, d_{5,6,1,10}->d_{5,6,0,10}, d_{5,6,1,11}->d_{5,6,0,11}, d_{5,7,0,2}->d_{5,7,1,2}, d_{5,7,0,3}->d_{5,7,1,3}, d_{5,7,0,4}->d_{5,7,1,4}, d_{5,7,0,6}->d_{5,7,1,6}, d_{5,7,0,8}->d_{5,7,1,8}, d_{5,7,0,9}->d_{5,7,1,9}, d_{5,7,0,10}->d_{5,7,1,10}, d_{5,7,0,11}->d_{5,7,1,11}, d_{5,7,1,2}->d_{5,7,0,2}, d_{5,7,1,3}->d_{5,7,0,3}, d_{5,7,1,4}->d_{5,7,0,4}, d_{5,7,1,6}->d_{5,7,0,6}, d_{5,7,1,8}->d_{5,7,0,8}, d_{5,7,1,9}->d_{5,7,0,9}, d_{5,7,1,10}->d_{5,7,0,10}, d_{5,7,1,11}->d_{5,7,0,11}, d_{5,8,0,2}->d_{5,8,1,2}, d_{5,8,0,3}->d_{5,8,1,3}, d_{5,8,0,4}->d_{5,8,1,4}, d_{5,8,0,6}->d_{5,8,1,6}, d_{5,8,0,7}->d_{5,8,1,7}, d_{5,8,0,9}->d_{5,8,1,9}, d_{5,8,0,10}->d_{5,8,1,10}, d_{5,8,0,11}->d_{5,8,1,11}, d_{5,8,1,2}->d_{5,8,0,2}, d_{5,8,1,3}->d_{5,8,0,3}, d_{5,8,1,4}->d_{5,8,0,4}, d_{5,8,1,6}->d_{5,8,0,6}, d_{5,8,1,7}->d_{5,8,0,7}, d_{5,8,1,9}->d_{5,8,0,9}, d_{5,8,1,10}->d_{5,8,0,10}, d_{5,8,1,11}->d_{5,8,0,11}, d_{5,9,0,2}->d_{5,9,1,2}, d_{5,9,0,3}->d_{5,9,1,3}, d_{5,9,0,4}->d_{5,9,1,4}, d_{5,9,0,6}->d_{5,9,1,6}, d_{5,9,0,7}->d_{5,9,1,7}, d_{5,9,0,8}->d_{5,9,1,8}, d_{5,9,0,10}->d_{5,9,1,10}, d_{5,9,0,11}->d_{5,9,1,11}, d_{5,9,1,2}->d_{5,9,0,2}, d_{5,9,1,3}->d_{5,9,0,3}, d_{5,9,1,4}->d_{5,9,0,4}, d_{5,9,1,6}->d_{5,9,0,6}, d_{5,9,1,7}->d_{5,9,0,7}, d_{5,9,1,8}->d_{5,9,0,8}, d_{5,9,1,10}->d_{5,9,0,10}, d_{5,9,1,11}->d_{5,9,0,11}, d_{5,10,0,2}->d_{5,10,1,2}, d_{5,10,0,3}->d_{5,10,1,3}, d_{5,10,0,4}->d_{5,10,1,4}, d_{5,10,0,6}->d_{5,10,1,6}, d_{5,10,0,7}->d_{5,10,1,7}, d_{5,10,0,8}->d_{5,10,1,8}, d_{5,10,0,9}->d_{5,10,1,9}, d_{5,10,0,11}->d_{5,10,1,11}, d_{5,10,1,2}->d_{5,10,0,2}, d_{5,10,1,3}->d_{5,10,0,3}, d_{5,10,1,4}->d_{5,10,0,4}, d_{5,10,1,6}->d_{5,10,0,6}, d_{5,10,1,7}->d_{5,10,0,7}, d_{5,10,1,8}->d_{5,10,0,8}, d_{5,10,1,9}->d_{5,10,0,9}, d_{5,10,1,11}->d_{5,10,0,11}, d_{5,11,0,2}->d_{5,11,1,2}, d_{5,11,0,3}->d_{5,11,1,3}, d_{5,11,0,4}->d_{5,11,1,4}, d_{5,11,0,6}->d_{5,11,1,6}, d_{5,11,0,7}->d_{5,11,1,7}, d_{5,11,0,8}->d_{5,11,1,8}, d_{5,11,0,9}->d_{5,11,1,9}, d_{5,11,0,10}->d_{5,11,1,10}, d_{5,11,1,2}->d_{5,11,0,2}, d_{5,11,1,3}->d_{5,11,0,3}, d_{5,11,1,4}->d_{5,11,0,4}, d_{5,11,1,6}->d_{5,11,0,6}, d_{5,11,1,7}->d_{5,11,0,7}, d_{5,11,1,8}->d_{5,11,0,8}, d_{5,11,1,9}->d_{5,11,0,9}, d_{5,11,1,10}->d_{5,11,0,10}, d_{6,7,0,2}->d_{6,7,1,2}, d_{6,7,0,3}->d_{6,7,1,3}, d_{6,7,0,4}->d_{6,7,1,4}, d_{6,7,0,5}->d_{6,7,1,5}, d_{6,7,0,8}->d_{6,7,1,8}, d_{6,7,0,9}->d_{6,7,1,9}, d_{6,7,0,10}->d_{6,7,1,10}, d_{6,7,0,11}->d_{6,7,1,11}, d_{6,7,1,2}->d_{6,7,0,2}, d_{6,7,1,3}->d_{6,7,0,3}, d_{6,7,1,4}->d_{6,7,0,4}, d_{6,7,1,5}->d_{6,7,0,5}, d_{6,7,1,8}->d_{6,7,0,8}, d_{6,7,1,9}->d_{6,7,0,9}, d_{6,7,1,10}->d_{6,7,0,10}, d_{6,7,1,11}->d_{6,7,0,11}, d_{6,8,0,2}->d_{6,8,1,2}, d_{6,8,0,3}->d_{6,8,1,3}, d_{6,8,0,4}->d_{6,8,1,4}, d_{6,8,0,5}->d_{6,8,1,5}, d_{6,8,0,7}->d_{6,8,1,7}, d_{6,8,0,9}->d_{6,8,1,9}, d_{6,8,0,10}->d_{6,8,1,10}, d_{6,8,0,11}->d_{6,8,1,11}, d_{6,8,1,2}->d_{6,8,0,2}, d_{6,8,1,3}->d_{6,8,0,3}, d_{6,8,1,4}->d_{6,8,0,4}, d_{6,8,1,5}->d_{6,8,0,5}, d_{6,8,1,7}->d_{6,8,0,7}, d_{6,8,1,9}->d_{6,8,0,9}, d_{6,8,1,10}->d_{6,8,0,10}, d_{6,8,1,11}->d_{6,8,0,11}, d_{6,9,0,2}->d_{6,9,1,2}, d_{6,9,0,3}->d_{6,9,1,3}, d_{6,9,0,4}->d_{6,9,1,4}, d_{6,9,0,5}->d_{6,9,1,5}, d_{6,9,0,7}->d_{6,9,1,7}, d_{6,9,0,8}->d_{6,9,1,8}, d_{6,9,0,10}->d_{6,9,1,10}, d_{6,9,0,11}->d_{6,9,1,11}, d_{6,9,1,2}->d_{6,9,0,2}, d_{6,9,1,3}->d_{6,9,0,3}, d_{6,9,1,4}->d_{6,9,0,4}, d_{6,9,1,5}->d_{6,9,0,5}, d_{6,9,1,7}->d_{6,9,0,7}, d_{6,9,1,8}->d_{6,9,0,8}, d_{6,9,1,10}->d_{6,9,0,10}, d_{6,9,1,11}->d_{6,9,0,11}, d_{6,10,0,2}->d_{6,10,1,2}, d_{6,10,0,3}->d_{6,10,1,3}, d_{6,10,0,4}->d_{6,10,1,4}, d_{6,10,0,5}->d_{6,10,1,5}, d_{6,10,0,7}->d_{6,10,1,7}, d_{6,10,0,8}->d_{6,10,1,8}, d_{6,10,0,9}->d_{6,10,1,9}, d_{6,10,0,11}->d_{6,10,1,11}, d_{6,10,1,2}->d_{6,10,0,2}, d_{6,10,1,3}->d_{6,10,0,3}, d_{6,10,1,4}->d_{6,10,0,4}, d_{6,10,1,5}->d_{6,10,0,5}, d_{6,10,1,7}->d_{6,10,0,7}, d_{6,10,1,8}->d_{6,10,0,8}, d_{6,10,1,9}->d_{6,10,0,9}, d_{6,10,1,11}->d_{6,10,0,11}, d_{6,11,0,2}->d_{6,11,1,2}, d_{6,11,0,3}->d_{6,11,1,3}, d_{6,11,0,4}->d_{6,11,1,4}, d_{6,11,0,5}->d_{6,11,1,5}, d_{6,11,0,7}->d_{6,11,1,7}, d_{6,11,0,8}->d_{6,11,1,8}, d_{6,11,0,9}->d_{6,11,1,9}, d_{6,11,0,10}->d_{6,11,1,10}, d_{6,11,1,2}->d_{6,11,0,2}, d_{6,11,1,3}->d_{6,11,0,3}, d_{6,11,1,4}->d_{6,11,0,4}, d_{6,11,1,5}->d_{6,11,0,5}, d_{6,11,1,7}->d_{6,11,0,7}, d_{6,11,1,8}->d_{6,11,0,8}, d_{6,11,1,9}->d_{6,11,0,9}, d_{6,11,1,10}->d_{6,11,0,10}, d_{7,8,0,2}->d_{7,8,1,2}, d_{7,8,0,3}->d_{7,8,1,3}, d_{7,8,0,4}->d_{7,8,1,4}, d_{7,8,0,5}->d_{7,8,1,5}, d_{7,8,0,6}->d_{7,8,1,6}, d_{7,8,0,9}->d_{7,8,1,9}, d_{7,8,0,10}->d_{7,8,1,10}, d_{7,8,0,11}->d_{7,8,1,11}, d_{7,8,1,2}->d_{7,8,0,2}, d_{7,8,1,3}->d_{7,8,0,3}, d_{7,8,1,4}->d_{7,8,0,4}, d_{7,8,1,5}->d_{7,8,0,5}, d_{7,8,1,6}->d_{7,8,0,6}, d_{7,8,1,9}->d_{7,8,0,9}, d_{7,8,1,10}->d_{7,8,0,10}, d_{7,8,1,11}->d_{7,8,0,11}, d_{7,9,0,2}->d_{7,9,1,2}, d_{7,9,0,3}->d_{7,9,1,3}, d_{7,9,0,4}->d_{7,9,1,4}, d_{7,9,0,5}->d_{7,9,1,5}, d_{7,9,0,6}->d_{7,9,1,6}, d_{7,9,0,8}->d_{7,9,1,8}, d_{7,9,0,10}->d_{7,9,1,10}, d_{7,9,0,11}->d_{7,9,1,11}, d_{7,9,1,2}->d_{7,9,0,2}, d_{7,9,1,3}->d_{7,9,0,3}, d_{7,9,1,4}->d_{7,9,0,4}, d_{7,9,1,5}->d_{7,9,0,5}, d_{7,9,1,6}->d_{7,9,0,6}, d_{7,9,1,8}->d_{7,9,0,8}, d_{7,9,1,10}->d_{7,9,0,10}, d_{7,9,1,11}->d_{7,9,0,11}, d_{7,10,0,2}->d_{7,10,1,2}, d_{7,10,0,3}->d_{7,10,1,3}, d_{7,10,0,4}->d_{7,10,1,4}, d_{7,10,0,5}->d_{7,10,1,5}, d_{7,10,0,6}->d_{7,10,1,6}, d_{7,10,0,8}->d_{7,10,1,8}, d_{7,10,0,9}->d_{7,10,1,9}, d_{7,10,0,11}->d_{7,10,1,11}, d_{7,10,1,2}->d_{7,10,0,2}, d_{7,10,1,3}->d_{7,10,0,3}, d_{7,10,1,4}->d_{7,10,0,4}, d_{7,10,1,5}->d_{7,10,0,5}, d_{7,10,1,6}->d_{7,10,0,6}, d_{7,10,1,8}->d_{7,10,0,8}, d_{7,10,1,9}->d_{7,10,0,9}, d_{7,10,1,11}->d_{7,10,0,11}, d_{7,11,0,2}->d_{7,11,1,2}, d_{7,11,0,3}->d_{7,11,1,3}, d_{7,11,0,4}->d_{7,11,1,4}, d_{7,11,0,5}->d_{7,11,1,5}, d_{7,11,0,6}->d_{7,11,1,6}, d_{7,11,0,8}->d_{7,11,1,8}, d_{7,11,0,9}->d_{7,11,1,9}, d_{7,11,0,10}->d_{7,11,1,10}, d_{7,11,1,2}->d_{7,11,0,2}, d_{7,11,1,3}->d_{7,11,0,3}, d_{7,11,1,4}->d_{7,11,0,4}, d_{7,11,1,5}->d_{7,11,0,5}, d_{7,11,1,6}->d_{7,11,0,6}, d_{7,11,1,8}->d_{7,11,0,8}, d_{7,11,1,9}->d_{7,11,0,9}, d_{7,11,1,10}->d_{7,11,0,10}, d_{8,9,0,2}->d_{8,9,1,2}, d_{8,9,0,3}->d_{8,9,1,3}, d_{8,9,0,4}->d_{8,9,1,4}, d_{8,9,0,5}->d_{8,9,1,5}, d_{8,9,0,6}->d_{8,9,1,6}, d_{8,9,0,7}->d_{8,9,1,7}, d_{8,9,0,10}->d_{8,9,1,10}, d_{8,9,0,11}->d_{8,9,1,11}, d_{8,9,1,2}->d_{8,9,0,2}, d_{8,9,1,3}->d_{8,9,0,3}, d_{8,9,1,4}->d_{8,9,0,4}, d_{8,9,1,5}->d_{8,9,0,5}, d_{8,9,1,6}->d_{8,9,0,6}, d_{8,9,1,7}->d_{8,9,0,7}, d_{8,9,1,10}->d_{8,9,0,10}, d_{8,9,1,11}->d_{8,9,0,11}, d_{8,10,0,2}->d_{8,10,1,2}, d_{8,10,0,3}->d_{8,10,1,3}, d_{8,10,0,4}->d_{8,10,1,4}, d_{8,10,0,5}->d_{8,10,1,5}, d_{8,10,0,6}->d_{8,10,1,6}, d_{8,10,0,7}->d_{8,10,1,7}, d_{8,10,0,9}->d_{8,10,1,9}, d_{8,10,0,11}->d_{8,10,1,11}, d_{8,10,1,2}->d_{8,10,0,2}, d_{8,10,1,3}->d_{8,10,0,3}, d_{8,10,1,4}->d_{8,10,0,4}, d_{8,10,1,5}->d_{8,10,0,5}, d_{8,10,1,6}->d_{8,10,0,6}, d_{8,10,1,7}->d_{8,10,0,7}, d_{8,10,1,9}->d_{8,10,0,9}, d_{8,10,1,11}->d_{8,10,0,11}, d_{8,11,0,2}->d_{8,11,1,2}, d_{8,11,0,3}->d_{8,11,1,3}, d_{8,11,0,4}->d_{8,11,1,4}, d_{8,11,0,5}->d_{8,11,1,5}, d_{8,11,0,6}->d_{8,11,1,6}, d_{8,11,0,7}->d_{8,11,1,7}, d_{8,11,0,9}->d_{8,11,1,9}, d_{8,11,0,10}->d_{8,11,1,10}, d_{8,11,1,2}->d_{8,11,0,2}, d_{8,11,1,3}->d_{8,11,0,3}, d_{8,11,1,4}->d_{8,11,0,4}, d_{8,11,1,5}->d_{8,11,0,5}, d_{8,11,1,6}->d_{8,11,0,6}, d_{8,11,1,7}->d_{8,11,0,7}, d_{8,11,1,9}->d_{8,11,0,9}, d_{8,11,1,10}->d_{8,11,0,10}, d_{9,10,0,2}->d_{9,10,1,2}, d_{9,10,0,3}->d_{9,10,1,3}, d_{9,10,0,4}->d_{9,10,1,4}, d_{9,10,0,5}->d_{9,10,1,5}, d_{9,10,0,6}->d_{9,10,1,6}, d_{9,10,0,7}->d_{9,10,1,7}, d_{9,10,0,8}->d_{9,10,1,8}, d_{9,10,0,11}->d_{9,10,1,11}, d_{9,10,1,2}->d_{9,10,0,2}, d_{9,10,1,3}->d_{9,10,0,3}, d_{9,10,1,4}->d_{9,10,0,4}, d_{9,10,1,5}->d_{9,10,0,5}, d_{9,10,1,6}->d_{9,10,0,6}, d_{9,10,1,7}->d_{9,10,0,7}, d_{9,10,1,8}->d_{9,10,0,8}, d_{9,10,1,11}->d_{9,10,0,11}, d_{9,11,0,2}->d_{9,11,1,2}, d_{9,11,0,3}->d_{9,11,1,3}, d_{9,11,0,4}->d_{9,11,1,4}, d_{9,11,0,5}->d_{9,11,1,5}, d_{9,11,0,6}->d_{9,11,1,6}, d_{9,11,0,7}->d_{9,11,1,7}, d_{9,11,0,8}->d_{9,11,1,8}, d_{9,11,0,10}->d_{9,11,1,10}, d_{9,11,1,2}->d_{9,11,0,2}, d_{9,11,1,3}->d_{9,11,0,3}, d_{9,11,1,4}->d_{9,11,0,4}, d_{9,11,1,5}->d_{9,11,0,5}, d_{9,11,1,6}->d_{9,11,0,6}, d_{9,11,1,7}->d_{9,11,0,7}, d_{9,11,1,8}->d_{9,11,0,8}, d_{9,11,1,10}->d_{9,11,0,10}, d_{10,11,0,2}->d_{10,11,1,2}, d_{10,11,0,3}->d_{10,11,1,3}, d_{10,11,0,4}->d_{10,11,1,4}, d_{10,11,0,5}->d_{10,11,1,5}, d_{10,11,0,6}->d_{10,11,1,6}, d_{10,11,0,7}->d_{10,11,1,7}, d_{10,11,0,8}->d_{10,11,1,8}, d_{10,11,0,9}->d_{10,11,1,9}, d_{10,11,1,2}->d_{10,11,0,2}, d_{10,11,1,3}->d_{10,11,0,3}, d_{10,11,1,4}->d_{10,11,0,4}, d_{10,11,1,5}->d_{10,11,0,5}, d_{10,11,1,6}->d_{10,11,0,6}, d_{10,11,1,7}->d_{10,11,0,7}, d_{10,11,1,8}->d_{10,11,0,8}, d_{10,11,1,9}->d_{10,11,0,9}

Permutation #1:
  Bonds: r_{0,1}->r_{1,2}, r_{0,3}->r_{2,3}, r_{0,4}->r_{2,4}, r_{0,5}->r_{2,5}, r_{0,6}->r_{2,6}, r_{0,7}->r_{2,7}, r_{0,8}->r_{2,8}, r_{0,9}->r_{2,9}, r_{0,10}->r_{2,10}, r_{0,11}->r_{2,11}, r_{1,2}->r_{0,1}, r_{2,3}->r_{0,3}, r_{2,4}->r_{0,4}, r_{2,5}->r_{0,5}, r_{2,6}->r_{0,6}, r_{2,7}->r_{0,7}, r_{2,8}->r_{0,8}, r_{2,9}->r_{0,9}, r_{2,10}->r_{0,10}, r_{2,11}->r_{0,11}
  Angles: theta^{0}_{1,2}->theta^{2}_{0,1}, theta^{0}_{1,3}->theta^{2}_{1,3}, theta^{0}_{1,4}->theta^{2}_{1,4}, theta^{0}_{1,5}->theta^{2}_{1,5}, theta^{0}_{1,6}->theta^{2}_{1,6}, theta^{0}_{1,7}->theta^{2}_{1,7}, theta^{0}_{1,8}->theta^{2}_{1,8}, theta^{0}_{1,9}->theta^{2}_{1,9}, theta^{0}_{1,10}->theta^{2}_{1,10}, theta^{0}_{1,11}->theta^{2}_{1,11}, theta^{0}_{2,3}->theta^{2}_{0,3}, theta^{0}_{2,4}->theta^{2}_{0,4}, theta^{0}_{2,5}->theta^{2}_{0,5}, theta^{0}_{2,6}->theta^{2}_{0,6}, theta^{0}_{2,7}->theta^{2}_{0,7}, theta^{0}_{2,8}->theta^{2}_{0,8}, theta^{0}_{2,9}->theta^{2}_{0,9}, theta^{0}_{2,10}->theta^{2}_{0,10}, theta^{0}_{2,11}->theta^{2}_{0,11}, theta^{0}_{3,4}->theta^{2}_{3,4}, theta^{0}_{3,5}->theta^{2}_{3,5}, theta^{0}_{3,6}->theta^{2}_{3,6}, theta^{0}_{3,7}->theta^{2}_{3,7}, theta^{0}_{3,8}->theta^{2}_{3,8}, theta^{0}_{3,9}->theta^{2}_{3,9}, theta^{0}_{3,10}->theta^{2}_{3,10}, theta^{0}_{3,11}->theta^{2}_{3,11}, theta^{0}_{4,5}->theta^{2}_{4,5}, theta^{0}_{4,6}->theta^{2}_{4,6}, theta^{0}_{4,7}->theta^{2}_{4,7}, theta^{0}_{4,8}->theta^{2}_{4,8}, theta^{0}_{4,9}->theta^{2}_{4,9}, theta^{0}_{4,10}->theta^{2}_{4,10}, theta^{0}_{4,11}->theta^{2}_{4,11}, theta^{0}_{5,6}->theta^{2}_{5,6}, theta^{0}_{5,7}->theta^{2}_{5,7}, theta^{0}_{5,8}->theta^{2}_{5,8}, theta^{0}_{5,9}->theta^{2}_{5,9}, theta^{0}_{5,10}->theta^{2}_{5,10}, theta^{0}_{5,11}->theta^{2}_{5,11}, theta^{0}_{6,7}->theta^{2}_{6,7}, theta^{0}_{6,8}->theta^{2}_{6,8}, theta^{0}_{6,9}->theta^{2}_{6,9}, theta^{0}_{6,10}->theta^{2}_{6,10}, theta^{0}_{6,11}->theta^{2}_{6,11}, theta^{0}_{7,8}->theta^{2}_{7,8}, theta^{0}_{7,9}->theta^{2}_{7,9}, theta^{0}_{7,10}->theta^{2}_{7,10}, theta^{0}_{7,11}->theta^{2}_{7,11}, theta^{0}_{8,9}->theta^{2}_{8,9}, theta^{0}_{8,10}->theta^{2}_{8,10}, theta^{0}_{8,11}->theta^{2}_{8,11}, theta^{0}_{9,10}->theta^{2}_{9,10}, theta^{0}_{9,11}->theta^{2}_{9,11}, theta^{0}_{10,11}->theta^{2}_{10,11}, theta^{1}_{0,3}->theta^{1}_{2,3}, theta^{1}_{0,4}->theta^{1}_{2,4}, theta^{1}_{0,5}->theta^{1}_{2,5}, theta^{1}_{0,6}->theta^{1}_{2,6}, theta^{1}_{0,7}->theta^{1}_{2,7}, theta^{1}_{0,8}->theta^{1}_{2,8}, theta^{1}_{0,9}->theta^{1}_{2,9}, theta^{1}_{0,10}->theta^{1}_{2,10}, theta^{1}_{0,11}->theta^{1}_{2,11}, theta^{1}_{2,3}->theta^{1}_{0,3}, theta^{1}_{2,4}->theta^{1}_{0,4}, theta^{1}_{2,5}->theta^{1}_{0,5}, theta^{1}_{2,6}->theta^{1}_{0,6}, theta^{1}_{2,7}->theta^{1}_{0,7}, theta^{1}_{2,8}->theta^{1}_{0,8}, theta^{1}_{2,9}->theta^{1}_{0,9}, theta^{1}_{2,10}->theta^{1}_{0,10}, theta^{1}_{2,11}->theta^{1}_{0,11}, theta^{2}_{0,1}->theta^{0}_{1,2}, theta^{2}_{0,3}->theta^{0}_{2,3}, theta^{2}_{0,4}->theta^{0}_{2,4}, theta^{2}_{0,5}->theta^{0}_{2,5}, theta^{2}_{0,6}->theta^{0}_{2,6}, theta^{2}_{0,7}->theta^{0}_{2,7}, theta^{2}_{0,8}->theta^{0}_{2,8}, theta^{2}_{0,9}->theta^{0}_{2,9}, theta^{2}_{0,10}->theta^{0}_{2,10}, theta^{2}_{0,11}->theta^{0}_{2,11}, theta^{2}_{1,3}->theta^{0}_{1,3}, theta^{2}_{1,4}->theta^{0}_{1,4}, theta^{2}_{1,5}->theta^{0}_{1,5}, theta^{2}_{1,6}->theta^{0}_{1,6}, theta^{2}_{1,7}->theta^{0}_{1,7}, theta^{2}_{1,8}->theta^{0}_{1,8}, theta^{2}_{1,9}->theta^{0}_{1,9}, theta^{2}_{1,10}->theta^{0}_{1,10}, theta^{2}_{1,11}->theta^{0}_{1,11}, theta^{2}_{3,4}->theta^{0}_{3,4}, theta^{2}_{3,5}->theta^{0}_{3,5}, theta^{2}_{3,6}->theta^{0}_{3,6}, theta^{2}_{3,7}->theta^{0}_{3,7}, theta^{2}_{3,8}->theta^{0}_{3,8}, theta^{2}_{3,9}->theta^{0}_{3,9}, theta^{2}_{3,10}->theta^{0}_{3,10}, theta^{2}_{3,11}->theta^{0}_{3,11}, theta^{2}_{4,5}->theta^{0}_{4,5}, theta^{2}_{4,6}->theta^{0}_{4,6}, theta^{2}_{4,7}->theta^{0}_{4,7}, theta^{2}_{4,8}->theta^{0}_{4,8}, theta^{2}_{4,9}->theta^{0}_{4,9}, theta^{2}_{4,10}->theta^{0}_{4,10}, theta^{2}_{4,11}->theta^{0}_{4,11}, theta^{2}_{5,6}->theta^{0}_{5,6}, theta^{2}_{5,7}->theta^{0}_{5,7}, theta^{2}_{5,8}->theta^{0}_{5,8}, theta^{2}_{5,9}->theta^{0}_{5,9}, theta^{2}_{5,10}->theta^{0}_{5,10}, theta^{2}_{5,11}->theta^{0}_{5,11}, theta^{2}_{6,7}->theta^{0}_{6,7}, theta^{2}_{6,8}->theta^{0}_{6,8}, theta^{2}_{6,9}->theta^{0}_{6,9}, theta^{2}_{6,10}->theta^{0}_{6,10}, theta^{2}_{6,11}->theta^{0}_{6,11}, theta^{2}_{7,8}->theta^{0}_{7,8}, theta^{2}_{7,9}->theta^{0}_{7,9}, theta^{2}_{7,10}->theta^{0}_{7,10}, theta^{2}_{7,11}->theta^{0}_{7,11}, theta^{2}_{8,9}->theta^{0}_{8,9}, theta^{2}_{8,10}->theta^{0}_{8,10}, theta^{2}_{8,11}->theta^{0}_{8,11}, theta^{2}_{9,10}->theta^{0}_{9,10}, theta^{2}_{9,11}->theta^{0}_{9,11}, theta^{2}_{10,11}->theta^{0}_{10,11}, theta^{3}_{0,1}->theta^{3}_{1,2}, theta^{3}_{0,4}->theta^{3}_{2,4}, theta^{3}_{0,5}->theta^{3}_{2,5}, theta^{3}_{0,6}->theta^{3}_{2,6}, theta^{3}_{0,7}->theta^{3}_{2,7}, theta^{3}_{0,8}->theta^{3}_{2,8}, theta^{3}_{0,9}->theta^{3}_{2,9}, theta^{3}_{0,10}->theta^{3}_{2,10}, theta^{3}_{0,11}->theta^{3}_{2,11}, theta^{3}_{1,2}->theta^{3}_{0,1}, theta^{3}_{2,4}->theta^{3}_{0,4}, theta^{3}_{2,5}->theta^{3}_{0,5}, theta^{3}_{2,6}->theta^{3}_{0,6}, theta^{3}_{2,7}->theta^{3}_{0,7}, theta^{3}_{2,8}->theta^{3}_{0,8}, theta^{3}_{2,9}->theta^{3}_{0,9}, theta^{3}_{2,10}->theta^{3}_{0,10}, theta^{3}_{2,11}->theta^{3}_{0,11}, theta^{4}_{0,1}->theta^{4}_{1,2}, theta^{4}_{0,3}->theta^{4}_{2,3}, theta^{4}_{0,5}->theta^{4}_{2,5}, theta^{4}_{0,6}->theta^{4}_{2,6}, theta^{4}_{0,7}->theta^{4}_{2,7}, theta^{4}_{0,8}->theta^{4}_{2,8}, theta^{4}_{0,9}->theta^{4}_{2,9}, theta^{4}_{0,10}->theta^{4}_{2,10}, theta^{4}_{0,11}->theta^{4}_{2,11}, theta^{4}_{1,2}->theta^{4}_{0,1}, theta^{4}_{2,3}->theta^{4}_{0,3}, theta^{4}_{2,5}->theta^{4}_{0,5}, theta^{4}_{2,6}->theta^{4}_{0,6}, theta^{4}_{2,7}->theta^{4}_{0,7}, theta^{4}_{2,8}->theta^{4}_{0,8}, theta^{4}_{2,9}->theta^{4}_{0,9}, theta^{4}_{2,10}->theta^{4}_{0,10}, theta^{4}_{2,11}->theta^{4}_{0,11}, theta^{5}_{0,1}->theta^{5}_{1,2}, theta^{5}_{0,3}->theta^{5}_{2,3}, theta^{5}_{0,4}->theta^{5}_{2,4}, theta^{5}_{0,6}->theta^{5}_{2,6}, theta^{5}_{0,7}->theta^{5}_{2,7}, theta^{5}_{0,8}->theta^{5}_{2,8}, theta^{5}_{0,9}->theta^{5}_{2,9}, theta^{5}_{0,10}->theta^{5}_{2,10}, theta^{5}_{0,11}->theta^{5}_{2,11}, theta^{5}_{1,2}->theta^{5}_{0,1}, theta^{5}_{2,3}->theta^{5}_{0,3}, theta^{5}_{2,4}->theta^{5}_{0,4}, theta^{5}_{2,6}->theta^{5}_{0,6}, theta^{5}_{2,7}->theta^{5}_{0,7}, theta^{5}_{2,8}->theta^{5}_{0,8}, theta^{5}_{2,9}->theta^{5}_{0,9}, theta^{5}_{2,10}->theta^{5}_{0,10}, theta^{5}_{2,11}->theta^{5}_{0,11}, theta^{6}_{0,1}->theta^{6}_{1,2}, theta^{6}_{0,3}->theta^{6}_{2,3}, theta^{6}_{0,4}->theta^{6}_{2,4}, theta^{6}_{0,5}->theta^{6}_{2,5}, theta^{6}_{0,7}->theta^{6}_{2,7}, theta^{6}_{0,8}->theta^{6}_{2,8}, theta^{6}_{0,9}->theta^{6}_{2,9}, theta^{6}_{0,10}->theta^{6}_{2,10}, theta^{6}_{0,11}->theta^{6}_{2,11}, theta^{6}_{1,2}->theta^{6}_{0,1}, theta^{6}_{2,3}->theta^{6}_{0,3}, theta^{6}_{2,4}->theta^{6}_{0,4}, theta^{6}_{2,5}->theta^{6}_{0,5}, theta^{6}_{2,7}->theta^{6}_{0,7}, theta^{6}_{2,8}->theta^{6}_{0,8}, theta^{6}_{2,9}->theta^{6}_{0,9}, theta^{6}_{2,10}->theta^{6}_{0,10}, theta^{6}_{2,11}->theta^{6}_{0,11}, theta^{7}_{0,1}->theta^{7}_{1,2}, theta^{7}_{0,3}->theta^{7}_{2,3}, theta^{7}_{0,4}->theta^{7}_{2,4}, theta^{7}_{0,5}->theta^{7}_{2,5}, theta^{7}_{0,6}->theta^{7}_{2,6}, theta^{7}_{0,8}->theta^{7}_{2,8}, theta^{7}_{0,9}->theta^{7}_{2,9}, theta^{7}_{0,10}->theta^{7}_{2,10}, theta^{7}_{0,11}->theta^{7}_{2,11}, theta^{7}_{1,2}->theta^{7}_{0,1}, theta^{7}_{2,3}->theta^{7}_{0,3}, theta^{7}_{2,4}->theta^{7}_{0,4}, theta^{7}_{2,5}->theta^{7}_{0,5}, theta^{7}_{2,6}->theta^{7}_{0,6}, theta^{7}_{2,8}->theta^{7}_{0,8}, theta^{7}_{2,9}->theta^{7}_{0,9}, theta^{7}_{2,10}->theta^{7}_{0,10}, theta^{7}_{2,11}->theta^{7}_{0,11}, theta^{8}_{0,1}->theta^{8}_{1,2}, theta^{8}_{0,3}->theta^{8}_{2,3}, theta^{8}_{0,4}->theta^{8}_{2,4}, theta^{8}_{0,5}->theta^{8}_{2,5}, theta^{8}_{0,6}->theta^{8}_{2,6}, theta^{8}_{0,7}->theta^{8}_{2,7}, theta^{8}_{0,9}->theta^{8}_{2,9}, theta^{8}_{0,10}->theta^{8}_{2,10}, theta^{8}_{0,11}->theta^{8}_{2,11}, theta^{8}_{1,2}->theta^{8}_{0,1}, theta^{8}_{2,3}->theta^{8}_{0,3}, theta^{8}_{2,4}->theta^{8}_{0,4}, theta^{8}_{2,5}->theta^{8}_{0,5}, theta^{8}_{2,6}->theta^{8}_{0,6}, theta^{8}_{2,7}->theta^{8}_{0,7}, theta^{8}_{2,9}->theta^{8}_{0,9}, theta^{8}_{2,10}->theta^{8}_{0,10}, theta^{8}_{2,11}->theta^{8}_{0,11}, theta^{9}_{0,1}->theta^{9}_{1,2}, theta^{9}_{0,3}->theta^{9}_{2,3}, theta^{9}_{0,4}->theta^{9}_{2,4}, theta^{9}_{0,5}->theta^{9}_{2,5}, theta^{9}_{0,6}->theta^{9}_{2,6}, theta^{9}_{0,7}->theta^{9}_{2,7}, theta^{9}_{0,8}->theta^{9}_{2,8}, theta^{9}_{0,10}->theta^{9}_{2,10}, theta^{9}_{0,11}->theta^{9}_{2,11}, theta^{9}_{1,2}->theta^{9}_{0,1}, theta^{9}_{2,3}->theta^{9}_{0,3}, theta^{9}_{2,4}->theta^{9}_{0,4}, theta^{9}_{2,5}->theta^{9}_{0,5}, theta^{9}_{2,6}->theta^{9}_{0,6}, theta^{9}_{2,7}->theta^{9}_{0,7}, theta^{9}_{2,8}->theta^{9}_{0,8}, theta^{9}_{2,10}->theta^{9}_{0,10}, theta^{9}_{2,11}->theta^{9}_{0,11}, theta^{10}_{0,1}->theta^{10}_{1,2}, theta^{10}_{0,3}->theta^{10}_{2,3}, theta^{10}_{0,4}->theta^{10}_{2,4}, theta^{10}_{0,5}->theta^{10}_{2,5}, theta^{10}_{0,6}->theta^{10}_{2,6}, theta^{10}_{0,7}->theta^{10}_{2,7}, theta^{10}_{0,8}->theta^{10}_{2,8}, theta^{10}_{0,9}->theta^{10}_{2,9}, theta^{10}_{0,11}->theta^{10}_{2,11}, theta^{10}_{1,2}->theta^{10}_{0,1}, theta^{10}_{2,3}->theta^{10}_{0,3}, theta^{10}_{2,4}->theta^{10}_{0,4}, theta^{10}_{2,5}->theta^{10}_{0,5}, theta^{10}_{2,6}->theta^{10}_{0,6}, theta^{10}_{2,7}->theta^{10}_{0,7}, theta^{10}_{2,8}->theta^{10}_{0,8}, theta^{10}_{2,9}->theta^{10}_{0,9}, theta^{10}_{2,11}->theta^{10}_{0,11}, theta^{11}_{0,1}->theta^{11}_{1,2}, theta^{11}_{0,3}->theta^{11}_{2,3}, theta^{11}_{0,4}->theta^{11}_{2,4}, theta^{11}_{0,5}->theta^{11}_{2,5}, theta^{11}_{0,6}->theta^{11}_{2,6}, theta^{11}_{0,7}->theta^{11}_{2,7}, theta^{11}_{0,8}->theta^{11}_{2,8}, theta^{11}_{0,9}->theta^{11}_{2,9}, theta^{11}_{0,10}->theta^{11}_{2,10}, theta^{11}_{1,2}->theta^{11}_{0,1}, theta^{11}_{2,3}->theta^{11}_{0,3}, theta^{11}_{2,4}->theta^{11}_{0,4}, theta^{11}_{2,5}->theta^{11}_{0,5}, theta^{11}_{2,6}->theta^{11}_{0,6}, theta^{11}_{2,7}->theta^{11}_{0,7}, theta^{11}_{2,8}->theta^{11}_{0,8}, theta^{11}_{2,9}->theta^{11}_{0,9}, theta^{11}_{2,10}->theta^{11}_{0,10}
  Dihedrals: d_{0,1,2,3}->d_{1,2,0,3}, d_{0,1,2,4}->d_{1,2,0,4}, d_{0,1,2,5}->d_{1,2,0,5}, d_{0,1,2,6}->d_{1,2,0,6}, d_{0,1,2,7}->d_{1,2,0,7}, d_{0,1,2,8}->d_{1,2,0,8}, d_{0,1,2,9}->d_{1,2,0,9}, d_{0,1,2,10}->d_{1,2,0,10}, d_{0,1,2,11}->d_{1,2,0,11}, d_{0,1,3,4}->d_{1,2,3,4}, d_{0,1,3,5}->d_{1,2,3,5}, d_{0,1,3,6}->d_{1,2,3,6}, d_{0,1,3,7}->d_{1,2,3,7}, d_{0,1,3,8}->d_{1,2,3,8}, d_{0,1,3,9}->d_{1,2,3,9}, d_{0,1,3,10}->d_{1,2,3,10}, d_{0,1,3,11}->d_{1,2,3,11}, d_{0,1,4,5}->d_{1,2,4,5}, d_{0,1,4,6}->d_{1,2,4,6}, d_{0,1,4,7}->d_{1,2,4,7}, d_{0,1,4,8}->d_{1,2,4,8}, d_{0,1,4,9}->d_{1,2,4,9}, d_{0,1,4,10}->d_{1,2,4,10}, d_{0,1,4,11}->d_{1,2,4,11}, d_{0,1,5,6}->d_{1,2,5,6}, d_{0,1,5,7}->d_{1,2,5,7}, d_{0,1,5,8}->d_{1,2,5,8}, d_{0,1,5,9}->d_{1,2,5,9}, d_{0,1,5,10}->d_{1,2,5,10}, d_{0,1,5,11}->d_{1,2,5,11}, d_{0,1,6,7}->d_{1,2,6,7}, d_{0,1,6,8}->d_{1,2,6,8}, d_{0,1,6,9}->d_{1,2,6,9}, d_{0,1,6,10}->d_{1,2,6,10}, d_{0,1,6,11}->d_{1,2,6,11}, d_{0,1,7,8}->d_{1,2,7,8}, d_{0,1,7,9}->d_{1,2,7,9}, d_{0,1,7,10}->d_{1,2,7,10}, d_{0,1,7,11}->d_{1,2,7,11}, d_{0,1,8,9}->d_{1,2,8,9}, d_{0,1,8,10}->d_{1,2,8,10}, d_{0,1,8,11}->d_{1,2,8,11}, d_{0,1,9,10}->d_{1,2,9,10}, d_{0,1,9,11}->d_{1,2,9,11}, d_{0,1,10,11}->d_{1,2,10,11}, d_{0,3,1,2}->d_{2,3,0,1}, d_{0,3,1,4}->d_{2,3,1,4}, d_{0,3,1,5}->d_{2,3,1,5}, d_{0,3,1,6}->d_{2,3,1,6}, d_{0,3,1,7}->d_{2,3,1,7}, d_{0,3,1,8}->d_{2,3,1,8}, d_{0,3,1,9}->d_{2,3,1,9}, d_{0,3,1,10}->d_{2,3,1,10}, d_{0,3,1,11}->d_{2,3,1,11}, d_{0,3,2,4}->d_{2,3,0,4}, d_{0,3,2,5}->d_{2,3,0,5}, d_{0,3,2,6}->d_{2,3,0,6}, d_{0,3,2,7}->d_{2,3,0,7}, d_{0,3,2,8}->d_{2,3,0,8}, d_{0,3,2,9}->d_{2,3,0,9}, d_{0,3,2,10}->d_{2,3,0,10}, d_{0,3,2,11}->d_{2,3,0,11}, d_{0,3,4,5}->d_{2,3,4,5}, d_{0,3,4,6}->d_{2,3,4,6}, d_{0,3,4,7}->d_{2,3,4,7}, d_{0,3,4,8}->d_{2,3,4,8}, d_{0,3,4,9}->d_{2,3,4,9}, d_{0,3,4,10}->d_{2,3,4,10}, d_{0,3,4,11}->d_{2,3,4,11}, d_{0,3,5,6}->d_{2,3,5,6}, d_{0,3,5,7}->d_{2,3,5,7}, d_{0,3,5,8}->d_{2,3,5,8}, d_{0,3,5,9}->d_{2,3,5,9}, d_{0,3,5,10}->d_{2,3,5,10}, d_{0,3,5,11}->d_{2,3,5,11}, d_{0,3,6,7}->d_{2,3,6,7}, d_{0,3,6,8}->d_{2,3,6,8}, d_{0,3,6,9}->d_{2,3,6,9}, d_{0,3,6,10}->d_{2,3,6,10}, d_{0,3,6,11}->d_{2,3,6,11}, d_{0,3,7,8}->d_{2,3,7,8}, d_{0,3,7,9}->d_{2,3,7,9}, d_{0,3,7,10}->d_{2,3,7,10}, d_{0,3,7,11}->d_{2,3,7,11}, d_{0,3,8,9}->d_{2,3,8,9}, d_{0,3,8,10}->d_{2,3,8,10}, d_{0,3,8,11}->d_{2,3,8,11}, d_{0,3,9,10}->d_{2,3,9,10}, d_{0,3,9,11}->d_{2,3,9,11}, d_{0,3,10,11}->d_{2,3,10,11}, d_{0,4,1,2}->d_{2,4,0,1}, d_{0,4,1,3}->d_{2,4,1,3}, d_{0,4,1,5}->d_{2,4,1,5}, d_{0,4,1,6}->d_{2,4,1,6}, d_{0,4,1,7}->d_{2,4,1,7}, d_{0,4,1,8}->d_{2,4,1,8}, d_{0,4,1,9}->d_{2,4,1,9}, d_{0,4,1,10}->d_{2,4,1,10}, d_{0,4,1,11}->d_{2,4,1,11}, d_{0,4,2,3}->d_{2,4,0,3}, d_{0,4,2,5}->d_{2,4,0,5}, d_{0,4,2,6}->d_{2,4,0,6}, d_{0,4,2,7}->d_{2,4,0,7}, d_{0,4,2,8}->d_{2,4,0,8}, d_{0,4,2,9}->d_{2,4,0,9}, d_{0,4,2,10}->d_{2,4,0,10}, d_{0,4,2,11}->d_{2,4,0,11}, d_{0,4,3,5}->d_{2,4,3,5}, d_{0,4,3,6}->d_{2,4,3,6}, d_{0,4,3,7}->d_{2,4,3,7}, d_{0,4,3,8}->d_{2,4,3,8}, d_{0,4,3,9}->d_{2,4,3,9}, d_{0,4,3,10}->d_{2,4,3,10}, d_{0,4,3,11}->d_{2,4,3,11}, d_{0,4,5,6}->d_{2,4,5,6}, d_{0,4,5,7}->d_{2,4,5,7}, d_{0,4,5,8}->d_{2,4,5,8}, d_{0,4,5,9}->d_{2,4,5,9}, d_{0,4,5,10}->d_{2,4,5,10}, d_{0,4,5,11}->d_{2,4,5,11}, d_{0,4,6,7}->d_{2,4,6,7}, d_{0,4,6,8}->d_{2,4,6,8}, d_{0,4,6,9}->d_{2,4,6,9}, d_{0,4,6,10}->d_{2,4,6,10}, d_{0,4,6,11}->d_{2,4,6,11}, d_{0,4,7,8}->d_{2,4,7,8}, d_{0,4,7,9}->d_{2,4,7,9}, d_{0,4,7,10}->d_{2,4,7,10}, d_{0,4,7,11}->d_{2,4,7,11}, d_{0,4,8,9}->d_{2,4,8,9}, d_{0,4,8,10}->d_{2,4,8,10}, d_{0,4,8,11}->d_{2,4,8,11}, d_{0,4,9,10}->d_{2,4,9,10}, d_{0,4,9,11}->d_{2,4,9,11}, d_{0,4,10,11}->d_{2,4,10,11}, d_{0,5,1,2}->d_{2,5,0,1}, d_{0,5,1,3}->d_{2,5,1,3}, d_{0,5,1,4}->d_{2,5,1,4}, d_{0,5,1,6}->d_{2,5,1,6}, d_{0,5,1,7}->d_{2,5,1,7}, d_{0,5,1,8}->d_{2,5,1,8}, d_{0,5,1,9}->d_{2,5,1,9}, d_{0,5,1,10}->d_{2,5,1,10}, d_{0,5,1,11}->d_{2,5,1,11}, d_{0,5,2,3}->d_{2,5,0,3}, d_{0,5,2,4}->d_{2,5,0,4}, d_{0,5,2,6}->d_{2,5,0,6}, d_{0,5,2,7}->d_{2,5,0,7}, d_{0,5,2,8}->d_{2,5,0,8}, d_{0,5,2,9}->d_{2,5,0,9}, d_{0,5,2,10}->d_{2,5,0,10}, d_{0,5,2,11}->d_{2,5,0,11}, d_{0,5,3,4}->d_{2,5,3,4}, d_{0,5,3,6}->d_{2,5,3,6}, d_{0,5,3,7}->d_{2,5,3,7}, d_{0,5,3,8}->d_{2,5,3,8}, d_{0,5,3,9}->d_{2,5,3,9}, d_{0,5,3,10}->d_{2,5,3,10}, d_{0,5,3,11}->d_{2,5,3,11}, d_{0,5,4,6}->d_{2,5,4,6}, d_{0,5,4,7}->d_{2,5,4,7}, d_{0,5,4,8}->d_{2,5,4,8}, d_{0,5,4,9}->d_{2,5,4,9}, d_{0,5,4,10}->d_{2,5,4,10}, d_{0,5,4,11}->d_{2,5,4,11}, d_{0,5,6,7}->d_{2,5,6,7}, d_{0,5,6,8}->d_{2,5,6,8}, d_{0,5,6,9}->d_{2,5,6,9}, d_{0,5,6,10}->d_{2,5,6,10}, d_{0,5,6,11}->d_{2,5,6,11}, d_{0,5,7,8}->d_{2,5,7,8}, d_{0,5,7,9}->d_{2,5,7,9}, d_{0,5,7,10}->d_{2,5,7,10}, d_{0,5,7,11}->d_{2,5,7,11}, d_{0,5,8,9}->d_{2,5,8,9}, d_{0,5,8,10}->d_{2,5,8,10}, d_{0,5,8,11}->d_{2,5,8,11}, d_{0,5,9,10}->d_{2,5,9,10}, d_{0,5,9,11}->d_{2,5,9,11}, d_{0,5,10,11}->d_{2,5,10,11}, d_{0,6,1,2}->d_{2,6,0,1}, d_{0,6,1,3}->d_{2,6,1,3}, d_{0,6,1,4}->d_{2,6,1,4}, d_{0,6,1,5}->d_{2,6,1,5}, d_{0,6,1,7}->d_{2,6,1,7}, d_{0,6,1,8}->d_{2,6,1,8}, d_{0,6,1,9}->d_{2,6,1,9}, d_{0,6,1,10}->d_{2,6,1,10}, d_{0,6,1,11}->d_{2,6,1,11}, d_{0,6,2,3}->d_{2,6,0,3}, d_{0,6,2,4}->d_{2,6,0,4}, d_{0,6,2,5}->d_{2,6,0,5}, d_{0,6,2,7}->d_{2,6,0,7}, d_{0,6,2,8}->d_{2,6,0,8}, d_{0,6,2,9}->d_{2,6,0,9}, d_{0,6,2,10}->d_{2,6,0,10}, d_{0,6,2,11}->d_{2,6,0,11}, d_{0,6,3,4}->d_{2,6,3,4}, d_{0,6,3,5}->d_{2,6,3,5}, d_{0,6,3,7}->d_{2,6,3,7}, d_{0,6,3,8}->d_{2,6,3,8}, d_{0,6,3,9}->d_{2,6,3,9}, d_{0,6,3,10}->d_{2,6,3,10}, d_{0,6,3,11}->d_{2,6,3,11}, d_{0,6,4,5}->d_{2,6,4,5}, d_{0,6,4,7}->d_{2,6,4,7}, d_{0,6,4,8}->d_{2,6,4,8}, d_{0,6,4,9}->d_{2,6,4,9}, d_{0,6,4,10}->d_{2,6,4,10}, d_{0,6,4,11}->d_{2,6,4,11}, d_{0,6,5,7}->d_{2,6,5,7}, d_{0,6,5,8}->d_{2,6,5,8}, d_{0,6,5,9}->d_{2,6,5,9}, d_{0,6,5,10}->d_{2,6,5,10}, d_{0,6,5,11}->d_{2,6,5,11}, d_{0,6,7,8}->d_{2,6,7,8}, d_{0,6,7,9}->d_{2,6,7,9}, d_{0,6,7,10}->d_{2,6,7,10}, d_{0,6,7,11}->d_{2,6,7,11}, d_{0,6,8,9}->d_{2,6,8,9}, d_{0,6,8,10}->d_{2,6,8,10}, d_{0,6,8,11}->d_{2,6,8,11}, d_{0,6,9,10}->d_{2,6,9,10}, d_{0,6,9,11}->d_{2,6,9,11}, d_{0,6,10,11}->d_{2,6,10,11}, d_{0,7,1,2}->d_{2,7,0,1}, d_{0,7,1,3}->d_{2,7,1,3}, d_{0,7,1,4}->d_{2,7,1,4}, d_{0,7,1,5}->d_{2,7,1,5}, d_{0,7,1,6}->d_{2,7,1,6}, d_{0,7,1,8}->d_{2,7,1,8}, d_{0,7,1,9}->d_{2,7,1,9}, d_{0,7,1,10}->d_{2,7,1,10}, d_{0,7,1,11}->d_{2,7,1,11}, d_{0,7,2,3}->d_{2,7,0,3}, d_{0,7,2,4}->d_{2,7,0,4}, d_{0,7,2,5}->d_{2,7,0,5}, d_{0,7,2,6}->d_{2,7,0,6}, d_{0,7,2,8}->d_{2,7,0,8}, d_{0,7,2,9}->d_{2,7,0,9}, d_{0,7,2,10}->d_{2,7,0,10}, d_{0,7,2,11}->d_{2,7,0,11}, d_{0,7,3,4}->d_{2,7,3,4}, d_{0,7,3,5}->d_{2,7,3,5}, d_{0,7,3,6}->d_{2,7,3,6}, d_{0,7,3,8}->d_{2,7,3,8}, d_{0,7,3,9}->d_{2,7,3,9}, d_{0,7,3,10}->d_{2,7,3,10}, d_{0,7,3,11}->d_{2,7,3,11}, d_{0,7,4,5}->d_{2,7,4,5}, d_{0,7,4,6}->d_{2,7,4,6}, d_{0,7,4,8}->d_{2,7,4,8}, d_{0,7,4,9}->d_{2,7,4,9}, d_{0,7,4,10}->d_{2,7,4,10}, d_{0,7,4,11}->d_{2,7,4,11}, d_{0,7,5,6}->d_{2,7,5,6}, d_{0,7,5,8}->d_{2,7,5,8}, d_{0,7,5,9}->d_{2,7,5,9}, d_{0,7,5,10}->d_{2,7,5,10}, d_{0,7,5,11}->d_{2,7,5,11}, d_{0,7,6,8}->d_{2,7,6,8}, d_{0,7,6,9}->d_{2,7,6,9}, d_{0,7,6,10}->d_{2,7,6,10}, d_{0,7,6,11}->d_{2,7,6,11}, d_{0,7,8,9}->d_{2,7,8,9}, d_{0,7,8,10}->d_{2,7,8,10}, d_{0,7,8,11}->d_{2,7,8,11}, d_{0,7,9,10}->d_{2,7,9,10}, d_{0,7,9,11}->d_{2,7,9,11}, d_{0,7,10,11}->d_{2,7,10,11}, d_{0,8,1,2}->d_{2,8,0,1}, d_{0,8,1,3}->d_{2,8,1,3}, d_{0,8,1,4}->d_{2,8,1,4}, d_{0,8,1,5}->d_{2,8,1,5}, d_{0,8,1,6}->d_{2,8,1,6}, d_{0,8,1,7}->d_{2,8,1,7}, d_{0,8,1,9}->d_{2,8,1,9}, d_{0,8,1,10}->d_{2,8,1,10}, d_{0,8,1,11}->d_{2,8,1,11}, d_{0,8,2,3}->d_{2,8,0,3}, d_{0,8,2,4}->d_{2,8,0,4}, d_{0,8,2,5}->d_{2,8,0,5}, d_{0,8,2,6}->d_{2,8,0,6}, d_{0,8,2,7}->d_{2,8,0,7}, d_{0,8,2,9}->d_{2,8,0,9}, d_{0,8,2,10}->d_{2,8,0,10}, d_{0,8,2,11}->d_{2,8,0,11}, d_{0,8,3,4}->d_{2,8,3,4}, d_{0,8,3,5}->d_{2,8,3,5}, d_{0,8,3,6}->d_{2,8,3,6}, d_{0,8,3,7}->d_{2,8,3,7}, d_{0,8,3,9}->d_{2,8,3,9}, d_{0,8,3,10}->d_{2,8,3,10}, d_{0,8,3,11}->d_{2,8,3,11}, d_{0,8,4,5}->d_{2,8,4,5}, d_{0,8,4,6}->d_{2,8,4,6}, d_{0,8,4,7}->d_{2,8,4,7}, d_{0,8,4,9}->d_{2,8,4,9}, d_{0,8,4,10}->d_{2,8,4,10}, d_{0,8,4,11}->d_{2,8,4,11}, d_{0,8,5,6}->d_{2,8,5,6}, d_{0,8,5,7}->d_{2,8,5,7}, d_{0,8,5,9}->d_{2,8,5,9}, d_{0,8,5,10}->d_{2,8,5,10}, d_{0,8,5,11}->d_{2,8,5,11}, d_{0,8,6,7}->d_{2,8,6,7}, d_{0,8,6,9}->d_{2,8,6,9}, d_{0,8,6,10}->d_{2,8,6,10}, d_{0,8,6,11}->d_{2,8,6,11}, d_{0,8,7,9}->d_{2,8,7,9}, d_{0,8,7,10}->d_{2,8,7,10}, d_{0,8,7,11}->d_{2,8,7,11}, d_{0,8,9,10}->d_{2,8,9,10}, d_{0,8,9,11}->d_{2,8,9,11}, d_{0,8,10,11}->d_{2,8,10,11}, d_{0,9,1,2}->d_{2,9,0,1}, d_{0,9,1,3}->d_{2,9,1,3}, d_{0,9,1,4}->d_{2,9,1,4}, d_{0,9,1,5}->d_{2,9,1,5}, d_{0,9,1,6}->d_{2,9,1,6}, d_{0,9,1,7}->d_{2,9,1,7}, d_{0,9,1,8}->d_{2,9,1,8}, d_{0,9,1,10}->d_{2,9,1,10}, d_{0,9,1,11}->d_{2,9,1,11}, d_{0,9,2,3}->d_{2,9,0,3}, d_{0,9,2,4}->d_{2,9,0,4}, d_{0,9,2,5}->d_{2,9,0,5}, d_{0,9,2,6}->d_{2,9,0,6}, d_{0,9,2,7}->d_{2,9,0,7}, d_{0,9,2,8}->d_{2,9,0,8}, d_{0,9,2,10}->d_{2,9,0,10}, d_{0,9,2,11}->d_{2,9,0,11}, d_{0,9,3,4}->d_{2,9,3,4}, d_{0,9,3,5}->d_{2,9,3,5}, d_{0,9,3,6}->d_{2,9,3,6}, d_{0,9,3,7}->d_{2,9,3,7}, d_{0,9,3,8}->d_{2,9,3,8}, d_{0,9,3,10}->d_{2,9,3,10}, d_{0,9,3,11}->d_{2,9,3,11}, d_{0,9,4,5}->d_{2,9,4,5}, d_{0,9,4,6}->d_{2,9,4,6}, d_{0,9,4,7}->d_{2,9,4,7}, d_{0,9,4,8}->d_{2,9,4,8}, d_{0,9,4,10}->d_{2,9,4,10}, d_{0,9,4,11}->d_{2,9,4,11}, d_{0,9,5,6}->d_{2,9,5,6}, d_{0,9,5,7}->d_{2,9,5,7}, d_{0,9,5,8}->d_{2,9,5,8}, d_{0,9,5,10}->d_{2,9,5,10}, d_{0,9,5,11}->d_{2,9,5,11}, d_{0,9,6,7}->d_{2,9,6,7}, d_{0,9,6,8}->d_{2,9,6,8}, d_{0,9,6,10}->d_{2,9,6,10}, d_{0,9,6,11}->d_{2,9,6,11}, d_{0,9,7,8}->d_{2,9,7,8}, d_{0,9,7,10}->d_{2,9,7,10}, d_{0,9,7,11}->d_{2,9,7,11}, d_{0,9,8,10}->d_{2,9,8,10}, d_{0,9,8,11}->d_{2,9,8,11}, d_{0,9,10,11}->d_{2,9,10,11}, d_{0,10,1,2}->d_{2,10,0,1}, d_{0,10,1,3}->d_{2,10,1,3}, d_{0,10,1,4}->d_{2,10,1,4}, d_{0,10,1,5}->d_{2,10,1,5}, d_{0,10,1,6}->d_{2,10,1,6}, d_{0,10,1,7}->d_{2,10,1,7}, d_{0,10,1,8}->d_{2,10,1,8}, d_{0,10,1,9}->d_{2,10,1,9}, d_{0,10,1,11}->d_{2,10,1,11}, d_{0,10,2,3}->d_{2,10,0,3}, d_{0,10,2,4}->d_{2,10,0,4}, d_{0,10,2,5}->d_{2,10,0,5}, d_{0,10,2,6}->d_{2,10,0,6}, d_{0,10,2,7}->d_{2,10,0,7}, d_{0,10,2,8}->d_{2,10,0,8}, d_{0,10,2,9}->d_{2,10,0,9}, d_{0,10,2,11}->d_{2,10,0,11}, d_{0,10,3,4}->d_{2,10,3,4}, d_{0,10,3,5}->d_{2,10,3,5}, d_{0,10,3,6}->d_{2,10,3,6}, d_{0,10,3,7}->d_{2,10,3,7}, d_{0,10,3,8}->d_{2,10,3,8}, d_{0,10,3,9}->d_{2,10,3,9}, d_{0,10,3,11}->d_{2,10,3,11}, d_{0,10,4,5}->d_{2,10,4,5}, d_{0,10,4,6}->d_{2,10,4,6}, d_{0,10,4,7}->d_{2,10,4,7}, d_{0,10,4,8}->d_{2,10,4,8}, d_{0,10,4,9}->d_{2,10,4,9}, d_{0,10,4,11}->d_{2,10,4,11}, d_{0,10,5,6}->d_{2,10,5,6}, d_{0,10,5,7}->d_{2,10,5,7}, d_{0,10,5,8}->d_{2,10,5,8}, d_{0,10,5,9}->d_{2,10,5,9}, d_{0,10,5,11}->d_{2,10,5,11}, d_{0,10,6,7}->d_{2,10,6,7}, d_{0,10,6,8}->d_{2,10,6,8}, d_{0,10,6,9}->d_{2,10,6,9}, d_{0,10,6,11}->d_{2,10,6,11}, d_{0,10,7,8}->d_{2,10,7,8}, d_{0,10,7,9}->d_{2,10,7,9}, d_{0,10,7,11}->d_{2,10,7,11}, d_{0,10,8,9}->d_{2,10,8,9}, d_{0,10,8,11}->d_{2,10,8,11}, d_{0,10,9,11}->d_{2,10,9,11}, d_{0,11,1,2}->d_{2,11,0,1}, d_{0,11,1,3}->d_{2,11,1,3}, d_{0,11,1,4}->d_{2,11,1,4}, d_{0,11,1,5}->d_{2,11,1,5}, d_{0,11,1,6}->d_{2,11,1,6}, d_{0,11,1,7}->d_{2,11,1,7}, d_{0,11,1,8}->d_{2,11,1,8}, d_{0,11,1,9}->d_{2,11,1,9}, d_{0,11,1,10}->d_{2,11,1,10}, d_{0,11,2,3}->d_{2,11,0,3}, d_{0,11,2,4}->d_{2,11,0,4}, d_{0,11,2,5}->d_{2,11,0,5}, d_{0,11,2,6}->d_{2,11,0,6}, d_{0,11,2,7}->d_{2,11,0,7}, d_{0,11,2,8}->d_{2,11,0,8}, d_{0,11,2,9}->d_{2,11,0,9}, d_{0,11,2,10}->d_{2,11,0,10}, d_{0,11,3,4}->d_{2,11,3,4}, d_{0,11,3,5}->d_{2,11,3,5}, d_{0,11,3,6}->d_{2,11,3,6}, d_{0,11,3,7}->d_{2,11,3,7}, d_{0,11,3,8}->d_{2,11,3,8}, d_{0,11,3,9}->d_{2,11,3,9}, d_{0,11,3,10}->d_{2,11,3,10}, d_{0,11,4,5}->d_{2,11,4,5}, d_{0,11,4,6}->d_{2,11,4,6}, d_{0,11,4,7}->d_{2,11,4,7}, d_{0,11,4,8}->d_{2,11,4,8}, d_{0,11,4,9}->d_{2,11,4,9}, d_{0,11,4,10}->d_{2,11,4,10}, d_{0,11,5,6}->d_{2,11,5,6}, d_{0,11,5,7}->d_{2,11,5,7}, d_{0,11,5,8}->d_{2,11,5,8}, d_{0,11,5,9}->d_{2,11,5,9}, d_{0,11,5,10}->d_{2,11,5,10}, d_{0,11,6,7}->d_{2,11,6,7}, d_{0,11,6,8}->d_{2,11,6,8}, d_{0,11,6,9}->d_{2,11,6,9}, d_{0,11,6,10}->d_{2,11,6,10}, d_{0,11,7,8}->d_{2,11,7,8}, d_{0,11,7,9}->d_{2,11,7,9}, d_{0,11,7,10}->d_{2,11,7,10}, d_{0,11,8,9}->d_{2,11,8,9}, d_{0,11,8,10}->d_{2,11,8,10}, d_{0,11,9,10}->d_{2,11,9,10}, d_{1,2,0,3}->d_{0,1,2,3}, d_{1,2,0,4}->d_{0,1,2,4}, d_{1,2,0,5}->d_{0,1,2,5}, d_{1,2,0,6}->d_{0,1,2,6}, d_{1,2,0,7}->d_{0,1,2,7}, d_{1,2,0,8}->d_{0,1,2,8}, d_{1,2,0,9}->d_{0,1,2,9}, d_{1,2,0,10}->d_{0,1,2,10}, d_{1,2,0,11}->d_{0,1,2,11}, d_{1,2,3,4}->d_{0,1,3,4}, d_{1,2,3,5}->d_{0,1,3,5}, d_{1,2,3,6}->d_{0,1,3,6}, d_{1,2,3,7}->d_{0,1,3,7}, d_{1,2,3,8}->d_{0,1,3,8}, d_{1,2,3,9}->d_{0,1,3,9}, d_{1,2,3,10}->d_{0,1,3,10}, d_{1,2,3,11}->d_{0,1,3,11}, d_{1,2,4,5}->d_{0,1,4,5}, d_{1,2,4,6}->d_{0,1,4,6}, d_{1,2,4,7}->d_{0,1,4,7}, d_{1,2,4,8}->d_{0,1,4,8}, d_{1,2,4,9}->d_{0,1,4,9}, d_{1,2,4,10}->d_{0,1,4,10}, d_{1,2,4,11}->d_{0,1,4,11}, d_{1,2,5,6}->d_{0,1,5,6}, d_{1,2,5,7}->d_{0,1,5,7}, d_{1,2,5,8}->d_{0,1,5,8}, d_{1,2,5,9}->d_{0,1,5,9}, d_{1,2,5,10}->d_{0,1,5,10}, d_{1,2,5,11}->d_{0,1,5,11}, d_{1,2,6,7}->d_{0,1,6,7}, d_{1,2,6,8}->d_{0,1,6,8}, d_{1,2,6,9}->d_{0,1,6,9}, d_{1,2,6,10}->d_{0,1,6,10}, d_{1,2,6,11}->d_{0,1,6,11}, d_{1,2,7,8}->d_{0,1,7,8}, d_{1,2,7,9}->d_{0,1,7,9}, d_{1,2,7,10}->d_{0,1,7,10}, d_{1,2,7,11}->d_{0,1,7,11}, d_{1,2,8,9}->d_{0,1,8,9}, d_{1,2,8,10}->d_{0,1,8,10}, d_{1,2,8,11}->d_{0,1,8,11}, d_{1,2,9,10}->d_{0,1,9,10}, d_{1,2,9,11}->d_{0,1,9,11}, d_{1,2,10,11}->d_{0,1,10,11}, d_{1,3,0,4}->d_{1,3,2,4}, d_{1,3,0,5}->d_{1,3,2,5}, d_{1,3,0,6}->d_{1,3,2,6}, d_{1,3,0,7}->d_{1,3,2,7}, d_{1,3,0,8}->d_{1,3,2,8}, d_{1,3,0,9}->d_{1,3,2,9}, d_{1,3,0,10}->d_{1,3,2,10}, d_{1,3,0,11}->d_{1,3,2,11}, d_{1,3,2,4}->d_{1,3,0,4}, d_{1,3,2,5}->d_{1,3,0,5}, d_{1,3,2,6}->d_{1,3,0,6}, d_{1,3,2,7}->d_{1,3,0,7}, d_{1,3,2,8}->d_{1,3,0,8}, d_{1,3,2,9}->d_{1,3,0,9}, d_{1,3,2,10}->d_{1,3,0,10}, d_{1,3,2,11}->d_{1,3,0,11}, d_{1,4,0,3}->d_{1,4,2,3}, d_{1,4,0,5}->d_{1,4,2,5}, d_{1,4,0,6}->d_{1,4,2,6}, d_{1,4,0,7}->d_{1,4,2,7}, d_{1,4,0,8}->d_{1,4,2,8}, d_{1,4,0,9}->d_{1,4,2,9}, d_{1,4,0,10}->d_{1,4,2,10}, d_{1,4,0,11}->d_{1,4,2,11}, d_{1,4,2,3}->d_{1,4,0,3}, d_{1,4,2,5}->d_{1,4,0,5}, d_{1,4,2,6}->d_{1,4,0,6}, d_{1,4,2,7}->d_{1,4,0,7}, d_{1,4,2,8}->d_{1,4,0,8}, d_{1,4,2,9}->d_{1,4,0,9}, d_{1,4,2,10}->d_{1,4,0,10}, d_{1,4,2,11}->d_{1,4,0,11}, d_{1,5,0,3}->d_{1,5,2,3}, d_{1,5,0,4}->d_{1,5,2,4}, d_{1,5,0,6}->d_{1,5,2,6}, d_{1,5,0,7}->d_{1,5,2,7}, d_{1,5,0,8}->d_{1,5,2,8}, d_{1,5,0,9}->d_{1,5,2,9}, d_{1,5,0,10}->d_{1,5,2,10}, d_{1,5,0,11}->d_{1,5,2,11}, d_{1,5,2,3}->d_{1,5,0,3}, d_{1,5,2,4}->d_{1,5,0,4}, d_{1,5,2,6}->d_{1,5,0,6}, d_{1,5,2,7}->d_{1,5,0,7}, d_{1,5,2,8}->d_{1,5,0,8}, d_{1,5,2,9}->d_{1,5,0,9}, d_{1,5,2,10}->d_{1,5,0,10}, d_{1,5,2,11}->d_{1,5,0,11}, d_{1,6,0,3}->d_{1,6,2,3}, d_{1,6,0,4}->d_{1,6,2,4}, d_{1,6,0,5}->d_{1,6,2,5}, d_{1,6,0,7}->d_{1,6,2,7}, d_{1,6,0,8}->d_{1,6,2,8}, d_{1,6,0,9}->d_{1,6,2,9}, d_{1,6,0,10}->d_{1,6,2,10}, d_{1,6,0,11}->d_{1,6,2,11}, d_{1,6,2,3}->d_{1,6,0,3}, d_{1,6,2,4}->d_{1,6,0,4}, d_{1,6,2,5}->d_{1,6,0,5}, d_{1,6,2,7}->d_{1,6,0,7}, d_{1,6,2,8}->d_{1,6,0,8}, d_{1,6,2,9}->d_{1,6,0,9}, d_{1,6,2,10}->d_{1,6,0,10}, d_{1,6,2,11}->d_{1,6,0,11}, d_{1,7,0,3}->d_{1,7,2,3}, d_{1,7,0,4}->d_{1,7,2,4}, d_{1,7,0,5}->d_{1,7,2,5}, d_{1,7,0,6}->d_{1,7,2,6}, d_{1,7,0,8}->d_{1,7,2,8}, d_{1,7,0,9}->d_{1,7,2,9}, d_{1,7,0,10}->d_{1,7,2,10}, d_{1,7,0,11}->d_{1,7,2,11}, d_{1,7,2,3}->d_{1,7,0,3}, d_{1,7,2,4}->d_{1,7,0,4}, d_{1,7,2,5}->d_{1,7,0,5}, d_{1,7,2,6}->d_{1,7,0,6}, d_{1,7,2,8}->d_{1,7,0,8}, d_{1,7,2,9}->d_{1,7,0,9}, d_{1,7,2,10}->d_{1,7,0,10}, d_{1,7,2,11}->d_{1,7,0,11}, d_{1,8,0,3}->d_{1,8,2,3}, d_{1,8,0,4}->d_{1,8,2,4}, d_{1,8,0,5}->d_{1,8,2,5}, d_{1,8,0,6}->d_{1,8,2,6}, d_{1,8,0,7}->d_{1,8,2,7}, d_{1,8,0,9}->d_{1,8,2,9}, d_{1,8,0,10}->d_{1,8,2,10}, d_{1,8,0,11}->d_{1,8,2,11}, d_{1,8,2,3}->d_{1,8,0,3}, d_{1,8,2,4}->d_{1,8,0,4}, d_{1,8,2,5}->d_{1,8,0,5}, d_{1,8,2,6}->d_{1,8,0,6}, d_{1,8,2,7}->d_{1,8,0,7}, d_{1,8,2,9}->d_{1,8,0,9}, d_{1,8,2,10}->d_{1,8,0,10}, d_{1,8,2,11}->d_{1,8,0,11}, d_{1,9,0,3}->d_{1,9,2,3}, d_{1,9,0,4}->d_{1,9,2,4}, d_{1,9,0,5}->d_{1,9,2,5}, d_{1,9,0,6}->d_{1,9,2,6}, d_{1,9,0,7}->d_{1,9,2,7}, d_{1,9,0,8}->d_{1,9,2,8}, d_{1,9,0,10}->d_{1,9,2,10}, d_{1,9,0,11}->d_{1,9,2,11}, d_{1,9,2,3}->d_{1,9,0,3}, d_{1,9,2,4}->d_{1,9,0,4}, d_{1,9,2,5}->d_{1,9,0,5}, d_{1,9,2,6}->d_{1,9,0,6}, d_{1,9,2,7}->d_{1,9,0,7}, d_{1,9,2,8}->d_{1,9,0,8}, d_{1,9,2,10}->d_{1,9,0,10}, d_{1,9,2,11}->d_{1,9,0,11}, d_{1,10,0,3}->d_{1,10,2,3}, d_{1,10,0,4}->d_{1,10,2,4}, d_{1,10,0,5}->d_{1,10,2,5}, d_{1,10,0,6}->d_{1,10,2,6}, d_{1,10,0,7}->d_{1,10,2,7}, d_{1,10,0,8}->d_{1,10,2,8}, d_{1,10,0,9}->d_{1,10,2,9}, d_{1,10,0,11}->d_{1,10,2,11}, d_{1,10,2,3}->d_{1,10,0,3}, d_{1,10,2,4}->d_{1,10,0,4}, d_{1,10,2,5}->d_{1,10,0,5}, d_{1,10,2,6}->d_{1,10,0,6}, d_{1,10,2,7}->d_{1,10,0,7}, d_{1,10,2,8}->d_{1,10,0,8}, d_{1,10,2,9}->d_{1,10,0,9}, d_{1,10,2,11}->d_{1,10,0,11}, d_{1,11,0,3}->d_{1,11,2,3}, d_{1,11,0,4}->d_{1,11,2,4}, d_{1,11,0,5}->d_{1,11,2,5}, d_{1,11,0,6}->d_{1,11,2,6}, d_{1,11,0,7}->d_{1,11,2,7}, d_{1,11,0,8}->d_{1,11,2,8}, d_{1,11,0,9}->d_{1,11,2,9}, d_{1,11,0,10}->d_{1,11,2,10}, d_{1,11,2,3}->d_{1,11,0,3}, d_{1,11,2,4}->d_{1,11,0,4}, d_{1,11,2,5}->d_{1,11,0,5}, d_{1,11,2,6}->d_{1,11,0,6}, d_{1,11,2,7}->d_{1,11,0,7}, d_{1,11,2,8}->d_{1,11,0,8}, d_{1,11,2,9}->d_{1,11,0,9}, d_{1,11,2,10}->d_{1,11,0,10}, d_{2,3,0,1}->d_{0,3,1,2}, d_{2,3,0,4}->d_{0,3,2,4}, d_{2,3,0,5}->d_{0,3,2,5}, d_{2,3,0,6}->d_{0,3,2,6}, d_{2,3,0,7}->d_{0,3,2,7}, d_{2,3,0,8}->d_{0,3,2,8}, d_{2,3,0,9}->d_{0,3,2,9}, d_{2,3,0,10}->d_{0,3,2,10}, d_{2,3,0,11}->d_{0,3,2,11}, d_{2,3,1,4}->d_{0,3,1,4}, d_{2,3,1,5}->d_{0,3,1,5}, d_{2,3,1,6}->d_{0,3,1,6}, d_{2,3,1,7}->d_{0,3,1,7}, d_{2,3,1,8}->d_{0,3,1,8}, d_{2,3,1,9}->d_{0,3,1,9}, d_{2,3,1,10}->d_{0,3,1,10}, d_{2,3,1,11}->d_{0,3,1,11}, d_{2,3,4,5}->d_{0,3,4,5}, d_{2,3,4,6}->d_{0,3,4,6}, d_{2,3,4,7}->d_{0,3,4,7}, d_{2,3,4,8}->d_{0,3,4,8}, d_{2,3,4,9}->d_{0,3,4,9}, d_{2,3,4,10}->d_{0,3,4,10}, d_{2,3,4,11}->d_{0,3,4,11}, d_{2,3,5,6}->d_{0,3,5,6}, d_{2,3,5,7}->d_{0,3,5,7}, d_{2,3,5,8}->d_{0,3,5,8}, d_{2,3,5,9}->d_{0,3,5,9}, d_{2,3,5,10}->d_{0,3,5,10}, d_{2,3,5,11}->d_{0,3,5,11}, d_{2,3,6,7}->d_{0,3,6,7}, d_{2,3,6,8}->d_{0,3,6,8}, d_{2,3,6,9}->d_{0,3,6,9}, d_{2,3,6,10}->d_{0,3,6,10}, d_{2,3,6,11}->d_{0,3,6,11}, d_{2,3,7,8}->d_{0,3,7,8}, d_{2,3,7,9}->d_{0,3,7,9}, d_{2,3,7,10}->d_{0,3,7,10}, d_{2,3,7,11}->d_{0,3,7,11}, d_{2,3,8,9}->d_{0,3,8,9}, d_{2,3,8,10}->d_{0,3,8,10}, d_{2,3,8,11}->d_{0,3,8,11}, d_{2,3,9,10}->d_{0,3,9,10}, d_{2,3,9,11}->d_{0,3,9,11}, d_{2,3,10,11}->d_{0,3,10,11}, d_{2,4,0,1}->d_{0,4,1,2}, d_{2,4,0,3}->d_{0,4,2,3}, d_{2,4,0,5}->d_{0,4,2,5}, d_{2,4,0,6}->d_{0,4,2,6}, d_{2,4,0,7}->d_{0,4,2,7}, d_{2,4,0,8}->d_{0,4,2,8}, d_{2,4,0,9}->d_{0,4,2,9}, d_{2,4,0,10}->d_{0,4,2,10}, d_{2,4,0,11}->d_{0,4,2,11}, d_{2,4,1,3}->d_{0,4,1,3}, d_{2,4,1,5}->d_{0,4,1,5}, d_{2,4,1,6}->d_{0,4,1,6}, d_{2,4,1,7}->d_{0,4,1,7}, d_{2,4,1,8}->d_{0,4,1,8}, d_{2,4,1,9}->d_{0,4,1,9}, d_{2,4,1,10}->d_{0,4,1,10}, d_{2,4,1,11}->d_{0,4,1,11}, d_{2,4,3,5}->d_{0,4,3,5}, d_{2,4,3,6}->d_{0,4,3,6}, d_{2,4,3,7}->d_{0,4,3,7}, d_{2,4,3,8}->d_{0,4,3,8}, d_{2,4,3,9}->d_{0,4,3,9}, d_{2,4,3,10}->d_{0,4,3,10}, d_{2,4,3,11}->d_{0,4,3,11}, d_{2,4,5,6}->d_{0,4,5,6}, d_{2,4,5,7}->d_{0,4,5,7}, d_{2,4,5,8}->d_{0,4,5,8}, d_{2,4,5,9}->d_{0,4,5,9}, d_{2,4,5,10}->d_{0,4,5,10}, d_{2,4,5,11}->d_{0,4,5,11}, d_{2,4,6,7}->d_{0,4,6,7}, d_{2,4,6,8}->d_{0,4,6,8}, d_{2,4,6,9}->d_{0,4,6,9}, d_{2,4,6,10}->d_{0,4,6,10}, d_{2,4,6,11}->d_{0,4,6,11}, d_{2,4,7,8}->d_{0,4,7,8}, d_{2,4,7,9}->d_{0,4,7,9}, d_{2,4,7,10}->d_{0,4,7,10}, d_{2,4,7,11}->d_{0,4,7,11}, d_{2,4,8,9}->d_{0,4,8,9}, d_{2,4,8,10}->d_{0,4,8,10}, d_{2,4,8,11}->d_{0,4,8,11}, d_{2,4,9,10}->d_{0,4,9,10}, d_{2,4,9,11}->d_{0,4,9,11}, d_{2,4,10,11}->d_{0,4,10,11}, d_{2,5,0,1}->d_{0,5,1,2}, d_{2,5,0,3}->d_{0,5,2,3}, d_{2,5,0,4}->d_{0,5,2,4}, d_{2,5,0,6}->d_{0,5,2,6}, d_{2,5,0,7}->d_{0,5,2,7}, d_{2,5,0,8}->d_{0,5,2,8}, d_{2,5,0,9}->d_{0,5,2,9}, d_{2,5,0,10}->d_{0,5,2,10}, d_{2,5,0,11}->d_{0,5,2,11}, d_{2,5,1,3}->d_{0,5,1,3}, d_{2,5,1,4}->d_{0,5,1,4}, d_{2,5,1,6}->d_{0,5,1,6}, d_{2,5,1,7}->d_{0,5,1,7}, d_{2,5,1,8}->d_{0,5,1,8}, d_{2,5,1,9}->d_{0,5,1,9}, d_{2,5,1,10}->d_{0,5,1,10}, d_{2,5,1,11}->d_{0,5,1,11}, d_{2,5,3,4}->d_{0,5,3,4}, d_{2,5,3,6}->d_{0,5,3,6}, d_{2,5,3,7}->d_{0,5,3,7}, d_{2,5,3,8}->d_{0,5,3,8}, d_{2,5,3,9}->d_{0,5,3,9}, d_{2,5,3,10}->d_{0,5,3,10}, d_{2,5,3,11}->d_{0,5,3,11}, d_{2,5,4,6}->d_{0,5,4,6}, d_{2,5,4,7}->d_{0,5,4,7}, d_{2,5,4,8}->d_{0,5,4,8}, d_{2,5,4,9}->d_{0,5,4,9}, d_{2,5,4,10}->d_{0,5,4,10}, d_{2,5,4,11}->d_{0,5,4,11}, d_{2,5,6,7}->d_{0,5,6,7}, d_{2,5,6,8}->d_{0,5,6,8}, d_{2,5,6,9}->d_{0,5,6,9}, d_{2,5,6,10}->d_{0,5,6,10}, d_{2,5,6,11}->d_{0,5,6,11}, d_{2,5,7,8}->d_{0,5,7,8}, d_{2,5,7,9}->d_{0,5,7,9}, d_{2,5,7,10}->d_{0,5,7,10}, d_{2,5,7,11}->d_{0,5,7,11}, d_{2,5,8,9}->d_{0,5,8,9}, d_{2,5,8,10}->d_{0,5,8,10}, d_{2,5,8,11}->d_{0,5,8,11}, d_{2,5,9,10}->d_{0,5,9,10}, d_{2,5,9,11}->d_{0,5,9,11}, d_{2,5,10,11}->d_{0,5,10,11}, d_{2,6,0,1}->d_{0,6,1,2}, d_{2,6,0,3}->d_{0,6,2,3}, d_{2,6,0,4}->d_{0,6,2,4}, d_{2,6,0,5}->d_{0,6,2,5}, d_{2,6,0,7}->d_{0,6,2,7}, d_{2,6,0,8}->d_{0,6,2,8}, d_{2,6,0,9}->d_{0,6,2,9}, d_{2,6,0,10}->d_{0,6,2,10}, d_{2,6,0,11}->d_{0,6,2,11}, d_{2,6,1,3}->d_{0,6,1,3}, d_{2,6,1,4}->d_{0,6,1,4}, d_{2,6,1,5}->d_{0,6,1,5}, d_{2,6,1,7}->d_{0,6,1,7}, d_{2,6,1,8}->d_{0,6,1,8}, d_{2,6,1,9}->d_{0,6,1,9}, d_{2,6,1,10}->d_{0,6,1,10}, d_{2,6,1,11}->d_{0,6,1,11}, d_{2,6,3,4}->d_{0,6,3,4}, d_{2,6,3,5}->d_{0,6,3,5}, d_{2,6,3,7}->d_{0,6,3,7}, d_{2,6,3,8}->d_{0,6,3,8}, d_{2,6,3,9}->d_{0,6,3,9}, d_{2,6,3,10}->d_{0,6,3,10}, d_{2,6,3,11}->d_{0,6,3,11}, d_{2,6,4,5}->d_{0,6,4,5}, d_{2,6,4,7}->d_{0,6,4,7}, d_{2,6,4,8}->d_{0,6,4,8}, d_{2,6,4,9}->d_{0,6,4,9}, d_{2,6,4,10}->d_{0,6,4,10}, d_{2,6,4,11}->d_{0,6,4,11}, d_{2,6,5,7}->d_{0,6,5,7}, d_{2,6,5,8}->d_{0,6,5,8}, d_{2,6,5,9}->d_{0,6,5,9}, d_{2,6,5,10}->d_{0,6,5,10}, d_{2,6,5,11}->d_{0,6,5,11}, d_{2,6,7,8}->d_{0,6,7,8}, d_{2,6,7,9}->d_{0,6,7,9}, d_{2,6,7,10}->d_{0,6,7,10}, d_{2,6,7,11}->d_{0,6,7,11}, d_{2,6,8,9}->d_{0,6,8,9}, d_{2,6,8,10}->d_{0,6,8,10}, d_{2,6,8,11}->d_{0,6,8,11}, d_{2,6,9,10}->d_{0,6,9,10}, d_{2,6,9,11}->d_{0,6,9,11}, d_{2,6,10,11}->d_{0,6,10,11}, d_{2,7,0,1}->d_{0,7,1,2}, d_{2,7,0,3}->d_{0,7,2,3}, d_{2,7,0,4}->d_{0,7,2,4}, d_{2,7,0,5}->d_{0,7,2,5}, d_{2,7,0,6}->d_{0,7,2,6}, d_{2,7,0,8}->d_{0,7,2,8}, d_{2,7,0,9}->d_{0,7,2,9}, d_{2,7,0,10}->d_{0,7,2,10}, d_{2,7,0,11}->d_{0,7,2,11}, d_{2,7,1,3}->d_{0,7,1,3}, d_{2,7,1,4}->d_{0,7,1,4}, d_{2,7,1,5}->d_{0,7,1,5}, d_{2,7,1,6}->d_{0,7,1,6}, d_{2,7,1,8}->d_{0,7,1,8}, d_{2,7,1,9}->d_{0,7,1,9}, d_{2,7,1,10}->d_{0,7,1,10}, d_{2,7,1,11}->d_{0,7,1,11}, d_{2,7,3,4}->d_{0,7,3,4}, d_{2,7,3,5}->d_{0,7,3,5}, d_{2,7,3,6}->d_{0,7,3,6}, d_{2,7,3,8}->d_{0,7,3,8}, d_{2,7,3,9}->d_{0,7,3,9}, d_{2,7,3,10}->d_{0,7,3,10}, d_{2,7,3,11}->d_{0,7,3,11}, d_{2,7,4,5}->d_{0,7,4,5}, d_{2,7,4,6}->d_{0,7,4,6}, d_{2,7,4,8}->d_{0,7,4,8}, d_{2,7,4,9}->d_{0,7,4,9}, d_{2,7,4,10}->d_{0,7,4,10}, d_{2,7,4,11}->d_{0,7,4,11}, d_{2,7,5,6}->d_{0,7,5,6}, d_{2,7,5,8}->d_{0,7,5,8}, d_{2,7,5,9}->d_{0,7,5,9}, d_{2,7,5,10}->d_{0,7,5,10}, d_{2,7,5,11}->d_{0,7,5,11}, d_{2,7,6,8}->d_{0,7,6,8}, d_{2,7,6,9}->d_{0,7,6,9}, d_{2,7,6,10}->d_{0,7,6,10}, d_{2,7,6,11}->d_{0,7,6,11}, d_{2,7,8,9}->d_{0,7,8,9}, d_{2,7,8,10}->d_{0,7,8,10}, d_{2,7,8,11}->d_{0,7,8,11}, d_{2,7,9,10}->d_{0,7,9,10}, d_{2,7,9,11}->d_{0,7,9,11}, d_{2,7,10,11}->d_{0,7,10,11}, d_{2,8,0,1}->d_{0,8,1,2}, d_{2,8,0,3}->d_{0,8,2,3}, d_{2,8,0,4}->d_{0,8,2,4}, d_{2,8,0,5}->d_{0,8,2,5}, d_{2,8,0,6}->d_{0,8,2,6}, d_{2,8,0,7}->d_{0,8,2,7}, d_{2,8,0,9}->d_{0,8,2,9}, d_{2,8,0,10}->d_{0,8,2,10}, d_{2,8,0,11}->d_{0,8,2,11}, d_{2,8,1,3}->d_{0,8,1,3}, d_{2,8,1,4}->d_{0,8,1,4}, d_{2,8,1,5}->d_{0,8,1,5}, d_{2,8,1,6}->d_{0,8,1,6}, d_{2,8,1,7}->d_{0,8,1,7}, d_{2,8,1,9}->d_{0,8,1,9}, d_{2,8,1,10}->d_{0,8,1,10}, d_{2,8,1,11}->d_{0,8,1,11}, d_{2,8,3,4}->d_{0,8,3,4}, d_{2,8,3,5}->d_{0,8,3,5}, d_{2,8,3,6}->d_{0,8,3,6}, d_{2,8,3,7}->d_{0,8,3,7}, d_{2,8,3,9}->d_{0,8,3,9}, d_{2,8,3,10}->d_{0,8,3,10}, d_{2,8,3,11}->d_{0,8,3,11}, d_{2,8,4,5}->d_{0,8,4,5}, d_{2,8,4,6}->d_{0,8,4,6}, d_{2,8,4,7}->d_{0,8,4,7}, d_{2,8,4,9}->d_{0,8,4,9}, d_{2,8,4,10}->d_{0,8,4,10}, d_{2,8,4,11}->d_{0,8,4,11}, d_{2,8,5,6}->d_{0,8,5,6}, d_{2,8,5,7}->d_{0,8,5,7}, d_{2,8,5,9}->d_{0,8,5,9}, d_{2,8,5,10}->d_{0,8,5,10}, d_{2,8,5,11}->d_{0,8,5,11}, d_{2,8,6,7}->d_{0,8,6,7}, d_{2,8,6,9}->d_{0,8,6,9}, d_{2,8,6,10}->d_{0,8,6,10}, d_{2,8,6,11}->d_{0,8,6,11}, d_{2,8,7,9}->d_{0,8,7,9}, d_{2,8,7,10}->d_{0,8,7,10}, d_{2,8,7,11}->d_{0,8,7,11}, d_{2,8,9,10}->d_{0,8,9,10}, d_{2,8,9,11}->d_{0,8,9,11}, d_{2,8,10,11}->d_{0,8,10,11}, d_{2,9,0,1}->d_{0,9,1,2}, d_{2,9,0,3}->d_{0,9,2,3}, d_{2,9,0,4}->d_{0,9,2,4}, d_{2,9,0,5}->d_{0,9,2,5}, d_{2,9,0,6}->d_{0,9,2,6}, d_{2,9,0,7}->d_{0,9,2,7}, d_{2,9,0,8}->d_{0,9,2,8}, d_{2,9,0,10}->d_{0,9,2,10}, d_{2,9,0,11}->d_{0,9,2,11}, d_{2,9,1,3}->d_{0,9,1,3}, d_{2,9,1,4}->d_{0,9,1,4}, d_{2,9,1,5}->d_{0,9,1,5}, d_{2,9,1,6}->d_{0,9,1,6}, d_{2,9,1,7}->d_{0,9,1,7}, d_{2,9,1,8}->d_{0,9,1,8}, d_{2,9,1,10}->d_{0,9,1,10}, d_{2,9,1,11}->d_{0,9,1,11}, d_{2,9,3,4}->d_{0,9,3,4}, d_{2,9,3,5}->d_{0,9,3,5}, d_{2,9,3,6}->d_{0,9,3,6}, d_{2,9,3,7}->d_{0,9,3,7}, d_{2,9,3,8}->d_{0,9,3,8}, d_{2,9,3,10}->d_{0,9,3,10}, d_{2,9,3,11}->d_{0,9,3,11}, d_{2,9,4,5}->d_{0,9,4,5}, d_{2,9,4,6}->d_{0,9,4,6}, d_{2,9,4,7}->d_{0,9,4,7}, d_{2,9,4,8}->d_{0,9,4,8}, d_{2,9,4,10}->d_{0,9,4,10}, d_{2,9,4,11}->d_{0,9,4,11}, d_{2,9,5,6}->d_{0,9,5,6}, d_{2,9,5,7}->d_{0,9,5,7}, d_{2,9,5,8}->d_{0,9,5,8}, d_{2,9,5,10}->d_{0,9,5,10}, d_{2,9,5,11}->d_{0,9,5,11}, d_{2,9,6,7}->d_{0,9,6,7}, d_{2,9,6,8}->d_{0,9,6,8}, d_{2,9,6,10}->d_{0,9,6,10}, d_{2,9,6,11}->d_{0,9,6,11}, d_{2,9,7,8}->d_{0,9,7,8}, d_{2,9,7,10}->d_{0,9,7,10}, d_{2,9,7,11}->d_{0,9,7,11}, d_{2,9,8,10}->d_{0,9,8,10}, d_{2,9,8,11}->d_{0,9,8,11}, d_{2,9,10,11}->d_{0,9,10,11}, d_{2,10,0,1}->d_{0,10,1,2}, d_{2,10,0,3}->d_{0,10,2,3}, d_{2,10,0,4}->d_{0,10,2,4}, d_{2,10,0,5}->d_{0,10,2,5}, d_{2,10,0,6}->d_{0,10,2,6}, d_{2,10,0,7}->d_{0,10,2,7}, d_{2,10,0,8}->d_{0,10,2,8}, d_{2,10,0,9}->d_{0,10,2,9}, d_{2,10,0,11}->d_{0,10,2,11}, d_{2,10,1,3}->d_{0,10,1,3}, d_{2,10,1,4}->d_{0,10,1,4}, d_{2,10,1,5}->d_{0,10,1,5}, d_{2,10,1,6}->d_{0,10,1,6}, d_{2,10,1,7}->d_{0,10,1,7}, d_{2,10,1,8}->d_{0,10,1,8}, d_{2,10,1,9}->d_{0,10,1,9}, d_{2,10,1,11}->d_{0,10,1,11}, d_{2,10,3,4}->d_{0,10,3,4}, d_{2,10,3,5}->d_{0,10,3,5}, d_{2,10,3,6}->d_{0,10,3,6}, d_{2,10,3,7}->d_{0,10,3,7}, d_{2,10,3,8}->d_{0,10,3,8}, d_{2,10,3,9}->d_{0,10,3,9}, d_{2,10,3,11}->d_{0,10,3,11}, d_{2,10,4,5}->d_{0,10,4,5}, d_{2,10,4,6}->d_{0,10,4,6}, d_{2,10,4,7}->d_{0,10,4,7}, d_{2,10,4,8}->d_{0,10,4,8}, d_{2,10,4,9}->d_{0,10,4,9}, d_{2,10,4,11}->d_{0,10,4,11}, d_{2,10,5,6}->d_{0,10,5,6}, d_{2,10,5,7}->d_{0,10,5,7}, d_{2,10,5,8}->d_{0,10,5,8}, d_{2,10,5,9}->d_{0,10,5,9}, d_{2,10,5,11}->d_{0,10,5,11}, d_{2,10,6,7}->d_{0,10,6,7}, d_{2,10,6,8}->d_{0,10,6,8}, d_{2,10,6,9}->d_{0,10,6,9}, d_{2,10,6,11}->d_{0,10,6,11}, d_{2,10,7,8}->d_{0,10,7,8}, d_{2,10,7,9}->d_{0,10,7,9}, d_{2,10,7,11}->d_{0,10,7,11}, d_{2,10,8,9}->d_{0,10,8,9}, d_{2,10,8,11}->d_{0,10,8,11}, d_{2,10,9,11}->d_{0,10,9,11}, d_{2,11,0,1}->d_{0,11,1,2}, d_{2,11,0,3}->d_{0,11,2,3}, d_{2,11,0,4}->d_{0,11,2,4}, d_{2,11,0,5}->d_{0,11,2,5}, d_{2,11,0,6}->d_{0,11,2,6}, d_{2,11,0,7}->d_{0,11,2,7}, d_{2,11,0,8}->d_{0,11,2,8}, d_{2,11,0,9}->d_{0,11,2,9}, d_{2,11,0,10}->d_{0,11,2,10}, d_{2,11,1,3}->d_{0,11,1,3}, d_{2,11,1,4}->d_{0,11,1,4}, d_{2,11,1,5}->d_{0,11,1,5}, d_{2,11,1,6}->d_{0,11,1,6}, d_{2,11,1,7}->d_{0,11,1,7}, d_{2,11,1,8}->d_{0,11,1,8}, d_{2,11,1,9}->d_{0,11,1,9}, d_{2,11,1,10}->d_{0,11,1,10}, d_{2,11,3,4}->d_{0,11,3,4}, d_{2,11,3,5}->d_{0,11,3,5}, d_{2,11,3,6}->d_{0,11,3,6}, d_{2,11,3,7}->d_{0,11,3,7}, d_{2,11,3,8}->d_{0,11,3,8}, d_{2,11,3,9}->d_{0,11,3,9}, d_{2,11,3,10}->d_{0,11,3,10}, d_{2,11,4,5}->d_{0,11,4,5}, d_{2,11,4,6}->d_{0,11,4,6}, d_{2,11,4,7}->d_{0,11,4,7}, d_{2,11,4,8}->d_{0,11,4,8}, d_{2,11,4,9}->d_{0,11,4,9}, d_{2,11,4,10}->d_{0,11,4,10}, d_{2,11,5,6}->d_{0,11,5,6}, d_{2,11,5,7}->d_{0,11,5,7}, d_{2,11,5,8}->d_{0,11,5,8}, d_{2,11,5,9}->d_{0,11,5,9}, d_{2,11,5,10}->d_{0,11,5,10}, d_{2,11,6,7}->d_{0,11,6,7}, d_{2,11,6,8}->d_{0,11,6,8}, d_{2,11,6,9}->d_{0,11,6,9}, d_{2,11,6,10}->d_{0,11,6,10}, d_{2,11,7,8}->d_{0,11,7,8}, d_{2,11,7,9}->d_{0,11,7,9}, d_{2,11,7,10}->d_{0,11,7,10}, d_{2,11,8,9}->d_{0,11,8,9}, d_{2,11,8,10}->d_{0,11,8,10}, d_{2,11,9,10}->d_{0,11,9,10}, d_{3,4,0,1}->d_{3,4,1,2}, d_{3,4,0,5}->d_{3,4,2,5}, d_{3,4,0,6}->d_{3,4,2,6}, d_{3,4,0,7}->d_{3,4,2,7}, d_{3,4,0,8}->d_{3,4,2,8}, d_{3,4,0,9}->d_{3,4,2,9}, d_{3,4,0,10}->d_{3,4,2,10}, d_{3,4,0,11}->d_{3,4,2,11}, d_{3,4,1,2}->d_{3,4,0,1}, d_{3,4,2,5}->d_{3,4,0,5}, d_{3,4,2,6}->d_{3,4,0,6}, d_{3,4,2,7}->d_{3,4,0,7}, d_{3,4,2,8}->d_{3,4,0,8}, d_{3,4,2,9}->d_{3,4,0,9}, d_{3,4,2,10}->d_{3,4,0,10}, d_{3,4,2,11}->d_{3,4,0,11}, d_{3,5,0,1}->d_{3,5,1,2}, d_{3,5,0,4}->d_{3,5,2,4}, d_{3,5,0,6}->d_{3,5,2,6}, d_{3,5,0,7}->d_{3,5,2,7}, d_{3,5,0,8}->d_{3,5,2,8}, d_{3,5,0,9}->d_{3,5,2,9}, d_{3,5,0,10}->d_{3,5,2,10}, d_{3,5,0,11}->d_{3,5,2,11}, d_{3,5,1,2}->d_{3,5,0,1}, d_{3,5,2,4}->d_{3,5,0,4}, d_{3,5,2,6}->d_{3,5,0,6}, d_{3,5,2,7}->d_{3,5,0,7}, d_{3,5,2,8}->d_{3,5,0,8}, d_{3,5,2,9}->d_{3,5,0,9}, d_{3,5,2,10}->d_{3,5,0,10}, d_{3,5,2,11}->d_{3,5,0,11}, d_{3,6,0,1}->d_{3,6,1,2}, d_{3,6,0,4}->d_{3,6,2,4}, d_{3,6,0,5}->d_{3,6,2,5}, d_{3,6,0,7}->d_{3,6,2,7}, d_{3,6,0,8}->d_{3,6,2,8}, d_{3,6,0,9}->d_{3,6,2,9}, d_{3,6,0,10}->d_{3,6,2,10}, d_{3,6,0,11}->d_{3,6,2,11}, d_{3,6,1,2}->d_{3,6,0,1}, d_{3,6,2,4}->d_{3,6,0,4}, d_{3,6,2,5}->d_{3,6,0,5}, d_{3,6,2,7}->d_{3,6,0,7}, d_{3,6,2,8}->d_{3,6,0,8}, d_{3,6,2,9}->d_{3,6,0,9}, d_{3,6,2,10}->d_{3,6,0,10}, d_{3,6,2,11}->d_{3,6,0,11}, d_{3,7,0,1}->d_{3,7,1,2}, d_{3,7,0,4}->d_{3,7,2,4}, d_{3,7,0,5}->d_{3,7,2,5}, d_{3,7,0,6}->d_{3,7,2,6}, d_{3,7,0,8}->d_{3,7,2,8}, d_{3,7,0,9}->d_{3,7,2,9}, d_{3,7,0,10}->d_{3,7,2,10}, d_{3,7,0,11}->d_{3,7,2,11}, d_{3,7,1,2}->d_{3,7,0,1}, d_{3,7,2,4}->d_{3,7,0,4}, d_{3,7,2,5}->d_{3,7,0,5}, d_{3,7,2,6}->d_{3,7,0,6}, d_{3,7,2,8}->d_{3,7,0,8}, d_{3,7,2,9}->d_{3,7,0,9}, d_{3,7,2,10}->d_{3,7,0,10}, d_{3,7,2,11}->d_{3,7,0,11}, d_{3,8,0,1}->d_{3,8,1,2}, d_{3,8,0,4}->d_{3,8,2,4}, d_{3,8,0,5}->d_{3,8,2,5}, d_{3,8,0,6}->d_{3,8,2,6}, d_{3,8,0,7}->d_{3,8,2,7}, d_{3,8,0,9}->d_{3,8,2,9}, d_{3,8,0,10}->d_{3,8,2,10}, d_{3,8,0,11}->d_{3,8,2,11}, d_{3,8,1,2}->d_{3,8,0,1}, d_{3,8,2,4}->d_{3,8,0,4}, d_{3,8,2,5}->d_{3,8,0,5}, d_{3,8,2,6}->d_{3,8,0,6}, d_{3,8,2,7}->d_{3,8,0,7}, d_{3,8,2,9}->d_{3,8,0,9}, d_{3,8,2,10}->d_{3,8,0,10}, d_{3,8,2,11}->d_{3,8,0,11}, d_{3,9,0,1}->d_{3,9,1,2}, d_{3,9,0,4}->d_{3,9,2,4}, d_{3,9,0,5}->d_{3,9,2,5}, d_{3,9,0,6}->d_{3,9,2,6}, d_{3,9,0,7}->d_{3,9,2,7}, d_{3,9,0,8}->d_{3,9,2,8}, d_{3,9,0,10}->d_{3,9,2,10}, d_{3,9,0,11}->d_{3,9,2,11}, d_{3,9,1,2}->d_{3,9,0,1}, d_{3,9,2,4}->d_{3,9,0,4}, d_{3,9,2,5}->d_{3,9,0,5}, d_{3,9,2,6}->d_{3,9,0,6}, d_{3,9,2,7}->d_{3,9,0,7}, d_{3,9,2,8}->d_{3,9,0,8}, d_{3,9,2,10}->d_{3,9,0,10}, d_{3,9,2,11}->d_{3,9,0,11}, d_{3,10,0,1}->d_{3,10,1,2}, d_{3,10,0,4}->d_{3,10,2,4}, d_{3,10,0,5}->d_{3,10,2,5}, d_{3,10,0,6}->d_{3,10,2,6}, d_{3,10,0,7}->d_{3,10,2,7}, d_{3,10,0,8}->d_{3,10,2,8}, d_{3,10,0,9}->d_{3,10,2,9}, d_{3,10,0,11}->d_{3,10,2,11}, d_{3,10,1,2}->d_{3,10,0,1}, d_{3,10,2,4}->d_{3,10,0,4}, d_{3,10,2,5}->d_{3,10,0,5}, d_{3,10,2,6}->d_{3,10,0,6}, d_{3,10,2,7}->d_{3,10,0,7}, d_{3,10,2,8}->d_{3,10,0,8}, d_{3,10,2,9}->d_{3,10,0,9}, d_{3,10,2,11}->d_{3,10,0,11}, d_{3,11,0,1}->d_{3,11,1,2}, d_{3,11,0,4}->d_{3,11,2,4}, d_{3,11,0,5}->d_{3,11,2,5}, d_{3,11,0,6}->d_{3,11,2,6}, d_{3,11,0,7}->d_{3,11,2,7}, d_{3,11,0,8}->d_{3,11,2,8}, d_{3,11,0,9}->d_{3,11,2,9}, d_{3,11,0,10}->d_{3,11,2,10}, d_{3,11,1,2}->d_{3,11,0,1}, d_{3,11,2,4}->d_{3,11,0,4}, d_{3,11,2,5}->d_{3,11,0,5}, d_{3,11,2,6}->d_{3,11,0,6}, d_{3,11,2,7}->d_{3,11,0,7}, d_{3,11,2,8}->d_{3,11,0,8}, d_{3,11,2,9}->d_{3,11,0,9}, d_{3,11,2,10}->d_{3,11,0,10}, d_{4,5,0,1}->d_{4,5,1,2}, d_{4,5,0,3}->d_{4,5,2,3}, d_{4,5,0,6}->d_{4,5,2,6}, d_{4,5,0,7}->d_{4,5,2,7}, d_{4,5,0,8}->d_{4,5,2,8}, d_{4,5,0,9}->d_{4,5,2,9}, d_{4,5,0,10}->d_{4,5,2,10}, d_{4,5,0,11}->d_{4,5,2,11}, d_{4,5,1,2}->d_{4,5,0,1}, d_{4,5,2,3}->d_{4,5,0,3}, d_{4,5,2,6}->d_{4,5,0,6}, d_{4,5,2,7}->d_{4,5,0,7}, d_{4,5,2,8}->d_{4,5,0,8}, d_{4,5,2,9}->d_{4,5,0,9}, d_{4,5,2,10}->d_{4,5,0,10}, d_{4,5,2,11}->d_{4,5,0,11}, d_{4,6,0,1}->d_{4,6,1,2}, d_{4,6,0,3}->d_{4,6,2,3}, d_{4,6,0,5}->d_{4,6,2,5}, d_{4,6,0,7}->d_{4,6,2,7}, d_{4,6,0,8}->d_{4,6,2,8}, d_{4,6,0,9}->d_{4,6,2,9}, d_{4,6,0,10}->d_{4,6,2,10}, d_{4,6,0,11}->d_{4,6,2,11}, d_{4,6,1,2}->d_{4,6,0,1}, d_{4,6,2,3}->d_{4,6,0,3}, d_{4,6,2,5}->d_{4,6,0,5}, d_{4,6,2,7}->d_{4,6,0,7}, d_{4,6,2,8}->d_{4,6,0,8}, d_{4,6,2,9}->d_{4,6,0,9}, d_{4,6,2,10}->d_{4,6,0,10}, d_{4,6,2,11}->d_{4,6,0,11}, d_{4,7,0,1}->d_{4,7,1,2}, d_{4,7,0,3}->d_{4,7,2,3}, d_{4,7,0,5}->d_{4,7,2,5}, d_{4,7,0,6}->d_{4,7,2,6}, d_{4,7,0,8}->d_{4,7,2,8}, d_{4,7,0,9}->d_{4,7,2,9}, d_{4,7,0,10}->d_{4,7,2,10}, d_{4,7,0,11}->d_{4,7,2,11}, d_{4,7,1,2}->d_{4,7,0,1}, d_{4,7,2,3}->d_{4,7,0,3}, d_{4,7,2,5}->d_{4,7,0,5}, d_{4,7,2,6}->d_{4,7,0,6}, d_{4,7,2,8}->d_{4,7,0,8}, d_{4,7,2,9}->d_{4,7,0,9}, d_{4,7,2,10}->d_{4,7,0,10}, d_{4,7,2,11}->d_{4,7,0,11}, d_{4,8,0,1}->d_{4,8,1,2}, d_{4,8,0,3}->d_{4,8,2,3}, d_{4,8,0,5}->d_{4,8,2,5}, d_{4,8,0,6}->d_{4,8,2,6}, d_{4,8,0,7}->d_{4,8,2,7}, d_{4,8,0,9}->d_{4,8,2,9}, d_{4,8,0,10}->d_{4,8,2,10}, d_{4,8,0,11}->d_{4,8,2,11}, d_{4,8,1,2}->d_{4,8,0,1}, d_{4,8,2,3}->d_{4,8,0,3}, d_{4,8,2,5}->d_{4,8,0,5}, d_{4,8,2,6}->d_{4,8,0,6}, d_{4,8,2,7}->d_{4,8,0,7}, d_{4,8,2,9}->d_{4,8,0,9}, d_{4,8,2,10}->d_{4,8,0,10}, d_{4,8,2,11}->d_{4,8,0,11}, d_{4,9,0,1}->d_{4,9,1,2}, d_{4,9,0,3}->d_{4,9,2,3}, d_{4,9,0,5}->d_{4,9,2,5}, d_{4,9,0,6}->d_{4,9,2,6}, d_{4,9,0,7}->d_{4,9,2,7}, d_{4,9,0,8}->d_{4,9,2,8}, d_{4,9,0,10}->d_{4,9,2,10}, d_{4,9,0,11}->d_{4,9,2,11}, d_{4,9,1,2}->d_{4,9,0,1}, d_{4,9,2,3}->d_{4,9,0,3}, d_{4,9,2,5}->d_{4,9,0,5}, d_{4,9,2,6}->d_{4,9,0,6}, d_{4,9,2,7}->d_{4,9,0,7}, d_{4,9,2,8}->d_{4,9,0,8}, d_{4,9,2,10}->d_{4,9,0,10}, d_{4,9,2,11}->d_{4,9,0,11}, d_{4,10,0,1}->d_{4,10,1,2}, d_{4,10,0,3}->d_{4,10,2,3}, d_{4,10,0,5}->d_{4,10,2,5}, d_{4,10,0,6}->d_{4,10,2,6}, d_{4,10,0,7}->d_{4,10,2,7}, d_{4,10,0,8}->d_{4,10,2,8}, d_{4,10,0,9}->d_{4,10,2,9}, d_{4,10,0,11}->d_{4,10,2,11}, d_{4,10,1,2}->d_{4,10,0,1}, d_{4,10,2,3}->d_{4,10,0,3}, d_{4,10,2,5}->d_{4,10,0,5}, d_{4,10,2,6}->d_{4,10,0,6}, d_{4,10,2,7}->d_{4,10,0,7}, d_{4,10,2,8}->d_{4,10,0,8}, d_{4,10,2,9}->d_{4,10,0,9}, d_{4,10,2,11}->d_{4,10,0,11}, d_{4,11,0,1}->d_{4,11,1,2}, d_{4,11,0,3}->d_{4,11,2,3}, d_{4,11,0,5}->d_{4,11,2,5}, d_{4,11,0,6}->d_{4,11,2,6}, d_{4,11,0,7}->d_{4,11,2,7}, d_{4,11,0,8}->d_{4,11,2,8}, d_{4,11,0,9}->d_{4,11,2,9}, d_{4,11,0,10}->d_{4,11,2,10}, d_{4,11,1,2}->d_{4,11,0,1}, d_{4,11,2,3}->d_{4,11,0,3}, d_{4,11,2,5}->d_{4,11,0,5}, d_{4,11,2,6}->d_{4,11,0,6}, d_{4,11,2,7}->d_{4,11,0,7}, d_{4,11,2,8}->d_{4,11,0,8}, d_{4,11,2,9}->d_{4,11,0,9}, d_{4,11,2,10}->d_{4,11,0,10}, d_{5,6,0,1}->d_{5,6,1,2}, d_{5,6,0,3}->d_{5,6,2,3}, d_{5,6,0,4}->d_{5,6,2,4}, d_{5,6,0,7}->d_{5,6,2,7}, d_{5,6,0,8}->d_{5,6,2,8}, d_{5,6,0,9}->d_{5,6,2,9}, d_{5,6,0,10}->d_{5,6,2,10}, d_{5,6,0,11}->d_{5,6,2,11}, d_{5,6,1,2}->d_{5,6,0,1}, d_{5,6,2,3}->d_{5,6,0,3}, d_{5,6,2,4}->d_{5,6,0,4}, d_{5,6,2,7}->d_{5,6,0,7}, d_{5,6,2,8}->d_{5,6,0,8}, d_{5,6,2,9}->d_{5,6,0,9}, d_{5,6,2,10}->d_{5,6,0,10}, d_{5,6,2,11}->d_{5,6,0,11}, d_{5,7,0,1}->d_{5,7,1,2}, d_{5,7,0,3}->d_{5,7,2,3}, d_{5,7,0,4}->d_{5,7,2,4}, d_{5,7,0,6}->d_{5,7,2,6}, d_{5,7,0,8}->d_{5,7,2,8}, d_{5,7,0,9}->d_{5,7,2,9}, d_{5,7,0,10}->d_{5,7,2,10}, d_{5,7,0,11}->d_{5,7,2,11}, d_{5,7,1,2}->d_{5,7,0,1}, d_{5,7,2,3}->d_{5,7,0,3}, d_{5,7,2,4}->d_{5,7,0,4}, d_{5,7,2,6}->d_{5,7,0,6}, d_{5,7,2,8}->d_{5,7,0,8}, d_{5,7,2,9}->d_{5,7,0,9}, d_{5,7,2,10}->d_{5,7,0,10}, d_{5,7,2,11}->d_{5,7,0,11}, d_{5,8,0,1}->d_{5,8,1,2}, d_{5,8,0,3}->d_{5,8,2,3}, d_{5,8,0,4}->d_{5,8,2,4}, d_{5,8,0,6}->d_{5,8,2,6}, d_{5,8,0,7}->d_{5,8,2,7}, d_{5,8,0,9}->d_{5,8,2,9}, d_{5,8,0,10}->d_{5,8,2,10}, d_{5,8,0,11}->d_{5,8,2,11}, d_{5,8,1,2}->d_{5,8,0,1}, d_{5,8,2,3}->d_{5,8,0,3}, d_{5,8,2,4}->d_{5,8,0,4}, d_{5,8,2,6}->d_{5,8,0,6}, d_{5,8,2,7}->d_{5,8,0,7}, d_{5,8,2,9}->d_{5,8,0,9}, d_{5,8,2,10}->d_{5,8,0,10}, d_{5,8,2,11}->d_{5,8,0,11}, d_{5,9,0,1}->d_{5,9,1,2}, d_{5,9,0,3}->d_{5,9,2,3}, d_{5,9,0,4}->d_{5,9,2,4}, d_{5,9,0,6}->d_{5,9,2,6}, d_{5,9,0,7}->d_{5,9,2,7}, d_{5,9,0,8}->d_{5,9,2,8}, d_{5,9,0,10}->d_{5,9,2,10}, d_{5,9,0,11}->d_{5,9,2,11}, d_{5,9,1,2}->d_{5,9,0,1}, d_{5,9,2,3}->d_{5,9,0,3}, d_{5,9,2,4}->d_{5,9,0,4}, d_{5,9,2,6}->d_{5,9,0,6}, d_{5,9,2,7}->d_{5,9,0,7}, d_{5,9,2,8}->d_{5,9,0,8}, d_{5,9,2,10}->d_{5,9,0,10}, d_{5,9,2,11}->d_{5,9,0,11}, d_{5,10,0,1}->d_{5,10,1,2}, d_{5,10,0,3}->d_{5,10,2,3}, d_{5,10,0,4}->d_{5,10,2,4}, d_{5,10,0,6}->d_{5,10,2,6}, d_{5,10,0,7}->d_{5,10,2,7}, d_{5,10,0,8}->d_{5,10,2,8}, d_{5,10,0,9}->d_{5,10,2,9}, d_{5,10,0,11}->d_{5,10,2,11}, d_{5,10,1,2}->d_{5,10,0,1}, d_{5,10,2,3}->d_{5,10,0,3}, d_{5,10,2,4}->d_{5,10,0,4}, d_{5,10,2,6}->d_{5,10,0,6}, d_{5,10,2,7}->d_{5,10,0,7}, d_{5,10,2,8}->d_{5,10,0,8}, d_{5,10,2,9}->d_{5,10,0,9}, d_{5,10,2,11}->d_{5,10,0,11}, d_{5,11,0,1}->d_{5,11,1,2}, d_{5,11,0,3}->d_{5,11,2,3}, d_{5,11,0,4}->d_{5,11,2,4}, d_{5,11,0,6}->d_{5,11,2,6}, d_{5,11,0,7}->d_{5,11,2,7}, d_{5,11,0,8}->d_{5,11,2,8}, d_{5,11,0,9}->d_{5,11,2,9}, d_{5,11,0,10}->d_{5,11,2,10}, d_{5,11,1,2}->d_{5,11,0,1}, d_{5,11,2,3}->d_{5,11,0,3}, d_{5,11,2,4}->d_{5,11,0,4}, d_{5,11,2,6}->d_{5,11,0,6}, d_{5,11,2,7}->d_{5,11,0,7}, d_{5,11,2,8}->d_{5,11,0,8}, d_{5,11,2,9}->d_{5,11,0,9}, d_{5,11,2,10}->d_{5,11,0,10}, d_{6,7,0,1}->d_{6,7,1,2}, d_{6,7,0,3}->d_{6,7,2,3}, d_{6,7,0,4}->d_{6,7,2,4}, d_{6,7,0,5}->d_{6,7,2,5}, d_{6,7,0,8}->d_{6,7,2,8}, d_{6,7,0,9}->d_{6,7,2,9}, d_{6,7,0,10}->d_{6,7,2,10}, d_{6,7,0,11}->d_{6,7,2,11}, d_{6,7,1,2}->d_{6,7,0,1}, d_{6,7,2,3}->d_{6,7,0,3}, d_{6,7,2,4}->d_{6,7,0,4}, d_{6,7,2,5}->d_{6,7,0,5}, d_{6,7,2,8}->d_{6,7,0,8}, d_{6,7,2,9}->d_{6,7,0,9}, d_{6,7,2,10}->d_{6,7,0,10}, d_{6,7,2,11}->d_{6,7,0,11}, d_{6,8,0,1}->d_{6,8,1,2}, d_{6,8,0,3}->d_{6,8,2,3}, d_{6,8,0,4}->d_{6,8,2,4}, d_{6,8,0,5}->d_{6,8,2,5}, d_{6,8,0,7}->d_{6,8,2,7}, d_{6,8,0,9}->d_{6,8,2,9}, d_{6,8,0,10}->d_{6,8,2,10}, d_{6,8,0,11}->d_{6,8,2,11}, d_{6,8,1,2}->d_{6,8,0,1}, d_{6,8,2,3}->d_{6,8,0,3}, d_{6,8,2,4}->d_{6,8,0,4}, d_{6,8,2,5}->d_{6,8,0,5}, d_{6,8,2,7}->d_{6,8,0,7}, d_{6,8,2,9}->d_{6,8,0,9}, d_{6,8,2,10}->d_{6,8,0,10}, d_{6,8,2,11}->d_{6,8,0,11}, d_{6,9,0,1}->d_{6,9,1,2}, d_{6,9,0,3}->d_{6,9,2,3}, d_{6,9,0,4}->d_{6,9,2,4}, d_{6,9,0,5}->d_{6,9,2,5}, d_{6,9,0,7}->d_{6,9,2,7}, d_{6,9,0,8}->d_{6,9,2,8}, d_{6,9,0,10}->d_{6,9,2,10}, d_{6,9,0,11}->d_{6,9,2,11}, d_{6,9,1,2}->d_{6,9,0,1}, d_{6,9,2,3}->d_{6,9,0,3}, d_{6,9,2,4}->d_{6,9,0,4}, d_{6,9,2,5}->d_{6,9,0,5}, d_{6,9,2,7}->d_{6,9,0,7}, d_{6,9,2,8}->d_{6,9,0,8}, d_{6,9,2,10}->d_{6,9,0,10}, d_{6,9,2,11}->d_{6,9,0,11}, d_{6,10,0,1}->d_{6,10,1,2}, d_{6,10,0,3}->d_{6,10,2,3}, d_{6,10,0,4}->d_{6,10,2,4}, d_{6,10,0,5}->d_{6,10,2,5}, d_{6,10,0,7}->d_{6,10,2,7}, d_{6,10,0,8}->d_{6,10,2,8}, d_{6,10,0,9}->d_{6,10,2,9}, d_{6,10,0,11}->d_{6,10,2,11}, d_{6,10,1,2}->d_{6,10,0,1}, d_{6,10,2,3}->d_{6,10,0,3}, d_{6,10,2,4}->d_{6,10,0,4}, d_{6,10,2,5}->d_{6,10,0,5}, d_{6,10,2,7}->d_{6,10,0,7}, d_{6,10,2,8}->d_{6,10,0,8}, d_{6,10,2,9}->d_{6,10,0,9}, d_{6,10,2,11}->d_{6,10,0,11}, d_{6,11,0,1}->d_{6,11,1,2}, d_{6,11,0,3}->d_{6,11,2,3}, d_{6,11,0,4}->d_{6,11,2,4}, d_{6,11,0,5}->d_{6,11,2,5}, d_{6,11,0,7}->d_{6,11,2,7}, d_{6,11,0,8}->d_{6,11,2,8}, d_{6,11,0,9}->d_{6,11,2,9}, d_{6,11,0,10}->d_{6,11,2,10}, d_{6,11,1,2}->d_{6,11,0,1}, d_{6,11,2,3}->d_{6,11,0,3}, d_{6,11,2,4}->d_{6,11,0,4}, d_{6,11,2,5}->d_{6,11,0,5}, d_{6,11,2,7}->d_{6,11,0,7}, d_{6,11,2,8}->d_{6,11,0,8}, d_{6,11,2,9}->d_{6,11,0,9}, d_{6,11,2,10}->d_{6,11,0,10}, d_{7,8,0,1}->d_{7,8,1,2}, d_{7,8,0,3}->d_{7,8,2,3}, d_{7,8,0,4}->d_{7,8,2,4}, d_{7,8,0,5}->d_{7,8,2,5}, d_{7,8,0,6}->d_{7,8,2,6}, d_{7,8,0,9}->d_{7,8,2,9}, d_{7,8,0,10}->d_{7,8,2,10}, d_{7,8,0,11}->d_{7,8,2,11}, d_{7,8,1,2}->d_{7,8,0,1}, d_{7,8,2,3}->d_{7,8,0,3}, d_{7,8,2,4}->d_{7,8,0,4}, d_{7,8,2,5}->d_{7,8,0,5}, d_{7,8,2,6}->d_{7,8,0,6}, d_{7,8,2,9}->d_{7,8,0,9}, d_{7,8,2,10}->d_{7,8,0,10}, d_{7,8,2,11}->d_{7,8,0,11}, d_{7,9,0,1}->d_{7,9,1,2}, d_{7,9,0,3}->d_{7,9,2,3}, d_{7,9,0,4}->d_{7,9,2,4}, d_{7,9,0,5}->d_{7,9,2,5}, d_{7,9,0,6}->d_{7,9,2,6}, d_{7,9,0,8}->d_{7,9,2,8}, d_{7,9,0,10}->d_{7,9,2,10}, d_{7,9,0,11}->d_{7,9,2,11}, d_{7,9,1,2}->d_{7,9,0,1}, d_{7,9,2,3}->d_{7,9,0,3}, d_{7,9,2,4}->d_{7,9,0,4}, d_{7,9,2,5}->d_{7,9,0,5}, d_{7,9,2,6}->d_{7,9,0,6}, d_{7,9,2,8}->d_{7,9,0,8}, d_{7,9,2,10}->d_{7,9,0,10}, d_{7,9,2,11}->d_{7,9,0,11}, d_{7,10,0,1}->d_{7,10,1,2}, d_{7,10,0,3}->d_{7,10,2,3}, d_{7,10,0,4}->d_{7,10,2,4}, d_{7,10,0,5}->d_{7,10,2,5}, d_{7,10,0,6}->d_{7,10,2,6}, d_{7,10,0,8}->d_{7,10,2,8}, d_{7,10,0,9}->d_{7,10,2,9}, d_{7,10,0,11}->d_{7,10,2,11}, d_{7,10,1,2}->d_{7,10,0,1}, d_{7,10,2,3}->d_{7,10,0,3}, d_{7,10,2,4}->d_{7,10,0,4}, d_{7,10,2,5}->d_{7,10,0,5}, d_{7,10,2,6}->d_{7,10,0,6}, d_{7,10,2,8}->d_{7,10,0,8}, d_{7,10,2,9}->d_{7,10,0,9}, d_{7,10,2,11}->d_{7,10,0,11}, d_{7,11,0,1}->d_{7,11,1,2}, d_{7,11,0,3}->d_{7,11,2,3}, d_{7,11,0,4}->d_{7,11,2,4}, d_{7,11,0,5}->d_{7,11,2,5}, d_{7,11,0,6}->d_{7,11,2,6}, d_{7,11,0,8}->d_{7,11,2,8}, d_{7,11,0,9}->d_{7,11,2,9}, d_{7,11,0,10}->d_{7,11,2,10}, d_{7,11,1,2}->d_{7,11,0,1}, d_{7,11,2,3}->d_{7,11,0,3}, d_{7,11,2,4}->d_{7,11,0,4}, d_{7,11,2,5}->d_{7,11,0,5}, d_{7,11,2,6}->d_{7,11,0,6}, d_{7,11,2,8}->d_{7,11,0,8}, d_{7,11,2,9}->d_{7,11,0,9}, d_{7,11,2,10}->d_{7,11,0,10}, d_{8,9,0,1}->d_{8,9,1,2}, d_{8,9,0,3}->d_{8,9,2,3}, d_{8,9,0,4}->d_{8,9,2,4}, d_{8,9,0,5}->d_{8,9,2,5}, d_{8,9,0,6}->d_{8,9,2,6}, d_{8,9,0,7}->d_{8,9,2,7}, d_{8,9,0,10}->d_{8,9,2,10}, d_{8,9,0,11}->d_{8,9,2,11}, d_{8,9,1,2}->d_{8,9,0,1}, d_{8,9,2,3}->d_{8,9,0,3}, d_{8,9,2,4}->d_{8,9,0,4}, d_{8,9,2,5}->d_{8,9,0,5}, d_{8,9,2,6}->d_{8,9,0,6}, d_{8,9,2,7}->d_{8,9,0,7}, d_{8,9,2,10}->d_{8,9,0,10}, d_{8,9,2,11}->d_{8,9,0,11}, d_{8,10,0,1}->d_{8,10,1,2}, d_{8,10,0,3}->d_{8,10,2,3}, d_{8,10,0,4}->d_{8,10,2,4}, d_{8,10,0,5}->d_{8,10,2,5}, d_{8,10,0,6}->d_{8,10,2,6}, d_{8,10,0,7}->d_{8,10,2,7}, d_{8,10,0,9}->d_{8,10,2,9}, d_{8,10,0,11}->d_{8,10,2,11}, d_{8,10,1,2}->d_{8,10,0,1}, d_{8,10,2,3}->d_{8,10,0,3}, d_{8,10,2,4}->d_{8,10,0,4}, d_{8,10,2,5}->d_{8,10,0,5}, d_{8,10,2,6}->d_{8,10,0,6}, d_{8,10,2,7}->d_{8,10,0,7}, d_{8,10,2,9}->d_{8,10,0,9}, d_{8,10,2,11}->d_{8,10,0,11}, d_{8,11,0,1}->d_{8,11,1,2}, d_{8,11,0,3}->d_{8,11,2,3}, d_{8,11,0,4}->d_{8,11,2,4}, d_{8,11,0,5}->d_{8,11,2,5}, d_{8,11,0,6}->d_{8,11,2,6}, d_{8,11,0,7}->d_{8,11,2,7}, d_{8,11,0,9}->d_{8,11,2,9}, d_{8,11,0,10}->d_{8,11,2,10}, d_{8,11,1,2}->d_{8,11,0,1}, d_{8,11,2,3}->d_{8,11,0,3}, d_{8,11,2,4}->d_{8,11,0,4}, d_{8,11,2,5}->d_{8,11,0,5}, d_{8,11,2,6}->d_{8,11,0,6}, d_{8,11,2,7}->d_{8,11,0,7}, d_{8,11,2,9}->d_{8,11,0,9}, d_{8,11,2,10}->d_{8,11,0,10}, d_{9,10,0,1}->d_{9,10,1,2}, d_{9,10,0,3}->d_{9,10,2,3}, d_{9,10,0,4}->d_{9,10,2,4}, d_{9,10,0,5}->d_{9,10,2,5}, d_{9,10,0,6}->d_{9,10,2,6}, d_{9,10,0,7}->d_{9,10,2,7}, d_{9,10,0,8}->d_{9,10,2,8}, d_{9,10,0,11}->d_{9,10,2,11}, d_{9,10,1,2}->d_{9,10,0,1}, d_{9,10,2,3}->d_{9,10,0,3}, d_{9,10,2,4}->d_{9,10,0,4}, d_{9,10,2,5}->d_{9,10,0,5}, d_{9,10,2,6}->d_{9,10,0,6}, d_{9,10,2,7}->d_{9,10,0,7}, d_{9,10,2,8}->d_{9,10,0,8}, d_{9,10,2,11}->d_{9,10,0,11}, d_{9,11,0,1}->d_{9,11,1,2}, d_{9,11,0,3}->d_{9,11,2,3}, d_{9,11,0,4}->d_{9,11,2,4}, d_{9,11,0,5}->d_{9,11,2,5}, d_{9,11,0,6}->d_{9,11,2,6}, d_{9,11,0,7}->d_{9,11,2,7}, d_{9,11,0,8}->d_{9,11,2,8}, d_{9,11,0,10}->d_{9,11,2,10}, d_{9,11,1,2}->d_{9,11,0,1}, d_{9,11,2,3}->d_{9,11,0,3}, d_{9,11,2,4}->d_{9,11,0,4}, d_{9,11,2,5}->d_{9,11,0,5}, d_{9,11,2,6}->d_{9,11,0,6}, d_{9,11,2,7}->d_{9,11,0,7}, d_{9,11,2,8}->d_{9,11,0,8}, d_{9,11,2,10}->d_{9,11,0,10}, d_{10,11,0,1}->d_{10,11,1,2}, d_{10,11,0,3}->d_{10,11,2,3}, d_{10,11,0,4}->d_{10,11,2,4}, d_{10,11,0,5}->d_{10,11,2,5}, d_{10,11,0,6}->d_{10,11,2,6}, d_{10,11,0,7}->d_{10,11,2,7}, d_{10,11,0,8}->d_{10,11,2,8}, d_{10,11,0,9}->d_{10,11,2,9}, d_{10,11,1,2}->d_{10,11,0,1}, d_{10,11,2,3}->d_{10,11,0,3}, d_{10,11,2,4}->d_{10,11,0,4}, d_{10,11,2,5}->d_{10,11,0,5}, d_{10,11,2,6}->d_{10,11,0,6}, d_{10,11,2,7}->d_{10,11,0,7}, d_{10,11,2,8}->d_{10,11,0,8}, d_{10,11,2,9}->d_{10,11,0,9}

Permutation #2:
  Bonds: r_{0,3}->r_{0,4}, r_{0,4}->r_{0,3}, r_{1,3}->r_{1,4}, r_{1,4}->r_{1,3}, r_{2,3}->r_{2,4}, r_{2,4}->r_{2,3}, r_{3,5}->r_{4,5}, r_{3,6}->r_{4,6}, r_{3,7}->r_{4,7}, r_{3,8}->r_{4,8}, r_{3,9}->r_{4,9}, r_{3,10}->r_{4,10}, r_{3,11}->r_{4,11}, r_{4,5}->r_{3,5}, r_{4,6}->r_{3,6}, r_{4,7}->r_{3,7}, r_{4,8}->r_{3,8}, r_{4,9}->r_{3,9}, r_{4,10}->r_{3,10}, r_{4,11}->r_{3,11}
  Angles: theta^{0}_{1,3}->theta^{0}_{1,4}, theta^{0}_{1,4}->theta^{0}_{1,3}, theta^{0}_{2,3}->theta^{0}_{2,4}, theta^{0}_{2,4}->theta^{0}_{2,3}, theta^{0}_{3,5}->theta^{0}_{4,5}, theta^{0}_{3,6}->theta^{0}_{4,6}, theta^{0}_{3,7}->theta^{0}_{4,7}, theta^{0}_{3,8}->theta^{0}_{4,8}, theta^{0}_{3,9}->theta^{0}_{4,9}, theta^{0}_{3,10}->theta^{0}_{4,10}, theta^{0}_{3,11}->theta^{0}_{4,11}, theta^{0}_{4,5}->theta^{0}_{3,5}, theta^{0}_{4,6}->theta^{0}_{3,6}, theta^{0}_{4,7}->theta^{0}_{3,7}, theta^{0}_{4,8}->theta^{0}_{3,8}, theta^{0}_{4,9}->theta^{0}_{3,9}, theta^{0}_{4,10}->theta^{0}_{3,10}, theta^{0}_{4,11}->theta^{0}_{3,11}, theta^{1}_{0,3}->theta^{1}_{0,4}, theta^{1}_{0,4}->theta^{1}_{0,3}, theta^{1}_{2,3}->theta^{1}_{2,4}, theta^{1}_{2,4}->theta^{1}_{2,3}, theta^{1}_{3,5}->theta^{1}_{4,5}, theta^{1}_{3,6}->theta^{1}_{4,6}, theta^{1}_{3,7}->theta^{1}_{4,7}, theta^{1}_{3,8}->theta^{1}_{4,8}, theta^{1}_{3,9}->theta^{1}_{4,9}, theta^{1}_{3,10}->theta^{1}_{4,10}, theta^{1}_{3,11}->theta^{1}_{4,11}, theta^{1}_{4,5}->theta^{1}_{3,5}, theta^{1}_{4,6}->theta^{1}_{3,6}, theta^{1}_{4,7}->theta^{1}_{3,7}, theta^{1}_{4,8}->theta^{1}_{3,8}, theta^{1}_{4,9}->theta^{1}_{3,9}, theta^{1}_{4,10}->theta^{1}_{3,10}, theta^{1}_{4,11}->theta^{1}_{3,11}, theta^{2}_{0,3}->theta^{2}_{0,4}, theta^{2}_{0,4}->theta^{2}_{0,3}, theta^{2}_{1,3}->theta^{2}_{1,4}, theta^{2}_{1,4}->theta^{2}_{1,3}, theta^{2}_{3,5}->theta^{2}_{4,5}, theta^{2}_{3,6}->theta^{2}_{4,6}, theta^{2}_{3,7}->theta^{2}_{4,7}, theta^{2}_{3,8}->theta^{2}_{4,8}, theta^{2}_{3,9}->theta^{2}_{4,9}, theta^{2}_{3,10}->theta^{2}_{4,10}, theta^{2}_{3,11}->theta^{2}_{4,11}, theta^{2}_{4,5}->theta^{2}_{3,5}, theta^{2}_{4,6}->theta^{2}_{3,6}, theta^{2}_{4,7}->theta^{2}_{3,7}, theta^{2}_{4,8}->theta^{2}_{3,8}, theta^{2}_{4,9}->theta^{2}_{3,9}, theta^{2}_{4,10}->theta^{2}_{3,10}, theta^{2}_{4,11}->theta^{2}_{3,11}, theta^{3}_{0,1}->theta^{4}_{0,1}, theta^{3}_{0,2}->theta^{4}_{0,2}, theta^{3}_{0,4}->theta^{4}_{0,3}, theta^{3}_{0,5}->theta^{4}_{0,5}, theta^{3}_{0,6}->theta^{4}_{0,6}, theta^{3}_{0,7}->theta^{4}_{0,7}, theta^{3}_{0,8}->theta^{4}_{0,8}, theta^{3}_{0,9}->theta^{4}_{0,9}, theta^{3}_{0,10}->theta^{4}_{0,10}, theta^{3}_{0,11}->theta^{4}_{0,11}, theta^{3}_{1,2}->theta^{4}_{1,2}, theta^{3}_{1,4}->theta^{4}_{1,3}, theta^{3}_{1,5}->theta^{4}_{1,5}, theta^{3}_{1,6}->theta^{4}_{1,6}, theta^{3}_{1,7}->theta^{4}_{1,7}, theta^{3}_{1,8}->theta^{4}_{1,8}, theta^{3}_{1,9}->theta^{4}_{1,9}, theta^{3}_{1,10}->theta^{4}_{1,10}, theta^{3}_{1,11}->theta^{4}_{1,11}, theta^{3}_{2,4}->theta^{4}_{2,3}, theta^{3}_{2,5}->theta^{4}_{2,5}, theta^{3}_{2,6}->theta^{4}_{2,6}, theta^{3}_{2,7}->theta^{4}_{2,7}, theta^{3}_{2,8}->theta^{4}_{2,8}, theta^{3}_{2,9}->theta^{4}_{2,9}, theta^{3}_{2,10}->theta^{4}_{2,10}, theta^{3}_{2,11}->theta^{4}_{2,11}, theta^{3}_{4,5}->theta^{4}_{3,5}, theta^{3}_{4,6}->theta^{4}_{3,6}, theta^{3}_{4,7}->theta^{4}_{3,7}, theta^{3}_{4,8}->theta^{4}_{3,8}, theta^{3}_{4,9}->theta^{4}_{3,9}, theta^{3}_{4,10}->theta^{4}_{3,10}, theta^{3}_{4,11}->theta^{4}_{3,11}, theta^{3}_{5,6}->theta^{4}_{5,6}, theta^{3}_{5,7}->theta^{4}_{5,7}, theta^{3}_{5,8}->theta^{4}_{5,8}, theta^{3}_{5,9}->theta^{4}_{5,9}, theta^{3}_{5,10}->theta^{4}_{5,10}, theta^{3}_{5,11}->theta^{4}_{5,11}, theta^{3}_{6,7}->theta^{4}_{6,7}, theta^{3}_{6,8}->theta^{4}_{6,8}, theta^{3}_{6,9}->theta^{4}_{6,9}, theta^{3}_{6,10}->theta^{4}_{6,10}, theta^{3}_{6,11}->theta^{4}_{6,11}, theta^{3}_{7,8}->theta^{4}_{7,8}, theta^{3}_{7,9}->theta^{4}_{7,9}, theta^{3}_{7,10}->theta^{4}_{7,10}, theta^{3}_{7,11}->theta^{4}_{7,11}, theta^{3}_{8,9}->theta^{4}_{8,9}, theta^{3}_{8,10}->theta^{4}_{8,10}, theta^{3}_{8,11}->theta^{4}_{8,11}, theta^{3}_{9,10}->theta^{4}_{9,10}, theta^{3}_{9,11}->theta^{4}_{9,11}, theta^{3}_{10,11}->theta^{4}_{10,11}, theta^{4}_{0,1}->theta^{3}_{0,1}, theta^{4}_{0,2}->theta^{3}_{0,2}, theta^{4}_{0,3}->theta^{3}_{0,4}, theta^{4}_{0,5}->theta^{3}_{0,5}, theta^{4}_{0,6}->theta^{3}_{0,6}, theta^{4}_{0,7}->theta^{3}_{0,7}, theta^{4}_{0,8}->theta^{3}_{0,8}, theta^{4}_{0,9}->theta^{3}_{0,9}, theta^{4}_{0,10}->theta^{3}_{0,10}, theta^{4}_{0,11}->theta^{3}_{0,11}, theta^{4}_{1,2}->theta^{3}_{1,2}, theta^{4}_{1,3}->theta^{3}_{1,4}, theta^{4}_{1,5}->theta^{3}_{1,5}, theta^{4}_{1,6}->theta^{3}_{1,6}, theta^{4}_{1,7}->theta^{3}_{1,7}, theta^{4}_{1,8}->theta^{3}_{1,8}, theta^{4}_{1,9}->theta^{3}_{1,9}, theta^{4}_{1,10}->theta^{3}_{1,10}, theta^{4}_{1,11}->theta^{3}_{1,11}, theta^{4}_{2,3}->theta^{3}_{2,4}, theta^{4}_{2,5}->theta^{3}_{2,5}, theta^{4}_{2,6}->theta^{3}_{2,6}, theta^{4}_{2,7}->theta^{3}_{2,7}, theta^{4}_{2,8}->theta^{3}_{2,8}, theta^{4}_{2,9}->theta^{3}_{2,9}, theta^{4}_{2,10}->theta^{3}_{2,10}, theta^{4}_{2,11}->theta^{3}_{2,11}, theta^{4}_{3,5}->theta^{3}_{4,5}, theta^{4}_{3,6}->theta^{3}_{4,6}, theta^{4}_{3,7}->theta^{3}_{4,7}, theta^{4}_{3,8}->theta^{3}_{4,8}, theta^{4}_{3,9}->theta^{3}_{4,9}, theta^{4}_{3,10}->theta^{3}_{4,10}, theta^{4}_{3,11}->theta^{3}_{4,11}, theta^{4}_{5,6}->theta^{3}_{5,6}, theta^{4}_{5,7}->theta^{3}_{5,7}, theta^{4}_{5,8}->theta^{3}_{5,8}, theta^{4}_{5,9}->theta^{3}_{5,9}, theta^{4}_{5,10}->theta^{3}_{5,10}, theta^{4}_{5,11}->theta^{3}_{5,11}, theta^{4}_{6,7}->theta^{3}_{6,7}, theta^{4}_{6,8}->theta^{3}_{6,8}, theta^{4}_{6,9}->theta^{3}_{6,9}, theta^{4}_{6,10}->theta^{3}_{6,10}, theta^{4}_{6,11}->theta^{3}_{6,11}, theta^{4}_{7,8}->theta^{3}_{7,8}, theta^{4}_{7,9}->theta^{3}_{7,9}, theta^{4}_{7,10}->theta^{3}_{7,10}, theta^{4}_{7,11}->theta^{3}_{7,11}, theta^{4}_{8,9}->theta^{3}_{8,9}, theta^{4}_{8,10}->theta^{3}_{8,10}, theta^{4}_{8,11}->theta^{3}_{8,11}, theta^{4}_{9,10}->theta^{3}_{9,10}, theta^{4}_{9,11}->theta^{3}_{9,11}, theta^{4}_{10,11}->theta^{3}_{10,11}, theta^{5}_{0,3}->theta^{5}_{0,4}, theta^{5}_{0,4}->theta^{5}_{0,3}, theta^{5}_{1,3}->theta^{5}_{1,4}, theta^{5}_{1,4}->theta^{5}_{1,3}, theta^{5}_{2,3}->theta^{5}_{2,4}, theta^{5}_{2,4}->theta^{5}_{2,3}, theta^{5}_{3,6}->theta^{5}_{4,6}, theta^{5}_{3,7}->theta^{5}_{4,7}, theta^{5}_{3,8}->theta^{5}_{4,8}, theta^{5}_{3,9}->theta^{5}_{4,9}, theta^{5}_{3,10}->theta^{5}_{4,10}, theta^{5}_{3,11}->theta^{5}_{4,11}, theta^{5}_{4,6}->theta^{5}_{3,6}, theta^{5}_{4,7}->theta^{5}_{3,7}, theta^{5}_{4,8}->theta^{5}_{3,8}, theta^{5}_{4,9}->theta^{5}_{3,9}, theta^{5}_{4,10}->theta^{5}_{3,10}, theta^{5}_{4,11}->theta^{5}_{3,11}, theta^{6}_{0,3}->theta^{6}_{0,4}, theta^{6}_{0,4}->theta^{6}_{0,3}, theta^{6}_{1,3}->theta^{6}_{1,4}, theta^{6}_{1,4}->theta^{6}_{1,3}, theta^{6}_{2,3}->theta^{6}_{2,4}, theta^{6}_{2,4}->theta^{6}_{2,3}, theta^{6}_{3,5}->theta^{6}_{4,5}, theta^{6}_{3,7}->theta^{6}_{4,7}, theta^{6}_{3,8}->theta^{6}_{4,8}, theta^{6}_{3,9}->theta^{6}_{4,9}, theta^{6}_{3,10}->theta^{6}_{4,10}, theta^{6}_{3,11}->theta^{6}_{4,11}, theta^{6}_{4,5}->theta^{6}_{3,5}, theta^{6}_{4,7}->theta^{6}_{3,7}, theta^{6}_{4,8}->theta^{6}_{3,8}, theta^{6}_{4,9}->theta^{6}_{3,9}, theta^{6}_{4,10}->theta^{6}_{3,10}, theta^{6}_{4,11}->theta^{6}_{3,11}, theta^{7}_{0,3}->theta^{7}_{0,4}, theta^{7}_{0,4}->theta^{7}_{0,3}, theta^{7}_{1,3}->theta^{7}_{1,4}, theta^{7}_{1,4}->theta^{7}_{1,3}, theta^{7}_{2,3}->theta^{7}_{2,4}, theta^{7}_{2,4}->theta^{7}_{2,3}, theta^{7}_{3,5}->theta^{7}_{4,5}, theta^{7}_{3,6}->theta^{7}_{4,6}, theta^{7}_{3,8}->theta^{7}_{4,8}, theta^{7}_{3,9}->theta^{7}_{4,9}, theta^{7}_{3,10}->theta^{7}_{4,10}, theta^{7}_{3,11}->theta^{7}_{4,11}, theta^{7}_{4,5}->theta^{7}_{3,5}, theta^{7}_{4,6}->theta^{7}_{3,6}, theta^{7}_{4,8}->theta^{7}_{3,8}, theta^{7}_{4,9}->theta^{7}_{3,9}, theta^{7}_{4,10}->theta^{7}_{3,10}, theta^{7}_{4,11}->theta^{7}_{3,11}, theta^{8}_{0,3}->theta^{8}_{0,4}, theta^{8}_{0,4}->theta^{8}_{0,3}, theta^{8}_{1,3}->theta^{8}_{1,4}, theta^{8}_{1,4}->theta^{8}_{1,3}, theta^{8}_{2,3}->theta^{8}_{2,4}, theta^{8}_{2,4}->theta^{8}_{2,3}, theta^{8}_{3,5}->theta^{8}_{4,5}, theta^{8}_{3,6}->theta^{8}_{4,6}, theta^{8}_{3,7}->theta^{8}_{4,7}, theta^{8}_{3,9}->theta^{8}_{4,9}, theta^{8}_{3,10}->theta^{8}_{4,10}, theta^{8}_{3,11}->theta^{8}_{4,11}, theta^{8}_{4,5}->theta^{8}_{3,5}, theta^{8}_{4,6}->theta^{8}_{3,6}, theta^{8}_{4,7}->theta^{8}_{3,7}, theta^{8}_{4,9}->theta^{8}_{3,9}, theta^{8}_{4,10}->theta^{8}_{3,10}, theta^{8}_{4,11}->theta^{8}_{3,11}, theta^{9}_{0,3}->theta^{9}_{0,4}, theta^{9}_{0,4}->theta^{9}_{0,3}, theta^{9}_{1,3}->theta^{9}_{1,4}, theta^{9}_{1,4}->theta^{9}_{1,3}, theta^{9}_{2,3}->theta^{9}_{2,4}, theta^{9}_{2,4}->theta^{9}_{2,3}, theta^{9}_{3,5}->theta^{9}_{4,5}, theta^{9}_{3,6}->theta^{9}_{4,6}, theta^{9}_{3,7}->theta^{9}_{4,7}, theta^{9}_{3,8}->theta^{9}_{4,8}, theta^{9}_{3,10}->theta^{9}_{4,10}, theta^{9}_{3,11}->theta^{9}_{4,11}, theta^{9}_{4,5}->theta^{9}_{3,5}, theta^{9}_{4,6}->theta^{9}_{3,6}, theta^{9}_{4,7}->theta^{9}_{3,7}, theta^{9}_{4,8}->theta^{9}_{3,8}, theta^{9}_{4,10}->theta^{9}_{3,10}, theta^{9}_{4,11}->theta^{9}_{3,11}, theta^{10}_{0,3}->theta^{10}_{0,4}, theta^{10}_{0,4}->theta^{10}_{0,3}, theta^{10}_{1,3}->theta^{10}_{1,4}, theta^{10}_{1,4}->theta^{10}_{1,3}, theta^{10}_{2,3}->theta^{10}_{2,4}, theta^{10}_{2,4}->theta^{10}_{2,3}, theta^{10}_{3,5}->theta^{10}_{4,5}, theta^{10}_{3,6}->theta^{10}_{4,6}, theta^{10}_{3,7}->theta^{10}_{4,7}, theta^{10}_{3,8}->theta^{10}_{4,8}, theta^{10}_{3,9}->theta^{10}_{4,9}, theta^{10}_{3,11}->theta^{10}_{4,11}, theta^{10}_{4,5}->theta^{10}_{3,5}, theta^{10}_{4,6}->theta^{10}_{3,6}, theta^{10}_{4,7}->theta^{10}_{3,7}, theta^{10}_{4,8}->theta^{10}_{3,8}, theta^{10}_{4,9}->theta^{10}_{3,9}, theta^{10}_{4,11}->theta^{10}_{3,11}, theta^{11}_{0,3}->theta^{11}_{0,4}, theta^{11}_{0,4}->theta^{11}_{0,3}, theta^{11}_{1,3}->theta^{11}_{1,4}, theta^{11}_{1,4}->theta^{11}_{1,3}, theta^{11}_{2,3}->theta^{11}_{2,4}, theta^{11}_{2,4}->theta^{11}_{2,3}, theta^{11}_{3,5}->theta^{11}_{4,5}, theta^{11}_{3,6}->theta^{11}_{4,6}, theta^{11}_{3,7}->theta^{11}_{4,7}, theta^{11}_{3,8}->theta^{11}_{4,8}, theta^{11}_{3,9}->theta^{11}_{4,9}, theta^{11}_{3,10}->theta^{11}_{4,10}, theta^{11}_{4,5}->theta^{11}_{3,5}, theta^{11}_{4,6}->theta^{11}_{3,6}, theta^{11}_{4,7}->theta^{11}_{3,7}, theta^{11}_{4,8}->theta^{11}_{3,8}, theta^{11}_{4,9}->theta^{11}_{3,9}, theta^{11}_{4,10}->theta^{11}_{3,10}
  Dihedrals: d_{0,1,2,3}->d_{0,1,2,4}, d_{0,1,2,4}->d_{0,1,2,3}, d_{0,1,3,5}->d_{0,1,4,5}, d_{0,1,3,6}->d_{0,1,4,6}, d_{0,1,3,7}->d_{0,1,4,7}, d_{0,1,3,8}->d_{0,1,4,8}, d_{0,1,3,9}->d_{0,1,4,9}, d_{0,1,3,10}->d_{0,1,4,10}, d_{0,1,3,11}->d_{0,1,4,11}, d_{0,1,4,5}->d_{0,1,3,5}, d_{0,1,4,6}->d_{0,1,3,6}, d_{0,1,4,7}->d_{0,1,3,7}, d_{0,1,4,8}->d_{0,1,3,8}, d_{0,1,4,9}->d_{0,1,3,9}, d_{0,1,4,10}->d_{0,1,3,10}, d_{0,1,4,11}->d_{0,1,3,11}, d_{0,2,1,3}->d_{0,2,1,4}, d_{0,2,1,4}->d_{0,2,1,3}, d_{0,2,3,5}->d_{0,2,4,5}, d_{0,2,3,6}->d_{0,2,4,6}, d_{0,2,3,7}->d_{0,2,4,7}, d_{0,2,3,8}->d_{0,2,4,8}, d_{0,2,3,9}->d_{0,2,4,9}, d_{0,2,3,10}->d_{0,2,4,10}, d_{0,2,3,11}->d_{0,2,4,11}, d_{0,2,4,5}->d_{0,2,3,5}, d_{0,2,4,6}->d_{0,2,3,6}, d_{0,2,4,7}->d_{0,2,3,7}, d_{0,2,4,8}->d_{0,2,3,8}, d_{0,2,4,9}->d_{0,2,3,9}, d_{0,2,4,10}->d_{0,2,3,10}, d_{0,2,4,11}->d_{0,2,3,11}, d_{0,3,1,2}->d_{0,4,1,2}, d_{0,3,1,4}->d_{0,4,1,3}, d_{0,3,1,5}->d_{0,4,1,5}, d_{0,3,1,6}->d_{0,4,1,6}, d_{0,3,1,7}->d_{0,4,1,7}, d_{0,3,1,8}->d_{0,4,1,8}, d_{0,3,1,9}->d_{0,4,1,9}, d_{0,3,1,10}->d_{0,4,1,10}, d_{0,3,1,11}->d_{0,4,1,11}, d_{0,3,2,4}->d_{0,4,2,3}, d_{0,3,2,5}->d_{0,4,2,5}, d_{0,3,2,6}->d_{0,4,2,6}, d_{0,3,2,7}->d_{0,4,2,7}, d_{0,3,2,8}->d_{0,4,2,8}, d_{0,3,2,9}->d_{0,4,2,9}, d_{0,3,2,10}->d_{0,4,2,10}, d_{0,3,2,11}->d_{0,4,2,11}, d_{0,3,4,5}->d_{0,4,3,5}, d_{0,3,4,6}->d_{0,4,3,6}, d_{0,3,4,7}->d_{0,4,3,7}, d_{0,3,4,8}->d_{0,4,3,8}, d_{0,3,4,9}->d_{0,4,3,9}, d_{0,3,4,10}->d_{0,4,3,10}, d_{0,3,4,11}->d_{0,4,3,11}, d_{0,3,5,6}->d_{0,4,5,6}, d_{0,3,5,7}->d_{0,4,5,7}, d_{0,3,5,8}->d_{0,4,5,8}, d_{0,3,5,9}->d_{0,4,5,9}, d_{0,3,5,10}->d_{0,4,5,10}, d_{0,3,5,11}->d_{0,4,5,11}, d_{0,3,6,7}->d_{0,4,6,7}, d_{0,3,6,8}->d_{0,4,6,8}, d_{0,3,6,9}->d_{0,4,6,9}, d_{0,3,6,10}->d_{0,4,6,10}, d_{0,3,6,11}->d_{0,4,6,11}, d_{0,3,7,8}->d_{0,4,7,8}, d_{0,3,7,9}->d_{0,4,7,9}, d_{0,3,7,10}->d_{0,4,7,10}, d_{0,3,7,11}->d_{0,4,7,11}, d_{0,3,8,9}->d_{0,4,8,9}, d_{0,3,8,10}->d_{0,4,8,10}, d_{0,3,8,11}->d_{0,4,8,11}, d_{0,3,9,10}->d_{0,4,9,10}, d_{0,3,9,11}->d_{0,4,9,11}, d_{0,3,10,11}->d_{0,4,10,11}, d_{0,4,1,2}->d_{0,3,1,2}, d_{0,4,1,3}->d_{0,3,1,4}, d_{0,4,1,5}->d_{0,3,1,5}, d_{0,4,1,6}->d_{0,3,1,6}, d_{0,4,1,7}->d_{0,3,1,7}, d_{0,4,1,8}->d_{0,3,1,8}, d_{0,4,1,9}->d_{0,3,1,9}, d_{0,4,1,10}->d_{0,3,1,10}, d_{0,4,1,11}->d_{0,3,1,11}, d_{0,4,2,3}->d_{0,3,2,4}, d_{0,4,2,5}->d_{0,3,2,5}, d_{0,4,2,6}->d_{0,3,2,6}, d_{0,4,2,7}->d_{0,3,2,7}, d_{0,4,2,8}->d_{0,3,2,8}, d_{0,4,2,9}->d_{0,3,2,9}, d_{0,4,2,10}->d_{0,3,2,10}, d_{0,4,2,11}->d_{0,3,2,11}, d_{0,4,3,5}->d_{0,3,4,5}, d_{0,4,3,6}->d_{0,3,4,6}, d_{0,4,3,7}->d_{0,3,4,7}, d_{0,4,3,8}->d_{0,3,4,8}, d_{0,4,3,9}->d_{0,3,4,9}, d_{0,4,3,10}->d_{0,3,4,10}, d_{0,4,3,11}->d_{0,3,4,11}, d_{0,4,5,6}->d_{0,3,5,6}, d_{0,4,5,7}->d_{0,3,5,7}, d_{0,4,5,8}->d_{0,3,5,8}, d_{0,4,5,9}->d_{0,3,5,9}, d_{0,4,5,10}->d_{0,3,5,10}, d_{0,4,5,11}->d_{0,3,5,11}, d_{0,4,6,7}->d_{0,3,6,7}, d_{0,4,6,8}->d_{0,3,6,8}, d_{0,4,6,9}->d_{0,3,6,9}, d_{0,4,6,10}->d_{0,3,6,10}, d_{0,4,6,11}->d_{0,3,6,11}, d_{0,4,7,8}->d_{0,3,7,8}, d_{0,4,7,9}->d_{0,3,7,9}, d_{0,4,7,10}->d_{0,3,7,10}, d_{0,4,7,11}->d_{0,3,7,11}, d_{0,4,8,9}->d_{0,3,8,9}, d_{0,4,8,10}->d_{0,3,8,10}, d_{0,4,8,11}->d_{0,3,8,11}, d_{0,4,9,10}->d_{0,3,9,10}, d_{0,4,9,11}->d_{0,3,9,11}, d_{0,4,10,11}->d_{0,3,10,11}, d_{0,5,1,3}->d_{0,5,1,4}, d_{0,5,1,4}->d_{0,5,1,3}, d_{0,5,2,3}->d_{0,5,2,4}, d_{0,5,2,4}->d_{0,5,2,3}, d_{0,5,3,6}->d_{0,5,4,6}, d_{0,5,3,7}->d_{0,5,4,7}, d_{0,5,3,8}->d_{0,5,4,8}, d_{0,5,3,9}->d_{0,5,4,9}, d_{0,5,3,10}->d_{0,5,4,10}, d_{0,5,3,11}->d_{0,5,4,11}, d_{0,5,4,6}->d_{0,5,3,6}, d_{0,5,4,7}->d_{0,5,3,7}, d_{0,5,4,8}->d_{0,5,3,8}, d_{0,5,4,9}->d_{0,5,3,9}, d_{0,5,4,10}->d_{0,5,3,10}, d_{0,5,4,11}->d_{0,5,3,11}, d_{0,6,1,3}->d_{0,6,1,4}, d_{0,6,1,4}->d_{0,6,1,3}, d_{0,6,2,3}->d_{0,6,2,4}, d_{0,6,2,4}->d_{0,6,2,3}, d_{0,6,3,5}->d_{0,6,4,5}, d_{0,6,3,7}->d_{0,6,4,7}, d_{0,6,3,8}->d_{0,6,4,8}, d_{0,6,3,9}->d_{0,6,4,9}, d_{0,6,3,10}->d_{0,6,4,10}, d_{0,6,3,11}->d_{0,6,4,11}, d_{0,6,4,5}->d_{0,6,3,5}, d_{0,6,4,7}->d_{0,6,3,7}, d_{0,6,4,8}->d_{0,6,3,8}, d_{0,6,4,9}->d_{0,6,3,9}, d_{0,6,4,10}->d_{0,6,3,10}, d_{0,6,4,11}->d_{0,6,3,11}, d_{0,7,1,3}->d_{0,7,1,4}, d_{0,7,1,4}->d_{0,7,1,3}, d_{0,7,2,3}->d_{0,7,2,4}, d_{0,7,2,4}->d_{0,7,2,3}, d_{0,7,3,5}->d_{0,7,4,5}, d_{0,7,3,6}->d_{0,7,4,6}, d_{0,7,3,8}->d_{0,7,4,8}, d_{0,7,3,9}->d_{0,7,4,9}, d_{0,7,3,10}->d_{0,7,4,10}, d_{0,7,3,11}->d_{0,7,4,11}, d_{0,7,4,5}->d_{0,7,3,5}, d_{0,7,4,6}->d_{0,7,3,6}, d_{0,7,4,8}->d_{0,7,3,8}, d_{0,7,4,9}->d_{0,7,3,9}, d_{0,7,4,10}->d_{0,7,3,10}, d_{0,7,4,11}->d_{0,7,3,11}, d_{0,8,1,3}->d_{0,8,1,4}, d_{0,8,1,4}->d_{0,8,1,3}, d_{0,8,2,3}->d_{0,8,2,4}, d_{0,8,2,4}->d_{0,8,2,3}, d_{0,8,3,5}->d_{0,8,4,5}, d_{0,8,3,6}->d_{0,8,4,6}, d_{0,8,3,7}->d_{0,8,4,7}, d_{0,8,3,9}->d_{0,8,4,9}, d_{0,8,3,10}->d_{0,8,4,10}, d_{0,8,3,11}->d_{0,8,4,11}, d_{0,8,4,5}->d_{0,8,3,5}, d_{0,8,4,6}->d_{0,8,3,6}, d_{0,8,4,7}->d_{0,8,3,7}, d_{0,8,4,9}->d_{0,8,3,9}, d_{0,8,4,10}->d_{0,8,3,10}, d_{0,8,4,11}->d_{0,8,3,11}, d_{0,9,1,3}->d_{0,9,1,4}, d_{0,9,1,4}->d_{0,9,1,3}, d_{0,9,2,3}->d_{0,9,2,4}, d_{0,9,2,4}->d_{0,9,2,3}, d_{0,9,3,5}->d_{0,9,4,5}, d_{0,9,3,6}->d_{0,9,4,6}, d_{0,9,3,7}->d_{0,9,4,7}, d_{0,9,3,8}->d_{0,9,4,8}, d_{0,9,3,10}->d_{0,9,4,10}, d_{0,9,3,11}->d_{0,9,4,11}, d_{0,9,4,5}->d_{0,9,3,5}, d_{0,9,4,6}->d_{0,9,3,6}, d_{0,9,4,7}->d_{0,9,3,7}, d_{0,9,4,8}->d_{0,9,3,8}, d_{0,9,4,10}->d_{0,9,3,10}, d_{0,9,4,11}->d_{0,9,3,11}, d_{0,10,1,3}->d_{0,10,1,4}, d_{0,10,1,4}->d_{0,10,1,3}, d_{0,10,2,3}->d_{0,10,2,4}, d_{0,10,2,4}->d_{0,10,2,3}, d_{0,10,3,5}->d_{0,10,4,5}, d_{0,10,3,6}->d_{0,10,4,6}, d_{0,10,3,7}->d_{0,10,4,7}, d_{0,10,3,8}->d_{0,10,4,8}, d_{0,10,3,9}->d_{0,10,4,9}, d_{0,10,3,11}->d_{0,10,4,11}, d_{0,10,4,5}->d_{0,10,3,5}, d_{0,10,4,6}->d_{0,10,3,6}, d_{0,10,4,7}->d_{0,10,3,7}, d_{0,10,4,8}->d_{0,10,3,8}, d_{0,10,4,9}->d_{0,10,3,9}, d_{0,10,4,11}->d_{0,10,3,11}, d_{0,11,1,3}->d_{0,11,1,4}, d_{0,11,1,4}->d_{0,11,1,3}, d_{0,11,2,3}->d_{0,11,2,4}, d_{0,11,2,4}->d_{0,11,2,3}, d_{0,11,3,5}->d_{0,11,4,5}, d_{0,11,3,6}->d_{0,11,4,6}, d_{0,11,3,7}->d_{0,11,4,7}, d_{0,11,3,8}->d_{0,11,4,8}, d_{0,11,3,9}->d_{0,11,4,9}, d_{0,11,3,10}->d_{0,11,4,10}, d_{0,11,4,5}->d_{0,11,3,5}, d_{0,11,4,6}->d_{0,11,3,6}, d_{0,11,4,7}->d_{0,11,3,7}, d_{0,11,4,8}->d_{0,11,3,8}, d_{0,11,4,9}->d_{0,11,3,9}, d_{0,11,4,10}->d_{0,11,3,10}, d_{1,2,0,3}->d_{1,2,0,4}, d_{1,2,0,4}->d_{1,2,0,3}, d_{1,2,3,5}->d_{1,2,4,5}, d_{1,2,3,6}->d_{1,2,4,6}, d_{1,2,3,7}->d_{1,2,4,7}, d_{1,2,3,8}->d_{1,2,4,8}, d_{1,2,3,9}->d_{1,2,4,9}, d_{1,2,3,10}->d_{1,2,4,10}, d_{1,2,3,11}->d_{1,2,4,11}, d_{1,2,4,5}->d_{1,2,3,5}, d_{1,2,4,6}->d_{1,2,3,6}, d_{1,2,4,7}->d_{1,2,3,7}, d_{1,2,4,8}->d_{1,2,3,8}, d_{1,2,4,9}->d_{1,2,3,9}, d_{1,2,4,10}->d_{1,2,3,10}, d_{1,2,4,11}->d_{1,2,3,11}, d_{1,3,0,2}->d_{1,4,0,2}, d_{1,3,0,4}->d_{1,4,0,3}, d_{1,3,0,5}->d_{1,4,0,5}, d_{1,3,0,6}->d_{1,4,0,6}, d_{1,3,0,7}->d_{1,4,0,7}, d_{1,3,0,8}->d_{1,4,0,8}, d_{1,3,0,9}->d_{1,4,0,9}, d_{1,3,0,10}->d_{1,4,0,10}, d_{1,3,0,11}->d_{1,4,0,11}, d_{1,3,2,4}->d_{1,4,2,3}, d_{1,3,2,5}->d_{1,4,2,5}, d_{1,3,2,6}->d_{1,4,2,6}, d_{1,3,2,7}->d_{1,4,2,7}, d_{1,3,2,8}->d_{1,4,2,8}, d_{1,3,2,9}->d_{1,4,2,9}, d_{1,3,2,10}->d_{1,4,2,10}, d_{1,3,2,11}->d_{1,4,2,11}, d_{1,3,4,5}->d_{1,4,3,5}, d_{1,3,4,6}->d_{1,4,3,6}, d_{1,3,4,7}->d_{1,4,3,7}, d_{1,3,4,8}->d_{1,4,3,8}, d_{1,3,4,9}->d_{1,4,3,9}, d_{1,3,4,10}->d_{1,4,3,10}, d_{1,3,4,11}->d_{1,4,3,11}, d_{1,3,5,6}->d_{1,4,5,6}, d_{1,3,5,7}->d_{1,4,5,7}, d_{1,3,5,8}->d_{1,4,5,8}, d_{1,3,5,9}->d_{1,4,5,9}, d_{1,3,5,10}->d_{1,4,5,10}, d_{1,3,5,11}->d_{1,4,5,11}, d_{1,3,6,7}->d_{1,4,6,7}, d_{1,3,6,8}->d_{1,4,6,8}, d_{1,3,6,9}->d_{1,4,6,9}, d_{1,3,6,10}->d_{1,4,6,10}, d_{1,3,6,11}->d_{1,4,6,11}, d_{1,3,7,8}->d_{1,4,7,8}, d_{1,3,7,9}->d_{1,4,7,9}, d_{1,3,7,10}->d_{1,4,7,10}, d_{1,3,7,11}->d_{1,4,7,11}, d_{1,3,8,9}->d_{1,4,8,9}, d_{1,3,8,10}->d_{1,4,8,10}, d_{1,3,8,11}->d_{1,4,8,11}, d_{1,3,9,10}->d_{1,4,9,10}, d_{1,3,9,11}->d_{1,4,9,11}, d_{1,3,10,11}->d_{1,4,10,11}, d_{1,4,0,2}->d_{1,3,0,2}, d_{1,4,0,3}->d_{1,3,0,4}, d_{1,4,0,5}->d_{1,3,0,5}, d_{1,4,0,6}->d_{1,3,0,6}, d_{1,4,0,7}->d_{1,3,0,7}, d_{1,4,0,8}->d_{1,3,0,8}, d_{1,4,0,9}->d_{1,3,0,9}, d_{1,4,0,10}->d_{1,3,0,10}, d_{1,4,0,11}->d_{1,3,0,11}, d_{1,4,2,3}->d_{1,3,2,4}, d_{1,4,2,5}->d_{1,3,2,5}, d_{1,4,2,6}->d_{1,3,2,6}, d_{1,4,2,7}->d_{1,3,2,7}, d_{1,4,2,8}->d_{1,3,2,8}, d_{1,4,2,9}->d_{1,3,2,9}, d_{1,4,2,10}->d_{1,3,2,10}, d_{1,4,2,11}->d_{1,3,2,11}, d_{1,4,3,5}->d_{1,3,4,5}, d_{1,4,3,6}->d_{1,3,4,6}, d_{1,4,3,7}->d_{1,3,4,7}, d_{1,4,3,8}->d_{1,3,4,8}, d_{1,4,3,9}->d_{1,3,4,9}, d_{1,4,3,10}->d_{1,3,4,10}, d_{1,4,3,11}->d_{1,3,4,11}, d_{1,4,5,6}->d_{1,3,5,6}, d_{1,4,5,7}->d_{1,3,5,7}, d_{1,4,5,8}->d_{1,3,5,8}, d_{1,4,5,9}->d_{1,3,5,9}, d_{1,4,5,10}->d_{1,3,5,10}, d_{1,4,5,11}->d_{1,3,5,11}, d_{1,4,6,7}->d_{1,3,6,7}, d_{1,4,6,8}->d_{1,3,6,8}, d_{1,4,6,9}->d_{1,3,6,9}, d_{1,4,6,10}->d_{1,3,6,10}, d_{1,4,6,11}->d_{1,3,6,11}, d_{1,4,7,8}->d_{1,3,7,8}, d_{1,4,7,9}->d_{1,3,7,9}, d_{1,4,7,10}->d_{1,3,7,10}, d_{1,4,7,11}->d_{1,3,7,11}, d_{1,4,8,9}->d_{1,3,8,9}, d_{1,4,8,10}->d_{1,3,8,10}, d_{1,4,8,11}->d_{1,3,8,11}, d_{1,4,9,10}->d_{1,3,9,10}, d_{1,4,9,11}->d_{1,3,9,11}, d_{1,4,10,11}->d_{1,3,10,11}, d_{1,5,0,3}->d_{1,5,0,4}, d_{1,5,0,4}->d_{1,5,0,3}, d_{1,5,2,3}->d_{1,5,2,4}, d_{1,5,2,4}->d_{1,5,2,3}, d_{1,5,3,6}->d_{1,5,4,6}, d_{1,5,3,7}->d_{1,5,4,7}, d_{1,5,3,8}->d_{1,5,4,8}, d_{1,5,3,9}->d_{1,5,4,9}, d_{1,5,3,10}->d_{1,5,4,10}, d_{1,5,3,11}->d_{1,5,4,11}, d_{1,5,4,6}->d_{1,5,3,6}, d_{1,5,4,7}->d_{1,5,3,7}, d_{1,5,4,8}->d_{1,5,3,8}, d_{1,5,4,9}->d_{1,5,3,9}, d_{1,5,4,10}->d_{1,5,3,10}, d_{1,5,4,11}->d_{1,5,3,11}, d_{1,6,0,3}->d_{1,6,0,4}, d_{1,6,0,4}->d_{1,6,0,3}, d_{1,6,2,3}->d_{1,6,2,4}, d_{1,6,2,4}->d_{1,6,2,3}, d_{1,6,3,5}->d_{1,6,4,5}, d_{1,6,3,7}->d_{1,6,4,7}, d_{1,6,3,8}->d_{1,6,4,8}, d_{1,6,3,9}->d_{1,6,4,9}, d_{1,6,3,10}->d_{1,6,4,10}, d_{1,6,3,11}->d_{1,6,4,11}, d_{1,6,4,5}->d_{1,6,3,5}, d_{1,6,4,7}->d_{1,6,3,7}, d_{1,6,4,8}->d_{1,6,3,8}, d_{1,6,4,9}->d_{1,6,3,9}, d_{1,6,4,10}->d_{1,6,3,10}, d_{1,6,4,11}->d_{1,6,3,11}, d_{1,7,0,3}->d_{1,7,0,4}, d_{1,7,0,4}->d_{1,7,0,3}, d_{1,7,2,3}->d_{1,7,2,4}, d_{1,7,2,4}->d_{1,7,2,3}, d_{1,7,3,5}->d_{1,7,4,5}, d_{1,7,3,6}->d_{1,7,4,6}, d_{1,7,3,8}->d_{1,7,4,8}, d_{1,7,3,9}->d_{1,7,4,9}, d_{1,7,3,10}->d_{1,7,4,10}, d_{1,7,3,11}->d_{1,7,4,11}, d_{1,7,4,5}->d_{1,7,3,5}, d_{1,7,4,6}->d_{1,7,3,6}, d_{1,7,4,8}->d_{1,7,3,8}, d_{1,7,4,9}->d_{1,7,3,9}, d_{1,7,4,10}->d_{1,7,3,10}, d_{1,7,4,11}->d_{1,7,3,11}, d_{1,8,0,3}->d_{1,8,0,4}, d_{1,8,0,4}->d_{1,8,0,3}, d_{1,8,2,3}->d_{1,8,2,4}, d_{1,8,2,4}->d_{1,8,2,3}, d_{1,8,3,5}->d_{1,8,4,5}, d_{1,8,3,6}->d_{1,8,4,6}, d_{1,8,3,7}->d_{1,8,4,7}, d_{1,8,3,9}->d_{1,8,4,9}, d_{1,8,3,10}->d_{1,8,4,10}, d_{1,8,3,11}->d_{1,8,4,11}, d_{1,8,4,5}->d_{1,8,3,5}, d_{1,8,4,6}->d_{1,8,3,6}, d_{1,8,4,7}->d_{1,8,3,7}, d_{1,8,4,9}->d_{1,8,3,9}, d_{1,8,4,10}->d_{1,8,3,10}, d_{1,8,4,11}->d_{1,8,3,11}, d_{1,9,0,3}->d_{1,9,0,4}, d_{1,9,0,4}->d_{1,9,0,3}, d_{1,9,2,3}->d_{1,9,2,4}, d_{1,9,2,4}->d_{1,9,2,3}, d_{1,9,3,5}->d_{1,9,4,5}, d_{1,9,3,6}->d_{1,9,4,6}, d_{1,9,3,7}->d_{1,9,4,7}, d_{1,9,3,8}->d_{1,9,4,8}, d_{1,9,3,10}->d_{1,9,4,10}, d_{1,9,3,11}->d_{1,9,4,11}, d_{1,9,4,5}->d_{1,9,3,5}, d_{1,9,4,6}->d_{1,9,3,6}, d_{1,9,4,7}->d_{1,9,3,7}, d_{1,9,4,8}->d_{1,9,3,8}, d_{1,9,4,10}->d_{1,9,3,10}, d_{1,9,4,11}->d_{1,9,3,11}, d_{1,10,0,3}->d_{1,10,0,4}, d_{1,10,0,4}->d_{1,10,0,3}, d_{1,10,2,3}->d_{1,10,2,4}, d_{1,10,2,4}->d_{1,10,2,3}, d_{1,10,3,5}->d_{1,10,4,5}, d_{1,10,3,6}->d_{1,10,4,6}, d_{1,10,3,7}->d_{1,10,4,7}, d_{1,10,3,8}->d_{1,10,4,8}, d_{1,10,3,9}->d_{1,10,4,9}, d_{1,10,3,11}->d_{1,10,4,11}, d_{1,10,4,5}->d_{1,10,3,5}, d_{1,10,4,6}->d_{1,10,3,6}, d_{1,10,4,7}->d_{1,10,3,7}, d_{1,10,4,8}->d_{1,10,3,8}, d_{1,10,4,9}->d_{1,10,3,9}, d_{1,10,4,11}->d_{1,10,3,11}, d_{1,11,0,3}->d_{1,11,0,4}, d_{1,11,0,4}->d_{1,11,0,3}, d_{1,11,2,3}->d_{1,11,2,4}, d_{1,11,2,4}->d_{1,11,2,3}, d_{1,11,3,5}->d_{1,11,4,5}, d_{1,11,3,6}->d_{1,11,4,6}, d_{1,11,3,7}->d_{1,11,4,7}, d_{1,11,3,8}->d_{1,11,4,8}, d_{1,11,3,9}->d_{1,11,4,9}, d_{1,11,3,10}->d_{1,11,4,10}, d_{1,11,4,5}->d_{1,11,3,5}, d_{1,11,4,6}->d_{1,11,3,6}, d_{1,11,4,7}->d_{1,11,3,7}, d_{1,11,4,8}->d_{1,11,3,8}, d_{1,11,4,9}->d_{1,11,3,9}, d_{1,11,4,10}->d_{1,11,3,10}, d_{2,3,0,1}->d_{2,4,0,1}, d_{2,3,0,4}->d_{2,4,0,3}, d_{2,3,0,5}->d_{2,4,0,5}, d_{2,3,0,6}->d_{2,4,0,6}, d_{2,3,0,7}->d_{2,4,0,7}, d_{2,3,0,8}->d_{2,4,0,8}, d_{2,3,0,9}->d_{2,4,0,9}, d_{2,3,0,10}->d_{2,4,0,10}, d_{2,3,0,11}->d_{2,4,0,11}, d_{2,3,1,4}->d_{2,4,1,3}, d_{2,3,1,5}->d_{2,4,1,5}, d_{2,3,1,6}->d_{2,4,1,6}, d_{2,3,1,7}->d_{2,4,1,7}, d_{2,3,1,8}->d_{2,4,1,8}, d_{2,3,1,9}->d_{2,4,1,9}, d_{2,3,1,10}->d_{2,4,1,10}, d_{2,3,1,11}->d_{2,4,1,11}, d_{2,3,4,5}->d_{2,4,3,5}, d_{2,3,4,6}->d_{2,4,3,6}, d_{2,3,4,7}->d_{2,4,3,7}, d_{2,3,4,8}->d_{2,4,3,8}, d_{2,3,4,9}->d_{2,4,3,9}, d_{2,3,4,10}->d_{2,4,3,10}, d_{2,3,4,11}->d_{2,4,3,11}, d_{2,3,5,6}->d_{2,4,5,6}, d_{2,3,5,7}->d_{2,4,5,7}, d_{2,3,5,8}->d_{2,4,5,8}, d_{2,3,5,9}->d_{2,4,5,9}, d_{2,3,5,10}->d_{2,4,5,10}, d_{2,3,5,11}->d_{2,4,5,11}, d_{2,3,6,7}->d_{2,4,6,7}, d_{2,3,6,8}->d_{2,4,6,8}, d_{2,3,6,9}->d_{2,4,6,9}, d_{2,3,6,10}->d_{2,4,6,10}, d_{2,3,6,11}->d_{2,4,6,11}, d_{2,3,7,8}->d_{2,4,7,8}, d_{2,3,7,9}->d_{2,4,7,9}, d_{2,3,7,10}->d_{2,4,7,10}, d_{2,3,7,11}->d_{2,4,7,11}, d_{2,3,8,9}->d_{2,4,8,9}, d_{2,3,8,10}->d_{2,4,8,10}, d_{2,3,8,11}->d_{2,4,8,11}, d_{2,3,9,10}->d_{2,4,9,10}, d_{2,3,9,11}->d_{2,4,9,11}, d_{2,3,10,11}->d_{2,4,10,11}, d_{2,4,0,1}->d_{2,3,0,1}, d_{2,4,0,3}->d_{2,3,0,4}, d_{2,4,0,5}->d_{2,3,0,5}, d_{2,4,0,6}->d_{2,3,0,6}, d_{2,4,0,7}->d_{2,3,0,7}, d_{2,4,0,8}->d_{2,3,0,8}, d_{2,4,0,9}->d_{2,3,0,9}, d_{2,4,0,10}->d_{2,3,0,10}, d_{2,4,0,11}->d_{2,3,0,11}, d_{2,4,1,3}->d_{2,3,1,4}, d_{2,4,1,5}->d_{2,3,1,5}, d_{2,4,1,6}->d_{2,3,1,6}, d_{2,4,1,7}->d_{2,3,1,7}, d_{2,4,1,8}->d_{2,3,1,8}, d_{2,4,1,9}->d_{2,3,1,9}, d_{2,4,1,10}->d_{2,3,1,10}, d_{2,4,1,11}->d_{2,3,1,11}, d_{2,4,3,5}->d_{2,3,4,5}, d_{2,4,3,6}->d_{2,3,4,6}, d_{2,4,3,7}->d_{2,3,4,7}, d_{2,4,3,8}->d_{2,3,4,8}, d_{2,4,3,9}->d_{2,3,4,9}, d_{2,4,3,10}->d_{2,3,4,10}, d_{2,4,3,11}->d_{2,3,4,11}, d_{2,4,5,6}->d_{2,3,5,6}, d_{2,4,5,7}->d_{2,3,5,7}, d_{2,4,5,8}->d_{2,3,5,8}, d_{2,4,5,9}->d_{2,3,5,9}, d_{2,4,5,10}->d_{2,3,5,10}, d_{2,4,5,11}->d_{2,3,5,11}, d_{2,4,6,7}->d_{2,3,6,7}, d_{2,4,6,8}->d_{2,3,6,8}, d_{2,4,6,9}->d_{2,3,6,9}, d_{2,4,6,10}->d_{2,3,6,10}, d_{2,4,6,11}->d_{2,3,6,11}, d_{2,4,7,8}->d_{2,3,7,8}, d_{2,4,7,9}->d_{2,3,7,9}, d_{2,4,7,10}->d_{2,3,7,10}, d_{2,4,7,11}->d_{2,3,7,11}, d_{2,4,8,9}->d_{2,3,8,9}, d_{2,4,8,10}->d_{2,3,8,10}, d_{2,4,8,11}->d_{2,3,8,11}, d_{2,4,9,10}->d_{2,3,9,10}, d_{2,4,9,11}->d_{2,3,9,11}, d_{2,4,10,11}->d_{2,3,10,11}, d_{2,5,0,3}->d_{2,5,0,4}, d_{2,5,0,4}->d_{2,5,0,3}, d_{2,5,1,3}->d_{2,5,1,4}, d_{2,5,1,4}->d_{2,5,1,3}, d_{2,5,3,6}->d_{2,5,4,6}, d_{2,5,3,7}->d_{2,5,4,7}, d_{2,5,3,8}->d_{2,5,4,8}, d_{2,5,3,9}->d_{2,5,4,9}, d_{2,5,3,10}->d_{2,5,4,10}, d_{2,5,3,11}->d_{2,5,4,11}, d_{2,5,4,6}->d_{2,5,3,6}, d_{2,5,4,7}->d_{2,5,3,7}, d_{2,5,4,8}->d_{2,5,3,8}, d_{2,5,4,9}->d_{2,5,3,9}, d_{2,5,4,10}->d_{2,5,3,10}, d_{2,5,4,11}->d_{2,5,3,11}, d_{2,6,0,3}->d_{2,6,0,4}, d_{2,6,0,4}->d_{2,6,0,3}, d_{2,6,1,3}->d_{2,6,1,4}, d_{2,6,1,4}->d_{2,6,1,3}, d_{2,6,3,5}->d_{2,6,4,5}, d_{2,6,3,7}->d_{2,6,4,7}, d_{2,6,3,8}->d_{2,6,4,8}, d_{2,6,3,9}->d_{2,6,4,9}, d_{2,6,3,10}->d_{2,6,4,10}, d_{2,6,3,11}->d_{2,6,4,11}, d_{2,6,4,5}->d_{2,6,3,5}, d_{2,6,4,7}->d_{2,6,3,7}, d_{2,6,4,8}->d_{2,6,3,8}, d_{2,6,4,9}->d_{2,6,3,9}, d_{2,6,4,10}->d_{2,6,3,10}, d_{2,6,4,11}->d_{2,6,3,11}, d_{2,7,0,3}->d_{2,7,0,4}, d_{2,7,0,4}->d_{2,7,0,3}, d_{2,7,1,3}->d_{2,7,1,4}, d_{2,7,1,4}->d_{2,7,1,3}, d_{2,7,3,5}->d_{2,7,4,5}, d_{2,7,3,6}->d_{2,7,4,6}, d_{2,7,3,8}->d_{2,7,4,8}, d_{2,7,3,9}->d_{2,7,4,9}, d_{2,7,3,10}->d_{2,7,4,10}, d_{2,7,3,11}->d_{2,7,4,11}, d_{2,7,4,5}->d_{2,7,3,5}, d_{2,7,4,6}->d_{2,7,3,6}, d_{2,7,4,8}->d_{2,7,3,8}, d_{2,7,4,9}->d_{2,7,3,9}, d_{2,7,4,10}->d_{2,7,3,10}, d_{2,7,4,11}->d_{2,7,3,11}, d_{2,8,0,3}->d_{2,8,0,4}, d_{2,8,0,4}->d_{2,8,0,3}, d_{2,8,1,3}->d_{2,8,1,4}, d_{2,8,1,4}->d_{2,8,1,3}, d_{2,8,3,5}->d_{2,8,4,5}, d_{2,8,3,6}->d_{2,8,4,6}, d_{2,8,3,7}->d_{2,8,4,7}, d_{2,8,3,9}->d_{2,8,4,9}, d_{2,8,3,10}->d_{2,8,4,10}, d_{2,8,3,11}->d_{2,8,4,11}, d_{2,8,4,5}->d_{2,8,3,5}, d_{2,8,4,6}->d_{2,8,3,6}, d_{2,8,4,7}->d_{2,8,3,7}, d_{2,8,4,9}->d_{2,8,3,9}, d_{2,8,4,10}->d_{2,8,3,10}, d_{2,8,4,11}->d_{2,8,3,11}, d_{2,9,0,3}->d_{2,9,0,4}, d_{2,9,0,4}->d_{2,9,0,3}, d_{2,9,1,3}->d_{2,9,1,4}, d_{2,9,1,4}->d_{2,9,1,3}, d_{2,9,3,5}->d_{2,9,4,5}, d_{2,9,3,6}->d_{2,9,4,6}, d_{2,9,3,7}->d_{2,9,4,7}, d_{2,9,3,8}->d_{2,9,4,8}, d_{2,9,3,10}->d_{2,9,4,10}, d_{2,9,3,11}->d_{2,9,4,11}, d_{2,9,4,5}->d_{2,9,3,5}, d_{2,9,4,6}->d_{2,9,3,6}, d_{2,9,4,7}->d_{2,9,3,7}, d_{2,9,4,8}->d_{2,9,3,8}, d_{2,9,4,10}->d_{2,9,3,10}, d_{2,9,4,11}->d_{2,9,3,11}, d_{2,10,0,3}->d_{2,10,0,4}, d_{2,10,0,4}->d_{2,10,0,3}, d_{2,10,1,3}->d_{2,10,1,4}, d_{2,10,1,4}->d_{2,10,1,3}, d_{2,10,3,5}->d_{2,10,4,5}, d_{2,10,3,6}->d_{2,10,4,6}, d_{2,10,3,7}->d_{2,10,4,7}, d_{2,10,3,8}->d_{2,10,4,8}, d_{2,10,3,9}->d_{2,10,4,9}, d_{2,10,3,11}->d_{2,10,4,11}, d_{2,10,4,5}->d_{2,10,3,5}, d_{2,10,4,6}->d_{2,10,3,6}, d_{2,10,4,7}->d_{2,10,3,7}, d_{2,10,4,8}->d_{2,10,3,8}, d_{2,10,4,9}->d_{2,10,3,9}, d_{2,10,4,11}->d_{2,10,3,11}, d_{2,11,0,3}->d_{2,11,0,4}, d_{2,11,0,4}->d_{2,11,0,3}, d_{2,11,1,3}->d_{2,11,1,4}, d_{2,11,1,4}->d_{2,11,1,3}, d_{2,11,3,5}->d_{2,11,4,5}, d_{2,11,3,6}->d_{2,11,4,6}, d_{2,11,3,7}->d_{2,11,4,7}, d_{2,11,3,8}->d_{2,11,4,8}, d_{2,11,3,9}->d_{2,11,4,9}, d_{2,11,3,10}->d_{2,11,4,10}, d_{2,11,4,5}->d_{2,11,3,5}, d_{2,11,4,6}->d_{2,11,3,6}, d_{2,11,4,7}->d_{2,11,3,7}, d_{2,11,4,8}->d_{2,11,3,8}, d_{2,11,4,9}->d_{2,11,3,9}, d_{2,11,4,10}->d_{2,11,3,10}, d_{3,5,0,1}->d_{4,5,0,1}, d_{3,5,0,2}->d_{4,5,0,2}, d_{3,5,0,4}->d_{4,5,0,3}, d_{3,5,0,6}->d_{4,5,0,6}, d_{3,5,0,7}->d_{4,5,0,7}, d_{3,5,0,8}->d_{4,5,0,8}, d_{3,5,0,9}->d_{4,5,0,9}, d_{3,5,0,10}->d_{4,5,0,10}, d_{3,5,0,11}->d_{4,5,0,11}, d_{3,5,1,2}->d_{4,5,1,2}, d_{3,5,1,4}->d_{4,5,1,3}, d_{3,5,1,6}->d_{4,5,1,6}, d_{3,5,1,7}->d_{4,5,1,7}, d_{3,5,1,8}->d_{4,5,1,8}, d_{3,5,1,9}->d_{4,5,1,9}, d_{3,5,1,10}->d_{4,5,1,10}, d_{3,5,1,11}->d_{4,5,1,11}, d_{3,5,2,4}->d_{4,5,2,3}, d_{3,5,2,6}->d_{4,5,2,6}, d_{3,5,2,7}->d_{4,5,2,7}, d_{3,5,2,8}->d_{4,5,2,8}, d_{3,5,2,9}->d_{4,5,2,9}, d_{3,5,2,10}->d_{4,5,2,10}, d_{3,5,2,11}->d_{4,5,2,11}, d_{3,5,4,6}->d_{4,5,3,6}, d_{3,5,4,7}->d_{4,5,3,7}, d_{3,5,4,8}->d_{4,5,3,8}, d_{3,5,4,9}->d_{4,5,3,9}, d_{3,5,4,10}->d_{4,5,3,10}, d_{3,5,4,11}->d_{4,5,3,11}, d_{3,5,6,7}->d_{4,5,6,7}, d_{3,5,6,8}->d_{4,5,6,8}, d_{3,5,6,9}->d_{4,5,6,9}, d_{3,5,6,10}->d_{4,5,6,10}, d_{3,5,6,11}->d_{4,5,6,11}, d_{3,5,7,8}->d_{4,5,7,8}, d_{3,5,7,9}->d_{4,5,7,9}, d_{3,5,7,10}->d_{4,5,7,10}, d_{3,5,7,11}->d_{4,5,7,11}, d_{3,5,8,9}->d_{4,5,8,9}, d_{3,5,8,10}->d_{4,5,8,10}, d_{3,5,8,11}->d_{4,5,8,11}, d_{3,5,9,10}->d_{4,5,9,10}, d_{3,5,9,11}->d_{4,5,9,11}, d_{3,5,10,11}->d_{4,5,10,11}, d_{3,6,0,1}->d_{4,6,0,1}, d_{3,6,0,2}->d_{4,6,0,2}, d_{3,6,0,4}->d_{4,6,0,3}, d_{3,6,0,5}->d_{4,6,0,5}, d_{3,6,0,7}->d_{4,6,0,7}, d_{3,6,0,8}->d_{4,6,0,8}, d_{3,6,0,9}->d_{4,6,0,9}, d_{3,6,0,10}->d_{4,6,0,10}, d_{3,6,0,11}->d_{4,6,0,11}, d_{3,6,1,2}->d_{4,6,1,2}, d_{3,6,1,4}->d_{4,6,1,3}, d_{3,6,1,5}->d_{4,6,1,5}, d_{3,6,1,7}->d_{4,6,1,7}, d_{3,6,1,8}->d_{4,6,1,8}, d_{3,6,1,9}->d_{4,6,1,9}, d_{3,6,1,10}->d_{4,6,1,10}, d_{3,6,1,11}->d_{4,6,1,11}, d_{3,6,2,4}->d_{4,6,2,3}, d_{3,6,2,5}->d_{4,6,2,5}, d_{3,6,2,7}->d_{4,6,2,7}, d_{3,6,2,8}->d_{4,6,2,8}, d_{3,6,2,9}->d_{4,6,2,9}, d_{3,6,2,10}->d_{4,6,2,10}, d_{3,6,2,11}->d_{4,6,2,11}, d_{3,6,4,5}->d_{4,6,3,5}, d_{3,6,4,7}->d_{4,6,3,7}, d_{3,6,4,8}->d_{4,6,3,8}, d_{3,6,4,9}->d_{4,6,3,9}, d_{3,6,4,10}->d_{4,6,3,10}, d_{3,6,4,11}->d_{4,6,3,11}, d_{3,6,5,7}->d_{4,6,5,7}, d_{3,6,5,8}->d_{4,6,5,8}, d_{3,6,5,9}->d_{4,6,5,9}, d_{3,6,5,10}->d_{4,6,5,10}, d_{3,6,5,11}->d_{4,6,5,11}, d_{3,6,7,8}->d_{4,6,7,8}, d_{3,6,7,9}->d_{4,6,7,9}, d_{3,6,7,10}->d_{4,6,7,10}, d_{3,6,7,11}->d_{4,6,7,11}, d_{3,6,8,9}->d_{4,6,8,9}, d_{3,6,8,10}->d_{4,6,8,10}, d_{3,6,8,11}->d_{4,6,8,11}, d_{3,6,9,10}->d_{4,6,9,10}, d_{3,6,9,11}->d_{4,6,9,11}, d_{3,6,10,11}->d_{4,6,10,11}, d_{3,7,0,1}->d_{4,7,0,1}, d_{3,7,0,2}->d_{4,7,0,2}, d_{3,7,0,4}->d_{4,7,0,3}, d_{3,7,0,5}->d_{4,7,0,5}, d_{3,7,0,6}->d_{4,7,0,6}, d_{3,7,0,8}->d_{4,7,0,8}, d_{3,7,0,9}->d_{4,7,0,9}, d_{3,7,0,10}->d_{4,7,0,10}, d_{3,7,0,11}->d_{4,7,0,11}, d_{3,7,1,2}->d_{4,7,1,2}, d_{3,7,1,4}->d_{4,7,1,3}, d_{3,7,1,5}->d_{4,7,1,5}, d_{3,7,1,6}->d_{4,7,1,6}, d_{3,7,1,8}->d_{4,7,1,8}, d_{3,7,1,9}->d_{4,7,1,9}, d_{3,7,1,10}->d_{4,7,1,10}, d_{3,7,1,11}->d_{4,7,1,11}, d_{3,7,2,4}->d_{4,7,2,3}, d_{3,7,2,5}->d_{4,7,2,5}, d_{3,7,2,6}->d_{4,7,2,6}, d_{3,7,2,8}->d_{4,7,2,8}, d_{3,7,2,9}->d_{4,7,2,9}, d_{3,7,2,10}->d_{4,7,2,10}, d_{3,7,2,11}->d_{4,7,2,11}, d_{3,7,4,5}->d_{4,7,3,5}, d_{3,7,4,6}->d_{4,7,3,6}, d_{3,7,4,8}->d_{4,7,3,8}, d_{3,7,4,9}->d_{4,7,3,9}, d_{3,7,4,10}->d_{4,7,3,10}, d_{3,7,4,11}->d_{4,7,3,11}, d_{3,7,5,6}->d_{4,7,5,6}, d_{3,7,5,8}->d_{4,7,5,8}, d_{3,7,5,9}->d_{4,7,5,9}, d_{3,7,5,10}->d_{4,7,5,10}, d_{3,7,5,11}->d_{4,7,5,11}, d_{3,7,6,8}->d_{4,7,6,8}, d_{3,7,6,9}->d_{4,7,6,9}, d_{3,7,6,10}->d_{4,7,6,10}, d_{3,7,6,11}->d_{4,7,6,11}, d_{3,7,8,9}->d_{4,7,8,9}, d_{3,7,8,10}->d_{4,7,8,10}, d_{3,7,8,11}->d_{4,7,8,11}, d_{3,7,9,10}->d_{4,7,9,10}, d_{3,7,9,11}->d_{4,7,9,11}, d_{3,7,10,11}->d_{4,7,10,11}, d_{3,8,0,1}->d_{4,8,0,1}, d_{3,8,0,2}->d_{4,8,0,2}, d_{3,8,0,4}->d_{4,8,0,3}, d_{3,8,0,5}->d_{4,8,0,5}, d_{3,8,0,6}->d_{4,8,0,6}, d_{3,8,0,7}->d_{4,8,0,7}, d_{3,8,0,9}->d_{4,8,0,9}, d_{3,8,0,10}->d_{4,8,0,10}, d_{3,8,0,11}->d_{4,8,0,11}, d_{3,8,1,2}->d_{4,8,1,2}, d_{3,8,1,4}->d_{4,8,1,3}, d_{3,8,1,5}->d_{4,8,1,5}, d_{3,8,1,6}->d_{4,8,1,6}, d_{3,8,1,7}->d_{4,8,1,7}, d_{3,8,1,9}->d_{4,8,1,9}, d_{3,8,1,10}->d_{4,8,1,10}, d_{3,8,1,11}->d_{4,8,1,11}, d_{3,8,2,4}->d_{4,8,2,3}, d_{3,8,2,5}->d_{4,8,2,5}, d_{3,8,2,6}->d_{4,8,2,6}, d_{3,8,2,7}->d_{4,8,2,7}, d_{3,8,2,9}->d_{4,8,2,9}, d_{3,8,2,10}->d_{4,8,2,10}, d_{3,8,2,11}->d_{4,8,2,11}, d_{3,8,4,5}->d_{4,8,3,5}, d_{3,8,4,6}->d_{4,8,3,6}, d_{3,8,4,7}->d_{4,8,3,7}, d_{3,8,4,9}->d_{4,8,3,9}, d_{3,8,4,10}->d_{4,8,3,10}, d_{3,8,4,11}->d_{4,8,3,11}, d_{3,8,5,6}->d_{4,8,5,6}, d_{3,8,5,7}->d_{4,8,5,7}, d_{3,8,5,9}->d_{4,8,5,9}, d_{3,8,5,10}->d_{4,8,5,10}, d_{3,8,5,11}->d_{4,8,5,11}, d_{3,8,6,7}->d_{4,8,6,7}, d_{3,8,6,9}->d_{4,8,6,9}, d_{3,8,6,10}->d_{4,8,6,10}, d_{3,8,6,11}->d_{4,8,6,11}, d_{3,8,7,9}->d_{4,8,7,9}, d_{3,8,7,10}->d_{4,8,7,10}, d_{3,8,7,11}->d_{4,8,7,11}, d_{3,8,9,10}->d_{4,8,9,10}, d_{3,8,9,11}->d_{4,8,9,11}, d_{3,8,10,11}->d_{4,8,10,11}, d_{3,9,0,1}->d_{4,9,0,1}, d_{3,9,0,2}->d_{4,9,0,2}, d_{3,9,0,4}->d_{4,9,0,3}, d_{3,9,0,5}->d_{4,9,0,5}, d_{3,9,0,6}->d_{4,9,0,6}, d_{3,9,0,7}->d_{4,9,0,7}, d_{3,9,0,8}->d_{4,9,0,8}, d_{3,9,0,10}->d_{4,9,0,10}, d_{3,9,0,11}->d_{4,9,0,11}, d_{3,9,1,2}->d_{4,9,1,2}, d_{3,9,1,4}->d_{4,9,1,3}, d_{3,9,1,5}->d_{4,9,1,5}, d_{3,9,1,6}->d_{4,9,1,6}, d_{3,9,1,7}->d_{4,9,1,7}, d_{3,9,1,8}->d_{4,9,1,8}, d_{3,9,1,10}->d_{4,9,1,10}, d_{3,9,1,11}->d_{4,9,1,11}, d_{3,9,2,4}->d_{4,9,2,3}, d_{3,9,2,5}->d_{4,9,2,5}, d_{3,9,2,6}->d_{4,9,2,6}, d_{3,9,2,7}->d_{4,9,2,7}, d_{3,9,2,8}->d_{4,9,2,8}, d_{3,9,2,10}->d_{4,9,2,10}, d_{3,9,2,11}->d_{4,9,2,11}, d_{3,9,4,5}->d_{4,9,3,5}, d_{3,9,4,6}->d_{4,9,3,6}, d_{3,9,4,7}->d_{4,9,3,7}, d_{3,9,4,8}->d_{4,9,3,8}, d_{3,9,4,10}->d_{4,9,3,10}, d_{3,9,4,11}->d_{4,9,3,11}, d_{3,9,5,6}->d_{4,9,5,6}, d_{3,9,5,7}->d_{4,9,5,7}, d_{3,9,5,8}->d_{4,9,5,8}, d_{3,9,5,10}->d_{4,9,5,10}, d_{3,9,5,11}->d_{4,9,5,11}, d_{3,9,6,7}->d_{4,9,6,7}, d_{3,9,6,8}->d_{4,9,6,8}, d_{3,9,6,10}->d_{4,9,6,10}, d_{3,9,6,11}->d_{4,9,6,11}, d_{3,9,7,8}->d_{4,9,7,8}, d_{3,9,7,10}->d_{4,9,7,10}, d_{3,9,7,11}->d_{4,9,7,11}, d_{3,9,8,10}->d_{4,9,8,10}, d_{3,9,8,11}->d_{4,9,8,11}, d_{3,9,10,11}->d_{4,9,10,11}, d_{3,10,0,1}->d_{4,10,0,1}, d_{3,10,0,2}->d_{4,10,0,2}, d_{3,10,0,4}->d_{4,10,0,3}, d_{3,10,0,5}->d_{4,10,0,5}, d_{3,10,0,6}->d_{4,10,0,6}, d_{3,10,0,7}->d_{4,10,0,7}, d_{3,10,0,8}->d_{4,10,0,8}, d_{3,10,0,9}->d_{4,10,0,9}, d_{3,10,0,11}->d_{4,10,0,11}, d_{3,10,1,2}->d_{4,10,1,2}, d_{3,10,1,4}->d_{4,10,1,3}, d_{3,10,1,5}->d_{4,10,1,5}, d_{3,10,1,6}->d_{4,10,1,6}, d_{3,10,1,7}->d_{4,10,1,7}, d_{3,10,1,8}->d_{4,10,1,8}, d_{3,10,1,9}->d_{4,10,1,9}, d_{3,10,1,11}->d_{4,10,1,11}, d_{3,10,2,4}->d_{4,10,2,3}, d_{3,10,2,5}->d_{4,10,2,5}, d_{3,10,2,6}->d_{4,10,2,6}, d_{3,10,2,7}->d_{4,10,2,7}, d_{3,10,2,8}->d_{4,10,2,8}, d_{3,10,2,9}->d_{4,10,2,9}, d_{3,10,2,11}->d_{4,10,2,11}, d_{3,10,4,5}->d_{4,10,3,5}, d_{3,10,4,6}->d_{4,10,3,6}, d_{3,10,4,7}->d_{4,10,3,7}, d_{3,10,4,8}->d_{4,10,3,8}, d_{3,10,4,9}->d_{4,10,3,9}, d_{3,10,4,11}->d_{4,10,3,11}, d_{3,10,5,6}->d_{4,10,5,6}, d_{3,10,5,7}->d_{4,10,5,7}, d_{3,10,5,8}->d_{4,10,5,8}, d_{3,10,5,9}->d_{4,10,5,9}, d_{3,10,5,11}->d_{4,10,5,11}, d_{3,10,6,7}->d_{4,10,6,7}, d_{3,10,6,8}->d_{4,10,6,8}, d_{3,10,6,9}->d_{4,10,6,9}, d_{3,10,6,11}->d_{4,10,6,11}, d_{3,10,7,8}->d_{4,10,7,8}, d_{3,10,7,9}->d_{4,10,7,9}, d_{3,10,7,11}->d_{4,10,7,11}, d_{3,10,8,9}->d_{4,10,8,9}, d_{3,10,8,11}->d_{4,10,8,11}, d_{3,10,9,11}->d_{4,10,9,11}, d_{3,11,0,1}->d_{4,11,0,1}, d_{3,11,0,2}->d_{4,11,0,2}, d_{3,11,0,4}->d_{4,11,0,3}, d_{3,11,0,5}->d_{4,11,0,5}, d_{3,11,0,6}->d_{4,11,0,6}, d_{3,11,0,7}->d_{4,11,0,7}, d_{3,11,0,8}->d_{4,11,0,8}, d_{3,11,0,9}->d_{4,11,0,9}, d_{3,11,0,10}->d_{4,11,0,10}, d_{3,11,1,2}->d_{4,11,1,2}, d_{3,11,1,4}->d_{4,11,1,3}, d_{3,11,1,5}->d_{4,11,1,5}, d_{3,11,1,6}->d_{4,11,1,6}, d_{3,11,1,7}->d_{4,11,1,7}, d_{3,11,1,8}->d_{4,11,1,8}, d_{3,11,1,9}->d_{4,11,1,9}, d_{3,11,1,10}->d_{4,11,1,10}, d_{3,11,2,4}->d_{4,11,2,3}, d_{3,11,2,5}->d_{4,11,2,5}, d_{3,11,2,6}->d_{4,11,2,6}, d_{3,11,2,7}->d_{4,11,2,7}, d_{3,11,2,8}->d_{4,11,2,8}, d_{3,11,2,9}->d_{4,11,2,9}, d_{3,11,2,10}->d_{4,11,2,10}, d_{3,11,4,5}->d_{4,11,3,5}, d_{3,11,4,6}->d_{4,11,3,6}, d_{3,11,4,7}->d_{4,11,3,7}, d_{3,11,4,8}->d_{4,11,3,8}, d_{3,11,4,9}->d_{4,11,3,9}, d_{3,11,4,10}->d_{4,11,3,10}, d_{3,11,5,6}->d_{4,11,5,6}, d_{3,11,5,7}->d_{4,11,5,7}, d_{3,11,5,8}->d_{4,11,5,8}, d_{3,11,5,9}->d_{4,11,5,9}, d_{3,11,5,10}->d_{4,11,5,10}, d_{3,11,6,7}->d_{4,11,6,7}, d_{3,11,6,8}->d_{4,11,6,8}, d_{3,11,6,9}->d_{4,11,6,9}, d_{3,11,6,10}->d_{4,11,6,10}, d_{3,11,7,8}->d_{4,11,7,8}, d_{3,11,7,9}->d_{4,11,7,9}, d_{3,11,7,10}->d_{4,11,7,10}, d_{3,11,8,9}->d_{4,11,8,9}, d_{3,11,8,10}->d_{4,11,8,10}, d_{3,11,9,10}->d_{4,11,9,10}, d_{4,5,0,1}->d_{3,5,0,1}, d_{4,5,0,2}->d_{3,5,0,2}, d_{4,5,0,3}->d_{3,5,0,4}, d_{4,5,0,6}->d_{3,5,0,6}, d_{4,5,0,7}->d_{3,5,0,7}, d_{4,5,0,8}->d_{3,5,0,8}, d_{4,5,0,9}->d_{3,5,0,9}, d_{4,5,0,10}->d_{3,5,0,10}, d_{4,5,0,11}->d_{3,5,0,11}, d_{4,5,1,2}->d_{3,5,1,2}, d_{4,5,1,3}->d_{3,5,1,4}, d_{4,5,1,6}->d_{3,5,1,6}, d_{4,5,1,7}->d_{3,5,1,7}, d_{4,5,1,8}->d_{3,5,1,8}, d_{4,5,1,9}->d_{3,5,1,9}, d_{4,5,1,10}->d_{3,5,1,10}, d_{4,5,1,11}->d_{3,5,1,11}, d_{4,5,2,3}->d_{3,5,2,4}, d_{4,5,2,6}->d_{3,5,2,6}, d_{4,5,2,7}->d_{3,5,2,7}, d_{4,5,2,8}->d_{3,5,2,8}, d_{4,5,2,9}->d_{3,5,2,9}, d_{4,5,2,10}->d_{3,5,2,10}, d_{4,5,2,11}->d_{3,5,2,11}, d_{4,5,3,6}->d_{3,5,4,6}, d_{4,5,3,7}->d_{3,5,4,7}, d_{4,5,3,8}->d_{3,5,4,8}, d_{4,5,3,9}->d_{3,5,4,9}, d_{4,5,3,10}->d_{3,5,4,10}, d_{4,5,3,11}->d_{3,5,4,11}, d_{4,5,6,7}->d_{3,5,6,7}, d_{4,5,6,8}->d_{3,5,6,8}, d_{4,5,6,9}->d_{3,5,6,9}, d_{4,5,6,10}->d_{3,5,6,10}, d_{4,5,6,11}->d_{3,5,6,11}, d_{4,5,7,8}->d_{3,5,7,8}, d_{4,5,7,9}->d_{3,5,7,9}, d_{4,5,7,10}->d_{3,5,7,10}, d_{4,5,7,11}->d_{3,5,7,11}, d_{4,5,8,9}->d_{3,5,8,9}, d_{4,5,8,10}->d_{3,5,8,10}, d_{4,5,8,11}->d_{3,5,8,11}, d_{4,5,9,10}->d_{3,5,9,10}, d_{4,5,9,11}->d_{3,5,9,11}, d_{4,5,10,11}->d_{3,5,10,11}, d_{4,6,0,1}->d_{3,6,0,1}, d_{4,6,0,2}->d_{3,6,0,2}, d_{4,6,0,3}->d_{3,6,0,4}, d_{4,6,0,5}->d_{3,6,0,5}, d_{4,6,0,7}->d_{3,6,0,7}, d_{4,6,0,8}->d_{3,6,0,8}, d_{4,6,0,9}->d_{3,6,0,9}, d_{4,6,0,10}->d_{3,6,0,10}, d_{4,6,0,11}->d_{3,6,0,11}, d_{4,6,1,2}->d_{3,6,1,2}, d_{4,6,1,3}->d_{3,6,1,4}, d_{4,6,1,5}->d_{3,6,1,5}, d_{4,6,1,7}->d_{3,6,1,7}, d_{4,6,1,8}->d_{3,6,1,8}, d_{4,6,1,9}->d_{3,6,1,9}, d_{4,6,1,10}->d_{3,6,1,10}, d_{4,6,1,11}->d_{3,6,1,11}, d_{4,6,2,3}->d_{3,6,2,4}, d_{4,6,2,5}->d_{3,6,2,5}, d_{4,6,2,7}->d_{3,6,2,7}, d_{4,6,2,8}->d_{3,6,2,8}, d_{4,6,2,9}->d_{3,6,2,9}, d_{4,6,2,10}->d_{3,6,2,10}, d_{4,6,2,11}->d_{3,6,2,11}, d_{4,6,3,5}->d_{3,6,4,5}, d_{4,6,3,7}->d_{3,6,4,7}, d_{4,6,3,8}->d_{3,6,4,8}, d_{4,6,3,9}->d_{3,6,4,9}, d_{4,6,3,10}->d_{3,6,4,10}, d_{4,6,3,11}->d_{3,6,4,11}, d_{4,6,5,7}->d_{3,6,5,7}, d_{4,6,5,8}->d_{3,6,5,8}, d_{4,6,5,9}->d_{3,6,5,9}, d_{4,6,5,10}->d_{3,6,5,10}, d_{4,6,5,11}->d_{3,6,5,11}, d_{4,6,7,8}->d_{3,6,7,8}, d_{4,6,7,9}->d_{3,6,7,9}, d_{4,6,7,10}->d_{3,6,7,10}, d_{4,6,7,11}->d_{3,6,7,11}, d_{4,6,8,9}->d_{3,6,8,9}, d_{4,6,8,10}->d_{3,6,8,10}, d_{4,6,8,11}->d_{3,6,8,11}, d_{4,6,9,10}->d_{3,6,9,10}, d_{4,6,9,11}->d_{3,6,9,11}, d_{4,6,10,11}->d_{3,6,10,11}, d_{4,7,0,1}->d_{3,7,0,1}, d_{4,7,0,2}->d_{3,7,0,2}, d_{4,7,0,3}->d_{3,7,0,4}, d_{4,7,0,5}->d_{3,7,0,5}, d_{4,7,0,6}->d_{3,7,0,6}, d_{4,7,0,8}->d_{3,7,0,8}, d_{4,7,0,9}->d_{3,7,0,9}, d_{4,7,0,10}->d_{3,7,0,10}, d_{4,7,0,11}->d_{3,7,0,11}, d_{4,7,1,2}->d_{3,7,1,2}, d_{4,7,1,3}->d_{3,7,1,4}, d_{4,7,1,5}->d_{3,7,1,5}, d_{4,7,1,6}->d_{3,7,1,6}, d_{4,7,1,8}->d_{3,7,1,8}, d_{4,7,1,9}->d_{3,7,1,9}, d_{4,7,1,10}->d_{3,7,1,10}, d_{4,7,1,11}->d_{3,7,1,11}, d_{4,7,2,3}->d_{3,7,2,4}, d_{4,7,2,5}->d_{3,7,2,5}, d_{4,7,2,6}->d_{3,7,2,6}, d_{4,7,2,8}->d_{3,7,2,8}, d_{4,7,2,9}->d_{3,7,2,9}, d_{4,7,2,10}->d_{3,7,2,10}, d_{4,7,2,11}->d_{3,7,2,11}, d_{4,7,3,5}->d_{3,7,4,5}, d_{4,7,3,6}->d_{3,7,4,6}, d_{4,7,3,8}->d_{3,7,4,8}, d_{4,7,3,9}->d_{3,7,4,9}, d_{4,7,3,10}->d_{3,7,4,10}, d_{4,7,3,11}->d_{3,7,4,11}, d_{4,7,5,6}->d_{3,7,5,6}, d_{4,7,5,8}->d_{3,7,5,8}, d_{4,7,5,9}->d_{3,7,5,9}, d_{4,7,5,10}->d_{3,7,5,10}, d_{4,7,5,11}->d_{3,7,5,11}, d_{4,7,6,8}->d_{3,7,6,8}, d_{4,7,6,9}->d_{3,7,6,9}, d_{4,7,6,10}->d_{3,7,6,10}, d_{4,7,6,11}->d_{3,7,6,11}, d_{4,7,8,9}->d_{3,7,8,9}, d_{4,7,8,10}->d_{3,7,8,10}, d_{4,7,8,11}->d_{3,7,8,11}, d_{4,7,9,10}->d_{3,7,9,10}, d_{4,7,9,11}->d_{3,7,9,11}, d_{4,7,10,11}->d_{3,7,10,11}, d_{4,8,0,1}->d_{3,8,0,1}, d_{4,8,0,2}->d_{3,8,0,2}, d_{4,8,0,3}->d_{3,8,0,4}, d_{4,8,0,5}->d_{3,8,0,5}, d_{4,8,0,6}->d_{3,8,0,6}, d_{4,8,0,7}->d_{3,8,0,7}, d_{4,8,0,9}->d_{3,8,0,9}, d_{4,8,0,10}->d_{3,8,0,10}, d_{4,8,0,11}->d_{3,8,0,11}, d_{4,8,1,2}->d_{3,8,1,2}, d_{4,8,1,3}->d_{3,8,1,4}, d_{4,8,1,5}->d_{3,8,1,5}, d_{4,8,1,6}->d_{3,8,1,6}, d_{4,8,1,7}->d_{3,8,1,7}, d_{4,8,1,9}->d_{3,8,1,9}, d_{4,8,1,10}->d_{3,8,1,10}, d_{4,8,1,11}->d_{3,8,1,11}, d_{4,8,2,3}->d_{3,8,2,4}, d_{4,8,2,5}->d_{3,8,2,5}, d_{4,8,2,6}->d_{3,8,2,6}, d_{4,8,2,7}->d_{3,8,2,7}, d_{4,8,2,9}->d_{3,8,2,9}, d_{4,8,2,10}->d_{3,8,2,10}, d_{4,8,2,11}->d_{3,8,2,11}, d_{4,8,3,5}->d_{3,8,4,5}, d_{4,8,3,6}->d_{3,8,4,6}, d_{4,8,3,7}->d_{3,8,4,7}, d_{4,8,3,9}->d_{3,8,4,9}, d_{4,8,3,10}->d_{3,8,4,10}, d_{4,8,3,11}->d_{3,8,4,11}, d_{4,8,5,6}->d_{3,8,5,6}, d_{4,8,5,7}->d_{3,8,5,7}, d_{4,8,5,9}->d_{3,8,5,9}, d_{4,8,5,10}->d_{3,8,5,10}, d_{4,8,5,11}->d_{3,8,5,11}, d_{4,8,6,7}->d_{3,8,6,7}, d_{4,8,6,9}->d_{3,8,6,9}, d_{4,8,6,10}->d_{3,8,6,10}, d_{4,8,6,11}->d_{3,8,6,11}, d_{4,8,7,9}->d_{3,8,7,9}, d_{4,8,7,10}->d_{3,8,7,10}, d_{4,8,7,11}->d_{3,8,7,11}, d_{4,8,9,10}->d_{3,8,9,10}, d_{4,8,9,11}->d_{3,8,9,11}, d_{4,8,10,11}->d_{3,8,10,11}, d_{4,9,0,1}->d_{3,9,0,1}, d_{4,9,0,2}->d_{3,9,0,2}, d_{4,9,0,3}->d_{3,9,0,4}, d_{4,9,0,5}->d_{3,9,0,5}, d_{4,9,0,6}->d_{3,9,0,6}, d_{4,9,0,7}->d_{3,9,0,7}, d_{4,9,0,8}->d_{3,9,0,8}, d_{4,9,0,10}->d_{3,9,0,10}, d_{4,9,0,11}->d_{3,9,0,11}, d_{4,9,1,2}->d_{3,9,1,2}, d_{4,9,1,3}->d_{3,9,1,4}, d_{4,9,1,5}->d_{3,9,1,5}, d_{4,9,1,6}->d_{3,9,1,6}, d_{4,9,1,7}->d_{3,9,1,7}, d_{4,9,1,8}->d_{3,9,1,8}, d_{4,9,1,10}->d_{3,9,1,10}, d_{4,9,1,11}->d_{3,9,1,11}, d_{4,9,2,3}->d_{3,9,2,4}, d_{4,9,2,5}->d_{3,9,2,5}, d_{4,9,2,6}->d_{3,9,2,6}, d_{4,9,2,7}->d_{3,9,2,7}, d_{4,9,2,8}->d_{3,9,2,8}, d_{4,9,2,10}->d_{3,9,2,10}, d_{4,9,2,11}->d_{3,9,2,11}, d_{4,9,3,5}->d_{3,9,4,5}, d_{4,9,3,6}->d_{3,9,4,6}, d_{4,9,3,7}->d_{3,9,4,7}, d_{4,9,3,8}->d_{3,9,4,8}, d_{4,9,3,10}->d_{3,9,4,10}, d_{4,9,3,11}->d_{3,9,4,11}, d_{4,9,5,6}->d_{3,9,5,6}, d_{4,9,5,7}->d_{3,9,5,7}, d_{4,9,5,8}->d_{3,9,5,8}, d_{4,9,5,10}->d_{3,9,5,10}, d_{4,9,5,11}->d_{3,9,5,11}, d_{4,9,6,7}->d_{3,9,6,7}, d_{4,9,6,8}->d_{3,9,6,8}, d_{4,9,6,10}->d_{3,9,6,10}, d_{4,9,6,11}->d_{3,9,6,11}, d_{4,9,7,8}->d_{3,9,7,8}, d_{4,9,7,10}->d_{3,9,7,10}, d_{4,9,7,11}->d_{3,9,7,11}, d_{4,9,8,10}->d_{3,9,8,10}, d_{4,9,8,11}->d_{3,9,8,11}, d_{4,9,10,11}->d_{3,9,10,11}, d_{4,10,0,1}->d_{3,10,0,1}, d_{4,10,0,2}->d_{3,10,0,2}, d_{4,10,0,3}->d_{3,10,0,4}, d_{4,10,0,5}->d_{3,10,0,5}, d_{4,10,0,6}->d_{3,10,0,6}, d_{4,10,0,7}->d_{3,10,0,7}, d_{4,10,0,8}->d_{3,10,0,8}, d_{4,10,0,9}->d_{3,10,0,9}, d_{4,10,0,11}->d_{3,10,0,11}, d_{4,10,1,2}->d_{3,10,1,2}, d_{4,10,1,3}->d_{3,10,1,4}, d_{4,10,1,5}->d_{3,10,1,5}, d_{4,10,1,6}->d_{3,10,1,6}, d_{4,10,1,7}->d_{3,10,1,7}, d_{4,10,1,8}->d_{3,10,1,8}, d_{4,10,1,9}->d_{3,10,1,9}, d_{4,10,1,11}->d_{3,10,1,11}, d_{4,10,2,3}->d_{3,10,2,4}, d_{4,10,2,5}->d_{3,10,2,5}, d_{4,10,2,6}->d_{3,10,2,6}, d_{4,10,2,7}->d_{3,10,2,7}, d_{4,10,2,8}->d_{3,10,2,8}, d_{4,10,2,9}->d_{3,10,2,9}, d_{4,10,2,11}->d_{3,10,2,11}, d_{4,10,3,5}->d_{3,10,4,5}, d_{4,10,3,6}->d_{3,10,4,6}, d_{4,10,3,7}->d_{3,10,4,7}, d_{4,10,3,8}->d_{3,10,4,8}, d_{4,10,3,9}->d_{3,10,4,9}, d_{4,10,3,11}->d_{3,10,4,11}, d_{4,10,5,6}->d_{3,10,5,6}, d_{4,10,5,7}->d_{3,10,5,7}, d_{4,10,5,8}->d_{3,10,5,8}, d_{4,10,5,9}->d_{3,10,5,9}, d_{4,10,5,11}->d_{3,10,5,11}, d_{4,10,6,7}->d_{3,10,6,7}, d_{4,10,6,8}->d_{3,10,6,8}, d_{4,10,6,9}->d_{3,10,6,9}, d_{4,10,6,11}->d_{3,10,6,11}, d_{4,10,7,8}->d_{3,10,7,8}, d_{4,10,7,9}->d_{3,10,7,9}, d_{4,10,7,11}->d_{3,10,7,11}, d_{4,10,8,9}->d_{3,10,8,9}, d_{4,10,8,11}->d_{3,10,8,11}, d_{4,10,9,11}->d_{3,10,9,11}, d_{4,11,0,1}->d_{3,11,0,1}, d_{4,11,0,2}->d_{3,11,0,2}, d_{4,11,0,3}->d_{3,11,0,4}, d_{4,11,0,5}->d_{3,11,0,5}, d_{4,11,0,6}->d_{3,11,0,6}, d_{4,11,0,7}->d_{3,11,0,7}, d_{4,11,0,8}->d_{3,11,0,8}, d_{4,11,0,9}->d_{3,11,0,9}, d_{4,11,0,10}->d_{3,11,0,10}, d_{4,11,1,2}->d_{3,11,1,2}, d_{4,11,1,3}->d_{3,11,1,4}, d_{4,11,1,5}->d_{3,11,1,5}, d_{4,11,1,6}->d_{3,11,1,6}, d_{4,11,1,7}->d_{3,11,1,7}, d_{4,11,1,8}->d_{3,11,1,8}, d_{4,11,1,9}->d_{3,11,1,9}, d_{4,11,1,10}->d_{3,11,1,10}, d_{4,11,2,3}->d_{3,11,2,4}, d_{4,11,2,5}->d_{3,11,2,5}, d_{4,11,2,6}->d_{3,11,2,6}, d_{4,11,2,7}->d_{3,11,2,7}, d_{4,11,2,8}->d_{3,11,2,8}, d_{4,11,2,9}->d_{3,11,2,9}, d_{4,11,2,10}->d_{3,11,2,10}, d_{4,11,3,5}->d_{3,11,4,5}, d_{4,11,3,6}->d_{3,11,4,6}, d_{4,11,3,7}->d_{3,11,4,7}, d_{4,11,3,8}->d_{3,11,4,8}, d_{4,11,3,9}->d_{3,11,4,9}, d_{4,11,3,10}->d_{3,11,4,10}, d_{4,11,5,6}->d_{3,11,5,6}, d_{4,11,5,7}->d_{3,11,5,7}, d_{4,11,5,8}->d_{3,11,5,8}, d_{4,11,5,9}->d_{3,11,5,9}, d_{4,11,5,10}->d_{3,11,5,10}, d_{4,11,6,7}->d_{3,11,6,7}, d_{4,11,6,8}->d_{3,11,6,8}, d_{4,11,6,9}->d_{3,11,6,9}, d_{4,11,6,10}->d_{3,11,6,10}, d_{4,11,7,8}->d_{3,11,7,8}, d_{4,11,7,9}->d_{3,11,7,9}, d_{4,11,7,10}->d_{3,11,7,10}, d_{4,11,8,9}->d_{3,11,8,9}, d_{4,11,8,10}->d_{3,11,8,10}, d_{4,11,9,10}->d_{3,11,9,10}, d_{5,6,0,3}->d_{5,6,0,4}, d_{5,6,0,4}->d_{5,6,0,3}, d_{5,6,1,3}->d_{5,6,1,4}, d_{5,6,1,4}->d_{5,6,1,3}, d_{5,6,2,3}->d_{5,6,2,4}, d_{5,6,2,4}->d_{5,6,2,3}, d_{5,6,3,7}->d_{5,6,4,7}, d_{5,6,3,8}->d_{5,6,4,8}, d_{5,6,3,9}->d_{5,6,4,9}, d_{5,6,3,10}->d_{5,6,4,10}, d_{5,6,3,11}->d_{5,6,4,11}, d_{5,6,4,7}->d_{5,6,3,7}, d_{5,6,4,8}->d_{5,6,3,8}, d_{5,6,4,9}->d_{5,6,3,9}, d_{5,6,4,10}->d_{5,6,3,10}, d_{5,6,4,11}->d_{5,6,3,11}, d_{5,7,0,3}->d_{5,7,0,4}, d_{5,7,0,4}->d_{5,7,0,3}, d_{5,7,1,3}->d_{5,7,1,4}, d_{5,7,1,4}->d_{5,7,1,3}, d_{5,7,2,3}->d_{5,7,2,4}, d_{5,7,2,4}->d_{5,7,2,3}, d_{5,7,3,6}->d_{5,7,4,6}, d_{5,7,3,8}->d_{5,7,4,8}, d_{5,7,3,9}->d_{5,7,4,9}, d_{5,7,3,10}->d_{5,7,4,10}, d_{5,7,3,11}->d_{5,7,4,11}, d_{5,7,4,6}->d_{5,7,3,6}, d_{5,7,4,8}->d_{5,7,3,8}, d_{5,7,4,9}->d_{5,7,3,9}, d_{5,7,4,10}->d_{5,7,3,10}, d_{5,7,4,11}->d_{5,7,3,11}, d_{5,8,0,3}->d_{5,8,0,4}, d_{5,8,0,4}->d_{5,8,0,3}, d_{5,8,1,3}->d_{5,8,1,4}, d_{5,8,1,4}->d_{5,8,1,3}, d_{5,8,2,3}->d_{5,8,2,4}, d_{5,8,2,4}->d_{5,8,2,3}, d_{5,8,3,6}->d_{5,8,4,6}, d_{5,8,3,7}->d_{5,8,4,7}, d_{5,8,3,9}->d_{5,8,4,9}, d_{5,8,3,10}->d_{5,8,4,10}, d_{5,8,3,11}->d_{5,8,4,11}, d_{5,8,4,6}->d_{5,8,3,6}, d_{5,8,4,7}->d_{5,8,3,7}, d_{5,8,4,9}->d_{5,8,3,9}, d_{5,8,4,10}->d_{5,8,3,10}, d_{5,8,4,11}->d_{5,8,3,11}, d_{5,9,0,3}->d_{5,9,0,4}, d_{5,9,0,4}->d_{5,9,0,3}, d_{5,9,1,3}->d_{5,9,1,4}, d_{5,9,1,4}->d_{5,9,1,3}, d_{5,9,2,3}->d_{5,9,2,4}, d_{5,9,2,4}->d_{5,9,2,3}, d_{5,9,3,6}->d_{5,9,4,6}, d_{5,9,3,7}->d_{5,9,4,7}, d_{5,9,3,8}->d_{5,9,4,8}, d_{5,9,3,10}->d_{5,9,4,10}, d_{5,9,3,11}->d_{5,9,4,11}, d_{5,9,4,6}->d_{5,9,3,6}, d_{5,9,4,7}->d_{5,9,3,7}, d_{5,9,4,8}->d_{5,9,3,8}, d_{5,9,4,10}->d_{5,9,3,10}, d_{5,9,4,11}->d_{5,9,3,11}, d_{5,10,0,3}->d_{5,10,0,4}, d_{5,10,0,4}->d_{5,10,0,3}, d_{5,10,1,3}->d_{5,10,1,4}, d_{5,10,1,4}->d_{5,10,1,3}, d_{5,10,2,3}->d_{5,10,2,4}, d_{5,10,2,4}->d_{5,10,2,3}, d_{5,10,3,6}->d_{5,10,4,6}, d_{5,10,3,7}->d_{5,10,4,7}, d_{5,10,3,8}->d_{5,10,4,8}, d_{5,10,3,9}->d_{5,10,4,9}, d_{5,10,3,11}->d_{5,10,4,11}, d_{5,10,4,6}->d_{5,10,3,6}, d_{5,10,4,7}->d_{5,10,3,7}, d_{5,10,4,8}->d_{5,10,3,8}, d_{5,10,4,9}->d_{5,10,3,9}, d_{5,10,4,11}->d_{5,10,3,11}, d_{5,11,0,3}->d_{5,11,0,4}, d_{5,11,0,4}->d_{5,11,0,3}, d_{5,11,1,3}->d_{5,11,1,4}, d_{5,11,1,4}->d_{5,11,1,3}, d_{5,11,2,3}->d_{5,11,2,4}, d_{5,11,2,4}->d_{5,11,2,3}, d_{5,11,3,6}->d_{5,11,4,6}, d_{5,11,3,7}->d_{5,11,4,7}, d_{5,11,3,8}->d_{5,11,4,8}, d_{5,11,3,9}->d_{5,11,4,9}, d_{5,11,3,10}->d_{5,11,4,10}, d_{5,11,4,6}->d_{5,11,3,6}, d_{5,11,4,7}->d_{5,11,3,7}, d_{5,11,4,8}->d_{5,11,3,8}, d_{5,11,4,9}->d_{5,11,3,9}, d_{5,11,4,10}->d_{5,11,3,10}, d_{6,7,0,3}->d_{6,7,0,4}, d_{6,7,0,4}->d_{6,7,0,3}, d_{6,7,1,3}->d_{6,7,1,4}, d_{6,7,1,4}->d_{6,7,1,3}, d_{6,7,2,3}->d_{6,7,2,4}, d_{6,7,2,4}->d_{6,7,2,3}, d_{6,7,3,5}->d_{6,7,4,5}, d_{6,7,3,8}->d_{6,7,4,8}, d_{6,7,3,9}->d_{6,7,4,9}, d_{6,7,3,10}->d_{6,7,4,10}, d_{6,7,3,11}->d_{6,7,4,11}, d_{6,7,4,5}->d_{6,7,3,5}, d_{6,7,4,8}->d_{6,7,3,8}, d_{6,7,4,9}->d_{6,7,3,9}, d_{6,7,4,10}->d_{6,7,3,10}, d_{6,7,4,11}->d_{6,7,3,11}, d_{6,8,0,3}->d_{6,8,0,4}, d_{6,8,0,4}->d_{6,8,0,3}, d_{6,8,1,3}->d_{6,8,1,4}, d_{6,8,1,4}->d_{6,8,1,3}, d_{6,8,2,3}->d_{6,8,2,4}, d_{6,8,2,4}->d_{6,8,2,3}, d_{6,8,3,5}->d_{6,8,4,5}, d_{6,8,3,7}->d_{6,8,4,7}, d_{6,8,3,9}->d_{6,8,4,9}, d_{6,8,3,10}->d_{6,8,4,10}, d_{6,8,3,11}->d_{6,8,4,11}, d_{6,8,4,5}->d_{6,8,3,5}, d_{6,8,4,7}->d_{6,8,3,7}, d_{6,8,4,9}->d_{6,8,3,9}, d_{6,8,4,10}->d_{6,8,3,10}, d_{6,8,4,11}->d_{6,8,3,11}, d_{6,9,0,3}->d_{6,9,0,4}, d_{6,9,0,4}->d_{6,9,0,3}, d_{6,9,1,3}->d_{6,9,1,4}, d_{6,9,1,4}->d_{6,9,1,3}, d_{6,9,2,3}->d_{6,9,2,4}, d_{6,9,2,4}->d_{6,9,2,3}, d_{6,9,3,5}->d_{6,9,4,5}, d_{6,9,3,7}->d_{6,9,4,7}, d_{6,9,3,8}->d_{6,9,4,8}, d_{6,9,3,10}->d_{6,9,4,10}, d_{6,9,3,11}->d_{6,9,4,11}, d_{6,9,4,5}->d_{6,9,3,5}, d_{6,9,4,7}->d_{6,9,3,7}, d_{6,9,4,8}->d_{6,9,3,8}, d_{6,9,4,10}->d_{6,9,3,10}, d_{6,9,4,11}->d_{6,9,3,11}, d_{6,10,0,3}->d_{6,10,0,4}, d_{6,10,0,4}->d_{6,10,0,3}, d_{6,10,1,3}->d_{6,10,1,4}, d_{6,10,1,4}->d_{6,10,1,3}, d_{6,10,2,3}->d_{6,10,2,4}, d_{6,10,2,4}->d_{6,10,2,3}, d_{6,10,3,5}->d_{6,10,4,5}, d_{6,10,3,7}->d_{6,10,4,7}, d_{6,10,3,8}->d_{6,10,4,8}, d_{6,10,3,9}->d_{6,10,4,9}, d_{6,10,3,11}->d_{6,10,4,11}, d_{6,10,4,5}->d_{6,10,3,5}, d_{6,10,4,7}->d_{6,10,3,7}, d_{6,10,4,8}->d_{6,10,3,8}, d_{6,10,4,9}->d_{6,10,3,9}, d_{6,10,4,11}->d_{6,10,3,11}, d_{6,11,0,3}->d_{6,11,0,4}, d_{6,11,0,4}->d_{6,11,0,3}, d_{6,11,1,3}->d_{6,11,1,4}, d_{6,11,1,4}->d_{6,11,1,3}, d_{6,11,2,3}->d_{6,11,2,4}, d_{6,11,2,4}->d_{6,11,2,3}, d_{6,11,3,5}->d_{6,11,4,5}, d_{6,11,3,7}->d_{6,11,4,7}, d_{6,11,3,8}->d_{6,11,4,8}, d_{6,11,3,9}->d_{6,11,4,9}, d_{6,11,3,10}->d_{6,11,4,10}, d_{6,11,4,5}->d_{6,11,3,5}, d_{6,11,4,7}->d_{6,11,3,7}, d_{6,11,4,8}->d_{6,11,3,8}, d_{6,11,4,9}->d_{6,11,3,9}, d_{6,11,4,10}->d_{6,11,3,10}, d_{7,8,0,3}->d_{7,8,0,4}, d_{7,8,0,4}->d_{7,8,0,3}, d_{7,8,1,3}->d_{7,8,1,4}, d_{7,8,1,4}->d_{7,8,1,3}, d_{7,8,2,3}->d_{7,8,2,4}, d_{7,8,2,4}->d_{7,8,2,3}, d_{7,8,3,5}->d_{7,8,4,5}, d_{7,8,3,6}->d_{7,8,4,6}, d_{7,8,3,9}->d_{7,8,4,9}, d_{7,8,3,10}->d_{7,8,4,10}, d_{7,8,3,11}->d_{7,8,4,11}, d_{7,8,4,5}->d_{7,8,3,5}, d_{7,8,4,6}->d_{7,8,3,6}, d_{7,8,4,9}->d_{7,8,3,9}, d_{7,8,4,10}->d_{7,8,3,10}, d_{7,8,4,11}->d_{7,8,3,11}, d_{7,9,0,3}->d_{7,9,0,4}, d_{7,9,0,4}->d_{7,9,0,3}, d_{7,9,1,3}->d_{7,9,1,4}, d_{7,9,1,4}->d_{7,9,1,3}, d_{7,9,2,3}->d_{7,9,2,4}, d_{7,9,2,4}->d_{7,9,2,3}, d_{7,9,3,5}->d_{7,9,4,5}, d_{7,9,3,6}->d_{7,9,4,6}, d_{7,9,3,8}->d_{7,9,4,8}, d_{7,9,3,10}->d_{7,9,4,10}, d_{7,9,3,11}->d_{7,9,4,11}, d_{7,9,4,5}->d_{7,9,3,5}, d_{7,9,4,6}->d_{7,9,3,6}, d_{7,9,4,8}->d_{7,9,3,8}, d_{7,9,4,10}->d_{7,9,3,10}, d_{7,9,4,11}->d_{7,9,3,11}, d_{7,10,0,3}->d_{7,10,0,4}, d_{7,10,0,4}->d_{7,10,0,3}, d_{7,10,1,3}->d_{7,10,1,4}, d_{7,10,1,4}->d_{7,10,1,3}, d_{7,10,2,3}->d_{7,10,2,4}, d_{7,10,2,4}->d_{7,10,2,3}, d_{7,10,3,5}->d_{7,10,4,5}, d_{7,10,3,6}->d_{7,10,4,6}, d_{7,10,3,8}->d_{7,10,4,8}, d_{7,10,3,9}->d_{7,10,4,9}, d_{7,10,3,11}->d_{7,10,4,11}, d_{7,10,4,5}->d_{7,10,3,5}, d_{7,10,4,6}->d_{7,10,3,6}, d_{7,10,4,8}->d_{7,10,3,8}, d_{7,10,4,9}->d_{7,10,3,9}, d_{7,10,4,11}->d_{7,10,3,11}, d_{7,11,0,3}->d_{7,11,0,4}, d_{7,11,0,4}->d_{7,11,0,3}, d_{7,11,1,3}->d_{7,11,1,4}, d_{7,11,1,4}->d_{7,11,1,3}, d_{7,11,2,3}->d_{7,11,2,4}, d_{7,11,2,4}->d_{7,11,2,3}, d_{7,11,3,5}->d_{7,11,4,5}, d_{7,11,3,6}->d_{7,11,4,6}, d_{7,11,3,8}->d_{7,11,4,8}, d_{7,11,3,9}->d_{7,11,4,9}, d_{7,11,3,10}->d_{7,11,4,10}, d_{7,11,4,5}->d_{7,11,3,5}, d_{7,11,4,6}->d_{7,11,3,6}, d_{7,11,4,8}->d_{7,11,3,8}, d_{7,11,4,9}->d_{7,11,3,9}, d_{7,11,4,10}->d_{7,11,3,10}, d_{8,9,0,3}->d_{8,9,0,4}, d_{8,9,0,4}->d_{8,9,0,3}, d_{8,9,1,3}->d_{8,9,1,4}, d_{8,9,1,4}->d_{8,9,1,3}, d_{8,9,2,3}->d_{8,9,2,4}, d_{8,9,2,4}->d_{8,9,2,3}, d_{8,9,3,5}->d_{8,9,4,5}, d_{8,9,3,6}->d_{8,9,4,6}, d_{8,9,3,7}->d_{8,9,4,7}, d_{8,9,3,10}->d_{8,9,4,10}, d_{8,9,3,11}->d_{8,9,4,11}, d_{8,9,4,5}->d_{8,9,3,5}, d_{8,9,4,6}->d_{8,9,3,6}, d_{8,9,4,7}->d_{8,9,3,7}, d_{8,9,4,10}->d_{8,9,3,10}, d_{8,9,4,11}->d_{8,9,3,11}, d_{8,10,0,3}->d_{8,10,0,4}, d_{8,10,0,4}->d_{8,10,0,3}, d_{8,10,1,3}->d_{8,10,1,4}, d_{8,10,1,4}->d_{8,10,1,3}, d_{8,10,2,3}->d_{8,10,2,4}, d_{8,10,2,4}->d_{8,10,2,3}, d_{8,10,3,5}->d_{8,10,4,5}, d_{8,10,3,6}->d_{8,10,4,6}, d_{8,10,3,7}->d_{8,10,4,7}, d_{8,10,3,9}->d_{8,10,4,9}, d_{8,10,3,11}->d_{8,10,4,11}, d_{8,10,4,5}->d_{8,10,3,5}, d_{8,10,4,6}->d_{8,10,3,6}, d_{8,10,4,7}->d_{8,10,3,7}, d_{8,10,4,9}->d_{8,10,3,9}, d_{8,10,4,11}->d_{8,10,3,11}, d_{8,11,0,3}->d_{8,11,0,4}, d_{8,11,0,4}->d_{8,11,0,3}, d_{8,11,1,3}->d_{8,11,1,4}, d_{8,11,1,4}->d_{8,11,1,3}, d_{8,11,2,3}->d_{8,11,2,4}, d_{8,11,2,4}->d_{8,11,2,3}, d_{8,11,3,5}->d_{8,11,4,5}, d_{8,11,3,6}->d_{8,11,4,6}, d_{8,11,3,7}->d_{8,11,4,7}, d_{8,11,3,9}->d_{8,11,4,9}, d_{8,11,3,10}->d_{8,11,4,10}, d_{8,11,4,5}->d_{8,11,3,5}, d_{8,11,4,6}->d_{8,11,3,6}, d_{8,11,4,7}->d_{8,11,3,7}, d_{8,11,4,9}->d_{8,11,3,9}, d_{8,11,4,10}->d_{8,11,3,10}, d_{9,10,0,3}->d_{9,10,0,4}, d_{9,10,0,4}->d_{9,10,0,3}, d_{9,10,1,3}->d_{9,10,1,4}, d_{9,10,1,4}->d_{9,10,1,3}, d_{9,10,2,3}->d_{9,10,2,4}, d_{9,10,2,4}->d_{9,10,2,3}, d_{9,10,3,5}->d_{9,10,4,5}, d_{9,10,3,6}->d_{9,10,4,6}, d_{9,10,3,7}->d_{9,10,4,7}, d_{9,10,3,8}->d_{9,10,4,8}, d_{9,10,3,11}->d_{9,10,4,11}, d_{9,10,4,5}->d_{9,10,3,5}, d_{9,10,4,6}->d_{9,10,3,6}, d_{9,10,4,7}->d_{9,10,3,7}, d_{9,10,4,8}->d_{9,10,3,8}, d_{9,10,4,11}->d_{9,10,3,11}, d_{9,11,0,3}->d_{9,11,0,4}, d_{9,11,0,4}->d_{9,11,0,3}, d_{9,11,1,3}->d_{9,11,1,4}, d_{9,11,1,4}->d_{9,11,1,3}, d_{9,11,2,3}->d_{9,11,2,4}, d_{9,11,2,4}->d_{9,11,2,3}, d_{9,11,3,5}->d_{9,11,4,5}, d_{9,11,3,6}->d_{9,11,4,6}, d_{9,11,3,7}->d_{9,11,4,7}, d_{9,11,3,8}->d_{9,11,4,8}, d_{9,11,3,10}->d_{9,11,4,10}, d_{9,11,4,5}->d_{9,11,3,5}, d_{9,11,4,6}->d_{9,11,3,6}, d_{9,11,4,7}->d_{9,11,3,7}, d_{9,11,4,8}->d_{9,11,3,8}, d_{9,11,4,10}->d_{9,11,3,10}, d_{10,11,0,3}->d_{10,11,0,4}, d_{10,11,0,4}->d_{10,11,0,3}, d_{10,11,1,3}->d_{10,11,1,4}, d_{10,11,1,4}->d_{10,11,1,3}, d_{10,11,2,3}->d_{10,11,2,4}, d_{10,11,2,4}->d_{10,11,2,3}, d_{10,11,3,5}->d_{10,11,4,5}, d_{10,11,3,6}->d_{10,11,4,6}, d_{10,11,3,7}->d_{10,11,4,7}, d_{10,11,3,8}->d_{10,11,4,8}, d_{10,11,3,9}->d_{10,11,4,9}, d_{10,11,4,5}->d_{10,11,3,5}, d_{10,11,4,6}->d_{10,11,3,6}, d_{10,11,4,7}->d_{10,11,3,7}, d_{10,11,4,8}->d_{10,11,3,8}, d_{10,11,4,9}->d_{10,11,3,9}

Permutation #3:
  Bonds: r_{0,3}->r_{0,5}, r_{0,5}->r_{0,3}, r_{1,3}->r_{1,5}, r_{1,5}->r_{1,3}, r_{2,3}->r_{2,5}, r_{2,5}->r_{2,3}, r_{3,4}->r_{4,5}, r_{3,6}->r_{5,6}, r_{3,7}->r_{5,7}, r_{3,8}->r_{5,8}, r_{3,9}->r_{5,9}, r_{3,10}->r_{5,10}, r_{3,11}->r_{5,11}, r_{4,5}->r_{3,4}, r_{5,6}->r_{3,6}, r_{5,7}->r_{3,7}, r_{5,8}->r_{3,8}, r_{5,9}->r_{3,9}, r_{5,10}->r_{3,10}, r_{5,11}->r_{3,11}
  Angles: theta^{0}_{1,3}->theta^{0}_{1,5}, theta^{0}_{1,5}->theta^{0}_{1,3}, theta^{0}_{2,3}->theta^{0}_{2,5}, theta^{0}_{2,5}->theta^{0}_{2,3}, theta^{0}_{3,4}->theta^{0}_{4,5}, theta^{0}_{3,6}->theta^{0}_{5,6}, theta^{0}_{3,7}->theta^{0}_{5,7}, theta^{0}_{3,8}->theta^{0}_{5,8}, theta^{0}_{3,9}->theta^{0}_{5,9}, theta^{0}_{3,10}->theta^{0}_{5,10}, theta^{0}_{3,11}->theta^{0}_{5,11}, theta^{0}_{4,5}->theta^{0}_{3,4}, theta^{0}_{5,6}->theta^{0}_{3,6}, theta^{0}_{5,7}->theta^{0}_{3,7}, theta^{0}_{5,8}->theta^{0}_{3,8}, theta^{0}_{5,9}->theta^{0}_{3,9}, theta^{0}_{5,10}->theta^{0}_{3,10}, theta^{0}_{5,11}->theta^{0}_{3,11}, theta^{1}_{0,3}->theta^{1}_{0,5}, theta^{1}_{0,5}->theta^{1}_{0,3}, theta^{1}_{2,3}->theta^{1}_{2,5}, theta^{1}_{2,5}->theta^{1}_{2,3}, theta^{1}_{3,4}->theta^{1}_{4,5}, theta^{1}_{3,6}->theta^{1}_{5,6}, theta^{1}_{3,7}->theta^{1}_{5,7}, theta^{1}_{3,8}->theta^{1}_{5,8}, theta^{1}_{3,9}->theta^{1}_{5,9}, theta^{1}_{3,10}->theta^{1}_{5,10}, theta^{1}_{3,11}->theta^{1}_{5,11}, theta^{1}_{4,5}->theta^{1}_{3,4}, theta^{1}_{5,6}->theta^{1}_{3,6}, theta^{1}_{5,7}->theta^{1}_{3,7}, theta^{1}_{5,8}->theta^{1}_{3,8}, theta^{1}_{5,9}->theta^{1}_{3,9}, theta^{1}_{5,10}->theta^{1}_{3,10}, theta^{1}_{5,11}->theta^{1}_{3,11}, theta^{2}_{0,3}->theta^{2}_{0,5}, theta^{2}_{0,5}->theta^{2}_{0,3}, theta^{2}_{1,3}->theta^{2}_{1,5}, theta^{2}_{1,5}->theta^{2}_{1,3}, theta^{2}_{3,4}->theta^{2}_{4,5}, theta^{2}_{3,6}->theta^{2}_{5,6}, theta^{2}_{3,7}->theta^{2}_{5,7}, theta^{2}_{3,8}->theta^{2}_{5,8}, theta^{2}_{3,9}->theta^{2}_{5,9}, theta^{2}_{3,10}->theta^{2}_{5,10}, theta^{2}_{3,11}->theta^{2}_{5,11}, theta^{2}_{4,5}->theta^{2}_{3,4}, theta^{2}_{5,6}->theta^{2}_{3,6}, theta^{2}_{5,7}->theta^{2}_{3,7}, theta^{2}_{5,8}->theta^{2}_{3,8}, theta^{2}_{5,9}->theta^{2}_{3,9}, theta^{2}_{5,10}->theta^{2}_{3,10}, theta^{2}_{5,11}->theta^{2}_{3,11}, theta^{3}_{0,1}->theta^{5}_{0,1}, theta^{3}_{0,2}->theta^{5}_{0,2}, theta^{3}_{0,4}->theta^{5}_{0,4}, theta^{3}_{0,5}->theta^{5}_{0,3}, theta^{3}_{0,6}->theta^{5}_{0,6}, theta^{3}_{0,7}->theta^{5}_{0,7}, theta^{3}_{0,8}->theta^{5}_{0,8}, theta^{3}_{0,9}->theta^{5}_{0,9}, theta^{3}_{0,10}->theta^{5}_{0,10}, theta^{3}_{0,11}->theta^{5}_{0,11}, theta^{3}_{1,2}->theta^{5}_{1,2}, theta^{3}_{1,4}->theta^{5}_{1,4}, theta^{3}_{1,5}->theta^{5}_{1,3}, theta^{3}_{1,6}->theta^{5}_{1,6}, theta^{3}_{1,7}->theta^{5}_{1,7}, theta^{3}_{1,8}->theta^{5}_{1,8}, theta^{3}_{1,9}->theta^{5}_{1,9}, theta^{3}_{1,10}->theta^{5}_{1,10}, theta^{3}_{1,11}->theta^{5}_{1,11}, theta^{3}_{2,4}->theta^{5}_{2,4}, theta^{3}_{2,5}->theta^{5}_{2,3}, theta^{3}_{2,6}->theta^{5}_{2,6}, theta^{3}_{2,7}->theta^{5}_{2,7}, theta^{3}_{2,8}->theta^{5}_{2,8}, theta^{3}_{2,9}->theta^{5}_{2,9}, theta^{3}_{2,10}->theta^{5}_{2,10}, theta^{3}_{2,11}->theta^{5}_{2,11}, theta^{3}_{4,5}->theta^{5}_{3,4}, theta^{3}_{4,6}->theta^{5}_{4,6}, theta^{3}_{4,7}->theta^{5}_{4,7}, theta^{3}_{4,8}->theta^{5}_{4,8}, theta^{3}_{4,9}->theta^{5}_{4,9}, theta^{3}_{4,10}->theta^{5}_{4,10}, theta^{3}_{4,11}->theta^{5}_{4,11}, theta^{3}_{5,6}->theta^{5}_{3,6}, theta^{3}_{5,7}->theta^{5}_{3,7}, theta^{3}_{5,8}->theta^{5}_{3,8}, theta^{3}_{5,9}->theta^{5}_{3,9}, theta^{3}_{5,10}->theta^{5}_{3,10}, theta^{3}_{5,11}->theta^{5}_{3,11}, theta^{3}_{6,7}->theta^{5}_{6,7}, theta^{3}_{6,8}->theta^{5}_{6,8}, theta^{3}_{6,9}->theta^{5}_{6,9}, theta^{3}_{6,10}->theta^{5}_{6,10}, theta^{3}_{6,11}->theta^{5}_{6,11}, theta^{3}_{7,8}->theta^{5}_{7,8}, theta^{3}_{7,9}->theta^{5}_{7,9}, theta^{3}_{7,10}->theta^{5}_{7,10}, theta^{3}_{7,11}->theta^{5}_{7,11}, theta^{3}_{8,9}->theta^{5}_{8,9}, theta^{3}_{8,10}->theta^{5}_{8,10}, theta^{3}_{8,11}->theta^{5}_{8,11}, theta^{3}_{9,10}->theta^{5}_{9,10}, theta^{3}_{9,11}->theta^{5}_{9,11}, theta^{3}_{10,11}->theta^{5}_{10,11}, theta^{4}_{0,3}->theta^{4}_{0,5}, theta^{4}_{0,5}->theta^{4}_{0,3}, theta^{4}_{1,3}->theta^{4}_{1,5}, theta^{4}_{1,5}->theta^{4}_{1,3}, theta^{4}_{2,3}->theta^{4}_{2,5}, theta^{4}_{2,5}->theta^{4}_{2,3}, theta^{4}_{3,6}->theta^{4}_{5,6}, theta^{4}_{3,7}->theta^{4}_{5,7}, theta^{4}_{3,8}->theta^{4}_{5,8}, theta^{4}_{3,9}->theta^{4}_{5,9}, theta^{4}_{3,10}->theta^{4}_{5,10}, theta^{4}_{3,11}->theta^{4}_{5,11}, theta^{4}_{5,6}->theta^{4}_{3,6}, theta^{4}_{5,7}->theta^{4}_{3,7}, theta^{4}_{5,8}->theta^{4}_{3,8}, theta^{4}_{5,9}->theta^{4}_{3,9}, theta^{4}_{5,10}->theta^{4}_{3,10}, theta^{4}_{5,11}->theta^{4}_{3,11}, theta^{5}_{0,1}->theta^{3}_{0,1}, theta^{5}_{0,2}->theta^{3}_{0,2}, theta^{5}_{0,3}->theta^{3}_{0,5}, theta^{5}_{0,4}->theta^{3}_{0,4}, theta^{5}_{0,6}->theta^{3}_{0,6}, theta^{5}_{0,7}->theta^{3}_{0,7}, theta^{5}_{0,8}->theta^{3}_{0,8}, theta^{5}_{0,9}->theta^{3}_{0,9}, theta^{5}_{0,10}->theta^{3}_{0,10}, theta^{5}_{0,11}->theta^{3}_{0,11}, theta^{5}_{1,2}->theta^{3}_{1,2}, theta^{5}_{1,3}->theta^{3}_{1,5}, theta^{5}_{1,4}->theta^{3}_{1,4}, theta^{5}_{1,6}->theta^{3}_{1,6}, theta^{5}_{1,7}->theta^{3}_{1,7}, theta^{5}_{1,8}->theta^{3}_{1,8}, theta^{5}_{1,9}->theta^{3}_{1,9}, theta^{5}_{1,10}->theta^{3}_{1,10}, theta^{5}_{1,11}->theta^{3}_{1,11}, theta^{5}_{2,3}->theta^{3}_{2,5}, theta^{5}_{2,4}->theta^{3}_{2,4}, theta^{5}_{2,6}->theta^{3}_{2,6}, theta^{5}_{2,7}->theta^{3}_{2,7}, theta^{5}_{2,8}->theta^{3}_{2,8}, theta^{5}_{2,9}->theta^{3}_{2,9}, theta^{5}_{2,10}->theta^{3}_{2,10}, theta^{5}_{2,11}->theta^{3}_{2,11}, theta^{5}_{3,4}->theta^{3}_{4,5}, theta^{5}_{3,6}->theta^{3}_{5,6}, theta^{5}_{3,7}->theta^{3}_{5,7}, theta^{5}_{3,8}->theta^{3}_{5,8}, theta^{5}_{3,9}->theta^{3}_{5,9}, theta^{5}_{3,10}->theta^{3}_{5,10}, theta^{5}_{3,11}->theta^{3}_{5,11}, theta^{5}_{4,6}->theta^{3}_{4,6}, theta^{5}_{4,7}->theta^{3}_{4,7}, theta^{5}_{4,8}->theta^{3}_{4,8}, theta^{5}_{4,9}->theta^{3}_{4,9}, theta^{5}_{4,10}->theta^{3}_{4,10}, theta^{5}_{4,11}->theta^{3}_{4,11}, theta^{5}_{6,7}->theta^{3}_{6,7}, theta^{5}_{6,8}->theta^{3}_{6,8}, theta^{5}_{6,9}->theta^{3}_{6,9}, theta^{5}_{6,10}->theta^{3}_{6,10}, theta^{5}_{6,11}->theta^{3}_{6,11}, theta^{5}_{7,8}->theta^{3}_{7,8}, theta^{5}_{7,9}->theta^{3}_{7,9}, theta^{5}_{7,10}->theta^{3}_{7,10}, theta^{5}_{7,11}->theta^{3}_{7,11}, theta^{5}_{8,9}->theta^{3}_{8,9}, theta^{5}_{8,10}->theta^{3}_{8,10}, theta^{5}_{8,11}->theta^{3}_{8,11}, theta^{5}_{9,10}->theta^{3}_{9,10}, theta^{5}_{9,11}->theta^{3}_{9,11}, theta^{5}_{10,11}->theta^{3}_{10,11}, theta^{6}_{0,3}->theta^{6}_{0,5}, theta^{6}_{0,5}->theta^{6}_{0,3}, theta^{6}_{1,3}->theta^{6}_{1,5}, theta^{6}_{1,5}->theta^{6}_{1,3}, theta^{6}_{2,3}->theta^{6}_{2,5}, theta^{6}_{2,5}->theta^{6}_{2,3}, theta^{6}_{3,4}->theta^{6}_{4,5}, theta^{6}_{3,7}->theta^{6}_{5,7}, theta^{6}_{3,8}->theta^{6}_{5,8}, theta^{6}_{3,9}->theta^{6}_{5,9}, theta^{6}_{3,10}->theta^{6}_{5,10}, theta^{6}_{3,11}->theta^{6}_{5,11}, theta^{6}_{4,5}->theta^{6}_{3,4}, theta^{6}_{5,7}->theta^{6}_{3,7}, theta^{6}_{5,8}->theta^{6}_{3,8}, theta^{6}_{5,9}->theta^{6}_{3,9}, theta^{6}_{5,10}->theta^{6}_{3,10}, theta^{6}_{5,11}->theta^{6}_{3,11}, theta^{7}_{0,3}->theta^{7}_{0,5}, theta^{7}_{0,5}->theta^{7}_{0,3}, theta^{7}_{1,3}->theta^{7}_{1,5}, theta^{7}_{1,5}->theta^{7}_{1,3}, theta^{7}_{2,3}->theta^{7}_{2,5}, theta^{7}_{2,5}->theta^{7}_{2,3}, theta^{7}_{3,4}->theta^{7}_{4,5}, theta^{7}_{3,6}->theta^{7}_{5,6}, theta^{7}_{3,8}->theta^{7}_{5,8}, theta^{7}_{3,9}->theta^{7}_{5,9}, theta^{7}_{3,10}->theta^{7}_{5,10}, theta^{7}_{3,11}->theta^{7}_{5,11}, theta^{7}_{4,5}->theta^{7}_{3,4}, theta^{7}_{5,6}->theta^{7}_{3,6}, theta^{7}_{5,8}->theta^{7}_{3,8}, theta^{7}_{5,9}->theta^{7}_{3,9}, theta^{7}_{5,10}->theta^{7}_{3,10}, theta^{7}_{5,11}->theta^{7}_{3,11}, theta^{8}_{0,3}->theta^{8}_{0,5}, theta^{8}_{0,5}->theta^{8}_{0,3}, theta^{8}_{1,3}->theta^{8}_{1,5}, theta^{8}_{1,5}->theta^{8}_{1,3}, theta^{8}_{2,3}->theta^{8}_{2,5}, theta^{8}_{2,5}->theta^{8}_{2,3}, theta^{8}_{3,4}->theta^{8}_{4,5}, theta^{8}_{3,6}->theta^{8}_{5,6}, theta^{8}_{3,7}->theta^{8}_{5,7}, theta^{8}_{3,9}->theta^{8}_{5,9}, theta^{8}_{3,10}->theta^{8}_{5,10}, theta^{8}_{3,11}->theta^{8}_{5,11}, theta^{8}_{4,5}->theta^{8}_{3,4}, theta^{8}_{5,6}->theta^{8}_{3,6}, theta^{8}_{5,7}->theta^{8}_{3,7}, theta^{8}_{5,9}->theta^{8}_{3,9}, theta^{8}_{5,10}->theta^{8}_{3,10}, theta^{8}_{5,11}->theta^{8}_{3,11}, theta^{9}_{0,3}->theta^{9}_{0,5}, theta^{9}_{0,5}->theta^{9}_{0,3}, theta^{9}_{1,3}->theta^{9}_{1,5}, theta^{9}_{1,5}->theta^{9}_{1,3}, theta^{9}_{2,3}->theta^{9}_{2,5}, theta^{9}_{2,5}->theta^{9}_{2,3}, theta^{9}_{3,4}->theta^{9}_{4,5}, theta^{9}_{3,6}->theta^{9}_{5,6}, theta^{9}_{3,7}->theta^{9}_{5,7}, theta^{9}_{3,8}->theta^{9}_{5,8}, theta^{9}_{3,10}->theta^{9}_{5,10}, theta^{9}_{3,11}->theta^{9}_{5,11}, theta^{9}_{4,5}->theta^{9}_{3,4}, theta^{9}_{5,6}->theta^{9}_{3,6}, theta^{9}_{5,7}->theta^{9}_{3,7}, theta^{9}_{5,8}->theta^{9}_{3,8}, theta^{9}_{5,10}->theta^{9}_{3,10}, theta^{9}_{5,11}->theta^{9}_{3,11}, theta^{10}_{0,3}->theta^{10}_{0,5}, theta^{10}_{0,5}->theta^{10}_{0,3}, theta^{10}_{1,3}->theta^{10}_{1,5}, theta^{10}_{1,5}->theta^{10}_{1,3}, theta^{10}_{2,3}->theta^{10}_{2,5}, theta^{10}_{2,5}->theta^{10}_{2,3}, theta^{10}_{3,4}->theta^{10}_{4,5}, theta^{10}_{3,6}->theta^{10}_{5,6}, theta^{10}_{3,7}->theta^{10}_{5,7}, theta^{10}_{3,8}->theta^{10}_{5,8}, theta^{10}_{3,9}->theta^{10}_{5,9}, theta^{10}_{3,11}->theta^{10}_{5,11}, theta^{10}_{4,5}->theta^{10}_{3,4}, theta^{10}_{5,6}->theta^{10}_{3,6}, theta^{10}_{5,7}->theta^{10}_{3,7}, theta^{10}_{5,8}->theta^{10}_{3,8}, theta^{10}_{5,9}->theta^{10}_{3,9}, theta^{10}_{5,11}->theta^{10}_{3,11}, theta^{11}_{0,3}->theta^{11}_{0,5}, theta^{11}_{0,5}->theta^{11}_{0,3}, theta^{11}_{1,3}->theta^{11}_{1,5}, theta^{11}_{1,5}->theta^{11}_{1,3}, theta^{11}_{2,3}->theta^{11}_{2,5}, theta^{11}_{2,5}->theta^{11}_{2,3}, theta^{11}_{3,4}->theta^{11}_{4,5}, theta^{11}_{3,6}->theta^{11}_{5,6}, theta^{11}_{3,7}->theta^{11}_{5,7}, theta^{11}_{3,8}->theta^{11}_{5,8}, theta^{11}_{3,9}->theta^{11}_{5,9}, theta^{11}_{3,10}->theta^{11}_{5,10}, theta^{11}_{4,5}->theta^{11}_{3,4}, theta^{11}_{5,6}->theta^{11}_{3,6}, theta^{11}_{5,7}->theta^{11}_{3,7}, theta^{11}_{5,8}->theta^{11}_{3,8}, theta^{11}_{5,9}->theta^{11}_{3,9}, theta^{11}_{5,10}->theta^{11}_{3,10}
  Dihedrals: d_{0,1,2,3}->d_{0,1,2,5}, d_{0,1,2,5}->d_{0,1,2,3}, d_{0,1,3,4}->d_{0,1,4,5}, d_{0,1,3,6}->d_{0,1,5,6}, d_{0,1,3,7}->d_{0,1,5,7}, d_{0,1,3,8}->d_{0,1,5,8}, d_{0,1,3,9}->d_{0,1,5,9}, d_{0,1,3,10}->d_{0,1,5,10}, d_{0,1,3,11}->d_{0,1,5,11}, d_{0,1,4,5}->d_{0,1,3,4}, d_{0,1,5,6}->d_{0,1,3,6}, d_{0,1,5,7}->d_{0,1,3,7}, d_{0,1,5,8}->d_{0,1,3,8}, d_{0,1,5,9}->d_{0,1,3,9}, d_{0,1,5,10}->d_{0,1,3,10}, d_{0,1,5,11}->d_{0,1,3,11}, d_{0,2,1,3}->d_{0,2,1,5}, d_{0,2,1,5}->d_{0,2,1,3}, d_{0,2,3,4}->d_{0,2,4,5}, d_{0,2,3,6}->d_{0,2,5,6}, d_{0,2,3,7}->d_{0,2,5,7}, d_{0,2,3,8}->d_{0,2,5,8}, d_{0,2,3,9}->d_{0,2,5,9}, d_{0,2,3,10}->d_{0,2,5,10}, d_{0,2,3,11}->d_{0,2,5,11}, d_{0,2,4,5}->d_{0,2,3,4}, d_{0,2,5,6}->d_{0,2,3,6}, d_{0,2,5,7}->d_{0,2,3,7}, d_{0,2,5,8}->d_{0,2,3,8}, d_{0,2,5,9}->d_{0,2,3,9}, d_{0,2,5,10}->d_{0,2,3,10}, d_{0,2,5,11}->d_{0,2,3,11}, d_{0,3,1,2}->d_{0,5,1,2}, d_{0,3,1,4}->d_{0,5,1,4}, d_{0,3,1,5}->d_{0,5,1,3}, d_{0,3,1,6}->d_{0,5,1,6}, d_{0,3,1,7}->d_{0,5,1,7}, d_{0,3,1,8}->d_{0,5,1,8}, d_{0,3,1,9}->d_{0,5,1,9}, d_{0,3,1,10}->d_{0,5,1,10}, d_{0,3,1,11}->d_{0,5,1,11}, d_{0,3,2,4}->d_{0,5,2,4}, d_{0,3,2,5}->d_{0,5,2,3}, d_{0,3,2,6}->d_{0,5,2,6}, d_{0,3,2,7}->d_{0,5,2,7}, d_{0,3,2,8}->d_{0,5,2,8}, d_{0,3,2,9}->d_{0,5,2,9}, d_{0,3,2,10}->d_{0,5,2,10}, d_{0,3,2,11}->d_{0,5,2,11}, d_{0,3,4,5}->d_{0,5,3,4}, d_{0,3,4,6}->d_{0,5,4,6}, d_{0,3,4,7}->d_{0,5,4,7}, d_{0,3,4,8}->d_{0,5,4,8}, d_{0,3,4,9}->d_{0,5,4,9}, d_{0,3,4,10}->d_{0,5,4,10}, d_{0,3,4,11}->d_{0,5,4,11}, d_{0,3,5,6}->d_{0,5,3,6}, d_{0,3,5,7}->d_{0,5,3,7}, d_{0,3,5,8}->d_{0,5,3,8}, d_{0,3,5,9}->d_{0,5,3,9}, d_{0,3,5,10}->d_{0,5,3,10}, d_{0,3,5,11}->d_{0,5,3,11}, d_{0,3,6,7}->d_{0,5,6,7}, d_{0,3,6,8}->d_{0,5,6,8}, d_{0,3,6,9}->d_{0,5,6,9}, d_{0,3,6,10}->d_{0,5,6,10}, d_{0,3,6,11}->d_{0,5,6,11}, d_{0,3,7,8}->d_{0,5,7,8}, d_{0,3,7,9}->d_{0,5,7,9}, d_{0,3,7,10}->d_{0,5,7,10}, d_{0,3,7,11}->d_{0,5,7,11}, d_{0,3,8,9}->d_{0,5,8,9}, d_{0,3,8,10}->d_{0,5,8,10}, d_{0,3,8,11}->d_{0,5,8,11}, d_{0,3,9,10}->d_{0,5,9,10}, d_{0,3,9,11}->d_{0,5,9,11}, d_{0,3,10,11}->d_{0,5,10,11}, d_{0,4,1,3}->d_{0,4,1,5}, d_{0,4,1,5}->d_{0,4,1,3}, d_{0,4,2,3}->d_{0,4,2,5}, d_{0,4,2,5}->d_{0,4,2,3}, d_{0,4,3,6}->d_{0,4,5,6}, d_{0,4,3,7}->d_{0,4,5,7}, d_{0,4,3,8}->d_{0,4,5,8}, d_{0,4,3,9}->d_{0,4,5,9}, d_{0,4,3,10}->d_{0,4,5,10}, d_{0,4,3,11}->d_{0,4,5,11}, d_{0,4,5,6}->d_{0,4,3,6}, d_{0,4,5,7}->d_{0,4,3,7}, d_{0,4,5,8}->d_{0,4,3,8}, d_{0,4,5,9}->d_{0,4,3,9}, d_{0,4,5,10}->d_{0,4,3,10}, d_{0,4,5,11}->d_{0,4,3,11}, d_{0,5,1,2}->d_{0,3,1,2}, d_{0,5,1,3}->d_{0,3,1,5}, d_{0,5,1,4}->d_{0,3,1,4}, d_{0,5,1,6}->d_{0,3,1,6}, d_{0,5,1,7}->d_{0,3,1,7}, d_{0,5,1,8}->d_{0,3,1,8}, d_{0,5,1,9}->d_{0,3,1,9}, d_{0,5,1,10}->d_{0,3,1,10}, d_{0,5,1,11}->d_{0,3,1,11}, d_{0,5,2,3}->d_{0,3,2,5}, d_{0,5,2,4}->d_{0,3,2,4}, d_{0,5,2,6}->d_{0,3,2,6}, d_{0,5,2,7}->d_{0,3,2,7}, d_{0,5,2,8}->d_{0,3,2,8}, d_{0,5,2,9}->d_{0,3,2,9}, d_{0,5,2,10}->d_{0,3,2,10}, d_{0,5,2,11}->d_{0,3,2,11}, d_{0,5,3,4}->d_{0,3,4,5}, d_{0,5,3,6}->d_{0,3,5,6}, d_{0,5,3,7}->d_{0,3,5,7}, d_{0,5,3,8}->d_{0,3,5,8}, d_{0,5,3,9}->d_{0,3,5,9}, d_{0,5,3,10}->d_{0,3,5,10}, d_{0,5,3,11}->d_{0,3,5,11}, d_{0,5,4,6}->d_{0,3,4,6}, d_{0,5,4,7}->d_{0,3,4,7}, d_{0,5,4,8}->d_{0,3,4,8}, d_{0,5,4,9}->d_{0,3,4,9}, d_{0,5,4,10}->d_{0,3,4,10}, d_{0,5,4,11}->d_{0,3,4,11}, d_{0,5,6,7}->d_{0,3,6,7}, d_{0,5,6,8}->d_{0,3,6,8}, d_{0,5,6,9}->d_{0,3,6,9}, d_{0,5,6,10}->d_{0,3,6,10}, d_{0,5,6,11}->d_{0,3,6,11}, d_{0,5,7,8}->d_{0,3,7,8}, d_{0,5,7,9}->d_{0,3,7,9}, d_{0,5,7,10}->d_{0,3,7,10}, d_{0,5,7,11}->d_{0,3,7,11}, d_{0,5,8,9}->d_{0,3,8,9}, d_{0,5,8,10}->d_{0,3,8,10}, d_{0,5,8,11}->d_{0,3,8,11}, d_{0,5,9,10}->d_{0,3,9,10}, d_{0,5,9,11}->d_{0,3,9,11}, d_{0,5,10,11}->d_{0,3,10,11}, d_{0,6,1,3}->d_{0,6,1,5}, d_{0,6,1,5}->d_{0,6,1,3}, d_{0,6,2,3}->d_{0,6,2,5}, d_{0,6,2,5}->d_{0,6,2,3}, d_{0,6,3,4}->d_{0,6,4,5}, d_{0,6,3,7}->d_{0,6,5,7}, d_{0,6,3,8}->d_{0,6,5,8}, d_{0,6,3,9}->d_{0,6,5,9}, d_{0,6,3,10}->d_{0,6,5,10}, d_{0,6,3,11}->d_{0,6,5,11}, d_{0,6,4,5}->d_{0,6,3,4}, d_{0,6,5,7}->d_{0,6,3,7}, d_{0,6,5,8}->d_{0,6,3,8}, d_{0,6,5,9}->d_{0,6,3,9}, d_{0,6,5,10}->d_{0,6,3,10}, d_{0,6,5,11}->d_{0,6,3,11}, d_{0,7,1,3}->d_{0,7,1,5}, d_{0,7,1,5}->d_{0,7,1,3}, d_{0,7,2,3}->d_{0,7,2,5}, d_{0,7,2,5}->d_{0,7,2,3}, d_{0,7,3,4}->d_{0,7,4,5}, d_{0,7,3,6}->d_{0,7,5,6}, d_{0,7,3,8}->d_{0,7,5,8}, d_{0,7,3,9}->d_{0,7,5,9}, d_{0,7,3,10}->d_{0,7,5,10}, d_{0,7,3,11}->d_{0,7,5,11}, d_{0,7,4,5}->d_{0,7,3,4}, d_{0,7,5,6}->d_{0,7,3,6}, d_{0,7,5,8}->d_{0,7,3,8}, d_{0,7,5,9}->d_{0,7,3,9}, d_{0,7,5,10}->d_{0,7,3,10}, d_{0,7,5,11}->d_{0,7,3,11}, d_{0,8,1,3}->d_{0,8,1,5}, d_{0,8,1,5}->d_{0,8,1,3}, d_{0,8,2,3}->d_{0,8,2,5}, d_{0,8,2,5}->d_{0,8,2,3}, d_{0,8,3,4}->d_{0,8,4,5}, d_{0,8,3,6}->d_{0,8,5,6}, d_{0,8,3,7}->d_{0,8,5,7}, d_{0,8,3,9}->d_{0,8,5,9}, d_{0,8,3,10}->d_{0,8,5,10}, d_{0,8,3,11}->d_{0,8,5,11}, d_{0,8,4,5}->d_{0,8,3,4}, d_{0,8,5,6}->d_{0,8,3,6}, d_{0,8,5,7}->d_{0,8,3,7}, d_{0,8,5,9}->d_{0,8,3,9}, d_{0,8,5,10}->d_{0,8,3,10}, d_{0,8,5,11}->d_{0,8,3,11}, d_{0,9,1,3}->d_{0,9,1,5}, d_{0,9,1,5}->d_{0,9,1,3}, d_{0,9,2,3}->d_{0,9,2,5}, d_{0,9,2,5}->d_{0,9,2,3}, d_{0,9,3,4}->d_{0,9,4,5}, d_{0,9,3,6}->d_{0,9,5,6}, d_{0,9,3,7}->d_{0,9,5,7}, d_{0,9,3,8}->d_{0,9,5,8}, d_{0,9,3,10}->d_{0,9,5,10}, d_{0,9,3,11}->d_{0,9,5,11}, d_{0,9,4,5}->d_{0,9,3,4}, d_{0,9,5,6}->d_{0,9,3,6}, d_{0,9,5,7}->d_{0,9,3,7}, d_{0,9,5,8}->d_{0,9,3,8}, d_{0,9,5,10}->d_{0,9,3,10}, d_{0,9,5,11}->d_{0,9,3,11}, d_{0,10,1,3}->d_{0,10,1,5}, d_{0,10,1,5}->d_{0,10,1,3}, d_{0,10,2,3}->d_{0,10,2,5}, d_{0,10,2,5}->d_{0,10,2,3}, d_{0,10,3,4}->d_{0,10,4,5}, d_{0,10,3,6}->d_{0,10,5,6}, d_{0,10,3,7}->d_{0,10,5,7}, d_{0,10,3,8}->d_{0,10,5,8}, d_{0,10,3,9}->d_{0,10,5,9}, d_{0,10,3,11}->d_{0,10,5,11}, d_{0,10,4,5}->d_{0,10,3,4}, d_{0,10,5,6}->d_{0,10,3,6}, d_{0,10,5,7}->d_{0,10,3,7}, d_{0,10,5,8}->d_{0,10,3,8}, d_{0,10,5,9}->d_{0,10,3,9}, d_{0,10,5,11}->d_{0,10,3,11}, d_{0,11,1,3}->d_{0,11,1,5}, d_{0,11,1,5}->d_{0,11,1,3}, d_{0,11,2,3}->d_{0,11,2,5}, d_{0,11,2,5}->d_{0,11,2,3}, d_{0,11,3,4}->d_{0,11,4,5}, d_{0,11,3,6}->d_{0,11,5,6}, d_{0,11,3,7}->d_{0,11,5,7}, d_{0,11,3,8}->d_{0,11,5,8}, d_{0,11,3,9}->d_{0,11,5,9}, d_{0,11,3,10}->d_{0,11,5,10}, d_{0,11,4,5}->d_{0,11,3,4}, d_{0,11,5,6}->d_{0,11,3,6}, d_{0,11,5,7}->d_{0,11,3,7}, d_{0,11,5,8}->d_{0,11,3,8}, d_{0,11,5,9}->d_{0,11,3,9}, d_{0,11,5,10}->d_{0,11,3,10}, d_{1,2,0,3}->d_{1,2,0,5}, d_{1,2,0,5}->d_{1,2,0,3}, d_{1,2,3,4}->d_{1,2,4,5}, d_{1,2,3,6}->d_{1,2,5,6}, d_{1,2,3,7}->d_{1,2,5,7}, d_{1,2,3,8}->d_{1,2,5,8}, d_{1,2,3,9}->d_{1,2,5,9}, d_{1,2,3,10}->d_{1,2,5,10}, d_{1,2,3,11}->d_{1,2,5,11}, d_{1,2,4,5}->d_{1,2,3,4}, d_{1,2,5,6}->d_{1,2,3,6}, d_{1,2,5,7}->d_{1,2,3,7}, d_{1,2,5,8}->d_{1,2,3,8}, d_{1,2,5,9}->d_{1,2,3,9}, d_{1,2,5,10}->d_{1,2,3,10}, d_{1,2,5,11}->d_{1,2,3,11}, d_{1,3,0,2}->d_{1,5,0,2}, d_{1,3,0,4}->d_{1,5,0,4}, d_{1,3,0,5}->d_{1,5,0,3}, d_{1,3,0,6}->d_{1,5,0,6}, d_{1,3,0,7}->d_{1,5,0,7}, d_{1,3,0,8}->d_{1,5,0,8}, d_{1,3,0,9}->d_{1,5,0,9}, d_{1,3,0,10}->d_{1,5,0,10}, d_{1,3,0,11}->d_{1,5,0,11}, d_{1,3,2,4}->d_{1,5,2,4}, d_{1,3,2,5}->d_{1,5,2,3}, d_{1,3,2,6}->d_{1,5,2,6}, d_{1,3,2,7}->d_{1,5,2,7}, d_{1,3,2,8}->d_{1,5,2,8}, d_{1,3,2,9}->d_{1,5,2,9}, d_{1,3,2,10}->d_{1,5,2,10}, d_{1,3,2,11}->d_{1,5,2,11}, d_{1,3,4,5}->d_{1,5,3,4}, d_{1,3,4,6}->d_{1,5,4,6}, d_{1,3,4,7}->d_{1,5,4,7}, d_{1,3,4,8}->d_{1,5,4,8}, d_{1,3,4,9}->d_{1,5,4,9}, d_{1,3,4,10}->d_{1,5,4,10}, d_{1,3,4,11}->d_{1,5,4,11}, d_{1,3,5,6}->d_{1,5,3,6}, d_{1,3,5,7}->d_{1,5,3,7}, d_{1,3,5,8}->d_{1,5,3,8}, d_{1,3,5,9}->d_{1,5,3,9}, d_{1,3,5,10}->d_{1,5,3,10}, d_{1,3,5,11}->d_{1,5,3,11}, d_{1,3,6,7}->d_{1,5,6,7}, d_{1,3,6,8}->d_{1,5,6,8}, d_{1,3,6,9}->d_{1,5,6,9}, d_{1,3,6,10}->d_{1,5,6,10}, d_{1,3,6,11}->d_{1,5,6,11}, d_{1,3,7,8}->d_{1,5,7,8}, d_{1,3,7,9}->d_{1,5,7,9}, d_{1,3,7,10}->d_{1,5,7,10}, d_{1,3,7,11}->d_{1,5,7,11}, d_{1,3,8,9}->d_{1,5,8,9}, d_{1,3,8,10}->d_{1,5,8,10}, d_{1,3,8,11}->d_{1,5,8,11}, d_{1,3,9,10}->d_{1,5,9,10}, d_{1,3,9,11}->d_{1,5,9,11}, d_{1,3,10,11}->d_{1,5,10,11}, d_{1,4,0,3}->d_{1,4,0,5}, d_{1,4,0,5}->d_{1,4,0,3}, d_{1,4,2,3}->d_{1,4,2,5}, d_{1,4,2,5}->d_{1,4,2,3}, d_{1,4,3,6}->d_{1,4,5,6}, d_{1,4,3,7}->d_{1,4,5,7}, d_{1,4,3,8}->d_{1,4,5,8}, d_{1,4,3,9}->d_{1,4,5,9}, d_{1,4,3,10}->d_{1,4,5,10}, d_{1,4,3,11}->d_{1,4,5,11}, d_{1,4,5,6}->d_{1,4,3,6}, d_{1,4,5,7}->d_{1,4,3,7}, d_{1,4,5,8}->d_{1,4,3,8}, d_{1,4,5,9}->d_{1,4,3,9}, d_{1,4,5,10}->d_{1,4,3,10}, d_{1,4,5,11}->d_{1,4,3,11}, d_{1,5,0,2}->d_{1,3,0,2}, d_{1,5,0,3}->d_{1,3,0,5}, d_{1,5,0,4}->d_{1,3,0,4}, d_{1,5,0,6}->d_{1,3,0,6}, d_{1,5,0,7}->d_{1,3,0,7}, d_{1,5,0,8}->d_{1,3,0,8}, d_{1,5,0,9}->d_{1,3,0,9}, d_{1,5,0,10}->d_{1,3,0,10}, d_{1,5,0,11}->d_{1,3,0,11}, d_{1,5,2,3}->d_{1,3,2,5}, d_{1,5,2,4}->d_{1,3,2,4}, d_{1,5,2,6}->d_{1,3,2,6}, d_{1,5,2,7}->d_{1,3,2,7}, d_{1,5,2,8}->d_{1,3,2,8}, d_{1,5,2,9}->d_{1,3,2,9}, d_{1,5,2,10}->d_{1,3,2,10}, d_{1,5,2,11}->d_{1,3,2,11}, d_{1,5,3,4}->d_{1,3,4,5}, d_{1,5,3,6}->d_{1,3,5,6}, d_{1,5,3,7}->d_{1,3,5,7}, d_{1,5,3,8}->d_{1,3,5,8}, d_{1,5,3,9}->d_{1,3,5,9}, d_{1,5,3,10}->d_{1,3,5,10}, d_{1,5,3,11}->d_{1,3,5,11}, d_{1,5,4,6}->d_{1,3,4,6}, d_{1,5,4,7}->d_{1,3,4,7}, d_{1,5,4,8}->d_{1,3,4,8}, d_{1,5,4,9}->d_{1,3,4,9}, d_{1,5,4,10}->d_{1,3,4,10}, d_{1,5,4,11}->d_{1,3,4,11}, d_{1,5,6,7}->d_{1,3,6,7}, d_{1,5,6,8}->d_{1,3,6,8}, d_{1,5,6,9}->d_{1,3,6,9}, d_{1,5,6,10}->d_{1,3,6,10}, d_{1,5,6,11}->d_{1,3,6,11}, d_{1,5,7,8}->d_{1,3,7,8}, d_{1,5,7,9}->d_{1,3,7,9}, d_{1,5,7,10}->d_{1,3,7,10}, d_{1,5,7,11}->d_{1,3,7,11}, d_{1,5,8,9}->d_{1,3,8,9}, d_{1,5,8,10}->d_{1,3,8,10}, d_{1,5,8,11}->d_{1,3,8,11}, d_{1,5,9,10}->d_{1,3,9,10}, d_{1,5,9,11}->d_{1,3,9,11}, d_{1,5,10,11}->d_{1,3,10,11}, d_{1,6,0,3}->d_{1,6,0,5}, d_{1,6,0,5}->d_{1,6,0,3}, d_{1,6,2,3}->d_{1,6,2,5}, d_{1,6,2,5}->d_{1,6,2,3}, d_{1,6,3,4}->d_{1,6,4,5}, d_{1,6,3,7}->d_{1,6,5,7}, d_{1,6,3,8}->d_{1,6,5,8}, d_{1,6,3,9}->d_{1,6,5,9}, d_{1,6,3,10}->d_{1,6,5,10}, d_{1,6,3,11}->d_{1,6,5,11}, d_{1,6,4,5}->d_{1,6,3,4}, d_{1,6,5,7}->d_{1,6,3,7}, d_{1,6,5,8}->d_{1,6,3,8}, d_{1,6,5,9}->d_{1,6,3,9}, d_{1,6,5,10}->d_{1,6,3,10}, d_{1,6,5,11}->d_{1,6,3,11}, d_{1,7,0,3}->d_{1,7,0,5}, d_{1,7,0,5}->d_{1,7,0,3}, d_{1,7,2,3}->d_{1,7,2,5}, d_{1,7,2,5}->d_{1,7,2,3}, d_{1,7,3,4}->d_{1,7,4,5}, d_{1,7,3,6}->d_{1,7,5,6}, d_{1,7,3,8}->d_{1,7,5,8}, d_{1,7,3,9}->d_{1,7,5,9}, d_{1,7,3,10}->d_{1,7,5,10}, d_{1,7,3,11}->d_{1,7,5,11}, d_{1,7,4,5}->d_{1,7,3,4}, d_{1,7,5,6}->d_{1,7,3,6}, d_{1,7,5,8}->d_{1,7,3,8}, d_{1,7,5,9}->d_{1,7,3,9}, d_{1,7,5,10}->d_{1,7,3,10}, d_{1,7,5,11}->d_{1,7,3,11}, d_{1,8,0,3}->d_{1,8,0,5}, d_{1,8,0,5}->d_{1,8,0,3}, d_{1,8,2,3}->d_{1,8,2,5}, d_{1,8,2,5}->d_{1,8,2,3}, d_{1,8,3,4}->d_{1,8,4,5}, d_{1,8,3,6}->d_{1,8,5,6}, d_{1,8,3,7}->d_{1,8,5,7}, d_{1,8,3,9}->d_{1,8,5,9}, d_{1,8,3,10}->d_{1,8,5,10}, d_{1,8,3,11}->d_{1,8,5,11}, d_{1,8,4,5}->d_{1,8,3,4}, d_{1,8,5,6}->d_{1,8,3,6}, d_{1,8,5,7}->d_{1,8,3,7}, d_{1,8,5,9}->d_{1,8,3,9}, d_{1,8,5,10}->d_{1,8,3,10}, d_{1,8,5,11}->d_{1,8,3,11}, d_{1,9,0,3}->d_{1,9,0,5}, d_{1,9,0,5}->d_{1,9,0,3}, d_{1,9,2,3}->d_{1,9,2,5}, d_{1,9,2,5}->d_{1,9,2,3}, d_{1,9,3,4}->d_{1,9,4,5}, d_{1,9,3,6}->d_{1,9,5,6}, d_{1,9,3,7}->d_{1,9,5,7}, d_{1,9,3,8}->d_{1,9,5,8}, d_{1,9,3,10}->d_{1,9,5,10}, d_{1,9,3,11}->d_{1,9,5,11}, d_{1,9,4,5}->d_{1,9,3,4}, d_{1,9,5,6}->d_{1,9,3,6}, d_{1,9,5,7}->d_{1,9,3,7}, d_{1,9,5,8}->d_{1,9,3,8}, d_{1,9,5,10}->d_{1,9,3,10}, d_{1,9,5,11}->d_{1,9,3,11}, d_{1,10,0,3}->d_{1,10,0,5}, d_{1,10,0,5}->d_{1,10,0,3}, d_{1,10,2,3}->d_{1,10,2,5}, d_{1,10,2,5}->d_{1,10,2,3}, d_{1,10,3,4}->d_{1,10,4,5}, d_{1,10,3,6}->d_{1,10,5,6}, d_{1,10,3,7}->d_{1,10,5,7}, d_{1,10,3,8}->d_{1,10,5,8}, d_{1,10,3,9}->d_{1,10,5,9}, d_{1,10,3,11}->d_{1,10,5,11}, d_{1,10,4,5}->d_{1,10,3,4}, d_{1,10,5,6}->d_{1,10,3,6}, d_{1,10,5,7}->d_{1,10,3,7}, d_{1,10,5,8}->d_{1,10,3,8}, d_{1,10,5,9}->d_{1,10,3,9}, d_{1,10,5,11}->d_{1,10,3,11}, d_{1,11,0,3}->d_{1,11,0,5}, d_{1,11,0,5}->d_{1,11,0,3}, d_{1,11,2,3}->d_{1,11,2,5}, d_{1,11,2,5}->d_{1,11,2,3}, d_{1,11,3,4}->d_{1,11,4,5}, d_{1,11,3,6}->d_{1,11,5,6}, d_{1,11,3,7}->d_{1,11,5,7}, d_{1,11,3,8}->d_{1,11,5,8}, d_{1,11,3,9}->d_{1,11,5,9}, d_{1,11,3,10}->d_{1,11,5,10}, d_{1,11,4,5}->d_{1,11,3,4}, d_{1,11,5,6}->d_{1,11,3,6}, d_{1,11,5,7}->d_{1,11,3,7}, d_{1,11,5,8}->d_{1,11,3,8}, d_{1,11,5,9}->d_{1,11,3,9}, d_{1,11,5,10}->d_{1,11,3,10}, d_{2,3,0,1}->d_{2,5,0,1}, d_{2,3,0,4}->d_{2,5,0,4}, d_{2,3,0,5}->d_{2,5,0,3}, d_{2,3,0,6}->d_{2,5,0,6}, d_{2,3,0,7}->d_{2,5,0,7}, d_{2,3,0,8}->d_{2,5,0,8}, d_{2,3,0,9}->d_{2,5,0,9}, d_{2,3,0,10}->d_{2,5,0,10}, d_{2,3,0,11}->d_{2,5,0,11}, d_{2,3,1,4}->d_{2,5,1,4}, d_{2,3,1,5}->d_{2,5,1,3}, d_{2,3,1,6}->d_{2,5,1,6}, d_{2,3,1,7}->d_{2,5,1,7}, d_{2,3,1,8}->d_{2,5,1,8}, d_{2,3,1,9}->d_{2,5,1,9}, d_{2,3,1,10}->d_{2,5,1,10}, d_{2,3,1,11}->d_{2,5,1,11}, d_{2,3,4,5}->d_{2,5,3,4}, d_{2,3,4,6}->d_{2,5,4,6}, d_{2,3,4,7}->d_{2,5,4,7}, d_{2,3,4,8}->d_{2,5,4,8}, d_{2,3,4,9}->d_{2,5,4,9}, d_{2,3,4,10}->d_{2,5,4,10}, d_{2,3,4,11}->d_{2,5,4,11}, d_{2,3,5,6}->d_{2,5,3,6}, d_{2,3,5,7}->d_{2,5,3,7}, d_{2,3,5,8}->d_{2,5,3,8}, d_{2,3,5,9}->d_{2,5,3,9}, d_{2,3,5,10}->d_{2,5,3,10}, d_{2,3,5,11}->d_{2,5,3,11}, d_{2,3,6,7}->d_{2,5,6,7}, d_{2,3,6,8}->d_{2,5,6,8}, d_{2,3,6,9}->d_{2,5,6,9}, d_{2,3,6,10}->d_{2,5,6,10}, d_{2,3,6,11}->d_{2,5,6,11}, d_{2,3,7,8}->d_{2,5,7,8}, d_{2,3,7,9}->d_{2,5,7,9}, d_{2,3,7,10}->d_{2,5,7,10}, d_{2,3,7,11}->d_{2,5,7,11}, d_{2,3,8,9}->d_{2,5,8,9}, d_{2,3,8,10}->d_{2,5,8,10}, d_{2,3,8,11}->d_{2,5,8,11}, d_{2,3,9,10}->d_{2,5,9,10}, d_{2,3,9,11}->d_{2,5,9,11}, d_{2,3,10,11}->d_{2,5,10,11}, d_{2,4,0,3}->d_{2,4,0,5}, d_{2,4,0,5}->d_{2,4,0,3}, d_{2,4,1,3}->d_{2,4,1,5}, d_{2,4,1,5}->d_{2,4,1,3}, d_{2,4,3,6}->d_{2,4,5,6}, d_{2,4,3,7}->d_{2,4,5,7}, d_{2,4,3,8}->d_{2,4,5,8}, d_{2,4,3,9}->d_{2,4,5,9}, d_{2,4,3,10}->d_{2,4,5,10}, d_{2,4,3,11}->d_{2,4,5,11}, d_{2,4,5,6}->d_{2,4,3,6}, d_{2,4,5,7}->d_{2,4,3,7}, d_{2,4,5,8}->d_{2,4,3,8}, d_{2,4,5,9}->d_{2,4,3,9}, d_{2,4,5,10}->d_{2,4,3,10}, d_{2,4,5,11}->d_{2,4,3,11}, d_{2,5,0,1}->d_{2,3,0,1}, d_{2,5,0,3}->d_{2,3,0,5}, d_{2,5,0,4}->d_{2,3,0,4}, d_{2,5,0,6}->d_{2,3,0,6}, d_{2,5,0,7}->d_{2,3,0,7}, d_{2,5,0,8}->d_{2,3,0,8}, d_{2,5,0,9}->d_{2,3,0,9}, d_{2,5,0,10}->d_{2,3,0,10}, d_{2,5,0,11}->d_{2,3,0,11}, d_{2,5,1,3}->d_{2,3,1,5}, d_{2,5,1,4}->d_{2,3,1,4}, d_{2,5,1,6}->d_{2,3,1,6}, d_{2,5,1,7}->d_{2,3,1,7}, d_{2,5,1,8}->d_{2,3,1,8}, d_{2,5,1,9}->d_{2,3,1,9}, d_{2,5,1,10}->d_{2,3,1,10}, d_{2,5,1,11}->d_{2,3,1,11}, d_{2,5,3,4}->d_{2,3,4,5}, d_{2,5,3,6}->d_{2,3,5,6}, d_{2,5,3,7}->d_{2,3,5,7}, d_{2,5,3,8}->d_{2,3,5,8}, d_{2,5,3,9}->d_{2,3,5,9}, d_{2,5,3,10}->d_{2,3,5,10}, d_{2,5,3,11}->d_{2,3,5,11}, d_{2,5,4,6}->d_{2,3,4,6}, d_{2,5,4,7}->d_{2,3,4,7}, d_{2,5,4,8}->d_{2,3,4,8}, d_{2,5,4,9}->d_{2,3,4,9}, d_{2,5,4,10}->d_{2,3,4,10}, d_{2,5,4,11}->d_{2,3,4,11}, d_{2,5,6,7}->d_{2,3,6,7}, d_{2,5,6,8}->d_{2,3,6,8}, d_{2,5,6,9}->d_{2,3,6,9}, d_{2,5,6,10}->d_{2,3,6,10}, d_{2,5,6,11}->d_{2,3,6,11}, d_{2,5,7,8}->d_{2,3,7,8}, d_{2,5,7,9}->d_{2,3,7,9}, d_{2,5,7,10}->d_{2,3,7,10}, d_{2,5,7,11}->d_{2,3,7,11}, d_{2,5,8,9}->d_{2,3,8,9}, d_{2,5,8,10}->d_{2,3,8,10}, d_{2,5,8,11}->d_{2,3,8,11}, d_{2,5,9,10}->d_{2,3,9,10}, d_{2,5,9,11}->d_{2,3,9,11}, d_{2,5,10,11}->d_{2,3,10,11}, d_{2,6,0,3}->d_{2,6,0,5}, d_{2,6,0,5}->d_{2,6,0,3}, d_{2,6,1,3}->d_{2,6,1,5}, d_{2,6,1,5}->d_{2,6,1,3}, d_{2,6,3,4}->d_{2,6,4,5}, d_{2,6,3,7}->d_{2,6,5,7}, d_{2,6,3,8}->d_{2,6,5,8}, d_{2,6,3,9}->d_{2,6,5,9}, d_{2,6,3,10}->d_{2,6,5,10}, d_{2,6,3,11}->d_{2,6,5,11}, d_{2,6,4,5}->d_{2,6,3,4}, d_{2,6,5,7}->d_{2,6,3,7}, d_{2,6,5,8}->d_{2,6,3,8}, d_{2,6,5,9}->d_{2,6,3,9}, d_{2,6,5,10}->d_{2,6,3,10}, d_{2,6,5,11}->d_{2,6,3,11}, d_{2,7,0,3}->d_{2,7,0,5}, d_{2,7,0,5}->d_{2,7,0,3}, d_{2,7,1,3}->d_{2,7,1,5}, d_{2,7,1,5}->d_{2,7,1,3}, d_{2,7,3,4}->d_{2,7,4,5}, d_{2,7,3,6}->d_{2,7,5,6}, d_{2,7,3,8}->d_{2,7,5,8}, d_{2,7,3,9}->d_{2,7,5,9}, d_{2,7,3,10}->d_{2,7,5,10}, d_{2,7,3,11}->d_{2,7,5,11}, d_{2,7,4,5}->d_{2,7,3,4}, d_{2,7,5,6}->d_{2,7,3,6}, d_{2,7,5,8}->d_{2,7,3,8}, d_{2,7,5,9}->d_{2,7,3,9}, d_{2,7,5,10}->d_{2,7,3,10}, d_{2,7,5,11}->d_{2,7,3,11}, d_{2,8,0,3}->d_{2,8,0,5}, d_{2,8,0,5}->d_{2,8,0,3}, d_{2,8,1,3}->d_{2,8,1,5}, d_{2,8,1,5}->d_{2,8,1,3}, d_{2,8,3,4}->d_{2,8,4,5}, d_{2,8,3,6}->d_{2,8,5,6}, d_{2,8,3,7}->d_{2,8,5,7}, d_{2,8,3,9}->d_{2,8,5,9}, d_{2,8,3,10}->d_{2,8,5,10}, d_{2,8,3,11}->d_{2,8,5,11}, d_{2,8,4,5}->d_{2,8,3,4}, d_{2,8,5,6}->d_{2,8,3,6}, d_{2,8,5,7}->d_{2,8,3,7}, d_{2,8,5,9}->d_{2,8,3,9}, d_{2,8,5,10}->d_{2,8,3,10}, d_{2,8,5,11}->d_{2,8,3,11}, d_{2,9,0,3}->d_{2,9,0,5}, d_{2,9,0,5}->d_{2,9,0,3}, d_{2,9,1,3}->d_{2,9,1,5}, d_{2,9,1,5}->d_{2,9,1,3}, d_{2,9,3,4}->d_{2,9,4,5}, d_{2,9,3,6}->d_{2,9,5,6}, d_{2,9,3,7}->d_{2,9,5,7}, d_{2,9,3,8}->d_{2,9,5,8}, d_{2,9,3,10}->d_{2,9,5,10}, d_{2,9,3,11}->d_{2,9,5,11}, d_{2,9,4,5}->d_{2,9,3,4}, d_{2,9,5,6}->d_{2,9,3,6}, d_{2,9,5,7}->d_{2,9,3,7}, d_{2,9,5,8}->d_{2,9,3,8}, d_{2,9,5,10}->d_{2,9,3,10}, d_{2,9,5,11}->d_{2,9,3,11}, d_{2,10,0,3}->d_{2,10,0,5}, d_{2,10,0,5}->d_{2,10,0,3}, d_{2,10,1,3}->d_{2,10,1,5}, d_{2,10,1,5}->d_{2,10,1,3}, d_{2,10,3,4}->d_{2,10,4,5}, d_{2,10,3,6}->d_{2,10,5,6}, d_{2,10,3,7}->d_{2,10,5,7}, d_{2,10,3,8}->d_{2,10,5,8}, d_{2,10,3,9}->d_{2,10,5,9}, d_{2,10,3,11}->d_{2,10,5,11}, d_{2,10,4,5}->d_{2,10,3,4}, d_{2,10,5,6}->d_{2,10,3,6}, d_{2,10,5,7}->d_{2,10,3,7}, d_{2,10,5,8}->d_{2,10,3,8}, d_{2,10,5,9}->d_{2,10,3,9}, d_{2,10,5,11}->d_{2,10,3,11}, d_{2,11,0,3}->d_{2,11,0,5}, d_{2,11,0,5}->d_{2,11,0,3}, d_{2,11,1,3}->d_{2,11,1,5}, d_{2,11,1,5}->d_{2,11,1,3}, d_{2,11,3,4}->d_{2,11,4,5}, d_{2,11,3,6}->d_{2,11,5,6}, d_{2,11,3,7}->d_{2,11,5,7}, d_{2,11,3,8}->d_{2,11,5,8}, d_{2,11,3,9}->d_{2,11,5,9}, d_{2,11,3,10}->d_{2,11,5,10}, d_{2,11,4,5}->d_{2,11,3,4}, d_{2,11,5,6}->d_{2,11,3,6}, d_{2,11,5,7}->d_{2,11,3,7}, d_{2,11,5,8}->d_{2,11,3,8}, d_{2,11,5,9}->d_{2,11,3,9}, d_{2,11,5,10}->d_{2,11,3,10}, d_{3,4,0,1}->d_{4,5,0,1}, d_{3,4,0,2}->d_{4,5,0,2}, d_{3,4,0,5}->d_{4,5,0,3}, d_{3,4,0,6}->d_{4,5,0,6}, d_{3,4,0,7}->d_{4,5,0,7}, d_{3,4,0,8}->d_{4,5,0,8}, d_{3,4,0,9}->d_{4,5,0,9}, d_{3,4,0,10}->d_{4,5,0,10}, d_{3,4,0,11}->d_{4,5,0,11}, d_{3,4,1,2}->d_{4,5,1,2}, d_{3,4,1,5}->d_{4,5,1,3}, d_{3,4,1,6}->d_{4,5,1,6}, d_{3,4,1,7}->d_{4,5,1,7}, d_{3,4,1,8}->d_{4,5,1,8}, d_{3,4,1,9}->d_{4,5,1,9}, d_{3,4,1,10}->d_{4,5,1,10}, d_{3,4,1,11}->d_{4,5,1,11}, d_{3,4,2,5}->d_{4,5,2,3}, d_{3,4,2,6}->d_{4,5,2,6}, d_{3,4,2,7}->d_{4,5,2,7}, d_{3,4,2,8}->d_{4,5,2,8}, d_{3,4,2,9}->d_{4,5,2,9}, d_{3,4,2,10}->d_{4,5,2,10}, d_{3,4,2,11}->d_{4,5,2,11}, d_{3,4,5,6}->d_{4,5,3,6}, d_{3,4,5,7}->d_{4,5,3,7}, d_{3,4,5,8}->d_{4,5,3,8}, d_{3,4,5,9}->d_{4,5,3,9}, d_{3,4,5,10}->d_{4,5,3,10}, d_{3,4,5,11}->d_{4,5,3,11}, d_{3,4,6,7}->d_{4,5,6,7}, d_{3,4,6,8}->d_{4,5,6,8}, d_{3,4,6,9}->d_{4,5,6,9}, d_{3,4,6,10}->d_{4,5,6,10}, d_{3,4,6,11}->d_{4,5,6,11}, d_{3,4,7,8}->d_{4,5,7,8}, d_{3,4,7,9}->d_{4,5,7,9}, d_{3,4,7,10}->d_{4,5,7,10}, d_{3,4,7,11}->d_{4,5,7,11}, d_{3,4,8,9}->d_{4,5,8,9}, d_{3,4,8,10}->d_{4,5,8,10}, d_{3,4,8,11}->d_{4,5,8,11}, d_{3,4,9,10}->d_{4,5,9,10}, d_{3,4,9,11}->d_{4,5,9,11}, d_{3,4,10,11}->d_{4,5,10,11}, d_{3,6,0,1}->d_{5,6,0,1}, d_{3,6,0,2}->d_{5,6,0,2}, d_{3,6,0,4}->d_{5,6,0,4}, d_{3,6,0,5}->d_{5,6,0,3}, d_{3,6,0,7}->d_{5,6,0,7}, d_{3,6,0,8}->d_{5,6,0,8}, d_{3,6,0,9}->d_{5,6,0,9}, d_{3,6,0,10}->d_{5,6,0,10}, d_{3,6,0,11}->d_{5,6,0,11}, d_{3,6,1,2}->d_{5,6,1,2}, d_{3,6,1,4}->d_{5,6,1,4}, d_{3,6,1,5}->d_{5,6,1,3}, d_{3,6,1,7}->d_{5,6,1,7}, d_{3,6,1,8}->d_{5,6,1,8}, d_{3,6,1,9}->d_{5,6,1,9}, d_{3,6,1,10}->d_{5,6,1,10}, d_{3,6,1,11}->d_{5,6,1,11}, d_{3,6,2,4}->d_{5,6,2,4}, d_{3,6,2,5}->d_{5,6,2,3}, d_{3,6,2,7}->d_{5,6,2,7}, d_{3,6,2,8}->d_{5,6,2,8}, d_{3,6,2,9}->d_{5,6,2,9}, d_{3,6,2,10}->d_{5,6,2,10}, d_{3,6,2,11}->d_{5,6,2,11}, d_{3,6,4,5}->d_{5,6,3,4}, d_{3,6,4,7}->d_{5,6,4,7}, d_{3,6,4,8}->d_{5,6,4,8}, d_{3,6,4,9}->d_{5,6,4,9}, d_{3,6,4,10}->d_{5,6,4,10}, d_{3,6,4,11}->d_{5,6,4,11}, d_{3,6,5,7}->d_{5,6,3,7}, d_{3,6,5,8}->d_{5,6,3,8}, d_{3,6,5,9}->d_{5,6,3,9}, d_{3,6,5,10}->d_{5,6,3,10}, d_{3,6,5,11}->d_{5,6,3,11}, d_{3,6,7,8}->d_{5,6,7,8}, d_{3,6,7,9}->d_{5,6,7,9}, d_{3,6,7,10}->d_{5,6,7,10}, d_{3,6,7,11}->d_{5,6,7,11}, d_{3,6,8,9}->d_{5,6,8,9}, d_{3,6,8,10}->d_{5,6,8,10}, d_{3,6,8,11}->d_{5,6,8,11}, d_{3,6,9,10}->d_{5,6,9,10}, d_{3,6,9,11}->d_{5,6,9,11}, d_{3,6,10,11}->d_{5,6,10,11}, d_{3,7,0,1}->d_{5,7,0,1}, d_{3,7,0,2}->d_{5,7,0,2}, d_{3,7,0,4}->d_{5,7,0,4}, d_{3,7,0,5}->d_{5,7,0,3}, d_{3,7,0,6}->d_{5,7,0,6}, d_{3,7,0,8}->d_{5,7,0,8}, d_{3,7,0,9}->d_{5,7,0,9}, d_{3,7,0,10}->d_{5,7,0,10}, d_{3,7,0,11}->d_{5,7,0,11}, d_{3,7,1,2}->d_{5,7,1,2}, d_{3,7,1,4}->d_{5,7,1,4}, d_{3,7,1,5}->d_{5,7,1,3}, d_{3,7,1,6}->d_{5,7,1,6}, d_{3,7,1,8}->d_{5,7,1,8}, d_{3,7,1,9}->d_{5,7,1,9}, d_{3,7,1,10}->d_{5,7,1,10}, d_{3,7,1,11}->d_{5,7,1,11}, d_{3,7,2,4}->d_{5,7,2,4}, d_{3,7,2,5}->d_{5,7,2,3}, d_{3,7,2,6}->d_{5,7,2,6}, d_{3,7,2,8}->d_{5,7,2,8}, d_{3,7,2,9}->d_{5,7,2,9}, d_{3,7,2,10}->d_{5,7,2,10}, d_{3,7,2,11}->d_{5,7,2,11}, d_{3,7,4,5}->d_{5,7,3,4}, d_{3,7,4,6}->d_{5,7,4,6}, d_{3,7,4,8}->d_{5,7,4,8}, d_{3,7,4,9}->d_{5,7,4,9}, d_{3,7,4,10}->d_{5,7,4,10}, d_{3,7,4,11}->d_{5,7,4,11}, d_{3,7,5,6}->d_{5,7,3,6}, d_{3,7,5,8}->d_{5,7,3,8}, d_{3,7,5,9}->d_{5,7,3,9}, d_{3,7,5,10}->d_{5,7,3,10}, d_{3,7,5,11}->d_{5,7,3,11}, d_{3,7,6,8}->d_{5,7,6,8}, d_{3,7,6,9}->d_{5,7,6,9}, d_{3,7,6,10}->d_{5,7,6,10}, d_{3,7,6,11}->d_{5,7,6,11}, d_{3,7,8,9}->d_{5,7,8,9}, d_{3,7,8,10}->d_{5,7,8,10}, d_{3,7,8,11}->d_{5,7,8,11}, d_{3,7,9,10}->d_{5,7,9,10}, d_{3,7,9,11}->d_{5,7,9,11}, d_{3,7,10,11}->d_{5,7,10,11}, d_{3,8,0,1}->d_{5,8,0,1}, d_{3,8,0,2}->d_{5,8,0,2}, d_{3,8,0,4}->d_{5,8,0,4}, d_{3,8,0,5}->d_{5,8,0,3}, d_{3,8,0,6}->d_{5,8,0,6}, d_{3,8,0,7}->d_{5,8,0,7}, d_{3,8,0,9}->d_{5,8,0,9}, d_{3,8,0,10}->d_{5,8,0,10}, d_{3,8,0,11}->d_{5,8,0,11}, d_{3,8,1,2}->d_{5,8,1,2}, d_{3,8,1,4}->d_{5,8,1,4}, d_{3,8,1,5}->d_{5,8,1,3}, d_{3,8,1,6}->d_{5,8,1,6}, d_{3,8,1,7}->d_{5,8,1,7}, d_{3,8,1,9}->d_{5,8,1,9}, d_{3,8,1,10}->d_{5,8,1,10}, d_{3,8,1,11}->d_{5,8,1,11}, d_{3,8,2,4}->d_{5,8,2,4}, d_{3,8,2,5}->d_{5,8,2,3}, d_{3,8,2,6}->d_{5,8,2,6}, d_{3,8,2,7}->d_{5,8,2,7}, d_{3,8,2,9}->d_{5,8,2,9}, d_{3,8,2,10}->d_{5,8,2,10}, d_{3,8,2,11}->d_{5,8,2,11}, d_{3,8,4,5}->d_{5,8,3,4}, d_{3,8,4,6}->d_{5,8,4,6}, d_{3,8,4,7}->d_{5,8,4,7}, d_{3,8,4,9}->d_{5,8,4,9}, d_{3,8,4,10}->d_{5,8,4,10}, d_{3,8,4,11}->d_{5,8,4,11}, d_{3,8,5,6}->d_{5,8,3,6}, d_{3,8,5,7}->d_{5,8,3,7}, d_{3,8,5,9}->d_{5,8,3,9}, d_{3,8,5,10}->d_{5,8,3,10}, d_{3,8,5,11}->d_{5,8,3,11}, d_{3,8,6,7}->d_{5,8,6,7}, d_{3,8,6,9}->d_{5,8,6,9}, d_{3,8,6,10}->d_{5,8,6,10}, d_{3,8,6,11}->d_{5,8,6,11}, d_{3,8,7,9}->d_{5,8,7,9}, d_{3,8,7,10}->d_{5,8,7,10}, d_{3,8,7,11}->d_{5,8,7,11}, d_{3,8,9,10}->d_{5,8,9,10}, d_{3,8,9,11}->d_{5,8,9,11}, d_{3,8,10,11}->d_{5,8,10,11}, d_{3,9,0,1}->d_{5,9,0,1}, d_{3,9,0,2}->d_{5,9,0,2}, d_{3,9,0,4}->d_{5,9,0,4}, d_{3,9,0,5}->d_{5,9,0,3}, d_{3,9,0,6}->d_{5,9,0,6}, d_{3,9,0,7}->d_{5,9,0,7}, d_{3,9,0,8}->d_{5,9,0,8}, d_{3,9,0,10}->d_{5,9,0,10}, d_{3,9,0,11}->d_{5,9,0,11}, d_{3,9,1,2}->d_{5,9,1,2}, d_{3,9,1,4}->d_{5,9,1,4}, d_{3,9,1,5}->d_{5,9,1,3}, d_{3,9,1,6}->d_{5,9,1,6}, d_{3,9,1,7}->d_{5,9,1,7}, d_{3,9,1,8}->d_{5,9,1,8}, d_{3,9,1,10}->d_{5,9,1,10}, d_{3,9,1,11}->d_{5,9,1,11}, d_{3,9,2,4}->d_{5,9,2,4}, d_{3,9,2,5}->d_{5,9,2,3}, d_{3,9,2,6}->d_{5,9,2,6}, d_{3,9,2,7}->d_{5,9,2,7}, d_{3,9,2,8}->d_{5,9,2,8}, d_{3,9,2,10}->d_{5,9,2,10}, d_{3,9,2,11}->d_{5,9,2,11}, d_{3,9,4,5}->d_{5,9,3,4}, d_{3,9,4,6}->d_{5,9,4,6}, d_{3,9,4,7}->d_{5,9,4,7}, d_{3,9,4,8}->d_{5,9,4,8}, d_{3,9,4,10}->d_{5,9,4,10}, d_{3,9,4,11}->d_{5,9,4,11}, d_{3,9,5,6}->d_{5,9,3,6}, d_{3,9,5,7}->d_{5,9,3,7}, d_{3,9,5,8}->d_{5,9,3,8}, d_{3,9,5,10}->d_{5,9,3,10}, d_{3,9,5,11}->d_{5,9,3,11}, d_{3,9,6,7}->d_{5,9,6,7}, d_{3,9,6,8}->d_{5,9,6,8}, d_{3,9,6,10}->d_{5,9,6,10}, d_{3,9,6,11}->d_{5,9,6,11}, d_{3,9,7,8}->d_{5,9,7,8}, d_{3,9,7,10}->d_{5,9,7,10}, d_{3,9,7,11}->d_{5,9,7,11}, d_{3,9,8,10}->d_{5,9,8,10}, d_{3,9,8,11}->d_{5,9,8,11}, d_{3,9,10,11}->d_{5,9,10,11}, d_{3,10,0,1}->d_{5,10,0,1}, d_{3,10,0,2}->d_{5,10,0,2}, d_{3,10,0,4}->d_{5,10,0,4}, d_{3,10,0,5}->d_{5,10,0,3}, d_{3,10,0,6}->d_{5,10,0,6}, d_{3,10,0,7}->d_{5,10,0,7}, d_{3,10,0,8}->d_{5,10,0,8}, d_{3,10,0,9}->d_{5,10,0,9}, d_{3,10,0,11}->d_{5,10,0,11}, d_{3,10,1,2}->d_{5,10,1,2}, d_{3,10,1,4}->d_{5,10,1,4}, d_{3,10,1,5}->d_{5,10,1,3}, d_{3,10,1,6}->d_{5,10,1,6}, d_{3,10,1,7}->d_{5,10,1,7}, d_{3,10,1,8}->d_{5,10,1,8}, d_{3,10,1,9}->d_{5,10,1,9}, d_{3,10,1,11}->d_{5,10,1,11}, d_{3,10,2,4}->d_{5,10,2,4}, d_{3,10,2,5}->d_{5,10,2,3}, d_{3,10,2,6}->d_{5,10,2,6}, d_{3,10,2,7}->d_{5,10,2,7}, d_{3,10,2,8}->d_{5,10,2,8}, d_{3,10,2,9}->d_{5,10,2,9}, d_{3,10,2,11}->d_{5,10,2,11}, d_{3,10,4,5}->d_{5,10,3,4}, d_{3,10,4,6}->d_{5,10,4,6}, d_{3,10,4,7}->d_{5,10,4,7}, d_{3,10,4,8}->d_{5,10,4,8}, d_{3,10,4,9}->d_{5,10,4,9}, d_{3,10,4,11}->d_{5,10,4,11}, d_{3,10,5,6}->d_{5,10,3,6}, d_{3,10,5,7}->d_{5,10,3,7}, d_{3,10,5,8}->d_{5,10,3,8}, d_{3,10,5,9}->d_{5,10,3,9}, d_{3,10,5,11}->d_{5,10,3,11}, d_{3,10,6,7}->d_{5,10,6,7}, d_{3,10,6,8}->d_{5,10,6,8}, d_{3,10,6,9}->d_{5,10,6,9}, d_{3,10,6,11}->d_{5,10,6,11}, d_{3,10,7,8}->d_{5,10,7,8}, d_{3,10,7,9}->d_{5,10,7,9}, d_{3,10,7,11}->d_{5,10,7,11}, d_{3,10,8,9}->d_{5,10,8,9}, d_{3,10,8,11}->d_{5,10,8,11}, d_{3,10,9,11}->d_{5,10,9,11}, d_{3,11,0,1}->d_{5,11,0,1}, d_{3,11,0,2}->d_{5,11,0,2}, d_{3,11,0,4}->d_{5,11,0,4}, d_{3,11,0,5}->d_{5,11,0,3}, d_{3,11,0,6}->d_{5,11,0,6}, d_{3,11,0,7}->d_{5,11,0,7}, d_{3,11,0,8}->d_{5,11,0,8}, d_{3,11,0,9}->d_{5,11,0,9}, d_{3,11,0,10}->d_{5,11,0,10}, d_{3,11,1,2}->d_{5,11,1,2}, d_{3,11,1,4}->d_{5,11,1,4}, d_{3,11,1,5}->d_{5,11,1,3}, d_{3,11,1,6}->d_{5,11,1,6}, d_{3,11,1,7}->d_{5,11,1,7}, d_{3,11,1,8}->d_{5,11,1,8}, d_{3,11,1,9}->d_{5,11,1,9}, d_{3,11,1,10}->d_{5,11,1,10}, d_{3,11,2,4}->d_{5,11,2,4}, d_{3,11,2,5}->d_{5,11,2,3}, d_{3,11,2,6}->d_{5,11,2,6}, d_{3,11,2,7}->d_{5,11,2,7}, d_{3,11,2,8}->d_{5,11,2,8}, d_{3,11,2,9}->d_{5,11,2,9}, d_{3,11,2,10}->d_{5,11,2,10}, d_{3,11,4,5}->d_{5,11,3,4}, d_{3,11,4,6}->d_{5,11,4,6}, d_{3,11,4,7}->d_{5,11,4,7}, d_{3,11,4,8}->d_{5,11,4,8}, d_{3,11,4,9}->d_{5,11,4,9}, d_{3,11,4,10}->d_{5,11,4,10}, d_{3,11,5,6}->d_{5,11,3,6}, d_{3,11,5,7}->d_{5,11,3,7}, d_{3,11,5,8}->d_{5,11,3,8}, d_{3,11,5,9}->d_{5,11,3,9}, d_{3,11,5,10}->d_{5,11,3,10}, d_{3,11,6,7}->d_{5,11,6,7}, d_{3,11,6,8}->d_{5,11,6,8}, d_{3,11,6,9}->d_{5,11,6,9}, d_{3,11,6,10}->d_{5,11,6,10}, d_{3,11,7,8}->d_{5,11,7,8}, d_{3,11,7,9}->d_{5,11,7,9}, d_{3,11,7,10}->d_{5,11,7,10}, d_{3,11,8,9}->d_{5,11,8,9}, d_{3,11,8,10}->d_{5,11,8,10}, d_{3,11,9,10}->d_{5,11,9,10}, d_{4,5,0,1}->d_{3,4,0,1}, d_{4,5,0,2}->d_{3,4,0,2}, d_{4,5,0,3}->d_{3,4,0,5}, d_{4,5,0,6}->d_{3,4,0,6}, d_{4,5,0,7}->d_{3,4,0,7}, d_{4,5,0,8}->d_{3,4,0,8}, d_{4,5,0,9}->d_{3,4,0,9}, d_{4,5,0,10}->d_{3,4,0,10}, d_{4,5,0,11}->d_{3,4,0,11}, d_{4,5,1,2}->d_{3,4,1,2}, d_{4,5,1,3}->d_{3,4,1,5}, d_{4,5,1,6}->d_{3,4,1,6}, d_{4,5,1,7}->d_{3,4,1,7}, d_{4,5,1,8}->d_{3,4,1,8}, d_{4,5,1,9}->d_{3,4,1,9}, d_{4,5,1,10}->d_{3,4,1,10}, d_{4,5,1,11}->d_{3,4,1,11}, d_{4,5,2,3}->d_{3,4,2,5}, d_{4,5,2,6}->d_{3,4,2,6}, d_{4,5,2,7}->d_{3,4,2,7}, d_{4,5,2,8}->d_{3,4,2,8}, d_{4,5,2,9}->d_{3,4,2,9}, d_{4,5,2,10}->d_{3,4,2,10}, d_{4,5,2,11}->d_{3,4,2,11}, d_{4,5,3,6}->d_{3,4,5,6}, d_{4,5,3,7}->d_{3,4,5,7}, d_{4,5,3,8}->d_{3,4,5,8}, d_{4,5,3,9}->d_{3,4,5,9}, d_{4,5,3,10}->d_{3,4,5,10}, d_{4,5,3,11}->d_{3,4,5,11}, d_{4,5,6,7}->d_{3,4,6,7}, d_{4,5,6,8}->d_{3,4,6,8}, d_{4,5,6,9}->d_{3,4,6,9}, d_{4,5,6,10}->d_{3,4,6,10}, d_{4,5,6,11}->d_{3,4,6,11}, d_{4,5,7,8}->d_{3,4,7,8}, d_{4,5,7,9}->d_{3,4,7,9}, d_{4,5,7,10}->d_{3,4,7,10}, d_{4,5,7,11}->d_{3,4,7,11}, d_{4,5,8,9}->d_{3,4,8,9}, d_{4,5,8,10}->d_{3,4,8,10}, d_{4,5,8,11}->d_{3,4,8,11}, d_{4,5,9,10}->d_{3,4,9,10}, d_{4,5,9,11}->d_{3,4,9,11}, d_{4,5,10,11}->d_{3,4,10,11}, d_{4,6,0,3}->d_{4,6,0,5}, d_{4,6,0,5}->d_{4,6,0,3}, d_{4,6,1,3}->d_{4,6,1,5}, d_{4,6,1,5}->d_{4,6,1,3}, d_{4,6,2,3}->d_{4,6,2,5}, d_{4,6,2,5}->d_{4,6,2,3}, d_{4,6,3,7}->d_{4,6,5,7}, d_{4,6,3,8}->d_{4,6,5,8}, d_{4,6,3,9}->d_{4,6,5,9}, d_{4,6,3,10}->d_{4,6,5,10}, d_{4,6,3,11}->d_{4,6,5,11}, d_{4,6,5,7}->d_{4,6,3,7}, d_{4,6,5,8}->d_{4,6,3,8}, d_{4,6,5,9}->d_{4,6,3,9}, d_{4,6,5,10}->d_{4,6,3,10}, d_{4,6,5,11}->d_{4,6,3,11}, d_{4,7,0,3}->d_{4,7,0,5}, d_{4,7,0,5}->d_{4,7,0,3}, d_{4,7,1,3}->d_{4,7,1,5}, d_{4,7,1,5}->d_{4,7,1,3}, d_{4,7,2,3}->d_{4,7,2,5}, d_{4,7,2,5}->d_{4,7,2,3}, d_{4,7,3,6}->d_{4,7,5,6}, d_{4,7,3,8}->d_{4,7,5,8}, d_{4,7,3,9}->d_{4,7,5,9}, d_{4,7,3,10}->d_{4,7,5,10}, d_{4,7,3,11}->d_{4,7,5,11}, d_{4,7,5,6}->d_{4,7,3,6}, d_{4,7,5,8}->d_{4,7,3,8}, d_{4,7,5,9}->d_{4,7,3,9}, d_{4,7,5,10}->d_{4,7,3,10}, d_{4,7,5,11}->d_{4,7,3,11}, d_{4,8,0,3}->d_{4,8,0,5}, d_{4,8,0,5}->d_{4,8,0,3}, d_{4,8,1,3}->d_{4,8,1,5}, d_{4,8,1,5}->d_{4,8,1,3}, d_{4,8,2,3}->d_{4,8,2,5}, d_{4,8,2,5}->d_{4,8,2,3}, d_{4,8,3,6}->d_{4,8,5,6}, d_{4,8,3,7}->d_{4,8,5,7}, d_{4,8,3,9}->d_{4,8,5,9}, d_{4,8,3,10}->d_{4,8,5,10}, d_{4,8,3,11}->d_{4,8,5,11}, d_{4,8,5,6}->d_{4,8,3,6}, d_{4,8,5,7}->d_{4,8,3,7}, d_{4,8,5,9}->d_{4,8,3,9}, d_{4,8,5,10}->d_{4,8,3,10}, d_{4,8,5,11}->d_{4,8,3,11}, d_{4,9,0,3}->d_{4,9,0,5}, d_{4,9,0,5}->d_{4,9,0,3}, d_{4,9,1,3}->d_{4,9,1,5}, d_{4,9,1,5}->d_{4,9,1,3}, d_{4,9,2,3}->d_{4,9,2,5}, d_{4,9,2,5}->d_{4,9,2,3}, d_{4,9,3,6}->d_{4,9,5,6}, d_{4,9,3,7}->d_{4,9,5,7}, d_{4,9,3,8}->d_{4,9,5,8}, d_{4,9,3,10}->d_{4,9,5,10}, d_{4,9,3,11}->d_{4,9,5,11}, d_{4,9,5,6}->d_{4,9,3,6}, d_{4,9,5,7}->d_{4,9,3,7}, d_{4,9,5,8}->d_{4,9,3,8}, d_{4,9,5,10}->d_{4,9,3,10}, d_{4,9,5,11}->d_{4,9,3,11}, d_{4,10,0,3}->d_{4,10,0,5}, d_{4,10,0,5}->d_{4,10,0,3}, d_{4,10,1,3}->d_{4,10,1,5}, d_{4,10,1,5}->d_{4,10,1,3}, d_{4,10,2,3}->d_{4,10,2,5}, d_{4,10,2,5}->d_{4,10,2,3}, d_{4,10,3,6}->d_{4,10,5,6}, d_{4,10,3,7}->d_{4,10,5,7}, d_{4,10,3,8}->d_{4,10,5,8}, d_{4,10,3,9}->d_{4,10,5,9}, d_{4,10,3,11}->d_{4,10,5,11}, d_{4,10,5,6}->d_{4,10,3,6}, d_{4,10,5,7}->d_{4,10,3,7}, d_{4,10,5,8}->d_{4,10,3,8}, d_{4,10,5,9}->d_{4,10,3,9}, d_{4,10,5,11}->d_{4,10,3,11}, d_{4,11,0,3}->d_{4,11,0,5}, d_{4,11,0,5}->d_{4,11,0,3}, d_{4,11,1,3}->d_{4,11,1,5}, d_{4,11,1,5}->d_{4,11,1,3}, d_{4,11,2,3}->d_{4,11,2,5}, d_{4,11,2,5}->d_{4,11,2,3}, d_{4,11,3,6}->d_{4,11,5,6}, d_{4,11,3,7}->d_{4,11,5,7}, d_{4,11,3,8}->d_{4,11,5,8}, d_{4,11,3,9}->d_{4,11,5,9}, d_{4,11,3,10}->d_{4,11,5,10}, d_{4,11,5,6}->d_{4,11,3,6}, d_{4,11,5,7}->d_{4,11,3,7}, d_{4,11,5,8}->d_{4,11,3,8}, d_{4,11,5,9}->d_{4,11,3,9}, d_{4,11,5,10}->d_{4,11,3,10}, d_{5,6,0,1}->d_{3,6,0,1}, d_{5,6,0,2}->d_{3,6,0,2}, d_{5,6,0,3}->d_{3,6,0,5}, d_{5,6,0,4}->d_{3,6,0,4}, d_{5,6,0,7}->d_{3,6,0,7}, d_{5,6,0,8}->d_{3,6,0,8}, d_{5,6,0,9}->d_{3,6,0,9}, d_{5,6,0,10}->d_{3,6,0,10}, d_{5,6,0,11}->d_{3,6,0,11}, d_{5,6,1,2}->d_{3,6,1,2}, d_{5,6,1,3}->d_{3,6,1,5}, d_{5,6,1,4}->d_{3,6,1,4}, d_{5,6,1,7}->d_{3,6,1,7}, d_{5,6,1,8}->d_{3,6,1,8}, d_{5,6,1,9}->d_{3,6,1,9}, d_{5,6,1,10}->d_{3,6,1,10}, d_{5,6,1,11}->d_{3,6,1,11}, d_{5,6,2,3}->d_{3,6,2,5}, d_{5,6,2,4}->d_{3,6,2,4}, d_{5,6,2,7}->d_{3,6,2,7}, d_{5,6,2,8}->d_{3,6,2,8}, d_{5,6,2,9}->d_{3,6,2,9}, d_{5,6,2,10}->d_{3,6,2,10}, d_{5,6,2,11}->d_{3,6,2,11}, d_{5,6,3,4}->d_{3,6,4,5}, d_{5,6,3,7}->d_{3,6,5,7}, d_{5,6,3,8}->d_{3,6,5,8}, d_{5,6,3,9}->d_{3,6,5,9}, d_{5,6,3,10}->d_{3,6,5,10}, d_{5,6,3,11}->d_{3,6,5,11}, d_{5,6,4,7}->d_{3,6,4,7}, d_{5,6,4,8}->d_{3,6,4,8}, d_{5,6,4,9}->d_{3,6,4,9}, d_{5,6,4,10}->d_{3,6,4,10}, d_{5,6,4,11}->d_{3,6,4,11}, d_{5,6,7,8}->d_{3,6,7,8}, d_{5,6,7,9}->d_{3,6,7,9}, d_{5,6,7,10}->d_{3,6,7,10}, d_{5,6,7,11}->d_{3,6,7,11}, d_{5,6,8,9}->d_{3,6,8,9}, d_{5,6,8,10}->d_{3,6,8,10}, d_{5,6,8,11}->d_{3,6,8,11}, d_{5,6,9,10}->d_{3,6,9,10}, d_{5,6,9,11}->d_{3,6,9,11}, d_{5,6,10,11}->d_{3,6,10,11}, d_{5,7,0,1}->d_{3,7,0,1}, d_{5,7,0,2}->d_{3,7,0,2}, d_{5,7,0,3}->d_{3,7,0,5}, d_{5,7,0,4}->d_{3,7,0,4}, d_{5,7,0,6}->d_{3,7,0,6}, d_{5,7,0,8}->d_{3,7,0,8}, d_{5,7,0,9}->d_{3,7,0,9}, d_{5,7,0,10}->d_{3,7,0,10}, d_{5,7,0,11}->d_{3,7,0,11}, d_{5,7,1,2}->d_{3,7,1,2}, d_{5,7,1,3}->d_{3,7,1,5}, d_{5,7,1,4}->d_{3,7,1,4}, d_{5,7,1,6}->d_{3,7,1,6}, d_{5,7,1,8}->d_{3,7,1,8}, d_{5,7,1,9}->d_{3,7,1,9}, d_{5,7,1,10}->d_{3,7,1,10}, d_{5,7,1,11}->d_{3,7,1,11}, d_{5,7,2,3}->d_{3,7,2,5}, d_{5,7,2,4}->d_{3,7,2,4}, d_{5,7,2,6}->d_{3,7,2,6}, d_{5,7,2,8}->d_{3,7,2,8}, d_{5,7,2,9}->d_{3,7,2,9}, d_{5,7,2,10}->d_{3,7,2,10}, d_{5,7,2,11}->d_{3,7,2,11}, d_{5,7,3,4}->d_{3,7,4,5}, d_{5,7,3,6}->d_{3,7,5,6}, d_{5,7,3,8}->d_{3,7,5,8}, d_{5,7,3,9}->d_{3,7,5,9}, d_{5,7,3,10}->d_{3,7,5,10}, d_{5,7,3,11}->d_{3,7,5,11}, d_{5,7,4,6}->d_{3,7,4,6}, d_{5,7,4,8}->d_{3,7,4,8}, d_{5,7,4,9}->d_{3,7,4,9}, d_{5,7,4,10}->d_{3,7,4,10}, d_{5,7,4,11}->d_{3,7,4,11}, d_{5,7,6,8}->d_{3,7,6,8}, d_{5,7,6,9}->d_{3,7,6,9}, d_{5,7,6,10}->d_{3,7,6,10}, d_{5,7,6,11}->d_{3,7,6,11}, d_{5,7,8,9}->d_{3,7,8,9}, d_{5,7,8,10}->d_{3,7,8,10}, d_{5,7,8,11}->d_{3,7,8,11}, d_{5,7,9,10}->d_{3,7,9,10}, d_{5,7,9,11}->d_{3,7,9,11}, d_{5,7,10,11}->d_{3,7,10,11}, d_{5,8,0,1}->d_{3,8,0,1}, d_{5,8,0,2}->d_{3,8,0,2}, d_{5,8,0,3}->d_{3,8,0,5}, d_{5,8,0,4}->d_{3,8,0,4}, d_{5,8,0,6}->d_{3,8,0,6}, d_{5,8,0,7}->d_{3,8,0,7}, d_{5,8,0,9}->d_{3,8,0,9}, d_{5,8,0,10}->d_{3,8,0,10}, d_{5,8,0,11}->d_{3,8,0,11}, d_{5,8,1,2}->d_{3,8,1,2}, d_{5,8,1,3}->d_{3,8,1,5}, d_{5,8,1,4}->d_{3,8,1,4}, d_{5,8,1,6}->d_{3,8,1,6}, d_{5,8,1,7}->d_{3,8,1,7}, d_{5,8,1,9}->d_{3,8,1,9}, d_{5,8,1,10}->d_{3,8,1,10}, d_{5,8,1,11}->d_{3,8,1,11}, d_{5,8,2,3}->d_{3,8,2,5}, d_{5,8,2,4}->d_{3,8,2,4}, d_{5,8,2,6}->d_{3,8,2,6}, d_{5,8,2,7}->d_{3,8,2,7}, d_{5,8,2,9}->d_{3,8,2,9}, d_{5,8,2,10}->d_{3,8,2,10}, d_{5,8,2,11}->d_{3,8,2,11}, d_{5,8,3,4}->d_{3,8,4,5}, d_{5,8,3,6}->d_{3,8,5,6}, d_{5,8,3,7}->d_{3,8,5,7}, d_{5,8,3,9}->d_{3,8,5,9}, d_{5,8,3,10}->d_{3,8,5,10}, d_{5,8,3,11}->d_{3,8,5,11}, d_{5,8,4,6}->d_{3,8,4,6}, d_{5,8,4,7}->d_{3,8,4,7}, d_{5,8,4,9}->d_{3,8,4,9}, d_{5,8,4,10}->d_{3,8,4,10}, d_{5,8,4,11}->d_{3,8,4,11}, d_{5,8,6,7}->d_{3,8,6,7}, d_{5,8,6,9}->d_{3,8,6,9}, d_{5,8,6,10}->d_{3,8,6,10}, d_{5,8,6,11}->d_{3,8,6,11}, d_{5,8,7,9}->d_{3,8,7,9}, d_{5,8,7,10}->d_{3,8,7,10}, d_{5,8,7,11}->d_{3,8,7,11}, d_{5,8,9,10}->d_{3,8,9,10}, d_{5,8,9,11}->d_{3,8,9,11}, d_{5,8,10,11}->d_{3,8,10,11}, d_{5,9,0,1}->d_{3,9,0,1}, d_{5,9,0,2}->d_{3,9,0,2}, d_{5,9,0,3}->d_{3,9,0,5}, d_{5,9,0,4}->d_{3,9,0,4}, d_{5,9,0,6}->d_{3,9,0,6}, d_{5,9,0,7}->d_{3,9,0,7}, d_{5,9,0,8}->d_{3,9,0,8}, d_{5,9,0,10}->d_{3,9,0,10}, d_{5,9,0,11}->d_{3,9,0,11}, d_{5,9,1,2}->d_{3,9,1,2}, d_{5,9,1,3}->d_{3,9,1,5}, d_{5,9,1,4}->d_{3,9,1,4}, d_{5,9,1,6}->d_{3,9,1,6}, d_{5,9,1,7}->d_{3,9,1,7}, d_{5,9,1,8}->d_{3,9,1,8}, d_{5,9,1,10}->d_{3,9,1,10}, d_{5,9,1,11}->d_{3,9,1,11}, d_{5,9,2,3}->d_{3,9,2,5}, d_{5,9,2,4}->d_{3,9,2,4}, d_{5,9,2,6}->d_{3,9,2,6}, d_{5,9,2,7}->d_{3,9,2,7}, d_{5,9,2,8}->d_{3,9,2,8}, d_{5,9,2,10}->d_{3,9,2,10}, d_{5,9,2,11}->d_{3,9,2,11}, d_{5,9,3,4}->d_{3,9,4,5}, d_{5,9,3,6}->d_{3,9,5,6}, d_{5,9,3,7}->d_{3,9,5,7}, d_{5,9,3,8}->d_{3,9,5,8}, d_{5,9,3,10}->d_{3,9,5,10}, d_{5,9,3,11}->d_{3,9,5,11}, d_{5,9,4,6}->d_{3,9,4,6}, d_{5,9,4,7}->d_{3,9,4,7}, d_{5,9,4,8}->d_{3,9,4,8}, d_{5,9,4,10}->d_{3,9,4,10}, d_{5,9,4,11}->d_{3,9,4,11}, d_{5,9,6,7}->d_{3,9,6,7}, d_{5,9,6,8}->d_{3,9,6,8}, d_{5,9,6,10}->d_{3,9,6,10}, d_{5,9,6,11}->d_{3,9,6,11}, d_{5,9,7,8}->d_{3,9,7,8}, d_{5,9,7,10}->d_{3,9,7,10}, d_{5,9,7,11}->d_{3,9,7,11}, d_{5,9,8,10}->d_{3,9,8,10}, d_{5,9,8,11}->d_{3,9,8,11}, d_{5,9,10,11}->d_{3,9,10,11}, d_{5,10,0,1}->d_{3,10,0,1}, d_{5,10,0,2}->d_{3,10,0,2}, d_{5,10,0,3}->d_{3,10,0,5}, d_{5,10,0,4}->d_{3,10,0,4}, d_{5,10,0,6}->d_{3,10,0,6}, d_{5,10,0,7}->d_{3,10,0,7}, d_{5,10,0,8}->d_{3,10,0,8}, d_{5,10,0,9}->d_{3,10,0,9}, d_{5,10,0,11}->d_{3,10,0,11}, d_{5,10,1,2}->d_{3,10,1,2}, d_{5,10,1,3}->d_{3,10,1,5}, d_{5,10,1,4}->d_{3,10,1,4}, d_{5,10,1,6}->d_{3,10,1,6}, d_{5,10,1,7}->d_{3,10,1,7}, d_{5,10,1,8}->d_{3,10,1,8}, d_{5,10,1,9}->d_{3,10,1,9}, d_{5,10,1,11}->d_{3,10,1,11}, d_{5,10,2,3}->d_{3,10,2,5}, d_{5,10,2,4}->d_{3,10,2,4}, d_{5,10,2,6}->d_{3,10,2,6}, d_{5,10,2,7}->d_{3,10,2,7}, d_{5,10,2,8}->d_{3,10,2,8}, d_{5,10,2,9}->d_{3,10,2,9}, d_{5,10,2,11}->d_{3,10,2,11}, d_{5,10,3,4}->d_{3,10,4,5}, d_{5,10,3,6}->d_{3,10,5,6}, d_{5,10,3,7}->d_{3,10,5,7}, d_{5,10,3,8}->d_{3,10,5,8}, d_{5,10,3,9}->d_{3,10,5,9}, d_{5,10,3,11}->d_{3,10,5,11}, d_{5,10,4,6}->d_{3,10,4,6}, d_{5,10,4,7}->d_{3,10,4,7}, d_{5,10,4,8}->d_{3,10,4,8}, d_{5,10,4,9}->d_{3,10,4,9}, d_{5,10,4,11}->d_{3,10,4,11}, d_{5,10,6,7}->d_{3,10,6,7}, d_{5,10,6,8}->d_{3,10,6,8}, d_{5,10,6,9}->d_{3,10,6,9}, d_{5,10,6,11}->d_{3,10,6,11}, d_{5,10,7,8}->d_{3,10,7,8}, d_{5,10,7,9}->d_{3,10,7,9}, d_{5,10,7,11}->d_{3,10,7,11}, d_{5,10,8,9}->d_{3,10,8,9}, d_{5,10,8,11}->d_{3,10,8,11}, d_{5,10,9,11}->d_{3,10,9,11}, d_{5,11,0,1}->d_{3,11,0,1}, d_{5,11,0,2}->d_{3,11,0,2}, d_{5,11,0,3}->d_{3,11,0,5}, d_{5,11,0,4}->d_{3,11,0,4}, d_{5,11,0,6}->d_{3,11,0,6}, d_{5,11,0,7}->d_{3,11,0,7}, d_{5,11,0,8}->d_{3,11,0,8}, d_{5,11,0,9}->d_{3,11,0,9}, d_{5,11,0,10}->d_{3,11,0,10}, d_{5,11,1,2}->d_{3,11,1,2}, d_{5,11,1,3}->d_{3,11,1,5}, d_{5,11,1,4}->d_{3,11,1,4}, d_{5,11,1,6}->d_{3,11,1,6}, d_{5,11,1,7}->d_{3,11,1,7}, d_{5,11,1,8}->d_{3,11,1,8}, d_{5,11,1,9}->d_{3,11,1,9}, d_{5,11,1,10}->d_{3,11,1,10}, d_{5,11,2,3}->d_{3,11,2,5}, d_{5,11,2,4}->d_{3,11,2,4}, d_{5,11,2,6}->d_{3,11,2,6}, d_{5,11,2,7}->d_{3,11,2,7}, d_{5,11,2,8}->d_{3,11,2,8}, d_{5,11,2,9}->d_{3,11,2,9}, d_{5,11,2,10}->d_{3,11,2,10}, d_{5,11,3,4}->d_{3,11,4,5}, d_{5,11,3,6}->d_{3,11,5,6}, d_{5,11,3,7}->d_{3,11,5,7}, d_{5,11,3,8}->d_{3,11,5,8}, d_{5,11,3,9}->d_{3,11,5,9}, d_{5,11,3,10}->d_{3,11,5,10}, d_{5,11,4,6}->d_{3,11,4,6}, d_{5,11,4,7}->d_{3,11,4,7}, d_{5,11,4,8}->d_{3,11,4,8}, d_{5,11,4,9}->d_{3,11,4,9}, d_{5,11,4,10}->d_{3,11,4,10}, d_{5,11,6,7}->d_{3,11,6,7}, d_{5,11,6,8}->d_{3,11,6,8}, d_{5,11,6,9}->d_{3,11,6,9}, d_{5,11,6,10}->d_{3,11,6,10}, d_{5,11,7,8}->d_{3,11,7,8}, d_{5,11,7,9}->d_{3,11,7,9}, d_{5,11,7,10}->d_{3,11,7,10}, d_{5,11,8,9}->d_{3,11,8,9}, d_{5,11,8,10}->d_{3,11,8,10}, d_{5,11,9,10}->d_{3,11,9,10}, d_{6,7,0,3}->d_{6,7,0,5}, d_{6,7,0,5}->d_{6,7,0,3}, d_{6,7,1,3}->d_{6,7,1,5}, d_{6,7,1,5}->d_{6,7,1,3}, d_{6,7,2,3}->d_{6,7,2,5}, d_{6,7,2,5}->d_{6,7,2,3}, d_{6,7,3,4}->d_{6,7,4,5}, d_{6,7,3,8}->d_{6,7,5,8}, d_{6,7,3,9}->d_{6,7,5,9}, d_{6,7,3,10}->d_{6,7,5,10}, d_{6,7,3,11}->d_{6,7,5,11}, d_{6,7,4,5}->d_{6,7,3,4}, d_{6,7,5,8}->d_{6,7,3,8}, d_{6,7,5,9}->d_{6,7,3,9}, d_{6,7,5,10}->d_{6,7,3,10}, d_{6,7,5,11}->d_{6,7,3,11}, d_{6,8,0,3}->d_{6,8,0,5}, d_{6,8,0,5}->d_{6,8,0,3}, d_{6,8,1,3}->d_{6,8,1,5}, d_{6,8,1,5}->d_{6,8,1,3}, d_{6,8,2,3}->d_{6,8,2,5}, d_{6,8,2,5}->d_{6,8,2,3}, d_{6,8,3,4}->d_{6,8,4,5}, d_{6,8,3,7}->d_{6,8,5,7}, d_{6,8,3,9}->d_{6,8,5,9}, d_{6,8,3,10}->d_{6,8,5,10}, d_{6,8,3,11}->d_{6,8,5,11}, d_{6,8,4,5}->d_{6,8,3,4}, d_{6,8,5,7}->d_{6,8,3,7}, d_{6,8,5,9}->d_{6,8,3,9}, d_{6,8,5,10}->d_{6,8,3,10}, d_{6,8,5,11}->d_{6,8,3,11}, d_{6,9,0,3}->d_{6,9,0,5}, d_{6,9,0,5}->d_{6,9,0,3}, d_{6,9,1,3}->d_{6,9,1,5}, d_{6,9,1,5}->d_{6,9,1,3}, d_{6,9,2,3}->d_{6,9,2,5}, d_{6,9,2,5}->d_{6,9,2,3}, d_{6,9,3,4}->d_{6,9,4,5}, d_{6,9,3,7}->d_{6,9,5,7}, d_{6,9,3,8}->d_{6,9,5,8}, d_{6,9,3,10}->d_{6,9,5,10}, d_{6,9,3,11}->d_{6,9,5,11}, d_{6,9,4,5}->d_{6,9,3,4}, d_{6,9,5,7}->d_{6,9,3,7}, d_{6,9,5,8}->d_{6,9,3,8}, d_{6,9,5,10}->d_{6,9,3,10}, d_{6,9,5,11}->d_{6,9,3,11}, d_{6,10,0,3}->d_{6,10,0,5}, d_{6,10,0,5}->d_{6,10,0,3}, d_{6,10,1,3}->d_{6,10,1,5}, d_{6,10,1,5}->d_{6,10,1,3}, d_{6,10,2,3}->d_{6,10,2,5}, d_{6,10,2,5}->d_{6,10,2,3}, d_{6,10,3,4}->d_{6,10,4,5}, d_{6,10,3,7}->d_{6,10,5,7}, d_{6,10,3,8}->d_{6,10,5,8}, d_{6,10,3,9}->d_{6,10,5,9}, d_{6,10,3,11}->d_{6,10,5,11}, d_{6,10,4,5}->d_{6,10,3,4}, d_{6,10,5,7}->d_{6,10,3,7}, d_{6,10,5,8}->d_{6,10,3,8}, d_{6,10,5,9}->d_{6,10,3,9}, d_{6,10,5,11}->d_{6,10,3,11}, d_{6,11,0,3}->d_{6,11,0,5}, d_{6,11,0,5}->d_{6,11,0,3}, d_{6,11,1,3}->d_{6,11,1,5}, d_{6,11,1,5}->d_{6,11,1,3}, d_{6,11,2,3}->d_{6,11,2,5}, d_{6,11,2,5}->d_{6,11,2,3}, d_{6,11,3,4}->d_{6,11,4,5}, d_{6,11,3,7}->d_{6,11,5,7}, d_{6,11,3,8}->d_{6,11,5,8}, d_{6,11,3,9}->d_{6,11,5,9}, d_{6,11,3,10}->d_{6,11,5,10}, d_{6,11,4,5}->d_{6,11,3,4}, d_{6,11,5,7}->d_{6,11,3,7}, d_{6,11,5,8}->d_{6,11,3,8}, d_{6,11,5,9}->d_{6,11,3,9}, d_{6,11,5,10}->d_{6,11,3,10}, d_{7,8,0,3}->d_{7,8,0,5}, d_{7,8,0,5}->d_{7,8,0,3}, d_{7,8,1,3}->d_{7,8,1,5}, d_{7,8,1,5}->d_{7,8,1,3}, d_{7,8,2,3}->d_{7,8,2,5}, d_{7,8,2,5}->d_{7,8,2,3}, d_{7,8,3,4}->d_{7,8,4,5}, d_{7,8,3,6}->d_{7,8,5,6}, d_{7,8,3,9}->d_{7,8,5,9}, d_{7,8,3,10}->d_{7,8,5,10}, d_{7,8,3,11}->d_{7,8,5,11}, d_{7,8,4,5}->d_{7,8,3,4}, d_{7,8,5,6}->d_{7,8,3,6}, d_{7,8,5,9}->d_{7,8,3,9}, d_{7,8,5,10}->d_{7,8,3,10}, d_{7,8,5,11}->d_{7,8,3,11}, d_{7,9,0,3}->d_{7,9,0,5}, d_{7,9,0,5}->d_{7,9,0,3}, d_{7,9,1,3}->d_{7,9,1,5}, d_{7,9,1,5}->d_{7,9,1,3}, d_{7,9,2,3}->d_{7,9,2,5}, d_{7,9,2,5}->d_{7,9,2,3}, d_{7,9,3,4}->d_{7,9,4,5}, d_{7,9,3,6}->d_{7,9,5,6}, d_{7,9,3,8}->d_{7,9,5,8}, d_{7,9,3,10}->d_{7,9,5,10}, d_{7,9,3,11}->d_{7,9,5,11}, d_{7,9,4,5}->d_{7,9,3,4}, d_{7,9,5,6}->d_{7,9,3,6}, d_{7,9,5,8}->d_{7,9,3,8}, d_{7,9,5,10}->d_{7,9,3,10}, d_{7,9,5,11}->d_{7,9,3,11}, d_{7,10,0,3}->d_{7,10,0,5}, d_{7,10,0,5}->d_{7,10,0,3}, d_{7,10,1,3}->d_{7,10,1,5}, d_{7,10,1,5}->d_{7,10,1,3}, d_{7,10,2,3}->d_{7,10,2,5}, d_{7,10,2,5}->d_{7,10,2,3}, d_{7,10,3,4}->d_{7,10,4,5}, d_{7,10,3,6}->d_{7,10,5,6}, d_{7,10,3,8}->d_{7,10,5,8}, d_{7,10,3,9}->d_{7,10,5,9}, d_{7,10,3,11}->d_{7,10,5,11}, d_{7,10,4,5}->d_{7,10,3,4}, d_{7,10,5,6}->d_{7,10,3,6}, d_{7,10,5,8}->d_{7,10,3,8}, d_{7,10,5,9}->d_{7,10,3,9}, d_{7,10,5,11}->d_{7,10,3,11}, d_{7,11,0,3}->d_{7,11,0,5}, d_{7,11,0,5}->d_{7,11,0,3}, d_{7,11,1,3}->d_{7,11,1,5}, d_{7,11,1,5}->d_{7,11,1,3}, d_{7,11,2,3}->d_{7,11,2,5}, d_{7,11,2,5}->d_{7,11,2,3}, d_{7,11,3,4}->d_{7,11,4,5}, d_{7,11,3,6}->d_{7,11,5,6}, d_{7,11,3,8}->d_{7,11,5,8}, d_{7,11,3,9}->d_{7,11,5,9}, d_{7,11,3,10}->d_{7,11,5,10}, d_{7,11,4,5}->d_{7,11,3,4}, d_{7,11,5,6}->d_{7,11,3,6}, d_{7,11,5,8}->d_{7,11,3,8}, d_{7,11,5,9}->d_{7,11,3,9}, d_{7,11,5,10}->d_{7,11,3,10}, d_{8,9,0,3}->d_{8,9,0,5}, d_{8,9,0,5}->d_{8,9,0,3}, d_{8,9,1,3}->d_{8,9,1,5}, d_{8,9,1,5}->d_{8,9,1,3}, d_{8,9,2,3}->d_{8,9,2,5}, d_{8,9,2,5}->d_{8,9,2,3}, d_{8,9,3,4}->d_{8,9,4,5}, d_{8,9,3,6}->d_{8,9,5,6}, d_{8,9,3,7}->d_{8,9,5,7}, d_{8,9,3,10}->d_{8,9,5,10}, d_{8,9,3,11}->d_{8,9,5,11}, d_{8,9,4,5}->d_{8,9,3,4}, d_{8,9,5,6}->d_{8,9,3,6}, d_{8,9,5,7}->d_{8,9,3,7}, d_{8,9,5,10}->d_{8,9,3,10}, d_{8,9,5,11}->d_{8,9,3,11}, d_{8,10,0,3}->d_{8,10,0,5}, d_{8,10,0,5}->d_{8,10,0,3}, d_{8,10,1,3}->d_{8,10,1,5}, d_{8,10,1,5}->d_{8,10,1,3}, d_{8,10,2,3}->d_{8,10,2,5}, d_{8,10,2,5}->d_{8,10,2,3}, d_{8,10,3,4}->d_{8,10,4,5}, d_{8,10,3,6}->d_{8,10,5,6}, d_{8,10,3,7}->d_{8,10,5,7}, d_{8,10,3,9}->d_{8,10,5,9}, d_{8,10,3,11}->d_{8,10,5,11}, d_{8,10,4,5}->d_{8,10,3,4}, d_{8,10,5,6}->d_{8,10,3,6}, d_{8,10,5,7}->d_{8,10,3,7}, d_{8,10,5,9}->d_{8,10,3,9}, d_{8,10,5,11}->d_{8,10,3,11}, d_{8,11,0,3}->d_{8,11,0,5}, d_{8,11,0,5}->d_{8,11,0,3}, d_{8,11,1,3}->d_{8,11,1,5}, d_{8,11,1,5}->d_{8,11,1,3}, d_{8,11,2,3}->d_{8,11,2,5}, d_{8,11,2,5}->d_{8,11,2,3}, d_{8,11,3,4}->d_{8,11,4,5}, d_{8,11,3,6}->d_{8,11,5,6}, d_{8,11,3,7}->d_{8,11,5,7}, d_{8,11,3,9}->d_{8,11,5,9}, d_{8,11,3,10}->d_{8,11,5,10}, d_{8,11,4,5}->d_{8,11,3,4}, d_{8,11,5,6}->d_{8,11,3,6}, d_{8,11,5,7}->d_{8,11,3,7}, d_{8,11,5,9}->d_{8,11,3,9}, d_{8,11,5,10}->d_{8,11,3,10}, d_{9,10,0,3}->d_{9,10,0,5}, d_{9,10,0,5}->d_{9,10,0,3}, d_{9,10,1,3}->d_{9,10,1,5}, d_{9,10,1,5}->d_{9,10,1,3}, d_{9,10,2,3}->d_{9,10,2,5}, d_{9,10,2,5}->d_{9,10,2,3}, d_{9,10,3,4}->d_{9,10,4,5}, d_{9,10,3,6}->d_{9,10,5,6}, d_{9,10,3,7}->d_{9,10,5,7}, d_{9,10,3,8}->d_{9,10,5,8}, d_{9,10,3,11}->d_{9,10,5,11}, d_{9,10,4,5}->d_{9,10,3,4}, d_{9,10,5,6}->d_{9,10,3,6}, d_{9,10,5,7}->d_{9,10,3,7}, d_{9,10,5,8}->d_{9,10,3,8}, d_{9,10,5,11}->d_{9,10,3,11}, d_{9,11,0,3}->d_{9,11,0,5}, d_{9,11,0,5}->d_{9,11,0,3}, d_{9,11,1,3}->d_{9,11,1,5}, d_{9,11,1,5}->d_{9,11,1,3}, d_{9,11,2,3}->d_{9,11,2,5}, d_{9,11,2,5}->d_{9,11,2,3}, d_{9,11,3,4}->d_{9,11,4,5}, d_{9,11,3,6}->d_{9,11,5,6}, d_{9,11,3,7}->d_{9,11,5,7}, d_{9,11,3,8}->d_{9,11,5,8}, d_{9,11,3,10}->d_{9,11,5,10}, d_{9,11,4,5}->d_{9,11,3,4}, d_{9,11,5,6}->d_{9,11,3,6}, d_{9,11,5,7}->d_{9,11,3,7}, d_{9,11,5,8}->d_{9,11,3,8}, d_{9,11,5,10}->d_{9,11,3,10}, d_{10,11,0,3}->d_{10,11,0,5}, d_{10,11,0,5}->d_{10,11,0,3}, d_{10,11,1,3}->d_{10,11,1,5}, d_{10,11,1,5}->d_{10,11,1,3}, d_{10,11,2,3}->d_{10,11,2,5}, d_{10,11,2,5}->d_{10,11,2,3}, d_{10,11,3,4}->d_{10,11,4,5}, d_{10,11,3,6}->d_{10,11,5,6}, d_{10,11,3,7}->d_{10,11,5,7}, d_{10,11,3,8}->d_{10,11,5,8}, d_{10,11,3,9}->d_{10,11,5,9}, d_{10,11,4,5}->d_{10,11,3,4}, d_{10,11,5,6}->d_{10,11,3,6}, d_{10,11,5,7}->d_{10,11,3,7}, d_{10,11,5,8}->d_{10,11,3,8}, d_{10,11,5,9}->d_{10,11,3,9}

Permutation #4:
  Bonds: r_{0,3}->r_{0,6}, r_{0,6}->r_{0,3}, r_{1,3}->r_{1,6}, r_{1,6}->r_{1,3}, r_{2,3}->r_{2,6}, r_{2,6}->r_{2,3}, r_{3,4}->r_{4,6}, r_{3,5}->r_{5,6}, r_{3,7}->r_{6,7}, r_{3,8}->r_{6,8}, r_{3,9}->r_{6,9}, r_{3,10}->r_{6,10}, r_{3,11}->r_{6,11}, r_{4,6}->r_{3,4}, r_{5,6}->r_{3,5}, r_{6,7}->r_{3,7}, r_{6,8}->r_{3,8}, r_{6,9}->r_{3,9}, r_{6,10}->r_{3,10}, r_{6,11}->r_{3,11}
  Angles: theta^{0}_{1,3}->theta^{0}_{1,6}, theta^{0}_{1,6}->theta^{0}_{1,3}, theta^{0}_{2,3}->theta^{0}_{2,6}, theta^{0}_{2,6}->theta^{0}_{2,3}, theta^{0}_{3,4}->theta^{0}_{4,6}, theta^{0}_{3,5}->theta^{0}_{5,6}, theta^{0}_{3,7}->theta^{0}_{6,7}, theta^{0}_{3,8}->theta^{0}_{6,8}, theta^{0}_{3,9}->theta^{0}_{6,9}, theta^{0}_{3,10}->theta^{0}_{6,10}, theta^{0}_{3,11}->theta^{0}_{6,11}, theta^{0}_{4,6}->theta^{0}_{3,4}, theta^{0}_{5,6}->theta^{0}_{3,5}, theta^{0}_{6,7}->theta^{0}_{3,7}, theta^{0}_{6,8}->theta^{0}_{3,8}, theta^{0}_{6,9}->theta^{0}_{3,9}, theta^{0}_{6,10}->theta^{0}_{3,10}, theta^{0}_{6,11}->theta^{0}_{3,11}, theta^{1}_{0,3}->theta^{1}_{0,6}, theta^{1}_{0,6}->theta^{1}_{0,3}, theta^{1}_{2,3}->theta^{1}_{2,6}, theta^{1}_{2,6}->theta^{1}_{2,3}, theta^{1}_{3,4}->theta^{1}_{4,6}, theta^{1}_{3,5}->theta^{1}_{5,6}, theta^{1}_{3,7}->theta^{1}_{6,7}, theta^{1}_{3,8}->theta^{1}_{6,8}, theta^{1}_{3,9}->theta^{1}_{6,9}, theta^{1}_{3,10}->theta^{1}_{6,10}, theta^{1}_{3,11}->theta^{1}_{6,11}, theta^{1}_{4,6}->theta^{1}_{3,4}, theta^{1}_{5,6}->theta^{1}_{3,5}, theta^{1}_{6,7}->theta^{1}_{3,7}, theta^{1}_{6,8}->theta^{1}_{3,8}, theta^{1}_{6,9}->theta^{1}_{3,9}, theta^{1}_{6,10}->theta^{1}_{3,10}, theta^{1}_{6,11}->theta^{1}_{3,11}, theta^{2}_{0,3}->theta^{2}_{0,6}, theta^{2}_{0,6}->theta^{2}_{0,3}, theta^{2}_{1,3}->theta^{2}_{1,6}, theta^{2}_{1,6}->theta^{2}_{1,3}, theta^{2}_{3,4}->theta^{2}_{4,6}, theta^{2}_{3,5}->theta^{2}_{5,6}, theta^{2}_{3,7}->theta^{2}_{6,7}, theta^{2}_{3,8}->theta^{2}_{6,8}, theta^{2}_{3,9}->theta^{2}_{6,9}, theta^{2}_{3,10}->theta^{2}_{6,10}, theta^{2}_{3,11}->theta^{2}_{6,11}, theta^{2}_{4,6}->theta^{2}_{3,4}, theta^{2}_{5,6}->theta^{2}_{3,5}, theta^{2}_{6,7}->theta^{2}_{3,7}, theta^{2}_{6,8}->theta^{2}_{3,8}, theta^{2}_{6,9}->theta^{2}_{3,9}, theta^{2}_{6,10}->theta^{2}_{3,10}, theta^{2}_{6,11}->theta^{2}_{3,11}, theta^{3}_{0,1}->theta^{6}_{0,1}, theta^{3}_{0,2}->theta^{6}_{0,2}, theta^{3}_{0,4}->theta^{6}_{0,4}, theta^{3}_{0,5}->theta^{6}_{0,5}, theta^{3}_{0,6}->theta^{6}_{0,3}, theta^{3}_{0,7}->theta^{6}_{0,7}, theta^{3}_{0,8}->theta^{6}_{0,8}, theta^{3}_{0,9}->theta^{6}_{0,9}, theta^{3}_{0,10}->theta^{6}_{0,10}, theta^{3}_{0,11}->theta^{6}_{0,11}, theta^{3}_{1,2}->theta^{6}_{1,2}, theta^{3}_{1,4}->theta^{6}_{1,4}, theta^{3}_{1,5}->theta^{6}_{1,5}, theta^{3}_{1,6}->theta^{6}_{1,3}, theta^{3}_{1,7}->theta^{6}_{1,7}, theta^{3}_{1,8}->theta^{6}_{1,8}, theta^{3}_{1,9}->theta^{6}_{1,9}, theta^{3}_{1,10}->theta^{6}_{1,10}, theta^{3}_{1,11}->theta^{6}_{1,11}, theta^{3}_{2,4}->theta^{6}_{2,4}, theta^{3}_{2,5}->theta^{6}_{2,5}, theta^{3}_{2,6}->theta^{6}_{2,3}, theta^{3}_{2,7}->theta^{6}_{2,7}, theta^{3}_{2,8}->theta^{6}_{2,8}, theta^{3}_{2,9}->theta^{6}_{2,9}, theta^{3}_{2,10}->theta^{6}_{2,10}, theta^{3}_{2,11}->theta^{6}_{2,11}, theta^{3}_{4,5}->theta^{6}_{4,5}, theta^{3}_{4,6}->theta^{6}_{3,4}, theta^{3}_{4,7}->theta^{6}_{4,7}, theta^{3}_{4,8}->theta^{6}_{4,8}, theta^{3}_{4,9}->theta^{6}_{4,9}, theta^{3}_{4,10}->theta^{6}_{4,10}, theta^{3}_{4,11}->theta^{6}_{4,11}, theta^{3}_{5,6}->theta^{6}_{3,5}, theta^{3}_{5,7}->theta^{6}_{5,7}, theta^{3}_{5,8}->theta^{6}_{5,8}, theta^{3}_{5,9}->theta^{6}_{5,9}, theta^{3}_{5,10}->theta^{6}_{5,10}, theta^{3}_{5,11}->theta^{6}_{5,11}, theta^{3}_{6,7}->theta^{6}_{3,7}, theta^{3}_{6,8}->theta^{6}_{3,8}, theta^{3}_{6,9}->theta^{6}_{3,9}, theta^{3}_{6,10}->theta^{6}_{3,10}, theta^{3}_{6,11}->theta^{6}_{3,11}, theta^{3}_{7,8}->theta^{6}_{7,8}, theta^{3}_{7,9}->theta^{6}_{7,9}, theta^{3}_{7,10}->theta^{6}_{7,10}, theta^{3}_{7,11}->theta^{6}_{7,11}, theta^{3}_{8,9}->theta^{6}_{8,9}, theta^{3}_{8,10}->theta^{6}_{8,10}, theta^{3}_{8,11}->theta^{6}_{8,11}, theta^{3}_{9,10}->theta^{6}_{9,10}, theta^{3}_{9,11}->theta^{6}_{9,11}, theta^{3}_{10,11}->theta^{6}_{10,11}, theta^{4}_{0,3}->theta^{4}_{0,6}, theta^{4}_{0,6}->theta^{4}_{0,3}, theta^{4}_{1,3}->theta^{4}_{1,6}, theta^{4}_{1,6}->theta^{4}_{1,3}, theta^{4}_{2,3}->theta^{4}_{2,6}, theta^{4}_{2,6}->theta^{4}_{2,3}, theta^{4}_{3,5}->theta^{4}_{5,6}, theta^{4}_{3,7}->theta^{4}_{6,7}, theta^{4}_{3,8}->theta^{4}_{6,8}, theta^{4}_{3,9}->theta^{4}_{6,9}, theta^{4}_{3,10}->theta^{4}_{6,10}, theta^{4}_{3,11}->theta^{4}_{6,11}, theta^{4}_{5,6}->theta^{4}_{3,5}, theta^{4}_{6,7}->theta^{4}_{3,7}, theta^{4}_{6,8}->theta^{4}_{3,8}, theta^{4}_{6,9}->theta^{4}_{3,9}, theta^{4}_{6,10}->theta^{4}_{3,10}, theta^{4}_{6,11}->theta^{4}_{3,11}, theta^{5}_{0,3}->theta^{5}_{0,6}, theta^{5}_{0,6}->theta^{5}_{0,3}, theta^{5}_{1,3}->theta^{5}_{1,6}, theta^{5}_{1,6}->theta^{5}_{1,3}, theta^{5}_{2,3}->theta^{5}_{2,6}, theta^{5}_{2,6}->theta^{5}_{2,3}, theta^{5}_{3,4}->theta^{5}_{4,6}, theta^{5}_{3,7}->theta^{5}_{6,7}, theta^{5}_{3,8}->theta^{5}_{6,8}, theta^{5}_{3,9}->theta^{5}_{6,9}, theta^{5}_{3,10}->theta^{5}_{6,10}, theta^{5}_{3,11}->theta^{5}_{6,11}, theta^{5}_{4,6}->theta^{5}_{3,4}, theta^{5}_{6,7}->theta^{5}_{3,7}, theta^{5}_{6,8}->theta^{5}_{3,8}, theta^{5}_{6,9}->theta^{5}_{3,9}, theta^{5}_{6,10}->theta^{5}_{3,10}, theta^{5}_{6,11}->theta^{5}_{3,11}, theta^{6}_{0,1}->theta^{3}_{0,1}, theta^{6}_{0,2}->theta^{3}_{0,2}, theta^{6}_{0,3}->theta^{3}_{0,6}, theta^{6}_{0,4}->theta^{3}_{0,4}, theta^{6}_{0,5}->theta^{3}_{0,5}, theta^{6}_{0,7}->theta^{3}_{0,7}, theta^{6}_{0,8}->theta^{3}_{0,8}, theta^{6}_{0,9}->theta^{3}_{0,9}, theta^{6}_{0,10}->theta^{3}_{0,10}, theta^{6}_{0,11}->theta^{3}_{0,11}, theta^{6}_{1,2}->theta^{3}_{1,2}, theta^{6}_{1,3}->theta^{3}_{1,6}, theta^{6}_{1,4}->theta^{3}_{1,4}, theta^{6}_{1,5}->theta^{3}_{1,5}, theta^{6}_{1,7}->theta^{3}_{1,7}, theta^{6}_{1,8}->theta^{3}_{1,8}, theta^{6}_{1,9}->theta^{3}_{1,9}, theta^{6}_{1,10}->theta^{3}_{1,10}, theta^{6}_{1,11}->theta^{3}_{1,11}, theta^{6}_{2,3}->theta^{3}_{2,6}, theta^{6}_{2,4}->theta^{3}_{2,4}, theta^{6}_{2,5}->theta^{3}_{2,5}, theta^{6}_{2,7}->theta^{3}_{2,7}, theta^{6}_{2,8}->theta^{3}_{2,8}, theta^{6}_{2,9}->theta^{3}_{2,9}, theta^{6}_{2,10}->theta^{3}_{2,10}, theta^{6}_{2,11}->theta^{3}_{2,11}, theta^{6}_{3,4}->theta^{3}_{4,6}, theta^{6}_{3,5}->theta^{3}_{5,6}, theta^{6}_{3,7}->theta^{3}_{6,7}, theta^{6}_{3,8}->theta^{3}_{6,8}, theta^{6}_{3,9}->theta^{3}_{6,9}, theta^{6}_{3,10}->theta^{3}_{6,10}, theta^{6}_{3,11}->theta^{3}_{6,11}, theta^{6}_{4,5}->theta^{3}_{4,5}, theta^{6}_{4,7}->theta^{3}_{4,7}, theta^{6}_{4,8}->theta^{3}_{4,8}, theta^{6}_{4,9}->theta^{3}_{4,9}, theta^{6}_{4,10}->theta^{3}_{4,10}, theta^{6}_{4,11}->theta^{3}_{4,11}, theta^{6}_{5,7}->theta^{3}_{5,7}, theta^{6}_{5,8}->theta^{3}_{5,8}, theta^{6}_{5,9}->theta^{3}_{5,9}, theta^{6}_{5,10}->theta^{3}_{5,10}, theta^{6}_{5,11}->theta^{3}_{5,11}, theta^{6}_{7,8}->theta^{3}_{7,8}, theta^{6}_{7,9}->theta^{3}_{7,9}, theta^{6}_{7,10}->theta^{3}_{7,10}, theta^{6}_{7,11}->theta^{3}_{7,11}, theta^{6}_{8,9}->theta^{3}_{8,9}, theta^{6}_{8,10}->theta^{3}_{8,10}, theta^{6}_{8,11}->theta^{3}_{8,11}, theta^{6}_{9,10}->theta^{3}_{9,10}, theta^{6}_{9,11}->theta^{3}_{9,11}, theta^{6}_{10,11}->theta^{3}_{10,11}, theta^{7}_{0,3}->theta^{7}_{0,6}, theta^{7}_{0,6}->theta^{7}_{0,3}, theta^{7}_{1,3}->theta^{7}_{1,6}, theta^{7}_{1,6}->theta^{7}_{1,3}, theta^{7}_{2,3}->theta^{7}_{2,6}, theta^{7}_{2,6}->theta^{7}_{2,3}, theta^{7}_{3,4}->theta^{7}_{4,6}, theta^{7}_{3,5}->theta^{7}_{5,6}, theta^{7}_{3,8}->theta^{7}_{6,8}, theta^{7}_{3,9}->theta^{7}_{6,9}, theta^{7}_{3,10}->theta^{7}_{6,10}, theta^{7}_{3,11}->theta^{7}_{6,11}, theta^{7}_{4,6}->theta^{7}_{3,4}, theta^{7}_{5,6}->theta^{7}_{3,5}, theta^{7}_{6,8}->theta^{7}_{3,8}, theta^{7}_{6,9}->theta^{7}_{3,9}, theta^{7}_{6,10}->theta^{7}_{3,10}, theta^{7}_{6,11}->theta^{7}_{3,11}, theta^{8}_{0,3}->theta^{8}_{0,6}, theta^{8}_{0,6}->theta^{8}_{0,3}, theta^{8}_{1,3}->theta^{8}_{1,6}, theta^{8}_{1,6}->theta^{8}_{1,3}, theta^{8}_{2,3}->theta^{8}_{2,6}, theta^{8}_{2,6}->theta^{8}_{2,3}, theta^{8}_{3,4}->theta^{8}_{4,6}, theta^{8}_{3,5}->theta^{8}_{5,6}, theta^{8}_{3,7}->theta^{8}_{6,7}, theta^{8}_{3,9}->theta^{8}_{6,9}, theta^{8}_{3,10}->theta^{8}_{6,10}, theta^{8}_{3,11}->theta^{8}_{6,11}, theta^{8}_{4,6}->theta^{8}_{3,4}, theta^{8}_{5,6}->theta^{8}_{3,5}, theta^{8}_{6,7}->theta^{8}_{3,7}, theta^{8}_{6,9}->theta^{8}_{3,9}, theta^{8}_{6,10}->theta^{8}_{3,10}, theta^{8}_{6,11}->theta^{8}_{3,11}, theta^{9}_{0,3}->theta^{9}_{0,6}, theta^{9}_{0,6}->theta^{9}_{0,3}, theta^{9}_{1,3}->theta^{9}_{1,6}, theta^{9}_{1,6}->theta^{9}_{1,3}, theta^{9}_{2,3}->theta^{9}_{2,6}, theta^{9}_{2,6}->theta^{9}_{2,3}, theta^{9}_{3,4}->theta^{9}_{4,6}, theta^{9}_{3,5}->theta^{9}_{5,6}, theta^{9}_{3,7}->theta^{9}_{6,7}, theta^{9}_{3,8}->theta^{9}_{6,8}, theta^{9}_{3,10}->theta^{9}_{6,10}, theta^{9}_{3,11}->theta^{9}_{6,11}, theta^{9}_{4,6}->theta^{9}_{3,4}, theta^{9}_{5,6}->theta^{9}_{3,5}, theta^{9}_{6,7}->theta^{9}_{3,7}, theta^{9}_{6,8}->theta^{9}_{3,8}, theta^{9}_{6,10}->theta^{9}_{3,10}, theta^{9}_{6,11}->theta^{9}_{3,11}, theta^{10}_{0,3}->theta^{10}_{0,6}, theta^{10}_{0,6}->theta^{10}_{0,3}, theta^{10}_{1,3}->theta^{10}_{1,6}, theta^{10}_{1,6}->theta^{10}_{1,3}, theta^{10}_{2,3}->theta^{10}_{2,6}, theta^{10}_{2,6}->theta^{10}_{2,3}, theta^{10}_{3,4}->theta^{10}_{4,6}, theta^{10}_{3,5}->theta^{10}_{5,6}, theta^{10}_{3,7}->theta^{10}_{6,7}, theta^{10}_{3,8}->theta^{10}_{6,8}, theta^{10}_{3,9}->theta^{10}_{6,9}, theta^{10}_{3,11}->theta^{10}_{6,11}, theta^{10}_{4,6}->theta^{10}_{3,4}, theta^{10}_{5,6}->theta^{10}_{3,5}, theta^{10}_{6,7}->theta^{10}_{3,7}, theta^{10}_{6,8}->theta^{10}_{3,8}, theta^{10}_{6,9}->theta^{10}_{3,9}, theta^{10}_{6,11}->theta^{10}_{3,11}, theta^{11}_{0,3}->theta^{11}_{0,6}, theta^{11}_{0,6}->theta^{11}_{0,3}, theta^{11}_{1,3}->theta^{11}_{1,6}, theta^{11}_{1,6}->theta^{11}_{1,3}, theta^{11}_{2,3}->theta^{11}_{2,6}, theta^{11}_{2,6}->theta^{11}_{2,3}, theta^{11}_{3,4}->theta^{11}_{4,6}, theta^{11}_{3,5}->theta^{11}_{5,6}, theta^{11}_{3,7}->theta^{11}_{6,7}, theta^{11}_{3,8}->theta^{11}_{6,8}, theta^{11}_{3,9}->theta^{11}_{6,9}, theta^{11}_{3,10}->theta^{11}_{6,10}, theta^{11}_{4,6}->theta^{11}_{3,4}, theta^{11}_{5,6}->theta^{11}_{3,5}, theta^{11}_{6,7}->theta^{11}_{3,7}, theta^{11}_{6,8}->theta^{11}_{3,8}, theta^{11}_{6,9}->theta^{11}_{3,9}, theta^{11}_{6,10}->theta^{11}_{3,10}
  Dihedrals: d_{0,1,2,3}->d_{0,1,2,6}, d_{0,1,2,6}->d_{0,1,2,3}, d_{0,1,3,4}->d_{0,1,4,6}, d_{0,1,3,5}->d_{0,1,5,6}, d_{0,1,3,7}->d_{0,1,6,7}, d_{0,1,3,8}->d_{0,1,6,8}, d_{0,1,3,9}->d_{0,1,6,9}, d_{0,1,3,10}->d_{0,1,6,10}, d_{0,1,3,11}->d_{0,1,6,11}, d_{0,1,4,6}->d_{0,1,3,4}, d_{0,1,5,6}->d_{0,1,3,5}, d_{0,1,6,7}->d_{0,1,3,7}, d_{0,1,6,8}->d_{0,1,3,8}, d_{0,1,6,9}->d_{0,1,3,9}, d_{0,1,6,10}->d_{0,1,3,10}, d_{0,1,6,11}->d_{0,1,3,11}, d_{0,2,1,3}->d_{0,2,1,6}, d_{0,2,1,6}->d_{0,2,1,3}, d_{0,2,3,4}->d_{0,2,4,6}, d_{0,2,3,5}->d_{0,2,5,6}, d_{0,2,3,7}->d_{0,2,6,7}, d_{0,2,3,8}->d_{0,2,6,8}, d_{0,2,3,9}->d_{0,2,6,9}, d_{0,2,3,10}->d_{0,2,6,10}, d_{0,2,3,11}->d_{0,2,6,11}, d_{0,2,4,6}->d_{0,2,3,4}, d_{0,2,5,6}->d_{0,2,3,5}, d_{0,2,6,7}->d_{0,2,3,7}, d_{0,2,6,8}->d_{0,2,3,8}, d_{0,2,6,9}->d_{0,2,3,9}, d_{0,2,6,10}->d_{0,2,3,10}, d_{0,2,6,11}->d_{0,2,3,11}, d_{0,3,1,2}->d_{0,6,1,2}, d_{0,3,1,4}->d_{0,6,1,4}, d_{0,3,1,5}->d_{0,6,1,5}, d_{0,3,1,6}->d_{0,6,1,3}, d_{0,3,1,7}->d_{0,6,1,7}, d_{0,3,1,8}->d_{0,6,1,8}, d_{0,3,1,9}->d_{0,6,1,9}, d_{0,3,1,10}->d_{0,6,1,10}, d_{0,3,1,11}->d_{0,6,1,11}, d_{0,3,2,4}->d_{0,6,2,4}, d_{0,3,2,5}->d_{0,6,2,5}, d_{0,3,2,6}->d_{0,6,2,3}, d_{0,3,2,7}->d_{0,6,2,7}, d_{0,3,2,8}->d_{0,6,2,8}, d_{0,3,2,9}->d_{0,6,2,9}, d_{0,3,2,10}->d_{0,6,2,10}, d_{0,3,2,11}->d_{0,6,2,11}, d_{0,3,4,5}->d_{0,6,4,5}, d_{0,3,4,6}->d_{0,6,3,4}, d_{0,3,4,7}->d_{0,6,4,7}, d_{0,3,4,8}->d_{0,6,4,8}, d_{0,3,4,9}->d_{0,6,4,9}, d_{0,3,4,10}->d_{0,6,4,10}, d_{0,3,4,11}->d_{0,6,4,11}, d_{0,3,5,6}->d_{0,6,3,5}, d_{0,3,5,7}->d_{0,6,5,7}, d_{0,3,5,8}->d_{0,6,5,8}, d_{0,3,5,9}->d_{0,6,5,9}, d_{0,3,5,10}->d_{0,6,5,10}, d_{0,3,5,11}->d_{0,6,5,11}, d_{0,3,6,7}->d_{0,6,3,7}, d_{0,3,6,8}->d_{0,6,3,8}, d_{0,3,6,9}->d_{0,6,3,9}, d_{0,3,6,10}->d_{0,6,3,10}, d_{0,3,6,11}->d_{0,6,3,11}, d_{0,3,7,8}->d_{0,6,7,8}, d_{0,3,7,9}->d_{0,6,7,9}, d_{0,3,7,10}->d_{0,6,7,10}, d_{0,3,7,11}->d_{0,6,7,11}, d_{0,3,8,9}->d_{0,6,8,9}, d_{0,3,8,10}->d_{0,6,8,10}, d_{0,3,8,11}->d_{0,6,8,11}, d_{0,3,9,10}->d_{0,6,9,10}, d_{0,3,9,11}->d_{0,6,9,11}, d_{0,3,10,11}->d_{0,6,10,11}, d_{0,4,1,3}->d_{0,4,1,6}, d_{0,4,1,6}->d_{0,4,1,3}, d_{0,4,2,3}->d_{0,4,2,6}, d_{0,4,2,6}->d_{0,4,2,3}, d_{0,4,3,5}->d_{0,4,5,6}, d_{0,4,3,7}->d_{0,4,6,7}, d_{0,4,3,8}->d_{0,4,6,8}, d_{0,4,3,9}->d_{0,4,6,9}, d_{0,4,3,10}->d_{0,4,6,10}, d_{0,4,3,11}->d_{0,4,6,11}, d_{0,4,5,6}->d_{0,4,3,5}, d_{0,4,6,7}->d_{0,4,3,7}, d_{0,4,6,8}->d_{0,4,3,8}, d_{0,4,6,9}->d_{0,4,3,9}, d_{0,4,6,10}->d_{0,4,3,10}, d_{0,4,6,11}->d_{0,4,3,11}, d_{0,5,1,3}->d_{0,5,1,6}, d_{0,5,1,6}->d_{0,5,1,3}, d_{0,5,2,3}->d_{0,5,2,6}, d_{0,5,2,6}->d_{0,5,2,3}, d_{0,5,3,4}->d_{0,5,4,6}, d_{0,5,3,7}->d_{0,5,6,7}, d_{0,5,3,8}->d_{0,5,6,8}, d_{0,5,3,9}->d_{0,5,6,9}, d_{0,5,3,10}->d_{0,5,6,10}, d_{0,5,3,11}->d_{0,5,6,11}, d_{0,5,4,6}->d_{0,5,3,4}, d_{0,5,6,7}->d_{0,5,3,7}, d_{0,5,6,8}->d_{0,5,3,8}, d_{0,5,6,9}->d_{0,5,3,9}, d_{0,5,6,10}->d_{0,5,3,10}, d_{0,5,6,11}->d_{0,5,3,11}, d_{0,6,1,2}->d_{0,3,1,2}, d_{0,6,1,3}->d_{0,3,1,6}, d_{0,6,1,4}->d_{0,3,1,4}, d_{0,6,1,5}->d_{0,3,1,5}, d_{0,6,1,7}->d_{0,3,1,7}, d_{0,6,1,8}->d_{0,3,1,8}, d_{0,6,1,9}->d_{0,3,1,9}, d_{0,6,1,10}->d_{0,3,1,10}, d_{0,6,1,11}->d_{0,3,1,11}, d_{0,6,2,3}->d_{0,3,2,6}, d_{0,6,2,4}->d_{0,3,2,4}, d_{0,6,2,5}->d_{0,3,2,5}, d_{0,6,2,7}->d_{0,3,2,7}, d_{0,6,2,8}->d_{0,3,2,8}, d_{0,6,2,9}->d_{0,3,2,9}, d_{0,6,2,10}->d_{0,3,2,10}, d_{0,6,2,11}->d_{0,3,2,11}, d_{0,6,3,4}->d_{0,3,4,6}, d_{0,6,3,5}->d_{0,3,5,6}, d_{0,6,3,7}->d_{0,3,6,7}, d_{0,6,3,8}->d_{0,3,6,8}, d_{0,6,3,9}->d_{0,3,6,9}, d_{0,6,3,10}->d_{0,3,6,10}, d_{0,6,3,11}->d_{0,3,6,11}, d_{0,6,4,5}->d_{0,3,4,5}, d_{0,6,4,7}->d_{0,3,4,7}, d_{0,6,4,8}->d_{0,3,4,8}, d_{0,6,4,9}->d_{0,3,4,9}, d_{0,6,4,10}->d_{0,3,4,10}, d_{0,6,4,11}->d_{0,3,4,11}, d_{0,6,5,7}->d_{0,3,5,7}, d_{0,6,5,8}->d_{0,3,5,8}, d_{0,6,5,9}->d_{0,3,5,9}, d_{0,6,5,10}->d_{0,3,5,10}, d_{0,6,5,11}->d_{0,3,5,11}, d_{0,6,7,8}->d_{0,3,7,8}, d_{0,6,7,9}->d_{0,3,7,9}, d_{0,6,7,10}->d_{0,3,7,10}, d_{0,6,7,11}->d_{0,3,7,11}, d_{0,6,8,9}->d_{0,3,8,9}, d_{0,6,8,10}->d_{0,3,8,10}, d_{0,6,8,11}->d_{0,3,8,11}, d_{0,6,9,10}->d_{0,3,9,10}, d_{0,6,9,11}->d_{0,3,9,11}, d_{0,6,10,11}->d_{0,3,10,11}, d_{0,7,1,3}->d_{0,7,1,6}, d_{0,7,1,6}->d_{0,7,1,3}, d_{0,7,2,3}->d_{0,7,2,6}, d_{0,7,2,6}->d_{0,7,2,3}, d_{0,7,3,4}->d_{0,7,4,6}, d_{0,7,3,5}->d_{0,7,5,6}, d_{0,7,3,8}->d_{0,7,6,8}, d_{0,7,3,9}->d_{0,7,6,9}, d_{0,7,3,10}->d_{0,7,6,10}, d_{0,7,3,11}->d_{0,7,6,11}, d_{0,7,4,6}->d_{0,7,3,4}, d_{0,7,5,6}->d_{0,7,3,5}, d_{0,7,6,8}->d_{0,7,3,8}, d_{0,7,6,9}->d_{0,7,3,9}, d_{0,7,6,10}->d_{0,7,3,10}, d_{0,7,6,11}->d_{0,7,3,11}, d_{0,8,1,3}->d_{0,8,1,6}, d_{0,8,1,6}->d_{0,8,1,3}, d_{0,8,2,3}->d_{0,8,2,6}, d_{0,8,2,6}->d_{0,8,2,3}, d_{0,8,3,4}->d_{0,8,4,6}, d_{0,8,3,5}->d_{0,8,5,6}, d_{0,8,3,7}->d_{0,8,6,7}, d_{0,8,3,9}->d_{0,8,6,9}, d_{0,8,3,10}->d_{0,8,6,10}, d_{0,8,3,11}->d_{0,8,6,11}, d_{0,8,4,6}->d_{0,8,3,4}, d_{0,8,5,6}->d_{0,8,3,5}, d_{0,8,6,7}->d_{0,8,3,7}, d_{0,8,6,9}->d_{0,8,3,9}, d_{0,8,6,10}->d_{0,8,3,10}, d_{0,8,6,11}->d_{0,8,3,11}, d_{0,9,1,3}->d_{0,9,1,6}, d_{0,9,1,6}->d_{0,9,1,3}, d_{0,9,2,3}->d_{0,9,2,6}, d_{0,9,2,6}->d_{0,9,2,3}, d_{0,9,3,4}->d_{0,9,4,6}, d_{0,9,3,5}->d_{0,9,5,6}, d_{0,9,3,7}->d_{0,9,6,7}, d_{0,9,3,8}->d_{0,9,6,8}, d_{0,9,3,10}->d_{0,9,6,10}, d_{0,9,3,11}->d_{0,9,6,11}, d_{0,9,4,6}->d_{0,9,3,4}, d_{0,9,5,6}->d_{0,9,3,5}, d_{0,9,6,7}->d_{0,9,3,7}, d_{0,9,6,8}->d_{0,9,3,8}, d_{0,9,6,10}->d_{0,9,3,10}, d_{0,9,6,11}->d_{0,9,3,11}, d_{0,10,1,3}->d_{0,10,1,6}, d_{0,10,1,6}->d_{0,10,1,3}, d_{0,10,2,3}->d_{0,10,2,6}, d_{0,10,2,6}->d_{0,10,2,3}, d_{0,10,3,4}->d_{0,10,4,6}, d_{0,10,3,5}->d_{0,10,5,6}, d_{0,10,3,7}->d_{0,10,6,7}, d_{0,10,3,8}->d_{0,10,6,8}, d_{0,10,3,9}->d_{0,10,6,9}, d_{0,10,3,11}->d_{0,10,6,11}, d_{0,10,4,6}->d_{0,10,3,4}, d_{0,10,5,6}->d_{0,10,3,5}, d_{0,10,6,7}->d_{0,10,3,7}, d_{0,10,6,8}->d_{0,10,3,8}, d_{0,10,6,9}->d_{0,10,3,9}, d_{0,10,6,11}->d_{0,10,3,11}, d_{0,11,1,3}->d_{0,11,1,6}, d_{0,11,1,6}->d_{0,11,1,3}, d_{0,11,2,3}->d_{0,11,2,6}, d_{0,11,2,6}->d_{0,11,2,3}, d_{0,11,3,4}->d_{0,11,4,6}, d_{0,11,3,5}->d_{0,11,5,6}, d_{0,11,3,7}->d_{0,11,6,7}, d_{0,11,3,8}->d_{0,11,6,8}, d_{0,11,3,9}->d_{0,11,6,9}, d_{0,11,3,10}->d_{0,11,6,10}, d_{0,11,4,6}->d_{0,11,3,4}, d_{0,11,5,6}->d_{0,11,3,5}, d_{0,11,6,7}->d_{0,11,3,7}, d_{0,11,6,8}->d_{0,11,3,8}, d_{0,11,6,9}->d_{0,11,3,9}, d_{0,11,6,10}->d_{0,11,3,10}, d_{1,2,0,3}->d_{1,2,0,6}, d_{1,2,0,6}->d_{1,2,0,3}, d_{1,2,3,4}->d_{1,2,4,6}, d_{1,2,3,5}->d_{1,2,5,6}, d_{1,2,3,7}->d_{1,2,6,7}, d_{1,2,3,8}->d_{1,2,6,8}, d_{1,2,3,9}->d_{1,2,6,9}, d_{1,2,3,10}->d_{1,2,6,10}, d_{1,2,3,11}->d_{1,2,6,11}, d_{1,2,4,6}->d_{1,2,3,4}, d_{1,2,5,6}->d_{1,2,3,5}, d_{1,2,6,7}->d_{1,2,3,7}, d_{1,2,6,8}->d_{1,2,3,8}, d_{1,2,6,9}->d_{1,2,3,9}, d_{1,2,6,10}->d_{1,2,3,10}, d_{1,2,6,11}->d_{1,2,3,11}, d_{1,3,0,2}->d_{1,6,0,2}, d_{1,3,0,4}->d_{1,6,0,4}, d_{1,3,0,5}->d_{1,6,0,5}, d_{1,3,0,6}->d_{1,6,0,3}, d_{1,3,0,7}->d_{1,6,0,7}, d_{1,3,0,8}->d_{1,6,0,8}, d_{1,3,0,9}->d_{1,6,0,9}, d_{1,3,0,10}->d_{1,6,0,10}, d_{1,3,0,11}->d_{1,6,0,11}, d_{1,3,2,4}->d_{1,6,2,4}, d_{1,3,2,5}->d_{1,6,2,5}, d_{1,3,2,6}->d_{1,6,2,3}, d_{1,3,2,7}->d_{1,6,2,7}, d_{1,3,2,8}->d_{1,6,2,8}, d_{1,3,2,9}->d_{1,6,2,9}, d_{1,3,2,10}->d_{1,6,2,10}, d_{1,3,2,11}->d_{1,6,2,11}, d_{1,3,4,5}->d_{1,6,4,5}, d_{1,3,4,6}->d_{1,6,3,4}, d_{1,3,4,7}->d_{1,6,4,7}, d_{1,3,4,8}->d_{1,6,4,8}, d_{1,3,4,9}->d_{1,6,4,9}, d_{1,3,4,10}->d_{1,6,4,10}, d_{1,3,4,11}->d_{1,6,4,11}, d_{1,3,5,6}->d_{1,6,3,5}, d_{1,3,5,7}->d_{1,6,5,7}, d_{1,3,5,8}->d_{1,6,5,8}, d_{1,3,5,9}->d_{1,6,5,9}, d_{1,3,5,10}->d_{1,6,5,10}, d_{1,3,5,11}->d_{1,6,5,11}, d_{1,3,6,7}->d_{1,6,3,7}, d_{1,3,6,8}->d_{1,6,3,8}, d_{1,3,6,9}->d_{1,6,3,9}, d_{1,3,6,10}->d_{1,6,3,10}, d_{1,3,6,11}->d_{1,6,3,11}, d_{1,3,7,8}->d_{1,6,7,8}, d_{1,3,7,9}->d_{1,6,7,9}, d_{1,3,7,10}->d_{1,6,7,10}, d_{1,3,7,11}->d_{1,6,7,11}, d_{1,3,8,9}->d_{1,6,8,9}, d_{1,3,8,10}->d_{1,6,8,10}, d_{1,3,8,11}->d_{1,6,8,11}, d_{1,3,9,10}->d_{1,6,9,10}, d_{1,3,9,11}->d_{1,6,9,11}, d_{1,3,10,11}->d_{1,6,10,11}, d_{1,4,0,3}->d_{1,4,0,6}, d_{1,4,0,6}->d_{1,4,0,3}, d_{1,4,2,3}->d_{1,4,2,6}, d_{1,4,2,6}->d_{1,4,2,3}, d_{1,4,3,5}->d_{1,4,5,6}, d_{1,4,3,7}->d_{1,4,6,7}, d_{1,4,3,8}->d_{1,4,6,8}, d_{1,4,3,9}->d_{1,4,6,9}, d_{1,4,3,10}->d_{1,4,6,10}, d_{1,4,3,11}->d_{1,4,6,11}, d_{1,4,5,6}->d_{1,4,3,5}, d_{1,4,6,7}->d_{1,4,3,7}, d_{1,4,6,8}->d_{1,4,3,8}, d_{1,4,6,9}->d_{1,4,3,9}, d_{1,4,6,10}->d_{1,4,3,10}, d_{1,4,6,11}->d_{1,4,3,11}, d_{1,5,0,3}->d_{1,5,0,6}, d_{1,5,0,6}->d_{1,5,0,3}, d_{1,5,2,3}->d_{1,5,2,6}, d_{1,5,2,6}->d_{1,5,2,3}, d_{1,5,3,4}->d_{1,5,4,6}, d_{1,5,3,7}->d_{1,5,6,7}, d_{1,5,3,8}->d_{1,5,6,8}, d_{1,5,3,9}->d_{1,5,6,9}, d_{1,5,3,10}->d_{1,5,6,10}, d_{1,5,3,11}->d_{1,5,6,11}, d_{1,5,4,6}->d_{1,5,3,4}, d_{1,5,6,7}->d_{1,5,3,7}, d_{1,5,6,8}->d_{1,5,3,8}, d_{1,5,6,9}->d_{1,5,3,9}, d_{1,5,6,10}->d_{1,5,3,10}, d_{1,5,6,11}->d_{1,5,3,11}, d_{1,6,0,2}->d_{1,3,0,2}, d_{1,6,0,3}->d_{1,3,0,6}, d_{1,6,0,4}->d_{1,3,0,4}, d_{1,6,0,5}->d_{1,3,0,5}, d_{1,6,0,7}->d_{1,3,0,7}, d_{1,6,0,8}->d_{1,3,0,8}, d_{1,6,0,9}->d_{1,3,0,9}, d_{1,6,0,10}->d_{1,3,0,10}, d_{1,6,0,11}->d_{1,3,0,11}, d_{1,6,2,3}->d_{1,3,2,6}, d_{1,6,2,4}->d_{1,3,2,4}, d_{1,6,2,5}->d_{1,3,2,5}, d_{1,6,2,7}->d_{1,3,2,7}, d_{1,6,2,8}->d_{1,3,2,8}, d_{1,6,2,9}->d_{1,3,2,9}, d_{1,6,2,10}->d_{1,3,2,10}, d_{1,6,2,11}->d_{1,3,2,11}, d_{1,6,3,4}->d_{1,3,4,6}, d_{1,6,3,5}->d_{1,3,5,6}, d_{1,6,3,7}->d_{1,3,6,7}, d_{1,6,3,8}->d_{1,3,6,8}, d_{1,6,3,9}->d_{1,3,6,9}, d_{1,6,3,10}->d_{1,3,6,10}, d_{1,6,3,11}->d_{1,3,6,11}, d_{1,6,4,5}->d_{1,3,4,5}, d_{1,6,4,7}->d_{1,3,4,7}, d_{1,6,4,8}->d_{1,3,4,8}, d_{1,6,4,9}->d_{1,3,4,9}, d_{1,6,4,10}->d_{1,3,4,10}, d_{1,6,4,11}->d_{1,3,4,11}, d_{1,6,5,7}->d_{1,3,5,7}, d_{1,6,5,8}->d_{1,3,5,8}, d_{1,6,5,9}->d_{1,3,5,9}, d_{1,6,5,10}->d_{1,3,5,10}, d_{1,6,5,11}->d_{1,3,5,11}, d_{1,6,7,8}->d_{1,3,7,8}, d_{1,6,7,9}->d_{1,3,7,9}, d_{1,6,7,10}->d_{1,3,7,10}, d_{1,6,7,11}->d_{1,3,7,11}, d_{1,6,8,9}->d_{1,3,8,9}, d_{1,6,8,10}->d_{1,3,8,10}, d_{1,6,8,11}->d_{1,3,8,11}, d_{1,6,9,10}->d_{1,3,9,10}, d_{1,6,9,11}->d_{1,3,9,11}, d_{1,6,10,11}->d_{1,3,10,11}, d_{1,7,0,3}->d_{1,7,0,6}, d_{1,7,0,6}->d_{1,7,0,3}, d_{1,7,2,3}->d_{1,7,2,6}, d_{1,7,2,6}->d_{1,7,2,3}, d_{1,7,3,4}->d_{1,7,4,6}, d_{1,7,3,5}->d_{1,7,5,6}, d_{1,7,3,8}->d_{1,7,6,8}, d_{1,7,3,9}->d_{1,7,6,9}, d_{1,7,3,10}->d_{1,7,6,10}, d_{1,7,3,11}->d_{1,7,6,11}, d_{1,7,4,6}->d_{1,7,3,4}, d_{1,7,5,6}->d_{1,7,3,5}, d_{1,7,6,8}->d_{1,7,3,8}, d_{1,7,6,9}->d_{1,7,3,9}, d_{1,7,6,10}->d_{1,7,3,10}, d_{1,7,6,11}->d_{1,7,3,11}, d_{1,8,0,3}->d_{1,8,0,6}, d_{1,8,0,6}->d_{1,8,0,3}, d_{1,8,2,3}->d_{1,8,2,6}, d_{1,8,2,6}->d_{1,8,2,3}, d_{1,8,3,4}->d_{1,8,4,6}, d_{1,8,3,5}->d_{1,8,5,6}, d_{1,8,3,7}->d_{1,8,6,7}, d_{1,8,3,9}->d_{1,8,6,9}, d_{1,8,3,10}->d_{1,8,6,10}, d_{1,8,3,11}->d_{1,8,6,11}, d_{1,8,4,6}->d_{1,8,3,4}, d_{1,8,5,6}->d_{1,8,3,5}, d_{1,8,6,7}->d_{1,8,3,7}, d_{1,8,6,9}->d_{1,8,3,9}, d_{1,8,6,10}->d_{1,8,3,10}, d_{1,8,6,11}->d_{1,8,3,11}, d_{1,9,0,3}->d_{1,9,0,6}, d_{1,9,0,6}->d_{1,9,0,3}, d_{1,9,2,3}->d_{1,9,2,6}, d_{1,9,2,6}->d_{1,9,2,3}, d_{1,9,3,4}->d_{1,9,4,6}, d_{1,9,3,5}->d_{1,9,5,6}, d_{1,9,3,7}->d_{1,9,6,7}, d_{1,9,3,8}->d_{1,9,6,8}, d_{1,9,3,10}->d_{1,9,6,10}, d_{1,9,3,11}->d_{1,9,6,11}, d_{1,9,4,6}->d_{1,9,3,4}, d_{1,9,5,6}->d_{1,9,3,5}, d_{1,9,6,7}->d_{1,9,3,7}, d_{1,9,6,8}->d_{1,9,3,8}, d_{1,9,6,10}->d_{1,9,3,10}, d_{1,9,6,11}->d_{1,9,3,11}, d_{1,10,0,3}->d_{1,10,0,6}, d_{1,10,0,6}->d_{1,10,0,3}, d_{1,10,2,3}->d_{1,10,2,6}, d_{1,10,2,6}->d_{1,10,2,3}, d_{1,10,3,4}->d_{1,10,4,6}, d_{1,10,3,5}->d_{1,10,5,6}, d_{1,10,3,7}->d_{1,10,6,7}, d_{1,10,3,8}->d_{1,10,6,8}, d_{1,10,3,9}->d_{1,10,6,9}, d_{1,10,3,11}->d_{1,10,6,11}, d_{1,10,4,6}->d_{1,10,3,4}, d_{1,10,5,6}->d_{1,10,3,5}, d_{1,10,6,7}->d_{1,10,3,7}, d_{1,10,6,8}->d_{1,10,3,8}, d_{1,10,6,9}->d_{1,10,3,9}, d_{1,10,6,11}->d_{1,10,3,11}, d_{1,11,0,3}->d_{1,11,0,6}, d_{1,11,0,6}->d_{1,11,0,3}, d_{1,11,2,3}->d_{1,11,2,6}, d_{1,11,2,6}->d_{1,11,2,3}, d_{1,11,3,4}->d_{1,11,4,6}, d_{1,11,3,5}->d_{1,11,5,6}, d_{1,11,3,7}->d_{1,11,6,7}, d_{1,11,3,8}->d_{1,11,6,8}, d_{1,11,3,9}->d_{1,11,6,9}, d_{1,11,3,10}->d_{1,11,6,10}, d_{1,11,4,6}->d_{1,11,3,4}, d_{1,11,5,6}->d_{1,11,3,5}, d_{1,11,6,7}->d_{1,11,3,7}, d_{1,11,6,8}->d_{1,11,3,8}, d_{1,11,6,9}->d_{1,11,3,9}, d_{1,11,6,10}->d_{1,11,3,10}, d_{2,3,0,1}->d_{2,6,0,1}, d_{2,3,0,4}->d_{2,6,0,4}, d_{2,3,0,5}->d_{2,6,0,5}, d_{2,3,0,6}->d_{2,6,0,3}, d_{2,3,0,7}->d_{2,6,0,7}, d_{2,3,0,8}->d_{2,6,0,8}, d_{2,3,0,9}->d_{2,6,0,9}, d_{2,3,0,10}->d_{2,6,0,10}, d_{2,3,0,11}->d_{2,6,0,11}, d_{2,3,1,4}->d_{2,6,1,4}, d_{2,3,1,5}->d_{2,6,1,5}, d_{2,3,1,6}->d_{2,6,1,3}, d_{2,3,1,7}->d_{2,6,1,7}, d_{2,3,1,8}->d_{2,6,1,8}, d_{2,3,1,9}->d_{2,6,1,9}, d_{2,3,1,10}->d_{2,6,1,10}, d_{2,3,1,11}->d_{2,6,1,11}, d_{2,3,4,5}->d_{2,6,4,5}, d_{2,3,4,6}->d_{2,6,3,4}, d_{2,3,4,7}->d_{2,6,4,7}, d_{2,3,4,8}->d_{2,6,4,8}, d_{2,3,4,9}->d_{2,6,4,9}, d_{2,3,4,10}->d_{2,6,4,10}, d_{2,3,4,11}->d_{2,6,4,11}, d_{2,3,5,6}->d_{2,6,3,5}, d_{2,3,5,7}->d_{2,6,5,7}, d_{2,3,5,8}->d_{2,6,5,8}, d_{2,3,5,9}->d_{2,6,5,9}, d_{2,3,5,10}->d_{2,6,5,10}, d_{2,3,5,11}->d_{2,6,5,11}, d_{2,3,6,7}->d_{2,6,3,7}, d_{2,3,6,8}->d_{2,6,3,8}, d_{2,3,6,9}->d_{2,6,3,9}, d_{2,3,6,10}->d_{2,6,3,10}, d_{2,3,6,11}->d_{2,6,3,11}, d_{2,3,7,8}->d_{2,6,7,8}, d_{2,3,7,9}->d_{2,6,7,9}, d_{2,3,7,10}->d_{2,6,7,10}, d_{2,3,7,11}->d_{2,6,7,11}, d_{2,3,8,9}->d_{2,6,8,9}, d_{2,3,8,10}->d_{2,6,8,10}, d_{2,3,8,11}->d_{2,6,8,11}, d_{2,3,9,10}->d_{2,6,9,10}, d_{2,3,9,11}->d_{2,6,9,11}, d_{2,3,10,11}->d_{2,6,10,11}, d_{2,4,0,3}->d_{2,4,0,6}, d_{2,4,0,6}->d_{2,4,0,3}, d_{2,4,1,3}->d_{2,4,1,6}, d_{2,4,1,6}->d_{2,4,1,3}, d_{2,4,3,5}->d_{2,4,5,6}, d_{2,4,3,7}->d_{2,4,6,7}, d_{2,4,3,8}->d_{2,4,6,8}, d_{2,4,3,9}->d_{2,4,6,9}, d_{2,4,3,10}->d_{2,4,6,10}, d_{2,4,3,11}->d_{2,4,6,11}, d_{2,4,5,6}->d_{2,4,3,5}, d_{2,4,6,7}->d_{2,4,3,7}, d_{2,4,6,8}->d_{2,4,3,8}, d_{2,4,6,9}->d_{2,4,3,9}, d_{2,4,6,10}->d_{2,4,3,10}, d_{2,4,6,11}->d_{2,4,3,11}, d_{2,5,0,3}->d_{2,5,0,6}, d_{2,5,0,6}->d_{2,5,0,3}, d_{2,5,1,3}->d_{2,5,1,6}, d_{2,5,1,6}->d_{2,5,1,3}, d_{2,5,3,4}->d_{2,5,4,6}, d_{2,5,3,7}->d_{2,5,6,7}, d_{2,5,3,8}->d_{2,5,6,8}, d_{2,5,3,9}->d_{2,5,6,9}, d_{2,5,3,10}->d_{2,5,6,10}, d_{2,5,3,11}->d_{2,5,6,11}, d_{2,5,4,6}->d_{2,5,3,4}, d_{2,5,6,7}->d_{2,5,3,7}, d_{2,5,6,8}->d_{2,5,3,8}, d_{2,5,6,9}->d_{2,5,3,9}, d_{2,5,6,10}->d_{2,5,3,10}, d_{2,5,6,11}->d_{2,5,3,11}, d_{2,6,0,1}->d_{2,3,0,1}, d_{2,6,0,3}->d_{2,3,0,6}, d_{2,6,0,4}->d_{2,3,0,4}, d_{2,6,0,5}->d_{2,3,0,5}, d_{2,6,0,7}->d_{2,3,0,7}, d_{2,6,0,8}->d_{2,3,0,8}, d_{2,6,0,9}->d_{2,3,0,9}, d_{2,6,0,10}->d_{2,3,0,10}, d_{2,6,0,11}->d_{2,3,0,11}, d_{2,6,1,3}->d_{2,3,1,6}, d_{2,6,1,4}->d_{2,3,1,4}, d_{2,6,1,5}->d_{2,3,1,5}, d_{2,6,1,7}->d_{2,3,1,7}, d_{2,6,1,8}->d_{2,3,1,8}, d_{2,6,1,9}->d_{2,3,1,9}, d_{2,6,1,10}->d_{2,3,1,10}, d_{2,6,1,11}->d_{2,3,1,11}, d_{2,6,3,4}->d_{2,3,4,6}, d_{2,6,3,5}->d_{2,3,5,6}, d_{2,6,3,7}->d_{2,3,6,7}, d_{2,6,3,8}->d_{2,3,6,8}, d_{2,6,3,9}->d_{2,3,6,9}, d_{2,6,3,10}->d_{2,3,6,10}, d_{2,6,3,11}->d_{2,3,6,11}, d_{2,6,4,5}->d_{2,3,4,5}, d_{2,6,4,7}->d_{2,3,4,7}, d_{2,6,4,8}->d_{2,3,4,8}, d_{2,6,4,9}->d_{2,3,4,9}, d_{2,6,4,10}->d_{2,3,4,10}, d_{2,6,4,11}->d_{2,3,4,11}, d_{2,6,5,7}->d_{2,3,5,7}, d_{2,6,5,8}->d_{2,3,5,8}, d_{2,6,5,9}->d_{2,3,5,9}, d_{2,6,5,10}->d_{2,3,5,10}, d_{2,6,5,11}->d_{2,3,5,11}, d_{2,6,7,8}->d_{2,3,7,8}, d_{2,6,7,9}->d_{2,3,7,9}, d_{2,6,7,10}->d_{2,3,7,10}, d_{2,6,7,11}->d_{2,3,7,11}, d_{2,6,8,9}->d_{2,3,8,9}, d_{2,6,8,10}->d_{2,3,8,10}, d_{2,6,8,11}->d_{2,3,8,11}, d_{2,6,9,10}->d_{2,3,9,10}, d_{2,6,9,11}->d_{2,3,9,11}, d_{2,6,10,11}->d_{2,3,10,11}, d_{2,7,0,3}->d_{2,7,0,6}, d_{2,7,0,6}->d_{2,7,0,3}, d_{2,7,1,3}->d_{2,7,1,6}, d_{2,7,1,6}->d_{2,7,1,3}, d_{2,7,3,4}->d_{2,7,4,6}, d_{2,7,3,5}->d_{2,7,5,6}, d_{2,7,3,8}->d_{2,7,6,8}, d_{2,7,3,9}->d_{2,7,6,9}, d_{2,7,3,10}->d_{2,7,6,10}, d_{2,7,3,11}->d_{2,7,6,11}, d_{2,7,4,6}->d_{2,7,3,4}, d_{2,7,5,6}->d_{2,7,3,5}, d_{2,7,6,8}->d_{2,7,3,8}, d_{2,7,6,9}->d_{2,7,3,9}, d_{2,7,6,10}->d_{2,7,3,10}, d_{2,7,6,11}->d_{2,7,3,11}, d_{2,8,0,3}->d_{2,8,0,6}, d_{2,8,0,6}->d_{2,8,0,3}, d_{2,8,1,3}->d_{2,8,1,6}, d_{2,8,1,6}->d_{2,8,1,3}, d_{2,8,3,4}->d_{2,8,4,6}, d_{2,8,3,5}->d_{2,8,5,6}, d_{2,8,3,7}->d_{2,8,6,7}, d_{2,8,3,9}->d_{2,8,6,9}, d_{2,8,3,10}->d_{2,8,6,10}, d_{2,8,3,11}->d_{2,8,6,11}, d_{2,8,4,6}->d_{2,8,3,4}, d_{2,8,5,6}->d_{2,8,3,5}, d_{2,8,6,7}->d_{2,8,3,7}, d_{2,8,6,9}->d_{2,8,3,9}, d_{2,8,6,10}->d_{2,8,3,10}, d_{2,8,6,11}->d_{2,8,3,11}, d_{2,9,0,3}->d_{2,9,0,6}, d_{2,9,0,6}->d_{2,9,0,3}, d_{2,9,1,3}->d_{2,9,1,6}, d_{2,9,1,6}->d_{2,9,1,3}, d_{2,9,3,4}->d_{2,9,4,6}, d_{2,9,3,5}->d_{2,9,5,6}, d_{2,9,3,7}->d_{2,9,6,7}, d_{2,9,3,8}->d_{2,9,6,8}, d_{2,9,3,10}->d_{2,9,6,10}, d_{2,9,3,11}->d_{2,9,6,11}, d_{2,9,4,6}->d_{2,9,3,4}, d_{2,9,5,6}->d_{2,9,3,5}, d_{2,9,6,7}->d_{2,9,3,7}, d_{2,9,6,8}->d_{2,9,3,8}, d_{2,9,6,10}->d_{2,9,3,10}, d_{2,9,6,11}->d_{2,9,3,11}, d_{2,10,0,3}->d_{2,10,0,6}, d_{2,10,0,6}->d_{2,10,0,3}, d_{2,10,1,3}->d_{2,10,1,6}, d_{2,10,1,6}->d_{2,10,1,3}, d_{2,10,3,4}->d_{2,10,4,6}, d_{2,10,3,5}->d_{2,10,5,6}, d_{2,10,3,7}->d_{2,10,6,7}, d_{2,10,3,8}->d_{2,10,6,8}, d_{2,10,3,9}->d_{2,10,6,9}, d_{2,10,3,11}->d_{2,10,6,11}, d_{2,10,4,6}->d_{2,10,3,4}, d_{2,10,5,6}->d_{2,10,3,5}, d_{2,10,6,7}->d_{2,10,3,7}, d_{2,10,6,8}->d_{2,10,3,8}, d_{2,10,6,9}->d_{2,10,3,9}, d_{2,10,6,11}->d_{2,10,3,11}, d_{2,11,0,3}->d_{2,11,0,6}, d_{2,11,0,6}->d_{2,11,0,3}, d_{2,11,1,3}->d_{2,11,1,6}, d_{2,11,1,6}->d_{2,11,1,3}, d_{2,11,3,4}->d_{2,11,4,6}, d_{2,11,3,5}->d_{2,11,5,6}, d_{2,11,3,7}->d_{2,11,6,7}, d_{2,11,3,8}->d_{2,11,6,8}, d_{2,11,3,9}->d_{2,11,6,9}, d_{2,11,3,10}->d_{2,11,6,10}, d_{2,11,4,6}->d_{2,11,3,4}, d_{2,11,5,6}->d_{2,11,3,5}, d_{2,11,6,7}->d_{2,11,3,7}, d_{2,11,6,8}->d_{2,11,3,8}, d_{2,11,6,9}->d_{2,11,3,9}, d_{2,11,6,10}->d_{2,11,3,10}, d_{3,4,0,1}->d_{4,6,0,1}, d_{3,4,0,2}->d_{4,6,0,2}, d_{3,4,0,5}->d_{4,6,0,5}, d_{3,4,0,6}->d_{4,6,0,3}, d_{3,4,0,7}->d_{4,6,0,7}, d_{3,4,0,8}->d_{4,6,0,8}, d_{3,4,0,9}->d_{4,6,0,9}, d_{3,4,0,10}->d_{4,6,0,10}, d_{3,4,0,11}->d_{4,6,0,11}, d_{3,4,1,2}->d_{4,6,1,2}, d_{3,4,1,5}->d_{4,6,1,5}, d_{3,4,1,6}->d_{4,6,1,3}, d_{3,4,1,7}->d_{4,6,1,7}, d_{3,4,1,8}->d_{4,6,1,8}, d_{3,4,1,9}->d_{4,6,1,9}, d_{3,4,1,10}->d_{4,6,1,10}, d_{3,4,1,11}->d_{4,6,1,11}, d_{3,4,2,5}->d_{4,6,2,5}, d_{3,4,2,6}->d_{4,6,2,3}, d_{3,4,2,7}->d_{4,6,2,7}, d_{3,4,2,8}->d_{4,6,2,8}, d_{3,4,2,9}->d_{4,6,2,9}, d_{3,4,2,10}->d_{4,6,2,10}, d_{3,4,2,11}->d_{4,6,2,11}, d_{3,4,5,6}->d_{4,6,3,5}, d_{3,4,5,7}->d_{4,6,5,7}, d_{3,4,5,8}->d_{4,6,5,8}, d_{3,4,5,9}->d_{4,6,5,9}, d_{3,4,5,10}->d_{4,6,5,10}, d_{3,4,5,11}->d_{4,6,5,11}, d_{3,4,6,7}->d_{4,6,3,7}, d_{3,4,6,8}->d_{4,6,3,8}, d_{3,4,6,9}->d_{4,6,3,9}, d_{3,4,6,10}->d_{4,6,3,10}, d_{3,4,6,11}->d_{4,6,3,11}, d_{3,4,7,8}->d_{4,6,7,8}, d_{3,4,7,9}->d_{4,6,7,9}, d_{3,4,7,10}->d_{4,6,7,10}, d_{3,4,7,11}->d_{4,6,7,11}, d_{3,4,8,9}->d_{4,6,8,9}, d_{3,4,8,10}->d_{4,6,8,10}, d_{3,4,8,11}->d_{4,6,8,11}, d_{3,4,9,10}->d_{4,6,9,10}, d_{3,4,9,11}->d_{4,6,9,11}, d_{3,4,10,11}->d_{4,6,10,11}, d_{3,5,0,1}->d_{5,6,0,1}, d_{3,5,0,2}->d_{5,6,0,2}, d_{3,5,0,4}->d_{5,6,0,4}, d_{3,5,0,6}->d_{5,6,0,3}, d_{3,5,0,7}->d_{5,6,0,7}, d_{3,5,0,8}->d_{5,6,0,8}, d_{3,5,0,9}->d_{5,6,0,9}, d_{3,5,0,10}->d_{5,6,0,10}, d_{3,5,0,11}->d_{5,6,0,11}, d_{3,5,1,2}->d_{5,6,1,2}, d_{3,5,1,4}->d_{5,6,1,4}, d_{3,5,1,6}->d_{5,6,1,3}, d_{3,5,1,7}->d_{5,6,1,7}, d_{3,5,1,8}->d_{5,6,1,8}, d_{3,5,1,9}->d_{5,6,1,9}, d_{3,5,1,10}->d_{5,6,1,10}, d_{3,5,1,11}->d_{5,6,1,11}, d_{3,5,2,4}->d_{5,6,2,4}, d_{3,5,2,6}->d_{5,6,2,3}, d_{3,5,2,7}->d_{5,6,2,7}, d_{3,5,2,8}->d_{5,6,2,8}, d_{3,5,2,9}->d_{5,6,2,9}, d_{3,5,2,10}->d_{5,6,2,10}, d_{3,5,2,11}->d_{5,6,2,11}, d_{3,5,4,6}->d_{5,6,3,4}, d_{3,5,4,7}->d_{5,6,4,7}, d_{3,5,4,8}->d_{5,6,4,8}, d_{3,5,4,9}->d_{5,6,4,9}, d_{3,5,4,10}->d_{5,6,4,10}, d_{3,5,4,11}->d_{5,6,4,11}, d_{3,5,6,7}->d_{5,6,3,7}, d_{3,5,6,8}->d_{5,6,3,8}, d_{3,5,6,9}->d_{5,6,3,9}, d_{3,5,6,10}->d_{5,6,3,10}, d_{3,5,6,11}->d_{5,6,3,11}, d_{3,5,7,8}->d_{5,6,7,8}, d_{3,5,7,9}->d_{5,6,7,9}, d_{3,5,7,10}->d_{5,6,7,10}, d_{3,5,7,11}->d_{5,6,7,11}, d_{3,5,8,9}->d_{5,6,8,9}, d_{3,5,8,10}->d_{5,6,8,10}, d_{3,5,8,11}->d_{5,6,8,11}, d_{3,5,9,10}->d_{5,6,9,10}, d_{3,5,9,11}->d_{5,6,9,11}, d_{3,5,10,11}->d_{5,6,10,11}, d_{3,7,0,1}->d_{6,7,0,1}, d_{3,7,0,2}->d_{6,7,0,2}, d_{3,7,0,4}->d_{6,7,0,4}, d_{3,7,0,5}->d_{6,7,0,5}, d_{3,7,0,6}->d_{6,7,0,3}, d_{3,7,0,8}->d_{6,7,0,8}, d_{3,7,0,9}->d_{6,7,0,9}, d_{3,7,0,10}->d_{6,7,0,10}, d_{3,7,0,11}->d_{6,7,0,11}, d_{3,7,1,2}->d_{6,7,1,2}, d_{3,7,1,4}->d_{6,7,1,4}, d_{3,7,1,5}->d_{6,7,1,5}, d_{3,7,1,6}->d_{6,7,1,3}, d_{3,7,1,8}->d_{6,7,1,8}, d_{3,7,1,9}->d_{6,7,1,9}, d_{3,7,1,10}->d_{6,7,1,10}, d_{3,7,1,11}->d_{6,7,1,11}, d_{3,7,2,4}->d_{6,7,2,4}, d_{3,7,2,5}->d_{6,7,2,5}, d_{3,7,2,6}->d_{6,7,2,3}, d_{3,7,2,8}->d_{6,7,2,8}, d_{3,7,2,9}->d_{6,7,2,9}, d_{3,7,2,10}->d_{6,7,2,10}, d_{3,7,2,11}->d_{6,7,2,11}, d_{3,7,4,5}->d_{6,7,4,5}, d_{3,7,4,6}->d_{6,7,3,4}, d_{3,7,4,8}->d_{6,7,4,8}, d_{3,7,4,9}->d_{6,7,4,9}, d_{3,7,4,10}->d_{6,7,4,10}, d_{3,7,4,11}->d_{6,7,4,11}, d_{3,7,5,6}->d_{6,7,3,5}, d_{3,7,5,8}->d_{6,7,5,8}, d_{3,7,5,9}->d_{6,7,5,9}, d_{3,7,5,10}->d_{6,7,5,10}, d_{3,7,5,11}->d_{6,7,5,11}, d_{3,7,6,8}->d_{6,7,3,8}, d_{3,7,6,9}->d_{6,7,3,9}, d_{3,7,6,10}->d_{6,7,3,10}, d_{3,7,6,11}->d_{6,7,3,11}, d_{3,7,8,9}->d_{6,7,8,9}, d_{3,7,8,10}->d_{6,7,8,10}, d_{3,7,8,11}->d_{6,7,8,11}, d_{3,7,9,10}->d_{6,7,9,10}, d_{3,7,9,11}->d_{6,7,9,11}, d_{3,7,10,11}->d_{6,7,10,11}, d_{3,8,0,1}->d_{6,8,0,1}, d_{3,8,0,2}->d_{6,8,0,2}, d_{3,8,0,4}->d_{6,8,0,4}, d_{3,8,0,5}->d_{6,8,0,5}, d_{3,8,0,6}->d_{6,8,0,3}, d_{3,8,0,7}->d_{6,8,0,7}, d_{3,8,0,9}->d_{6,8,0,9}, d_{3,8,0,10}->d_{6,8,0,10}, d_{3,8,0,11}->d_{6,8,0,11}, d_{3,8,1,2}->d_{6,8,1,2}, d_{3,8,1,4}->d_{6,8,1,4}, d_{3,8,1,5}->d_{6,8,1,5}, d_{3,8,1,6}->d_{6,8,1,3}, d_{3,8,1,7}->d_{6,8,1,7}, d_{3,8,1,9}->d_{6,8,1,9}, d_{3,8,1,10}->d_{6,8,1,10}, d_{3,8,1,11}->d_{6,8,1,11}, d_{3,8,2,4}->d_{6,8,2,4}, d_{3,8,2,5}->d_{6,8,2,5}, d_{3,8,2,6}->d_{6,8,2,3}, d_{3,8,2,7}->d_{6,8,2,7}, d_{3,8,2,9}->d_{6,8,2,9}, d_{3,8,2,10}->d_{6,8,2,10}, d_{3,8,2,11}->d_{6,8,2,11}, d_{3,8,4,5}->d_{6,8,4,5}, d_{3,8,4,6}->d_{6,8,3,4}, d_{3,8,4,7}->d_{6,8,4,7}, d_{3,8,4,9}->d_{6,8,4,9}, d_{3,8,4,10}->d_{6,8,4,10}, d_{3,8,4,11}->d_{6,8,4,11}, d_{3,8,5,6}->d_{6,8,3,5}, d_{3,8,5,7}->d_{6,8,5,7}, d_{3,8,5,9}->d_{6,8,5,9}, d_{3,8,5,10}->d_{6,8,5,10}, d_{3,8,5,11}->d_{6,8,5,11}, d_{3,8,6,7}->d_{6,8,3,7}, d_{3,8,6,9}->d_{6,8,3,9}, d_{3,8,6,10}->d_{6,8,3,10}, d_{3,8,6,11}->d_{6,8,3,11}, d_{3,8,7,9}->d_{6,8,7,9}, d_{3,8,7,10}->d_{6,8,7,10}, d_{3,8,7,11}->d_{6,8,7,11}, d_{3,8,9,10}->d_{6,8,9,10}, d_{3,8,9,11}->d_{6,8,9,11}, d_{3,8,10,11}->d_{6,8,10,11}, d_{3,9,0,1}->d_{6,9,0,1}, d_{3,9,0,2}->d_{6,9,0,2}, d_{3,9,0,4}->d_{6,9,0,4}, d_{3,9,0,5}->d_{6,9,0,5}, d_{3,9,0,6}->d_{6,9,0,3}, d_{3,9,0,7}->d_{6,9,0,7}, d_{3,9,0,8}->d_{6,9,0,8}, d_{3,9,0,10}->d_{6,9,0,10}, d_{3,9,0,11}->d_{6,9,0,11}, d_{3,9,1,2}->d_{6,9,1,2}, d_{3,9,1,4}->d_{6,9,1,4}, d_{3,9,1,5}->d_{6,9,1,5}, d_{3,9,1,6}->d_{6,9,1,3}, d_{3,9,1,7}->d_{6,9,1,7}, d_{3,9,1,8}->d_{6,9,1,8}, d_{3,9,1,10}->d_{6,9,1,10}, d_{3,9,1,11}->d_{6,9,1,11}, d_{3,9,2,4}->d_{6,9,2,4}, d_{3,9,2,5}->d_{6,9,2,5}, d_{3,9,2,6}->d_{6,9,2,3}, d_{3,9,2,7}->d_{6,9,2,7}, d_{3,9,2,8}->d_{6,9,2,8}, d_{3,9,2,10}->d_{6,9,2,10}, d_{3,9,2,11}->d_{6,9,2,11}, d_{3,9,4,5}->d_{6,9,4,5}, d_{3,9,4,6}->d_{6,9,3,4}, d_{3,9,4,7}->d_{6,9,4,7}, d_{3,9,4,8}->d_{6,9,4,8}, d_{3,9,4,10}->d_{6,9,4,10}, d_{3,9,4,11}->d_{6,9,4,11}, d_{3,9,5,6}->d_{6,9,3,5}, d_{3,9,5,7}->d_{6,9,5,7}, d_{3,9,5,8}->d_{6,9,5,8}, d_{3,9,5,10}->d_{6,9,5,10}, d_{3,9,5,11}->d_{6,9,5,11}, d_{3,9,6,7}->d_{6,9,3,7}, d_{3,9,6,8}->d_{6,9,3,8}, d_{3,9,6,10}->d_{6,9,3,10}, d_{3,9,6,11}->d_{6,9,3,11}, d_{3,9,7,8}->d_{6,9,7,8}, d_{3,9,7,10}->d_{6,9,7,10}, d_{3,9,7,11}->d_{6,9,7,11}, d_{3,9,8,10}->d_{6,9,8,10}, d_{3,9,8,11}->d_{6,9,8,11}, d_{3,9,10,11}->d_{6,9,10,11}, d_{3,10,0,1}->d_{6,10,0,1}, d_{3,10,0,2}->d_{6,10,0,2}, d_{3,10,0,4}->d_{6,10,0,4}, d_{3,10,0,5}->d_{6,10,0,5}, d_{3,10,0,6}->d_{6,10,0,3}, d_{3,10,0,7}->d_{6,10,0,7}, d_{3,10,0,8}->d_{6,10,0,8}, d_{3,10,0,9}->d_{6,10,0,9}, d_{3,10,0,11}->d_{6,10,0,11}, d_{3,10,1,2}->d_{6,10,1,2}, d_{3,10,1,4}->d_{6,10,1,4}, d_{3,10,1,5}->d_{6,10,1,5}, d_{3,10,1,6}->d_{6,10,1,3}, d_{3,10,1,7}->d_{6,10,1,7}, d_{3,10,1,8}->d_{6,10,1,8}, d_{3,10,1,9}->d_{6,10,1,9}, d_{3,10,1,11}->d_{6,10,1,11}, d_{3,10,2,4}->d_{6,10,2,4}, d_{3,10,2,5}->d_{6,10,2,5}, d_{3,10,2,6}->d_{6,10,2,3}, d_{3,10,2,7}->d_{6,10,2,7}, d_{3,10,2,8}->d_{6,10,2,8}, d_{3,10,2,9}->d_{6,10,2,9}, d_{3,10,2,11}->d_{6,10,2,11}, d_{3,10,4,5}->d_{6,10,4,5}, d_{3,10,4,6}->d_{6,10,3,4}, d_{3,10,4,7}->d_{6,10,4,7}, d_{3,10,4,8}->d_{6,10,4,8}, d_{3,10,4,9}->d_{6,10,4,9}, d_{3,10,4,11}->d_{6,10,4,11}, d_{3,10,5,6}->d_{6,10,3,5}, d_{3,10,5,7}->d_{6,10,5,7}, d_{3,10,5,8}->d_{6,10,5,8}, d_{3,10,5,9}->d_{6,10,5,9}, d_{3,10,5,11}->d_{6,10,5,11}, d_{3,10,6,7}->d_{6,10,3,7}, d_{3,10,6,8}->d_{6,10,3,8}, d_{3,10,6,9}->d_{6,10,3,9}, d_{3,10,6,11}->d_{6,10,3,11}, d_{3,10,7,8}->d_{6,10,7,8}, d_{3,10,7,9}->d_{6,10,7,9}, d_{3,10,7,11}->d_{6,10,7,11}, d_{3,10,8,9}->d_{6,10,8,9}, d_{3,10,8,11}->d_{6,10,8,11}, d_{3,10,9,11}->d_{6,10,9,11}, d_{3,11,0,1}->d_{6,11,0,1}, d_{3,11,0,2}->d_{6,11,0,2}, d_{3,11,0,4}->d_{6,11,0,4}, d_{3,11,0,5}->d_{6,11,0,5}, d_{3,11,0,6}->d_{6,11,0,3}, d_{3,11,0,7}->d_{6,11,0,7}, d_{3,11,0,8}->d_{6,11,0,8}, d_{3,11,0,9}->d_{6,11,0,9}, d_{3,11,0,10}->d_{6,11,0,10}, d_{3,11,1,2}->d_{6,11,1,2}, d_{3,11,1,4}->d_{6,11,1,4}, d_{3,11,1,5}->d_{6,11,1,5}, d_{3,11,1,6}->d_{6,11,1,3}, d_{3,11,1,7}->d_{6,11,1,7}, d_{3,11,1,8}->d_{6,11,1,8}, d_{3,11,1,9}->d_{6,11,1,9}, d_{3,11,1,10}->d_{6,11,1,10}, d_{3,11,2,4}->d_{6,11,2,4}, d_{3,11,2,5}->d_{6,11,2,5}, d_{3,11,2,6}->d_{6,11,2,3}, d_{3,11,2,7}->d_{6,11,2,7}, d_{3,11,2,8}->d_{6,11,2,8}, d_{3,11,2,9}->d_{6,11,2,9}, d_{3,11,2,10}->d_{6,11,2,10}, d_{3,11,4,5}->d_{6,11,4,5}, d_{3,11,4,6}->d_{6,11,3,4}, d_{3,11,4,7}->d_{6,11,4,7}, d_{3,11,4,8}->d_{6,11,4,8}, d_{3,11,4,9}->d_{6,11,4,9}, d_{3,11,4,10}->d_{6,11,4,10}, d_{3,11,5,6}->d_{6,11,3,5}, d_{3,11,5,7}->d_{6,11,5,7}, d_{3,11,5,8}->d_{6,11,5,8}, d_{3,11,5,9}->d_{6,11,5,9}, d_{3,11,5,10}->d_{6,11,5,10}, d_{3,11,6,7}->d_{6,11,3,7}, d_{3,11,6,8}->d_{6,11,3,8}, d_{3,11,6,9}->d_{6,11,3,9}, d_{3,11,6,10}->d_{6,11,3,10}, d_{3,11,7,8}->d_{6,11,7,8}, d_{3,11,7,9}->d_{6,11,7,9}, d_{3,11,7,10}->d_{6,11,7,10}, d_{3,11,8,9}->d_{6,11,8,9}, d_{3,11,8,10}->d_{6,11,8,10}, d_{3,11,9,10}->d_{6,11,9,10}, d_{4,5,0,3}->d_{4,5,0,6}, d_{4,5,0,6}->d_{4,5,0,3}, d_{4,5,1,3}->d_{4,5,1,6}, d_{4,5,1,6}->d_{4,5,1,3}, d_{4,5,2,3}->d_{4,5,2,6}, d_{4,5,2,6}->d_{4,5,2,3}, d_{4,5,3,7}->d_{4,5,6,7}, d_{4,5,3,8}->d_{4,5,6,8}, d_{4,5,3,9}->d_{4,5,6,9}, d_{4,5,3,10}->d_{4,5,6,10}, d_{4,5,3,11}->d_{4,5,6,11}, d_{4,5,6,7}->d_{4,5,3,7}, d_{4,5,6,8}->d_{4,5,3,8}, d_{4,5,6,9}->d_{4,5,3,9}, d_{4,5,6,10}->d_{4,5,3,10}, d_{4,5,6,11}->d_{4,5,3,11}, d_{4,6,0,1}->d_{3,4,0,1}, d_{4,6,0,2}->d_{3,4,0,2}, d_{4,6,0,3}->d_{3,4,0,6}, d_{4,6,0,5}->d_{3,4,0,5}, d_{4,6,0,7}->d_{3,4,0,7}, d_{4,6,0,8}->d_{3,4,0,8}, d_{4,6,0,9}->d_{3,4,0,9}, d_{4,6,0,10}->d_{3,4,0,10}, d_{4,6,0,11}->d_{3,4,0,11}, d_{4,6,1,2}->d_{3,4,1,2}, d_{4,6,1,3}->d_{3,4,1,6}, d_{4,6,1,5}->d_{3,4,1,5}, d_{4,6,1,7}->d_{3,4,1,7}, d_{4,6,1,8}->d_{3,4,1,8}, d_{4,6,1,9}->d_{3,4,1,9}, d_{4,6,1,10}->d_{3,4,1,10}, d_{4,6,1,11}->d_{3,4,1,11}, d_{4,6,2,3}->d_{3,4,2,6}, d_{4,6,2,5}->d_{3,4,2,5}, d_{4,6,2,7}->d_{3,4,2,7}, d_{4,6,2,8}->d_{3,4,2,8}, d_{4,6,2,9}->d_{3,4,2,9}, d_{4,6,2,10}->d_{3,4,2,10}, d_{4,6,2,11}->d_{3,4,2,11}, d_{4,6,3,5}->d_{3,4,5,6}, d_{4,6,3,7}->d_{3,4,6,7}, d_{4,6,3,8}->d_{3,4,6,8}, d_{4,6,3,9}->d_{3,4,6,9}, d_{4,6,3,10}->d_{3,4,6,10}, d_{4,6,3,11}->d_{3,4,6,11}, d_{4,6,5,7}->d_{3,4,5,7}, d_{4,6,5,8}->d_{3,4,5,8}, d_{4,6,5,9}->d_{3,4,5,9}, d_{4,6,5,10}->d_{3,4,5,10}, d_{4,6,5,11}->d_{3,4,5,11}, d_{4,6,7,8}->d_{3,4,7,8}, d_{4,6,7,9}->d_{3,4,7,9}, d_{4,6,7,10}->d_{3,4,7,10}, d_{4,6,7,11}->d_{3,4,7,11}, d_{4,6,8,9}->d_{3,4,8,9}, d_{4,6,8,10}->d_{3,4,8,10}, d_{4,6,8,11}->d_{3,4,8,11}, d_{4,6,9,10}->d_{3,4,9,10}, d_{4,6,9,11}->d_{3,4,9,11}, d_{4,6,10,11}->d_{3,4,10,11}, d_{4,7,0,3}->d_{4,7,0,6}, d_{4,7,0,6}->d_{4,7,0,3}, d_{4,7,1,3}->d_{4,7,1,6}, d_{4,7,1,6}->d_{4,7,1,3}, d_{4,7,2,3}->d_{4,7,2,6}, d_{4,7,2,6}->d_{4,7,2,3}, d_{4,7,3,5}->d_{4,7,5,6}, d_{4,7,3,8}->d_{4,7,6,8}, d_{4,7,3,9}->d_{4,7,6,9}, d_{4,7,3,10}->d_{4,7,6,10}, d_{4,7,3,11}->d_{4,7,6,11}, d_{4,7,5,6}->d_{4,7,3,5}, d_{4,7,6,8}->d_{4,7,3,8}, d_{4,7,6,9}->d_{4,7,3,9}, d_{4,7,6,10}->d_{4,7,3,10}, d_{4,7,6,11}->d_{4,7,3,11}, d_{4,8,0,3}->d_{4,8,0,6}, d_{4,8,0,6}->d_{4,8,0,3}, d_{4,8,1,3}->d_{4,8,1,6}, d_{4,8,1,6}->d_{4,8,1,3}, d_{4,8,2,3}->d_{4,8,2,6}, d_{4,8,2,6}->d_{4,8,2,3}, d_{4,8,3,5}->d_{4,8,5,6}, d_{4,8,3,7}->d_{4,8,6,7}, d_{4,8,3,9}->d_{4,8,6,9}, d_{4,8,3,10}->d_{4,8,6,10}, d_{4,8,3,11}->d_{4,8,6,11}, d_{4,8,5,6}->d_{4,8,3,5}, d_{4,8,6,7}->d_{4,8,3,7}, d_{4,8,6,9}->d_{4,8,3,9}, d_{4,8,6,10}->d_{4,8,3,10}, d_{4,8,6,11}->d_{4,8,3,11}, d_{4,9,0,3}->d_{4,9,0,6}, d_{4,9,0,6}->d_{4,9,0,3}, d_{4,9,1,3}->d_{4,9,1,6}, d_{4,9,1,6}->d_{4,9,1,3}, d_{4,9,2,3}->d_{4,9,2,6}, d_{4,9,2,6}->d_{4,9,2,3}, d_{4,9,3,5}->d_{4,9,5,6}, d_{4,9,3,7}->d_{4,9,6,7}, d_{4,9,3,8}->d_{4,9,6,8}, d_{4,9,3,10}->d_{4,9,6,10}, d_{4,9,3,11}->d_{4,9,6,11}, d_{4,9,5,6}->d_{4,9,3,5}, d_{4,9,6,7}->d_{4,9,3,7}, d_{4,9,6,8}->d_{4,9,3,8}, d_{4,9,6,10}->d_{4,9,3,10}, d_{4,9,6,11}->d_{4,9,3,11}, d_{4,10,0,3}->d_{4,10,0,6}, d_{4,10,0,6}->d_{4,10,0,3}, d_{4,10,1,3}->d_{4,10,1,6}, d_{4,10,1,6}->d_{4,10,1,3}, d_{4,10,2,3}->d_{4,10,2,6}, d_{4,10,2,6}->d_{4,10,2,3}, d_{4,10,3,5}->d_{4,10,5,6}, d_{4,10,3,7}->d_{4,10,6,7}, d_{4,10,3,8}->d_{4,10,6,8}, d_{4,10,3,9}->d_{4,10,6,9}, d_{4,10,3,11}->d_{4,10,6,11}, d_{4,10,5,6}->d_{4,10,3,5}, d_{4,10,6,7}->d_{4,10,3,7}, d_{4,10,6,8}->d_{4,10,3,8}, d_{4,10,6,9}->d_{4,10,3,9}, d_{4,10,6,11}->d_{4,10,3,11}, d_{4,11,0,3}->d_{4,11,0,6}, d_{4,11,0,6}->d_{4,11,0,3}, d_{4,11,1,3}->d_{4,11,1,6}, d_{4,11,1,6}->d_{4,11,1,3}, d_{4,11,2,3}->d_{4,11,2,6}, d_{4,11,2,6}->d_{4,11,2,3}, d_{4,11,3,5}->d_{4,11,5,6}, d_{4,11,3,7}->d_{4,11,6,7}, d_{4,11,3,8}->d_{4,11,6,8}, d_{4,11,3,9}->d_{4,11,6,9}, d_{4,11,3,10}->d_{4,11,6,10}, d_{4,11,5,6}->d_{4,11,3,5}, d_{4,11,6,7}->d_{4,11,3,7}, d_{4,11,6,8}->d_{4,11,3,8}, d_{4,11,6,9}->d_{4,11,3,9}, d_{4,11,6,10}->d_{4,11,3,10}, d_{5,6,0,1}->d_{3,5,0,1}, d_{5,6,0,2}->d_{3,5,0,2}, d_{5,6,0,3}->d_{3,5,0,6}, d_{5,6,0,4}->d_{3,5,0,4}, d_{5,6,0,7}->d_{3,5,0,7}, d_{5,6,0,8}->d_{3,5,0,8}, d_{5,6,0,9}->d_{3,5,0,9}, d_{5,6,0,10}->d_{3,5,0,10}, d_{5,6,0,11}->d_{3,5,0,11}, d_{5,6,1,2}->d_{3,5,1,2}, d_{5,6,1,3}->d_{3,5,1,6}, d_{5,6,1,4}->d_{3,5,1,4}, d_{5,6,1,7}->d_{3,5,1,7}, d_{5,6,1,8}->d_{3,5,1,8}, d_{5,6,1,9}->d_{3,5,1,9}, d_{5,6,1,10}->d_{3,5,1,10}, d_{5,6,1,11}->d_{3,5,1,11}, d_{5,6,2,3}->d_{3,5,2,6}, d_{5,6,2,4}->d_{3,5,2,4}, d_{5,6,2,7}->d_{3,5,2,7}, d_{5,6,2,8}->d_{3,5,2,8}, d_{5,6,2,9}->d_{3,5,2,9}, d_{5,6,2,10}->d_{3,5,2,10}, d_{5,6,2,11}->d_{3,5,2,11}, d_{5,6,3,4}->d_{3,5,4,6}, d_{5,6,3,7}->d_{3,5,6,7}, d_{5,6,3,8}->d_{3,5,6,8}, d_{5,6,3,9}->d_{3,5,6,9}, d_{5,6,3,10}->d_{3,5,6,10}, d_{5,6,3,11}->d_{3,5,6,11}, d_{5,6,4,7}->d_{3,5,4,7}, d_{5,6,4,8}->d_{3,5,4,8}, d_{5,6,4,9}->d_{3,5,4,9}, d_{5,6,4,10}->d_{3,5,4,10}, d_{5,6,4,11}->d_{3,5,4,11}, d_{5,6,7,8}->d_{3,5,7,8}, d_{5,6,7,9}->d_{3,5,7,9}, d_{5,6,7,10}->d_{3,5,7,10}, d_{5,6,7,11}->d_{3,5,7,11}, d_{5,6,8,9}->d_{3,5,8,9}, d_{5,6,8,10}->d_{3,5,8,10}, d_{5,6,8,11}->d_{3,5,8,11}, d_{5,6,9,10}->d_{3,5,9,10}, d_{5,6,9,11}->d_{3,5,9,11}, d_{5,6,10,11}->d_{3,5,10,11}, d_{5,7,0,3}->d_{5,7,0,6}, d_{5,7,0,6}->d_{5,7,0,3}, d_{5,7,1,3}->d_{5,7,1,6}, d_{5,7,1,6}->d_{5,7,1,3}, d_{5,7,2,3}->d_{5,7,2,6}, d_{5,7,2,6}->d_{5,7,2,3}, d_{5,7,3,4}->d_{5,7,4,6}, d_{5,7,3,8}->d_{5,7,6,8}, d_{5,7,3,9}->d_{5,7,6,9}, d_{5,7,3,10}->d_{5,7,6,10}, d_{5,7,3,11}->d_{5,7,6,11}, d_{5,7,4,6}->d_{5,7,3,4}, d_{5,7,6,8}->d_{5,7,3,8}, d_{5,7,6,9}->d_{5,7,3,9}, d_{5,7,6,10}->d_{5,7,3,10}, d_{5,7,6,11}->d_{5,7,3,11}, d_{5,8,0,3}->d_{5,8,0,6}, d_{5,8,0,6}->d_{5,8,0,3}, d_{5,8,1,3}->d_{5,8,1,6}, d_{5,8,1,6}->d_{5,8,1,3}, d_{5,8,2,3}->d_{5,8,2,6}, d_{5,8,2,6}->d_{5,8,2,3}, d_{5,8,3,4}->d_{5,8,4,6}, d_{5,8,3,7}->d_{5,8,6,7}, d_{5,8,3,9}->d_{5,8,6,9}, d_{5,8,3,10}->d_{5,8,6,10}, d_{5,8,3,11}->d_{5,8,6,11}, d_{5,8,4,6}->d_{5,8,3,4}, d_{5,8,6,7}->d_{5,8,3,7}, d_{5,8,6,9}->d_{5,8,3,9}, d_{5,8,6,10}->d_{5,8,3,10}, d_{5,8,6,11}->d_{5,8,3,11}, d_{5,9,0,3}->d_{5,9,0,6}, d_{5,9,0,6}->d_{5,9,0,3}, d_{5,9,1,3}->d_{5,9,1,6}, d_{5,9,1,6}->d_{5,9,1,3}, d_{5,9,2,3}->d_{5,9,2,6}, d_{5,9,2,6}->d_{5,9,2,3}, d_{5,9,3,4}->d_{5,9,4,6}, d_{5,9,3,7}->d_{5,9,6,7}, d_{5,9,3,8}->d_{5,9,6,8}, d_{5,9,3,10}->d_{5,9,6,10}, d_{5,9,3,11}->d_{5,9,6,11}, d_{5,9,4,6}->d_{5,9,3,4}, d_{5,9,6,7}->d_{5,9,3,7}, d_{5,9,6,8}->d_{5,9,3,8}, d_{5,9,6,10}->d_{5,9,3,10}, d_{5,9,6,11}->d_{5,9,3,11}, d_{5,10,0,3}->d_{5,10,0,6}, d_{5,10,0,6}->d_{5,10,0,3}, d_{5,10,1,3}->d_{5,10,1,6}, d_{5,10,1,6}->d_{5,10,1,3}, d_{5,10,2,3}->d_{5,10,2,6}, d_{5,10,2,6}->d_{5,10,2,3}, d_{5,10,3,4}->d_{5,10,4,6}, d_{5,10,3,7}->d_{5,10,6,7}, d_{5,10,3,8}->d_{5,10,6,8}, d_{5,10,3,9}->d_{5,10,6,9}, d_{5,10,3,11}->d_{5,10,6,11}, d_{5,10,4,6}->d_{5,10,3,4}, d_{5,10,6,7}->d_{5,10,3,7}, d_{5,10,6,8}->d_{5,10,3,8}, d_{5,10,6,9}->d_{5,10,3,9}, d_{5,10,6,11}->d_{5,10,3,11}, d_{5,11,0,3}->d_{5,11,0,6}, d_{5,11,0,6}->d_{5,11,0,3}, d_{5,11,1,3}->d_{5,11,1,6}, d_{5,11,1,6}->d_{5,11,1,3}, d_{5,11,2,3}->d_{5,11,2,6}, d_{5,11,2,6}->d_{5,11,2,3}, d_{5,11,3,4}->d_{5,11,4,6}, d_{5,11,3,7}->d_{5,11,6,7}, d_{5,11,3,8}->d_{5,11,6,8}, d_{5,11,3,9}->d_{5,11,6,9}, d_{5,11,3,10}->d_{5,11,6,10}, d_{5,11,4,6}->d_{5,11,3,4}, d_{5,11,6,7}->d_{5,11,3,7}, d_{5,11,6,8}->d_{5,11,3,8}, d_{5,11,6,9}->d_{5,11,3,9}, d_{5,11,6,10}->d_{5,11,3,10}, d_{6,7,0,1}->d_{3,7,0,1}, d_{6,7,0,2}->d_{3,7,0,2}, d_{6,7,0,3}->d_{3,7,0,6}, d_{6,7,0,4}->d_{3,7,0,4}, d_{6,7,0,5}->d_{3,7,0,5}, d_{6,7,0,8}->d_{3,7,0,8}, d_{6,7,0,9}->d_{3,7,0,9}, d_{6,7,0,10}->d_{3,7,0,10}, d_{6,7,0,11}->d_{3,7,0,11}, d_{6,7,1,2}->d_{3,7,1,2}, d_{6,7,1,3}->d_{3,7,1,6}, d_{6,7,1,4}->d_{3,7,1,4}, d_{6,7,1,5}->d_{3,7,1,5}, d_{6,7,1,8}->d_{3,7,1,8}, d_{6,7,1,9}->d_{3,7,1,9}, d_{6,7,1,10}->d_{3,7,1,10}, d_{6,7,1,11}->d_{3,7,1,11}, d_{6,7,2,3}->d_{3,7,2,6}, d_{6,7,2,4}->d_{3,7,2,4}, d_{6,7,2,5}->d_{3,7,2,5}, d_{6,7,2,8}->d_{3,7,2,8}, d_{6,7,2,9}->d_{3,7,2,9}, d_{6,7,2,10}->d_{3,7,2,10}, d_{6,7,2,11}->d_{3,7,2,11}, d_{6,7,3,4}->d_{3,7,4,6}, d_{6,7,3,5}->d_{3,7,5,6}, d_{6,7,3,8}->d_{3,7,6,8}, d_{6,7,3,9}->d_{3,7,6,9}, d_{6,7,3,10}->d_{3,7,6,10}, d_{6,7,3,11}->d_{3,7,6,11}, d_{6,7,4,5}->d_{3,7,4,5}, d_{6,7,4,8}->d_{3,7,4,8}, d_{6,7,4,9}->d_{3,7,4,9}, d_{6,7,4,10}->d_{3,7,4,10}, d_{6,7,4,11}->d_{3,7,4,11}, d_{6,7,5,8}->d_{3,7,5,8}, d_{6,7,5,9}->d_{3,7,5,9}, d_{6,7,5,10}->d_{3,7,5,10}, d_{6,7,5,11}->d_{3,7,5,11}, d_{6,7,8,9}->d_{3,7,8,9}, d_{6,7,8,10}->d_{3,7,8,10}, d_{6,7,8,11}->d_{3,7,8,11}, d_{6,7,9,10}->d_{3,7,9,10}, d_{6,7,9,11}->d_{3,7,9,11}, d_{6,7,10,11}->d_{3,7,10,11}, d_{6,8,0,1}->d_{3,8,0,1}, d_{6,8,0,2}->d_{3,8,0,2}, d_{6,8,0,3}->d_{3,8,0,6}, d_{6,8,0,4}->d_{3,8,0,4}, d_{6,8,0,5}->d_{3,8,0,5}, d_{6,8,0,7}->d_{3,8,0,7}, d_{6,8,0,9}->d_{3,8,0,9}, d_{6,8,0,10}->d_{3,8,0,10}, d_{6,8,0,11}->d_{3,8,0,11}, d_{6,8,1,2}->d_{3,8,1,2}, d_{6,8,1,3}->d_{3,8,1,6}, d_{6,8,1,4}->d_{3,8,1,4}, d_{6,8,1,5}->d_{3,8,1,5}, d_{6,8,1,7}->d_{3,8,1,7}, d_{6,8,1,9}->d_{3,8,1,9}, d_{6,8,1,10}->d_{3,8,1,10}, d_{6,8,1,11}->d_{3,8,1,11}, d_{6,8,2,3}->d_{3,8,2,6}, d_{6,8,2,4}->d_{3,8,2,4}, d_{6,8,2,5}->d_{3,8,2,5}, d_{6,8,2,7}->d_{3,8,2,7}, d_{6,8,2,9}->d_{3,8,2,9}, d_{6,8,2,10}->d_{3,8,2,10}, d_{6,8,2,11}->d_{3,8,2,11}, d_{6,8,3,4}->d_{3,8,4,6}, d_{6,8,3,5}->d_{3,8,5,6}, d_{6,8,3,7}->d_{3,8,6,7}, d_{6,8,3,9}->d_{3,8,6,9}, d_{6,8,3,10}->d_{3,8,6,10}, d_{6,8,3,11}->d_{3,8,6,11}, d_{6,8,4,5}->d_{3,8,4,5}, d_{6,8,4,7}->d_{3,8,4,7}, d_{6,8,4,9}->d_{3,8,4,9}, d_{6,8,4,10}->d_{3,8,4,10}, d_{6,8,4,11}->d_{3,8,4,11}, d_{6,8,5,7}->d_{3,8,5,7}, d_{6,8,5,9}->d_{3,8,5,9}, d_{6,8,5,10}->d_{3,8,5,10}, d_{6,8,5,11}->d_{3,8,5,11}, d_{6,8,7,9}->d_{3,8,7,9}, d_{6,8,7,10}->d_{3,8,7,10}, d_{6,8,7,11}->d_{3,8,7,11}, d_{6,8,9,10}->d_{3,8,9,10}, d_{6,8,9,11}->d_{3,8,9,11}, d_{6,8,10,11}->d_{3,8,10,11}, d_{6,9,0,1}->d_{3,9,0,1}, d_{6,9,0,2}->d_{3,9,0,2}, d_{6,9,0,3}->d_{3,9,0,6}, d_{6,9,0,4}->d_{3,9,0,4}, d_{6,9,0,5}->d_{3,9,0,5}, d_{6,9,0,7}->d_{3,9,0,7}, d_{6,9,0,8}->d_{3,9,0,8}, d_{6,9,0,10}->d_{3,9,0,10}, d_{6,9,0,11}->d_{3,9,0,11}, d_{6,9,1,2}->d_{3,9,1,2}, d_{6,9,1,3}->d_{3,9,1,6}, d_{6,9,1,4}->d_{3,9,1,4}, d_{6,9,1,5}->d_{3,9,1,5}, d_{6,9,1,7}->d_{3,9,1,7}, d_{6,9,1,8}->d_{3,9,1,8}, d_{6,9,1,10}->d_{3,9,1,10}, d_{6,9,1,11}->d_{3,9,1,11}, d_{6,9,2,3}->d_{3,9,2,6}, d_{6,9,2,4}->d_{3,9,2,4}, d_{6,9,2,5}->d_{3,9,2,5}, d_{6,9,2,7}->d_{3,9,2,7}, d_{6,9,2,8}->d_{3,9,2,8}, d_{6,9,2,10}->d_{3,9,2,10}, d_{6,9,2,11}->d_{3,9,2,11}, d_{6,9,3,4}->d_{3,9,4,6}, d_{6,9,3,5}->d_{3,9,5,6}, d_{6,9,3,7}->d_{3,9,6,7}, d_{6,9,3,8}->d_{3,9,6,8}, d_{6,9,3,10}->d_{3,9,6,10}, d_{6,9,3,11}->d_{3,9,6,11}, d_{6,9,4,5}->d_{3,9,4,5}, d_{6,9,4,7}->d_{3,9,4,7}, d_{6,9,4,8}->d_{3,9,4,8}, d_{6,9,4,10}->d_{3,9,4,10}, d_{6,9,4,11}->d_{3,9,4,11}, d_{6,9,5,7}->d_{3,9,5,7}, d_{6,9,5,8}->d_{3,9,5,8}, d_{6,9,5,10}->d_{3,9,5,10}, d_{6,9,5,11}->d_{3,9,5,11}, d_{6,9,7,8}->d_{3,9,7,8}, d_{6,9,7,10}->d_{3,9,7,10}, d_{6,9,7,11}->d_{3,9,7,11}, d_{6,9,8,10}->d_{3,9,8,10}, d_{6,9,8,11}->d_{3,9,8,11}, d_{6,9,10,11}->d_{3,9,10,11}, d_{6,10,0,1}->d_{3,10,0,1}, d_{6,10,0,2}->d_{3,10,0,2}, d_{6,10,0,3}->d_{3,10,0,6}, d_{6,10,0,4}->d_{3,10,0,4}, d_{6,10,0,5}->d_{3,10,0,5}, d_{6,10,0,7}->d_{3,10,0,7}, d_{6,10,0,8}->d_{3,10,0,8}, d_{6,10,0,9}->d_{3,10,0,9}, d_{6,10,0,11}->d_{3,10,0,11}, d_{6,10,1,2}->d_{3,10,1,2}, d_{6,10,1,3}->d_{3,10,1,6}, d_{6,10,1,4}->d_{3,10,1,4}, d_{6,10,1,5}->d_{3,10,1,5}, d_{6,10,1,7}->d_{3,10,1,7}, d_{6,10,1,8}->d_{3,10,1,8}, d_{6,10,1,9}->d_{3,10,1,9}, d_{6,10,1,11}->d_{3,10,1,11}, d_{6,10,2,3}->d_{3,10,2,6}, d_{6,10,2,4}->d_{3,10,2,4}, d_{6,10,2,5}->d_{3,10,2,5}, d_{6,10,2,7}->d_{3,10,2,7}, d_{6,10,2,8}->d_{3,10,2,8}, d_{6,10,2,9}->d_{3,10,2,9}, d_{6,10,2,11}->d_{3,10,2,11}, d_{6,10,3,4}->d_{3,10,4,6}, d_{6,10,3,5}->d_{3,10,5,6}, d_{6,10,3,7}->d_{3,10,6,7}, d_{6,10,3,8}->d_{3,10,6,8}, d_{6,10,3,9}->d_{3,10,6,9}, d_{6,10,3,11}->d_{3,10,6,11}, d_{6,10,4,5}->d_{3,10,4,5}, d_{6,10,4,7}->d_{3,10,4,7}, d_{6,10,4,8}->d_{3,10,4,8}, d_{6,10,4,9}->d_{3,10,4,9}, d_{6,10,4,11}->d_{3,10,4,11}, d_{6,10,5,7}->d_{3,10,5,7}, d_{6,10,5,8}->d_{3,10,5,8}, d_{6,10,5,9}->d_{3,10,5,9}, d_{6,10,5,11}->d_{3,10,5,11}, d_{6,10,7,8}->d_{3,10,7,8}, d_{6,10,7,9}->d_{3,10,7,9}, d_{6,10,7,11}->d_{3,10,7,11}, d_{6,10,8,9}->d_{3,10,8,9}, d_{6,10,8,11}->d_{3,10,8,11}, d_{6,10,9,11}->d_{3,10,9,11}, d_{6,11,0,1}->d_{3,11,0,1}, d_{6,11,0,2}->d_{3,11,0,2}, d_{6,11,0,3}->d_{3,11,0,6}, d_{6,11,0,4}->d_{3,11,0,4}, d_{6,11,0,5}->d_{3,11,0,5}, d_{6,11,0,7}->d_{3,11,0,7}, d_{6,11,0,8}->d_{3,11,0,8}, d_{6,11,0,9}->d_{3,11,0,9}, d_{6,11,0,10}->d_{3,11,0,10}, d_{6,11,1,2}->d_{3,11,1,2}, d_{6,11,1,3}->d_{3,11,1,6}, d_{6,11,1,4}->d_{3,11,1,4}, d_{6,11,1,5}->d_{3,11,1,5}, d_{6,11,1,7}->d_{3,11,1,7}, d_{6,11,1,8}->d_{3,11,1,8}, d_{6,11,1,9}->d_{3,11,1,9}, d_{6,11,1,10}->d_{3,11,1,10}, d_{6,11,2,3}->d_{3,11,2,6}, d_{6,11,2,4}->d_{3,11,2,4}, d_{6,11,2,5}->d_{3,11,2,5}, d_{6,11,2,7}->d_{3,11,2,7}, d_{6,11,2,8}->d_{3,11,2,8}, d_{6,11,2,9}->d_{3,11,2,9}, d_{6,11,2,10}->d_{3,11,2,10}, d_{6,11,3,4}->d_{3,11,4,6}, d_{6,11,3,5}->d_{3,11,5,6}, d_{6,11,3,7}->d_{3,11,6,7}, d_{6,11,3,8}->d_{3,11,6,8}, d_{6,11,3,9}->d_{3,11,6,9}, d_{6,11,3,10}->d_{3,11,6,10}, d_{6,11,4,5}->d_{3,11,4,5}, d_{6,11,4,7}->d_{3,11,4,7}, d_{6,11,4,8}->d_{3,11,4,8}, d_{6,11,4,9}->d_{3,11,4,9}, d_{6,11,4,10}->d_{3,11,4,10}, d_{6,11,5,7}->d_{3,11,5,7}, d_{6,11,5,8}->d_{3,11,5,8}, d_{6,11,5,9}->d_{3,11,5,9}, d_{6,11,5,10}->d_{3,11,5,10}, d_{6,11,7,8}->d_{3,11,7,8}, d_{6,11,7,9}->d_{3,11,7,9}, d_{6,11,7,10}->d_{3,11,7,10}, d_{6,11,8,9}->d_{3,11,8,9}, d_{6,11,8,10}->d_{3,11,8,10}, d_{6,11,9,10}->d_{3,11,9,10}, d_{7,8,0,3}->d_{7,8,0,6}, d_{7,8,0,6}->d_{7,8,0,3}, d_{7,8,1,3}->d_{7,8,1,6}, d_{7,8,1,6}->d_{7,8,1,3}, d_{7,8,2,3}->d_{7,8,2,6}, d_{7,8,2,6}->d_{7,8,2,3}, d_{7,8,3,4}->d_{7,8,4,6}, d_{7,8,3,5}->d_{7,8,5,6}, d_{7,8,3,9}->d_{7,8,6,9}, d_{7,8,3,10}->d_{7,8,6,10}, d_{7,8,3,11}->d_{7,8,6,11}, d_{7,8,4,6}->d_{7,8,3,4}, d_{7,8,5,6}->d_{7,8,3,5}, d_{7,8,6,9}->d_{7,8,3,9}, d_{7,8,6,10}->d_{7,8,3,10}, d_{7,8,6,11}->d_{7,8,3,11}, d_{7,9,0,3}->d_{7,9,0,6}, d_{7,9,0,6}->d_{7,9,0,3}, d_{7,9,1,3}->d_{7,9,1,6}, d_{7,9,1,6}->d_{7,9,1,3}, d_{7,9,2,3}->d_{7,9,2,6}, d_{7,9,2,6}->d_{7,9,2,3}, d_{7,9,3,4}->d_{7,9,4,6}, d_{7,9,3,5}->d_{7,9,5,6}, d_{7,9,3,8}->d_{7,9,6,8}, d_{7,9,3,10}->d_{7,9,6,10}, d_{7,9,3,11}->d_{7,9,6,11}, d_{7,9,4,6}->d_{7,9,3,4}, d_{7,9,5,6}->d_{7,9,3,5}, d_{7,9,6,8}->d_{7,9,3,8}, d_{7,9,6,10}->d_{7,9,3,10}, d_{7,9,6,11}->d_{7,9,3,11}, d_{7,10,0,3}->d_{7,10,0,6}, d_{7,10,0,6}->d_{7,10,0,3}, d_{7,10,1,3}->d_{7,10,1,6}, d_{7,10,1,6}->d_{7,10,1,3}, d_{7,10,2,3}->d_{7,10,2,6}, d_{7,10,2,6}->d_{7,10,2,3}, d_{7,10,3,4}->d_{7,10,4,6}, d_{7,10,3,5}->d_{7,10,5,6}, d_{7,10,3,8}->d_{7,10,6,8}, d_{7,10,3,9}->d_{7,10,6,9}, d_{7,10,3,11}->d_{7,10,6,11}, d_{7,10,4,6}->d_{7,10,3,4}, d_{7,10,5,6}->d_{7,10,3,5}, d_{7,10,6,8}->d_{7,10,3,8}, d_{7,10,6,9}->d_{7,10,3,9}, d_{7,10,6,11}->d_{7,10,3,11}, d_{7,11,0,3}->d_{7,11,0,6}, d_{7,11,0,6}->d_{7,11,0,3}, d_{7,11,1,3}->d_{7,11,1,6}, d_{7,11,1,6}->d_{7,11,1,3}, d_{7,11,2,3}->d_{7,11,2,6}, d_{7,11,2,6}->d_{7,11,2,3}, d_{7,11,3,4}->d_{7,11,4,6}, d_{7,11,3,5}->d_{7,11,5,6}, d_{7,11,3,8}->d_{7,11,6,8}, d_{7,11,3,9}->d_{7,11,6,9}, d_{7,11,3,10}->d_{7,11,6,10}, d_{7,11,4,6}->d_{7,11,3,4}, d_{7,11,5,6}->d_{7,11,3,5}, d_{7,11,6,8}->d_{7,11,3,8}, d_{7,11,6,9}->d_{7,11,3,9}, d_{7,11,6,10}->d_{7,11,3,10}, d_{8,9,0,3}->d_{8,9,0,6}, d_{8,9,0,6}->d_{8,9,0,3}, d_{8,9,1,3}->d_{8,9,1,6}, d_{8,9,1,6}->d_{8,9,1,3}, d_{8,9,2,3}->d_{8,9,2,6}, d_{8,9,2,6}->d_{8,9,2,3}, d_{8,9,3,4}->d_{8,9,4,6}, d_{8,9,3,5}->d_{8,9,5,6}, d_{8,9,3,7}->d_{8,9,6,7}, d_{8,9,3,10}->d_{8,9,6,10}, d_{8,9,3,11}->d_{8,9,6,11}, d_{8,9,4,6}->d_{8,9,3,4}, d_{8,9,5,6}->d_{8,9,3,5}, d_{8,9,6,7}->d_{8,9,3,7}, d_{8,9,6,10}->d_{8,9,3,10}, d_{8,9,6,11}->d_{8,9,3,11}, d_{8,10,0,3}->d_{8,10,0,6}, d_{8,10,0,6}->d_{8,10,0,3}, d_{8,10,1,3}->d_{8,10,1,6}, d_{8,10,1,6}->d_{8,10,1,3}, d_{8,10,2,3}->d_{8,10,2,6}, d_{8,10,2,6}->d_{8,10,2,3}, d_{8,10,3,4}->d_{8,10,4,6}, d_{8,10,3,5}->d_{8,10,5,6}, d_{8,10,3,7}->d_{8,10,6,7}, d_{8,10,3,9}->d_{8,10,6,9}, d_{8,10,3,11}->d_{8,10,6,11}, d_{8,10,4,6}->d_{8,10,3,4}, d_{8,10,5,6}->d_{8,10,3,5}, d_{8,10,6,7}->d_{8,10,3,7}, d_{8,10,6,9}->d_{8,10,3,9}, d_{8,10,6,11}->d_{8,10,3,11}, d_{8,11,0,3}->d_{8,11,0,6}, d_{8,11,0,6}->d_{8,11,0,3}, d_{8,11,1,3}->d_{8,11,1,6}, d_{8,11,1,6}->d_{8,11,1,3}, d_{8,11,2,3}->d_{8,11,2,6}, d_{8,11,2,6}->d_{8,11,2,3}, d_{8,11,3,4}->d_{8,11,4,6}, d_{8,11,3,5}->d_{8,11,5,6}, d_{8,11,3,7}->d_{8,11,6,7}, d_{8,11,3,9}->d_{8,11,6,9}, d_{8,11,3,10}->d_{8,11,6,10}, d_{8,11,4,6}->d_{8,11,3,4}, d_{8,11,5,6}->d_{8,11,3,5}, d_{8,11,6,7}->d_{8,11,3,7}, d_{8,11,6,9}->d_{8,11,3,9}, d_{8,11,6,10}->d_{8,11,3,10}, d_{9,10,0,3}->d_{9,10,0,6}, d_{9,10,0,6}->d_{9,10,0,3}, d_{9,10,1,3}->d_{9,10,1,6}, d_{9,10,1,6}->d_{9,10,1,3}, d_{9,10,2,3}->d_{9,10,2,6}, d_{9,10,2,6}->d_{9,10,2,3}, d_{9,10,3,4}->d_{9,10,4,6}, d_{9,10,3,5}->d_{9,10,5,6}, d_{9,10,3,7}->d_{9,10,6,7}, d_{9,10,3,8}->d_{9,10,6,8}, d_{9,10,3,11}->d_{9,10,6,11}, d_{9,10,4,6}->d_{9,10,3,4}, d_{9,10,5,6}->d_{9,10,3,5}, d_{9,10,6,7}->d_{9,10,3,7}, d_{9,10,6,8}->d_{9,10,3,8}, d_{9,10,6,11}->d_{9,10,3,11}, d_{9,11,0,3}->d_{9,11,0,6}, d_{9,11,0,6}->d_{9,11,0,3}, d_{9,11,1,3}->d_{9,11,1,6}, d_{9,11,1,6}->d_{9,11,1,3}, d_{9,11,2,3}->d_{9,11,2,6}, d_{9,11,2,6}->d_{9,11,2,3}, d_{9,11,3,4}->d_{9,11,4,6}, d_{9,11,3,5}->d_{9,11,5,6}, d_{9,11,3,7}->d_{9,11,6,7}, d_{9,11,3,8}->d_{9,11,6,8}, d_{9,11,3,10}->d_{9,11,6,10}, d_{9,11,4,6}->d_{9,11,3,4}, d_{9,11,5,6}->d_{9,11,3,5}, d_{9,11,6,7}->d_{9,11,3,7}, d_{9,11,6,8}->d_{9,11,3,8}, d_{9,11,6,10}->d_{9,11,3,10}, d_{10,11,0,3}->d_{10,11,0,6}, d_{10,11,0,6}->d_{10,11,0,3}, d_{10,11,1,3}->d_{10,11,1,6}, d_{10,11,1,6}->d_{10,11,1,3}, d_{10,11,2,3}->d_{10,11,2,6}, d_{10,11,2,6}->d_{10,11,2,3}, d_{10,11,3,4}->d_{10,11,4,6}, d_{10,11,3,5}->d_{10,11,5,6}, d_{10,11,3,7}->d_{10,11,6,7}, d_{10,11,3,8}->d_{10,11,6,8}, d_{10,11,3,9}->d_{10,11,6,9}, d_{10,11,4,6}->d_{10,11,3,4}, d_{10,11,5,6}->d_{10,11,3,5}, d_{10,11,6,7}->d_{10,11,3,7}, d_{10,11,6,8}->d_{10,11,3,8}, d_{10,11,6,9}->d_{10,11,3,9}

Permutation #5:
  Bonds: r_{0,3}->r_{0,7}, r_{0,7}->r_{0,3}, r_{1,3}->r_{1,7}, r_{1,7}->r_{1,3}, r_{2,3}->r_{2,7}, r_{2,7}->r_{2,3}, r_{3,4}->r_{4,7}, r_{3,5}->r_{5,7}, r_{3,6}->r_{6,7}, r_{3,8}->r_{7,8}, r_{3,9}->r_{7,9}, r_{3,10}->r_{7,10}, r_{3,11}->r_{7,11}, r_{4,7}->r_{3,4}, r_{5,7}->r_{3,5}, r_{6,7}->r_{3,6}, r_{7,8}->r_{3,8}, r_{7,9}->r_{3,9}, r_{7,10}->r_{3,10}, r_{7,11}->r_{3,11}
  Angles: theta^{0}_{1,3}->theta^{0}_{1,7}, theta^{0}_{1,7}->theta^{0}_{1,3}, theta^{0}_{2,3}->theta^{0}_{2,7}, theta^{0}_{2,7}->theta^{0}_{2,3}, theta^{0}_{3,4}->theta^{0}_{4,7}, theta^{0}_{3,5}->theta^{0}_{5,7}, theta^{0}_{3,6}->theta^{0}_{6,7}, theta^{0}_{3,8}->theta^{0}_{7,8}, theta^{0}_{3,9}->theta^{0}_{7,9}, theta^{0}_{3,10}->theta^{0}_{7,10}, theta^{0}_{3,11}->theta^{0}_{7,11}, theta^{0}_{4,7}->theta^{0}_{3,4}, theta^{0}_{5,7}->theta^{0}_{3,5}, theta^{0}_{6,7}->theta^{0}_{3,6}, theta^{0}_{7,8}->theta^{0}_{3,8}, theta^{0}_{7,9}->theta^{0}_{3,9}, theta^{0}_{7,10}->theta^{0}_{3,10}, theta^{0}_{7,11}->theta^{0}_{3,11}, theta^{1}_{0,3}->theta^{1}_{0,7}, theta^{1}_{0,7}->theta^{1}_{0,3}, theta^{1}_{2,3}->theta^{1}_{2,7}, theta^{1}_{2,7}->theta^{1}_{2,3}, theta^{1}_{3,4}->theta^{1}_{4,7}, theta^{1}_{3,5}->theta^{1}_{5,7}, theta^{1}_{3,6}->theta^{1}_{6,7}, theta^{1}_{3,8}->theta^{1}_{7,8}, theta^{1}_{3,9}->theta^{1}_{7,9}, theta^{1}_{3,10}->theta^{1}_{7,10}, theta^{1}_{3,11}->theta^{1}_{7,11}, theta^{1}_{4,7}->theta^{1}_{3,4}, theta^{1}_{5,7}->theta^{1}_{3,5}, theta^{1}_{6,7}->theta^{1}_{3,6}, theta^{1}_{7,8}->theta^{1}_{3,8}, theta^{1}_{7,9}->theta^{1}_{3,9}, theta^{1}_{7,10}->theta^{1}_{3,10}, theta^{1}_{7,11}->theta^{1}_{3,11}, theta^{2}_{0,3}->theta^{2}_{0,7}, theta^{2}_{0,7}->theta^{2}_{0,3}, theta^{2}_{1,3}->theta^{2}_{1,7}, theta^{2}_{1,7}->theta^{2}_{1,3}, theta^{2}_{3,4}->theta^{2}_{4,7}, theta^{2}_{3,5}->theta^{2}_{5,7}, theta^{2}_{3,6}->theta^{2}_{6,7}, theta^{2}_{3,8}->theta^{2}_{7,8}, theta^{2}_{3,9}->theta^{2}_{7,9}, theta^{2}_{3,10}->theta^{2}_{7,10}, theta^{2}_{3,11}->theta^{2}_{7,11}, theta^{2}_{4,7}->theta^{2}_{3,4}, theta^{2}_{5,7}->theta^{2}_{3,5}, theta^{2}_{6,7}->theta^{2}_{3,6}, theta^{2}_{7,8}->theta^{2}_{3,8}, theta^{2}_{7,9}->theta^{2}_{3,9}, theta^{2}_{7,10}->theta^{2}_{3,10}, theta^{2}_{7,11}->theta^{2}_{3,11}, theta^{3}_{0,1}->theta^{7}_{0,1}, theta^{3}_{0,2}->theta^{7}_{0,2}, theta^{3}_{0,4}->theta^{7}_{0,4}, theta^{3}_{0,5}->theta^{7}_{0,5}, theta^{3}_{0,6}->theta^{7}_{0,6}, theta^{3}_{0,7}->theta^{7}_{0,3}, theta^{3}_{0,8}->theta^{7}_{0,8}, theta^{3}_{0,9}->theta^{7}_{0,9}, theta^{3}_{0,10}->theta^{7}_{0,10}, theta^{3}_{0,11}->theta^{7}_{0,11}, theta^{3}_{1,2}->theta^{7}_{1,2}, theta^{3}_{1,4}->theta^{7}_{1,4}, theta^{3}_{1,5}->theta^{7}_{1,5}, theta^{3}_{1,6}->theta^{7}_{1,6}, theta^{3}_{1,7}->theta^{7}_{1,3}, theta^{3}_{1,8}->theta^{7}_{1,8}, theta^{3}_{1,9}->theta^{7}_{1,9}, theta^{3}_{1,10}->theta^{7}_{1,10}, theta^{3}_{1,11}->theta^{7}_{1,11}, theta^{3}_{2,4}->theta^{7}_{2,4}, theta^{3}_{2,5}->theta^{7}_{2,5}, theta^{3}_{2,6}->theta^{7}_{2,6}, theta^{3}_{2,7}->theta^{7}_{2,3}, theta^{3}_{2,8}->theta^{7}_{2,8}, theta^{3}_{2,9}->theta^{7}_{2,9}, theta^{3}_{2,10}->theta^{7}_{2,10}, theta^{3}_{2,11}->theta^{7}_{2,11}, theta^{3}_{4,5}->theta^{7}_{4,5}, theta^{3}_{4,6}->theta^{7}_{4,6}, theta^{3}_{4,7}->theta^{7}_{3,4}, theta^{3}_{4,8}->theta^{7}_{4,8}, theta^{3}_{4,9}->theta^{7}_{4,9}, theta^{3}_{4,10}->theta^{7}_{4,10}, theta^{3}_{4,11}->theta^{7}_{4,11}, theta^{3}_{5,6}->theta^{7}_{5,6}, theta^{3}_{5,7}->theta^{7}_{3,5}, theta^{3}_{5,8}->theta^{7}_{5,8}, theta^{3}_{5,9}->theta^{7}_{5,9}, theta^{3}_{5,10}->theta^{7}_{5,10}, theta^{3}_{5,11}->theta^{7}_{5,11}, theta^{3}_{6,7}->theta^{7}_{3,6}, theta^{3}_{6,8}->theta^{7}_{6,8}, theta^{3}_{6,9}->theta^{7}_{6,9}, theta^{3}_{6,10}->theta^{7}_{6,10}, theta^{3}_{6,11}->theta^{7}_{6,11}, theta^{3}_{7,8}->theta^{7}_{3,8}, theta^{3}_{7,9}->theta^{7}_{3,9}, theta^{3}_{7,10}->theta^{7}_{3,10}, theta^{3}_{7,11}->theta^{7}_{3,11}, theta^{3}_{8,9}->theta^{7}_{8,9}, theta^{3}_{8,10}->theta^{7}_{8,10}, theta^{3}_{8,11}->theta^{7}_{8,11}, theta^{3}_{9,10}->theta^{7}_{9,10}, theta^{3}_{9,11}->theta^{7}_{9,11}, theta^{3}_{10,11}->theta^{7}_{10,11}, theta^{4}_{0,3}->theta^{4}_{0,7}, theta^{4}_{0,7}->theta^{4}_{0,3}, theta^{4}_{1,3}->theta^{4}_{1,7}, theta^{4}_{1,7}->theta^{4}_{1,3}, theta^{4}_{2,3}->theta^{4}_{2,7}, theta^{4}_{2,7}->theta^{4}_{2,3}, theta^{4}_{3,5}->theta^{4}_{5,7}, theta^{4}_{3,6}->theta^{4}_{6,7}, theta^{4}_{3,8}->theta^{4}_{7,8}, theta^{4}_{3,9}->theta^{4}_{7,9}, theta^{4}_{3,10}->theta^{4}_{7,10}, theta^{4}_{3,11}->theta^{4}_{7,11}, theta^{4}_{5,7}->theta^{4}_{3,5}, theta^{4}_{6,7}->theta^{4}_{3,6}, theta^{4}_{7,8}->theta^{4}_{3,8}, theta^{4}_{7,9}->theta^{4}_{3,9}, theta^{4}_{7,10}->theta^{4}_{3,10}, theta^{4}_{7,11}->theta^{4}_{3,11}, theta^{5}_{0,3}->theta^{5}_{0,7}, theta^{5}_{0,7}->theta^{5}_{0,3}, theta^{5}_{1,3}->theta^{5}_{1,7}, theta^{5}_{1,7}->theta^{5}_{1,3}, theta^{5}_{2,3}->theta^{5}_{2,7}, theta^{5}_{2,7}->theta^{5}_{2,3}, theta^{5}_{3,4}->theta^{5}_{4,7}, theta^{5}_{3,6}->theta^{5}_{6,7}, theta^{5}_{3,8}->theta^{5}_{7,8}, theta^{5}_{3,9}->theta^{5}_{7,9}, theta^{5}_{3,10}->theta^{5}_{7,10}, theta^{5}_{3,11}->theta^{5}_{7,11}, theta^{5}_{4,7}->theta^{5}_{3,4}, theta^{5}_{6,7}->theta^{5}_{3,6}, theta^{5}_{7,8}->theta^{5}_{3,8}, theta^{5}_{7,9}->theta^{5}_{3,9}, theta^{5}_{7,10}->theta^{5}_{3,10}, theta^{5}_{7,11}->theta^{5}_{3,11}, theta^{6}_{0,3}->theta^{6}_{0,7}, theta^{6}_{0,7}->theta^{6}_{0,3}, theta^{6}_{1,3}->theta^{6}_{1,7}, theta^{6}_{1,7}->theta^{6}_{1,3}, theta^{6}_{2,3}->theta^{6}_{2,7}, theta^{6}_{2,7}->theta^{6}_{2,3}, theta^{6}_{3,4}->theta^{6}_{4,7}, theta^{6}_{3,5}->theta^{6}_{5,7}, theta^{6}_{3,8}->theta^{6}_{7,8}, theta^{6}_{3,9}->theta^{6}_{7,9}, theta^{6}_{3,10}->theta^{6}_{7,10}, theta^{6}_{3,11}->theta^{6}_{7,11}, theta^{6}_{4,7}->theta^{6}_{3,4}, theta^{6}_{5,7}->theta^{6}_{3,5}, theta^{6}_{7,8}->theta^{6}_{3,8}, theta^{6}_{7,9}->theta^{6}_{3,9}, theta^{6}_{7,10}->theta^{6}_{3,10}, theta^{6}_{7,11}->theta^{6}_{3,11}, theta^{7}_{0,1}->theta^{3}_{0,1}, theta^{7}_{0,2}->theta^{3}_{0,2}, theta^{7}_{0,3}->theta^{3}_{0,7}, theta^{7}_{0,4}->theta^{3}_{0,4}, theta^{7}_{0,5}->theta^{3}_{0,5}, theta^{7}_{0,6}->theta^{3}_{0,6}, theta^{7}_{0,8}->theta^{3}_{0,8}, theta^{7}_{0,9}->theta^{3}_{0,9}, theta^{7}_{0,10}->theta^{3}_{0,10}, theta^{7}_{0,11}->theta^{3}_{0,11}, theta^{7}_{1,2}->theta^{3}_{1,2}, theta^{7}_{1,3}->theta^{3}_{1,7}, theta^{7}_{1,4}->theta^{3}_{1,4}, theta^{7}_{1,5}->theta^{3}_{1,5}, theta^{7}_{1,6}->theta^{3}_{1,6}, theta^{7}_{1,8}->theta^{3}_{1,8}, theta^{7}_{1,9}->theta^{3}_{1,9}, theta^{7}_{1,10}->theta^{3}_{1,10}, theta^{7}_{1,11}->theta^{3}_{1,11}, theta^{7}_{2,3}->theta^{3}_{2,7}, theta^{7}_{2,4}->theta^{3}_{2,4}, theta^{7}_{2,5}->theta^{3}_{2,5}, theta^{7}_{2,6}->theta^{3}_{2,6}, theta^{7}_{2,8}->theta^{3}_{2,8}, theta^{7}_{2,9}->theta^{3}_{2,9}, theta^{7}_{2,10}->theta^{3}_{2,10}, theta^{7}_{2,11}->theta^{3}_{2,11}, theta^{7}_{3,4}->theta^{3}_{4,7}, theta^{7}_{3,5}->theta^{3}_{5,7}, theta^{7}_{3,6}->theta^{3}_{6,7}, theta^{7}_{3,8}->theta^{3}_{7,8}, theta^{7}_{3,9}->theta^{3}_{7,9}, theta^{7}_{3,10}->theta^{3}_{7,10}, theta^{7}_{3,11}->theta^{3}_{7,11}, theta^{7}_{4,5}->theta^{3}_{4,5}, theta^{7}_{4,6}->theta^{3}_{4,6}, theta^{7}_{4,8}->theta^{3}_{4,8}, theta^{7}_{4,9}->theta^{3}_{4,9}, theta^{7}_{4,10}->theta^{3}_{4,10}, theta^{7}_{4,11}->theta^{3}_{4,11}, theta^{7}_{5,6}->theta^{3}_{5,6}, theta^{7}_{5,8}->theta^{3}_{5,8}, theta^{7}_{5,9}->theta^{3}_{5,9}, theta^{7}_{5,10}->theta^{3}_{5,10}, theta^{7}_{5,11}->theta^{3}_{5,11}, theta^{7}_{6,8}->theta^{3}_{6,8}, theta^{7}_{6,9}->theta^{3}_{6,9}, theta^{7}_{6,10}->theta^{3}_{6,10}, theta^{7}_{6,11}->theta^{3}_{6,11}, theta^{7}_{8,9}->theta^{3}_{8,9}, theta^{7}_{8,10}->theta^{3}_{8,10}, theta^{7}_{8,11}->theta^{3}_{8,11}, theta^{7}_{9,10}->theta^{3}_{9,10}, theta^{7}_{9,11}->theta^{3}_{9,11}, theta^{7}_{10,11}->theta^{3}_{10,11}, theta^{8}_{0,3}->theta^{8}_{0,7}, theta^{8}_{0,7}->theta^{8}_{0,3}, theta^{8}_{1,3}->theta^{8}_{1,7}, theta^{8}_{1,7}->theta^{8}_{1,3}, theta^{8}_{2,3}->theta^{8}_{2,7}, theta^{8}_{2,7}->theta^{8}_{2,3}, theta^{8}_{3,4}->theta^{8}_{4,7}, theta^{8}_{3,5}->theta^{8}_{5,7}, theta^{8}_{3,6}->theta^{8}_{6,7}, theta^{8}_{3,9}->theta^{8}_{7,9}, theta^{8}_{3,10}->theta^{8}_{7,10}, theta^{8}_{3,11}->theta^{8}_{7,11}, theta^{8}_{4,7}->theta^{8}_{3,4}, theta^{8}_{5,7}->theta^{8}_{3,5}, theta^{8}_{6,7}->theta^{8}_{3,6}, theta^{8}_{7,9}->theta^{8}_{3,9}, theta^{8}_{7,10}->theta^{8}_{3,10}, theta^{8}_{7,11}->theta^{8}_{3,11}, theta^{9}_{0,3}->theta^{9}_{0,7}, theta^{9}_{0,7}->theta^{9}_{0,3}, theta^{9}_{1,3}->theta^{9}_{1,7}, theta^{9}_{1,7}->theta^{9}_{1,3}, theta^{9}_{2,3}->theta^{9}_{2,7}, theta^{9}_{2,7}->theta^{9}_{2,3}, theta^{9}_{3,4}->theta^{9}_{4,7}, theta^{9}_{3,5}->theta^{9}_{5,7}, theta^{9}_{3,6}->theta^{9}_{6,7}, theta^{9}_{3,8}->theta^{9}_{7,8}, theta^{9}_{3,10}->theta^{9}_{7,10}, theta^{9}_{3,11}->theta^{9}_{7,11}, theta^{9}_{4,7}->theta^{9}_{3,4}, theta^{9}_{5,7}->theta^{9}_{3,5}, theta^{9}_{6,7}->theta^{9}_{3,6}, theta^{9}_{7,8}->theta^{9}_{3,8}, theta^{9}_{7,10}->theta^{9}_{3,10}, theta^{9}_{7,11}->theta^{9}_{3,11}, theta^{10}_{0,3}->theta^{10}_{0,7}, theta^{10}_{0,7}->theta^{10}_{0,3}, theta^{10}_{1,3}->theta^{10}_{1,7}, theta^{10}_{1,7}->theta^{10}_{1,3}, theta^{10}_{2,3}->theta^{10}_{2,7}, theta^{10}_{2,7}->theta^{10}_{2,3}, theta^{10}_{3,4}->theta^{10}_{4,7}, theta^{10}_{3,5}->theta^{10}_{5,7}, theta^{10}_{3,6}->theta^{10}_{6,7}, theta^{10}_{3,8}->theta^{10}_{7,8}, theta^{10}_{3,9}->theta^{10}_{7,9}, theta^{10}_{3,11}->theta^{10}_{7,11}, theta^{10}_{4,7}->theta^{10}_{3,4}, theta^{10}_{5,7}->theta^{10}_{3,5}, theta^{10}_{6,7}->theta^{10}_{3,6}, theta^{10}_{7,8}->theta^{10}_{3,8}, theta^{10}_{7,9}->theta^{10}_{3,9}, theta^{10}_{7,11}->theta^{10}_{3,11}, theta^{11}_{0,3}->theta^{11}_{0,7}, theta^{11}_{0,7}->theta^{11}_{0,3}, theta^{11}_{1,3}->theta^{11}_{1,7}, theta^{11}_{1,7}->theta^{11}_{1,3}, theta^{11}_{2,3}->theta^{11}_{2,7}, theta^{11}_{2,7}->theta^{11}_{2,3}, theta^{11}_{3,4}->theta^{11}_{4,7}, theta^{11}_{3,5}->theta^{11}_{5,7}, theta^{11}_{3,6}->theta^{11}_{6,7}, theta^{11}_{3,8}->theta^{11}_{7,8}, theta^{11}_{3,9}->theta^{11}_{7,9}, theta^{11}_{3,10}->theta^{11}_{7,10}, theta^{11}_{4,7}->theta^{11}_{3,4}, theta^{11}_{5,7}->theta^{11}_{3,5}, theta^{11}_{6,7}->theta^{11}_{3,6}, theta^{11}_{7,8}->theta^{11}_{3,8}, theta^{11}_{7,9}->theta^{11}_{3,9}, theta^{11}_{7,10}->theta^{11}_{3,10}
  Dihedrals: d_{0,1,2,3}->d_{0,1,2,7}, d_{0,1,2,7}->d_{0,1,2,3}, d_{0,1,3,4}->d_{0,1,4,7}, d_{0,1,3,5}->d_{0,1,5,7}, d_{0,1,3,6}->d_{0,1,6,7}, d_{0,1,3,8}->d_{0,1,7,8}, d_{0,1,3,9}->d_{0,1,7,9}, d_{0,1,3,10}->d_{0,1,7,10}, d_{0,1,3,11}->d_{0,1,7,11}, d_{0,1,4,7}->d_{0,1,3,4}, d_{0,1,5,7}->d_{0,1,3,5}, d_{0,1,6,7}->d_{0,1,3,6}, d_{0,1,7,8}->d_{0,1,3,8}, d_{0,1,7,9}->d_{0,1,3,9}, d_{0,1,7,10}->d_{0,1,3,10}, d_{0,1,7,11}->d_{0,1,3,11}, d_{0,2,1,3}->d_{0,2,1,7}, d_{0,2,1,7}->d_{0,2,1,3}, d_{0,2,3,4}->d_{0,2,4,7}, d_{0,2,3,5}->d_{0,2,5,7}, d_{0,2,3,6}->d_{0,2,6,7}, d_{0,2,3,8}->d_{0,2,7,8}, d_{0,2,3,9}->d_{0,2,7,9}, d_{0,2,3,10}->d_{0,2,7,10}, d_{0,2,3,11}->d_{0,2,7,11}, d_{0,2,4,7}->d_{0,2,3,4}, d_{0,2,5,7}->d_{0,2,3,5}, d_{0,2,6,7}->d_{0,2,3,6}, d_{0,2,7,8}->d_{0,2,3,8}, d_{0,2,7,9}->d_{0,2,3,9}, d_{0,2,7,10}->d_{0,2,3,10}, d_{0,2,7,11}->d_{0,2,3,11}, d_{0,3,1,2}->d_{0,7,1,2}, d_{0,3,1,4}->d_{0,7,1,4}, d_{0,3,1,5}->d_{0,7,1,5}, d_{0,3,1,6}->d_{0,7,1,6}, d_{0,3,1,7}->d_{0,7,1,3}, d_{0,3,1,8}->d_{0,7,1,8}, d_{0,3,1,9}->d_{0,7,1,9}, d_{0,3,1,10}->d_{0,7,1,10}, d_{0,3,1,11}->d_{0,7,1,11}, d_{0,3,2,4}->d_{0,7,2,4}, d_{0,3,2,5}->d_{0,7,2,5}, d_{0,3,2,6}->d_{0,7,2,6}, d_{0,3,2,7}->d_{0,7,2,3}, d_{0,3,2,8}->d_{0,7,2,8}, d_{0,3,2,9}->d_{0,7,2,9}, d_{0,3,2,10}->d_{0,7,2,10}, d_{0,3,2,11}->d_{0,7,2,11}, d_{0,3,4,5}->d_{0,7,4,5}, d_{0,3,4,6}->d_{0,7,4,6}, d_{0,3,4,7}->d_{0,7,3,4}, d_{0,3,4,8}->d_{0,7,4,8}, d_{0,3,4,9}->d_{0,7,4,9}, d_{0,3,4,10}->d_{0,7,4,10}, d_{0,3,4,11}->d_{0,7,4,11}, d_{0,3,5,6}->d_{0,7,5,6}, d_{0,3,5,7}->d_{0,7,3,5}, d_{0,3,5,8}->d_{0,7,5,8}, d_{0,3,5,9}->d_{0,7,5,9}, d_{0,3,5,10}->d_{0,7,5,10}, d_{0,3,5,11}->d_{0,7,5,11}, d_{0,3,6,7}->d_{0,7,3,6}, d_{0,3,6,8}->d_{0,7,6,8}, d_{0,3,6,9}->d_{0,7,6,9}, d_{0,3,6,10}->d_{0,7,6,10}, d_{0,3,6,11}->d_{0,7,6,11}, d_{0,3,7,8}->d_{0,7,3,8}, d_{0,3,7,9}->d_{0,7,3,9}, d_{0,3,7,10}->d_{0,7,3,10}, d_{0,3,7,11}->d_{0,7,3,11}, d_{0,3,8,9}->d_{0,7,8,9}, d_{0,3,8,10}->d_{0,7,8,10}, d_{0,3,8,11}->d_{0,7,8,11}, d_{0,3,9,10}->d_{0,7,9,10}, d_{0,3,9,11}->d_{0,7,9,11}, d_{0,3,10,11}->d_{0,7,10,11}, d_{0,4,1,3}->d_{0,4,1,7}, d_{0,4,1,7}->d_{0,4,1,3}, d_{0,4,2,3}->d_{0,4,2,7}, d_{0,4,2,7}->d_{0,4,2,3}, d_{0,4,3,5}->d_{0,4,5,7}, d_{0,4,3,6}->d_{0,4,6,7}, d_{0,4,3,8}->d_{0,4,7,8}, d_{0,4,3,9}->d_{0,4,7,9}, d_{0,4,3,10}->d_{0,4,7,10}, d_{0,4,3,11}->d_{0,4,7,11}, d_{0,4,5,7}->d_{0,4,3,5}, d_{0,4,6,7}->d_{0,4,3,6}, d_{0,4,7,8}->d_{0,4,3,8}, d_{0,4,7,9}->d_{0,4,3,9}, d_{0,4,7,10}->d_{0,4,3,10}, d_{0,4,7,11}->d_{0,4,3,11}, d_{0,5,1,3}->d_{0,5,1,7}, d_{0,5,1,7}->d_{0,5,1,3}, d_{0,5,2,3}->d_{0,5,2,7}, d_{0,5,2,7}->d_{0,5,2,3}, d_{0,5,3,4}->d_{0,5,4,7}, d_{0,5,3,6}->d_{0,5,6,7}, d_{0,5,3,8}->d_{0,5,7,8}, d_{0,5,3,9}->d_{0,5,7,9}, d_{0,5,3,10}->d_{0,5,7,10}, d_{0,5,3,11}->d_{0,5,7,11}, d_{0,5,4,7}->d_{0,5,3,4}, d_{0,5,6,7}->d_{0,5,3,6}, d_{0,5,7,8}->d_{0,5,3,8}, d_{0,5,7,9}->d_{0,5,3,9}, d_{0,5,7,10}->d_{0,5,3,10}, d_{0,5,7,11}->d_{0,5,3,11}, d_{0,6,1,3}->d_{0,6,1,7}, d_{0,6,1,7}->d_{0,6,1,3}, d_{0,6,2,3}->d_{0,6,2,7}, d_{0,6,2,7}->d_{0,6,2,3}, d_{0,6,3,4}->d_{0,6,4,7}, d_{0,6,3,5}->d_{0,6,5,7}, d_{0,6,3,8}->d_{0,6,7,8}, d_{0,6,3,9}->d_{0,6,7,9}, d_{0,6,3,10}->d_{0,6,7,10}, d_{0,6,3,11}->d_{0,6,7,11}, d_{0,6,4,7}->d_{0,6,3,4}, d_{0,6,5,7}->d_{0,6,3,5}, d_{0,6,7,8}->d_{0,6,3,8}, d_{0,6,7,9}->d_{0,6,3,9}, d_{0,6,7,10}->d_{0,6,3,10}, d_{0,6,7,11}->d_{0,6,3,11}, d_{0,7,1,2}->d_{0,3,1,2}, d_{0,7,1,3}->d_{0,3,1,7}, d_{0,7,1,4}->d_{0,3,1,4}, d_{0,7,1,5}->d_{0,3,1,5}, d_{0,7,1,6}->d_{0,3,1,6}, d_{0,7,1,8}->d_{0,3,1,8}, d_{0,7,1,9}->d_{0,3,1,9}, d_{0,7,1,10}->d_{0,3,1,10}, d_{0,7,1,11}->d_{0,3,1,11}, d_{0,7,2,3}->d_{0,3,2,7}, d_{0,7,2,4}->d_{0,3,2,4}, d_{0,7,2,5}->d_{0,3,2,5}, d_{0,7,2,6}->d_{0,3,2,6}, d_{0,7,2,8}->d_{0,3,2,8}, d_{0,7,2,9}->d_{0,3,2,9}, d_{0,7,2,10}->d_{0,3,2,10}, d_{0,7,2,11}->d_{0,3,2,11}, d_{0,7,3,4}->d_{0,3,4,7}, d_{0,7,3,5}->d_{0,3,5,7}, d_{0,7,3,6}->d_{0,3,6,7}, d_{0,7,3,8}->d_{0,3,7,8}, d_{0,7,3,9}->d_{0,3,7,9}, d_{0,7,3,10}->d_{0,3,7,10}, d_{0,7,3,11}->d_{0,3,7,11}, d_{0,7,4,5}->d_{0,3,4,5}, d_{0,7,4,6}->d_{0,3,4,6}, d_{0,7,4,8}->d_{0,3,4,8}, d_{0,7,4,9}->d_{0,3,4,9}, d_{0,7,4,10}->d_{0,3,4,10}, d_{0,7,4,11}->d_{0,3,4,11}, d_{0,7,5,6}->d_{0,3,5,6}, d_{0,7,5,8}->d_{0,3,5,8}, d_{0,7,5,9}->d_{0,3,5,9}, d_{0,7,5,10}->d_{0,3,5,10}, d_{0,7,5,11}->d_{0,3,5,11}, d_{0,7,6,8}->d_{0,3,6,8}, d_{0,7,6,9}->d_{0,3,6,9}, d_{0,7,6,10}->d_{0,3,6,10}, d_{0,7,6,11}->d_{0,3,6,11}, d_{0,7,8,9}->d_{0,3,8,9}, d_{0,7,8,10}->d_{0,3,8,10}, d_{0,7,8,11}->d_{0,3,8,11}, d_{0,7,9,10}->d_{0,3,9,10}, d_{0,7,9,11}->d_{0,3,9,11}, d_{0,7,10,11}->d_{0,3,10,11}, d_{0,8,1,3}->d_{0,8,1,7}, d_{0,8,1,7}->d_{0,8,1,3}, d_{0,8,2,3}->d_{0,8,2,7}, d_{0,8,2,7}->d_{0,8,2,3}, d_{0,8,3,4}->d_{0,8,4,7}, d_{0,8,3,5}->d_{0,8,5,7}, d_{0,8,3,6}->d_{0,8,6,7}, d_{0,8,3,9}->d_{0,8,7,9}, d_{0,8,3,10}->d_{0,8,7,10}, d_{0,8,3,11}->d_{0,8,7,11}, d_{0,8,4,7}->d_{0,8,3,4}, d_{0,8,5,7}->d_{0,8,3,5}, d_{0,8,6,7}->d_{0,8,3,6}, d_{0,8,7,9}->d_{0,8,3,9}, d_{0,8,7,10}->d_{0,8,3,10}, d_{0,8,7,11}->d_{0,8,3,11}, d_{0,9,1,3}->d_{0,9,1,7}, d_{0,9,1,7}->d_{0,9,1,3}, d_{0,9,2,3}->d_{0,9,2,7}, d_{0,9,2,7}->d_{0,9,2,3}, d_{0,9,3,4}->d_{0,9,4,7}, d_{0,9,3,5}->d_{0,9,5,7}, d_{0,9,3,6}->d_{0,9,6,7}, d_{0,9,3,8}->d_{0,9,7,8}, d_{0,9,3,10}->d_{0,9,7,10}, d_{0,9,3,11}->d_{0,9,7,11}, d_{0,9,4,7}->d_{0,9,3,4}, d_{0,9,5,7}->d_{0,9,3,5}, d_{0,9,6,7}->d_{0,9,3,6}, d_{0,9,7,8}->d_{0,9,3,8}, d_{0,9,7,10}->d_{0,9,3,10}, d_{0,9,7,11}->d_{0,9,3,11}, d_{0,10,1,3}->d_{0,10,1,7}, d_{0,10,1,7}->d_{0,10,1,3}, d_{0,10,2,3}->d_{0,10,2,7}, d_{0,10,2,7}->d_{0,10,2,3}, d_{0,10,3,4}->d_{0,10,4,7}, d_{0,10,3,5}->d_{0,10,5,7}, d_{0,10,3,6}->d_{0,10,6,7}, d_{0,10,3,8}->d_{0,10,7,8}, d_{0,10,3,9}->d_{0,10,7,9}, d_{0,10,3,11}->d_{0,10,7,11}, d_{0,10,4,7}->d_{0,10,3,4}, d_{0,10,5,7}->d_{0,10,3,5}, d_{0,10,6,7}->d_{0,10,3,6}, d_{0,10,7,8}->d_{0,10,3,8}, d_{0,10,7,9}->d_{0,10,3,9}, d_{0,10,7,11}->d_{0,10,3,11}, d_{0,11,1,3}->d_{0,11,1,7}, d_{0,11,1,7}->d_{0,11,1,3}, d_{0,11,2,3}->d_{0,11,2,7}, d_{0,11,2,7}->d_{0,11,2,3}, d_{0,11,3,4}->d_{0,11,4,7}, d_{0,11,3,5}->d_{0,11,5,7}, d_{0,11,3,6}->d_{0,11,6,7}, d_{0,11,3,8}->d_{0,11,7,8}, d_{0,11,3,9}->d_{0,11,7,9}, d_{0,11,3,10}->d_{0,11,7,10}, d_{0,11,4,7}->d_{0,11,3,4}, d_{0,11,5,7}->d_{0,11,3,5}, d_{0,11,6,7}->d_{0,11,3,6}, d_{0,11,7,8}->d_{0,11,3,8}, d_{0,11,7,9}->d_{0,11,3,9}, d_{0,11,7,10}->d_{0,11,3,10}, d_{1,2,0,3}->d_{1,2,0,7}, d_{1,2,0,7}->d_{1,2,0,3}, d_{1,2,3,4}->d_{1,2,4,7}, d_{1,2,3,5}->d_{1,2,5,7}, d_{1,2,3,6}->d_{1,2,6,7}, d_{1,2,3,8}->d_{1,2,7,8}, d_{1,2,3,9}->d_{1,2,7,9}, d_{1,2,3,10}->d_{1,2,7,10}, d_{1,2,3,11}->d_{1,2,7,11}, d_{1,2,4,7}->d_{1,2,3,4}, d_{1,2,5,7}->d_{1,2,3,5}, d_{1,2,6,7}->d_{1,2,3,6}, d_{1,2,7,8}->d_{1,2,3,8}, d_{1,2,7,9}->d_{1,2,3,9}, d_{1,2,7,10}->d_{1,2,3,10}, d_{1,2,7,11}->d_{1,2,3,11}, d_{1,3,0,2}->d_{1,7,0,2}, d_{1,3,0,4}->d_{1,7,0,4}, d_{1,3,0,5}->d_{1,7,0,5}, d_{1,3,0,6}->d_{1,7,0,6}, d_{1,3,0,7}->d_{1,7,0,3}, d_{1,3,0,8}->d_{1,7,0,8}, d_{1,3,0,9}->d_{1,7,0,9}, d_{1,3,0,10}->d_{1,7,0,10}, d_{1,3,0,11}->d_{1,7,0,11}, d_{1,3,2,4}->d_{1,7,2,4}, d_{1,3,2,5}->d_{1,7,2,5}, d_{1,3,2,6}->d_{1,7,2,6}, d_{1,3,2,7}->d_{1,7,2,3}, d_{1,3,2,8}->d_{1,7,2,8}, d_{1,3,2,9}->d_{1,7,2,9}, d_{1,3,2,10}->d_{1,7,2,10}, d_{1,3,2,11}->d_{1,7,2,11}, d_{1,3,4,5}->d_{1,7,4,5}, d_{1,3,4,6}->d_{1,7,4,6}, d_{1,3,4,7}->d_{1,7,3,4}, d_{1,3,4,8}->d_{1,7,4,8}, d_{1,3,4,9}->d_{1,7,4,9}, d_{1,3,4,10}->d_{1,7,4,10}, d_{1,3,4,11}->d_{1,7,4,11}, d_{1,3,5,6}->d_{1,7,5,6}, d_{1,3,5,7}->d_{1,7,3,5}, d_{1,3,5,8}->d_{1,7,5,8}, d_{1,3,5,9}->d_{1,7,5,9}, d_{1,3,5,10}->d_{1,7,5,10}, d_{1,3,5,11}->d_{1,7,5,11}, d_{1,3,6,7}->d_{1,7,3,6}, d_{1,3,6,8}->d_{1,7,6,8}, d_{1,3,6,9}->d_{1,7,6,9}, d_{1,3,6,10}->d_{1,7,6,10}, d_{1,3,6,11}->d_{1,7,6,11}, d_{1,3,7,8}->d_{1,7,3,8}, d_{1,3,7,9}->d_{1,7,3,9}, d_{1,3,7,10}->d_{1,7,3,10}, d_{1,3,7,11}->d_{1,7,3,11}, d_{1,3,8,9}->d_{1,7,8,9}, d_{1,3,8,10}->d_{1,7,8,10}, d_{1,3,8,11}->d_{1,7,8,11}, d_{1,3,9,10}->d_{1,7,9,10}, d_{1,3,9,11}->d_{1,7,9,11}, d_{1,3,10,11}->d_{1,7,10,11}, d_{1,4,0,3}->d_{1,4,0,7}, d_{1,4,0,7}->d_{1,4,0,3}, d_{1,4,2,3}->d_{1,4,2,7}, d_{1,4,2,7}->d_{1,4,2,3}, d_{1,4,3,5}->d_{1,4,5,7}, d_{1,4,3,6}->d_{1,4,6,7}, d_{1,4,3,8}->d_{1,4,7,8}, d_{1,4,3,9}->d_{1,4,7,9}, d_{1,4,3,10}->d_{1,4,7,10}, d_{1,4,3,11}->d_{1,4,7,11}, d_{1,4,5,7}->d_{1,4,3,5}, d_{1,4,6,7}->d_{1,4,3,6}, d_{1,4,7,8}->d_{1,4,3,8}, d_{1,4,7,9}->d_{1,4,3,9}, d_{1,4,7,10}->d_{1,4,3,10}, d_{1,4,7,11}->d_{1,4,3,11}, d_{1,5,0,3}->d_{1,5,0,7}, d_{1,5,0,7}->d_{1,5,0,3}, d_{1,5,2,3}->d_{1,5,2,7}, d_{1,5,2,7}->d_{1,5,2,3}, d_{1,5,3,4}->d_{1,5,4,7}, d_{1,5,3,6}->d_{1,5,6,7}, d_{1,5,3,8}->d_{1,5,7,8}, d_{1,5,3,9}->d_{1,5,7,9}, d_{1,5,3,10}->d_{1,5,7,10}, d_{1,5,3,11}->d_{1,5,7,11}, d_{1,5,4,7}->d_{1,5,3,4}, d_{1,5,6,7}->d_{1,5,3,6}, d_{1,5,7,8}->d_{1,5,3,8}, d_{1,5,7,9}->d_{1,5,3,9}, d_{1,5,7,10}->d_{1,5,3,10}, d_{1,5,7,11}->d_{1,5,3,11}, d_{1,6,0,3}->d_{1,6,0,7}, d_{1,6,0,7}->d_{1,6,0,3}, d_{1,6,2,3}->d_{1,6,2,7}, d_{1,6,2,7}->d_{1,6,2,3}, d_{1,6,3,4}->d_{1,6,4,7}, d_{1,6,3,5}->d_{1,6,5,7}, d_{1,6,3,8}->d_{1,6,7,8}, d_{1,6,3,9}->d_{1,6,7,9}, d_{1,6,3,10}->d_{1,6,7,10}, d_{1,6,3,11}->d_{1,6,7,11}, d_{1,6,4,7}->d_{1,6,3,4}, d_{1,6,5,7}->d_{1,6,3,5}, d_{1,6,7,8}->d_{1,6,3,8}, d_{1,6,7,9}->d_{1,6,3,9}, d_{1,6,7,10}->d_{1,6,3,10}, d_{1,6,7,11}->d_{1,6,3,11}, d_{1,7,0,2}->d_{1,3,0,2}, d_{1,7,0,3}->d_{1,3,0,7}, d_{1,7,0,4}->d_{1,3,0,4}, d_{1,7,0,5}->d_{1,3,0,5}, d_{1,7,0,6}->d_{1,3,0,6}, d_{1,7,0,8}->d_{1,3,0,8}, d_{1,7,0,9}->d_{1,3,0,9}, d_{1,7,0,10}->d_{1,3,0,10}, d_{1,7,0,11}->d_{1,3,0,11}, d_{1,7,2,3}->d_{1,3,2,7}, d_{1,7,2,4}->d_{1,3,2,4}, d_{1,7,2,5}->d_{1,3,2,5}, d_{1,7,2,6}->d_{1,3,2,6}, d_{1,7,2,8}->d_{1,3,2,8}, d_{1,7,2,9}->d_{1,3,2,9}, d_{1,7,2,10}->d_{1,3,2,10}, d_{1,7,2,11}->d_{1,3,2,11}, d_{1,7,3,4}->d_{1,3,4,7}, d_{1,7,3,5}->d_{1,3,5,7}, d_{1,7,3,6}->d_{1,3,6,7}, d_{1,7,3,8}->d_{1,3,7,8}, d_{1,7,3,9}->d_{1,3,7,9}, d_{1,7,3,10}->d_{1,3,7,10}, d_{1,7,3,11}->d_{1,3,7,11}, d_{1,7,4,5}->d_{1,3,4,5}, d_{1,7,4,6}->d_{1,3,4,6}, d_{1,7,4,8}->d_{1,3,4,8}, d_{1,7,4,9}->d_{1,3,4,9}, d_{1,7,4,10}->d_{1,3,4,10}, d_{1,7,4,11}->d_{1,3,4,11}, d_{1,7,5,6}->d_{1,3,5,6}, d_{1,7,5,8}->d_{1,3,5,8}, d_{1,7,5,9}->d_{1,3,5,9}, d_{1,7,5,10}->d_{1,3,5,10}, d_{1,7,5,11}->d_{1,3,5,11}, d_{1,7,6,8}->d_{1,3,6,8}, d_{1,7,6,9}->d_{1,3,6,9}, d_{1,7,6,10}->d_{1,3,6,10}, d_{1,7,6,11}->d_{1,3,6,11}, d_{1,7,8,9}->d_{1,3,8,9}, d_{1,7,8,10}->d_{1,3,8,10}, d_{1,7,8,11}->d_{1,3,8,11}, d_{1,7,9,10}->d_{1,3,9,10}, d_{1,7,9,11}->d_{1,3,9,11}, d_{1,7,10,11}->d_{1,3,10,11}, d_{1,8,0,3}->d_{1,8,0,7}, d_{1,8,0,7}->d_{1,8,0,3}, d_{1,8,2,3}->d_{1,8,2,7}, d_{1,8,2,7}->d_{1,8,2,3}, d_{1,8,3,4}->d_{1,8,4,7}, d_{1,8,3,5}->d_{1,8,5,7}, d_{1,8,3,6}->d_{1,8,6,7}, d_{1,8,3,9}->d_{1,8,7,9}, d_{1,8,3,10}->d_{1,8,7,10}, d_{1,8,3,11}->d_{1,8,7,11}, d_{1,8,4,7}->d_{1,8,3,4}, d_{1,8,5,7}->d_{1,8,3,5}, d_{1,8,6,7}->d_{1,8,3,6}, d_{1,8,7,9}->d_{1,8,3,9}, d_{1,8,7,10}->d_{1,8,3,10}, d_{1,8,7,11}->d_{1,8,3,11}, d_{1,9,0,3}->d_{1,9,0,7}, d_{1,9,0,7}->d_{1,9,0,3}, d_{1,9,2,3}->d_{1,9,2,7}, d_{1,9,2,7}->d_{1,9,2,3}, d_{1,9,3,4}->d_{1,9,4,7}, d_{1,9,3,5}->d_{1,9,5,7}, d_{1,9,3,6}->d_{1,9,6,7}, d_{1,9,3,8}->d_{1,9,7,8}, d_{1,9,3,10}->d_{1,9,7,10}, d_{1,9,3,11}->d_{1,9,7,11}, d_{1,9,4,7}->d_{1,9,3,4}, d_{1,9,5,7}->d_{1,9,3,5}, d_{1,9,6,7}->d_{1,9,3,6}, d_{1,9,7,8}->d_{1,9,3,8}, d_{1,9,7,10}->d_{1,9,3,10}, d_{1,9,7,11}->d_{1,9,3,11}, d_{1,10,0,3}->d_{1,10,0,7}, d_{1,10,0,7}->d_{1,10,0,3}, d_{1,10,2,3}->d_{1,10,2,7}, d_{1,10,2,7}->d_{1,10,2,3}, d_{1,10,3,4}->d_{1,10,4,7}, d_{1,10,3,5}->d_{1,10,5,7}, d_{1,10,3,6}->d_{1,10,6,7}, d_{1,10,3,8}->d_{1,10,7,8}, d_{1,10,3,9}->d_{1,10,7,9}, d_{1,10,3,11}->d_{1,10,7,11}, d_{1,10,4,7}->d_{1,10,3,4}, d_{1,10,5,7}->d_{1,10,3,5}, d_{1,10,6,7}->d_{1,10,3,6}, d_{1,10,7,8}->d_{1,10,3,8}, d_{1,10,7,9}->d_{1,10,3,9}, d_{1,10,7,11}->d_{1,10,3,11}, d_{1,11,0,3}->d_{1,11,0,7}, d_{1,11,0,7}->d_{1,11,0,3}, d_{1,11,2,3}->d_{1,11,2,7}, d_{1,11,2,7}->d_{1,11,2,3}, d_{1,11,3,4}->d_{1,11,4,7}, d_{1,11,3,5}->d_{1,11,5,7}, d_{1,11,3,6}->d_{1,11,6,7}, d_{1,11,3,8}->d_{1,11,7,8}, d_{1,11,3,9}->d_{1,11,7,9}, d_{1,11,3,10}->d_{1,11,7,10}, d_{1,11,4,7}->d_{1,11,3,4}, d_{1,11,5,7}->d_{1,11,3,5}, d_{1,11,6,7}->d_{1,11,3,6}, d_{1,11,7,8}->d_{1,11,3,8}, d_{1,11,7,9}->d_{1,11,3,9}, d_{1,11,7,10}->d_{1,11,3,10}, d_{2,3,0,1}->d_{2,7,0,1}, d_{2,3,0,4}->d_{2,7,0,4}, d_{2,3,0,5}->d_{2,7,0,5}, d_{2,3,0,6}->d_{2,7,0,6}, d_{2,3,0,7}->d_{2,7,0,3}, d_{2,3,0,8}->d_{2,7,0,8}, d_{2,3,0,9}->d_{2,7,0,9}, d_{2,3,0,10}->d_{2,7,0,10}, d_{2,3,0,11}->d_{2,7,0,11}, d_{2,3,1,4}->d_{2,7,1,4}, d_{2,3,1,5}->d_{2,7,1,5}, d_{2,3,1,6}->d_{2,7,1,6}, d_{2,3,1,7}->d_{2,7,1,3}, d_{2,3,1,8}->d_{2,7,1,8}, d_{2,3,1,9}->d_{2,7,1,9}, d_{2,3,1,10}->d_{2,7,1,10}, d_{2,3,1,11}->d_{2,7,1,11}, d_{2,3,4,5}->d_{2,7,4,5}, d_{2,3,4,6}->d_{2,7,4,6}, d_{2,3,4,7}->d_{2,7,3,4}, d_{2,3,4,8}->d_{2,7,4,8}, d_{2,3,4,9}->d_{2,7,4,9}, d_{2,3,4,10}->d_{2,7,4,10}, d_{2,3,4,11}->d_{2,7,4,11}, d_{2,3,5,6}->d_{2,7,5,6}, d_{2,3,5,7}->d_{2,7,3,5}, d_{2,3,5,8}->d_{2,7,5,8}, d_{2,3,5,9}->d_{2,7,5,9}, d_{2,3,5,10}->d_{2,7,5,10}, d_{2,3,5,11}->d_{2,7,5,11}, d_{2,3,6,7}->d_{2,7,3,6}, d_{2,3,6,8}->d_{2,7,6,8}, d_{2,3,6,9}->d_{2,7,6,9}, d_{2,3,6,10}->d_{2,7,6,10}, d_{2,3,6,11}->d_{2,7,6,11}, d_{2,3,7,8}->d_{2,7,3,8}, d_{2,3,7,9}->d_{2,7,3,9}, d_{2,3,7,10}->d_{2,7,3,10}, d_{2,3,7,11}->d_{2,7,3,11}, d_{2,3,8,9}->d_{2,7,8,9}, d_{2,3,8,10}->d_{2,7,8,10}, d_{2,3,8,11}->d_{2,7,8,11}, d_{2,3,9,10}->d_{2,7,9,10}, d_{2,3,9,11}->d_{2,7,9,11}, d_{2,3,10,11}->d_{2,7,10,11}, d_{2,4,0,3}->d_{2,4,0,7}, d_{2,4,0,7}->d_{2,4,0,3}, d_{2,4,1,3}->d_{2,4,1,7}, d_{2,4,1,7}->d_{2,4,1,3}, d_{2,4,3,5}->d_{2,4,5,7}, d_{2,4,3,6}->d_{2,4,6,7}, d_{2,4,3,8}->d_{2,4,7,8}, d_{2,4,3,9}->d_{2,4,7,9}, d_{2,4,3,10}->d_{2,4,7,10}, d_{2,4,3,11}->d_{2,4,7,11}, d_{2,4,5,7}->d_{2,4,3,5}, d_{2,4,6,7}->d_{2,4,3,6}, d_{2,4,7,8}->d_{2,4,3,8}, d_{2,4,7,9}->d_{2,4,3,9}, d_{2,4,7,10}->d_{2,4,3,10}, d_{2,4,7,11}->d_{2,4,3,11}, d_{2,5,0,3}->d_{2,5,0,7}, d_{2,5,0,7}->d_{2,5,0,3}, d_{2,5,1,3}->d_{2,5,1,7}, d_{2,5,1,7}->d_{2,5,1,3}, d_{2,5,3,4}->d_{2,5,4,7}, d_{2,5,3,6}->d_{2,5,6,7}, d_{2,5,3,8}->d_{2,5,7,8}, d_{2,5,3,9}->d_{2,5,7,9}, d_{2,5,3,10}->d_{2,5,7,10}, d_{2,5,3,11}->d_{2,5,7,11}, d_{2,5,4,7}->d_{2,5,3,4}, d_{2,5,6,7}->d_{2,5,3,6}, d_{2,5,7,8}->d_{2,5,3,8}, d_{2,5,7,9}->d_{2,5,3,9}, d_{2,5,7,10}->d_{2,5,3,10}, d_{2,5,7,11}->d_{2,5,3,11}, d_{2,6,0,3}->d_{2,6,0,7}, d_{2,6,0,7}->d_{2,6,0,3}, d_{2,6,1,3}->d_{2,6,1,7}, d_{2,6,1,7}->d_{2,6,1,3}, d_{2,6,3,4}->d_{2,6,4,7}, d_{2,6,3,5}->d_{2,6,5,7}, d_{2,6,3,8}->d_{2,6,7,8}, d_{2,6,3,9}->d_{2,6,7,9}, d_{2,6,3,10}->d_{2,6,7,10}, d_{2,6,3,11}->d_{2,6,7,11}, d_{2,6,4,7}->d_{2,6,3,4}, d_{2,6,5,7}->d_{2,6,3,5}, d_{2,6,7,8}->d_{2,6,3,8}, d_{2,6,7,9}->d_{2,6,3,9}, d_{2,6,7,10}->d_{2,6,3,10}, d_{2,6,7,11}->d_{2,6,3,11}, d_{2,7,0,1}->d_{2,3,0,1}, d_{2,7,0,3}->d_{2,3,0,7}, d_{2,7,0,4}->d_{2,3,0,4}, d_{2,7,0,5}->d_{2,3,0,5}, d_{2,7,0,6}->d_{2,3,0,6}, d_{2,7,0,8}->d_{2,3,0,8}, d_{2,7,0,9}->d_{2,3,0,9}, d_{2,7,0,10}->d_{2,3,0,10}, d_{2,7,0,11}->d_{2,3,0,11}, d_{2,7,1,3}->d_{2,3,1,7}, d_{2,7,1,4}->d_{2,3,1,4}, d_{2,7,1,5}->d_{2,3,1,5}, d_{2,7,1,6}->d_{2,3,1,6}, d_{2,7,1,8}->d_{2,3,1,8}, d_{2,7,1,9}->d_{2,3,1,9}, d_{2,7,1,10}->d_{2,3,1,10}, d_{2,7,1,11}->d_{2,3,1,11}, d_{2,7,3,4}->d_{2,3,4,7}, d_{2,7,3,5}->d_{2,3,5,7}, d_{2,7,3,6}->d_{2,3,6,7}, d_{2,7,3,8}->d_{2,3,7,8}, d_{2,7,3,9}->d_{2,3,7,9}, d_{2,7,3,10}->d_{2,3,7,10}, d_{2,7,3,11}->d_{2,3,7,11}, d_{2,7,4,5}->d_{2,3,4,5}, d_{2,7,4,6}->d_{2,3,4,6}, d_{2,7,4,8}->d_{2,3,4,8}, d_{2,7,4,9}->d_{2,3,4,9}, d_{2,7,4,10}->d_{2,3,4,10}, d_{2,7,4,11}->d_{2,3,4,11}, d_{2,7,5,6}->d_{2,3,5,6}, d_{2,7,5,8}->d_{2,3,5,8}, d_{2,7,5,9}->d_{2,3,5,9}, d_{2,7,5,10}->d_{2,3,5,10}, d_{2,7,5,11}->d_{2,3,5,11}, d_{2,7,6,8}->d_{2,3,6,8}, d_{2,7,6,9}->d_{2,3,6,9}, d_{2,7,6,10}->d_{2,3,6,10}, d_{2,7,6,11}->d_{2,3,6,11}, d_{2,7,8,9}->d_{2,3,8,9}, d_{2,7,8,10}->d_{2,3,8,10}, d_{2,7,8,11}->d_{2,3,8,11}, d_{2,7,9,10}->d_{2,3,9,10}, d_{2,7,9,11}->d_{2,3,9,11}, d_{2,7,10,11}->d_{2,3,10,11}, d_{2,8,0,3}->d_{2,8,0,7}, d_{2,8,0,7}->d_{2,8,0,3}, d_{2,8,1,3}->d_{2,8,1,7}, d_{2,8,1,7}->d_{2,8,1,3}, d_{2,8,3,4}->d_{2,8,4,7}, d_{2,8,3,5}->d_{2,8,5,7}, d_{2,8,3,6}->d_{2,8,6,7}, d_{2,8,3,9}->d_{2,8,7,9}, d_{2,8,3,10}->d_{2,8,7,10}, d_{2,8,3,11}->d_{2,8,7,11}, d_{2,8,4,7}->d_{2,8,3,4}, d_{2,8,5,7}->d_{2,8,3,5}, d_{2,8,6,7}->d_{2,8,3,6}, d_{2,8,7,9}->d_{2,8,3,9}, d_{2,8,7,10}->d_{2,8,3,10}, d_{2,8,7,11}->d_{2,8,3,11}, d_{2,9,0,3}->d_{2,9,0,7}, d_{2,9,0,7}->d_{2,9,0,3}, d_{2,9,1,3}->d_{2,9,1,7}, d_{2,9,1,7}->d_{2,9,1,3}, d_{2,9,3,4}->d_{2,9,4,7}, d_{2,9,3,5}->d_{2,9,5,7}, d_{2,9,3,6}->d_{2,9,6,7}, d_{2,9,3,8}->d_{2,9,7,8}, d_{2,9,3,10}->d_{2,9,7,10}, d_{2,9,3,11}->d_{2,9,7,11}, d_{2,9,4,7}->d_{2,9,3,4}, d_{2,9,5,7}->d_{2,9,3,5}, d_{2,9,6,7}->d_{2,9,3,6}, d_{2,9,7,8}->d_{2,9,3,8}, d_{2,9,7,10}->d_{2,9,3,10}, d_{2,9,7,11}->d_{2,9,3,11}, d_{2,10,0,3}->d_{2,10,0,7}, d_{2,10,0,7}->d_{2,10,0,3}, d_{2,10,1,3}->d_{2,10,1,7}, d_{2,10,1,7}->d_{2,10,1,3}, d_{2,10,3,4}->d_{2,10,4,7}, d_{2,10,3,5}->d_{2,10,5,7}, d_{2,10,3,6}->d_{2,10,6,7}, d_{2,10,3,8}->d_{2,10,7,8}, d_{2,10,3,9}->d_{2,10,7,9}, d_{2,10,3,11}->d_{2,10,7,11}, d_{2,10,4,7}->d_{2,10,3,4}, d_{2,10,5,7}->d_{2,10,3,5}, d_{2,10,6,7}->d_{2,10,3,6}, d_{2,10,7,8}->d_{2,10,3,8}, d_{2,10,7,9}->d_{2,10,3,9}, d_{2,10,7,11}->d_{2,10,3,11}, d_{2,11,0,3}->d_{2,11,0,7}, d_{2,11,0,7}->d_{2,11,0,3}, d_{2,11,1,3}->d_{2,11,1,7}, d_{2,11,1,7}->d_{2,11,1,3}, d_{2,11,3,4}->d_{2,11,4,7}, d_{2,11,3,5}->d_{2,11,5,7}, d_{2,11,3,6}->d_{2,11,6,7}, d_{2,11,3,8}->d_{2,11,7,8}, d_{2,11,3,9}->d_{2,11,7,9}, d_{2,11,3,10}->d_{2,11,7,10}, d_{2,11,4,7}->d_{2,11,3,4}, d_{2,11,5,7}->d_{2,11,3,5}, d_{2,11,6,7}->d_{2,11,3,6}, d_{2,11,7,8}->d_{2,11,3,8}, d_{2,11,7,9}->d_{2,11,3,9}, d_{2,11,7,10}->d_{2,11,3,10}, d_{3,4,0,1}->d_{4,7,0,1}, d_{3,4,0,2}->d_{4,7,0,2}, d_{3,4,0,5}->d_{4,7,0,5}, d_{3,4,0,6}->d_{4,7,0,6}, d_{3,4,0,7}->d_{4,7,0,3}, d_{3,4,0,8}->d_{4,7,0,8}, d_{3,4,0,9}->d_{4,7,0,9}, d_{3,4,0,10}->d_{4,7,0,10}, d_{3,4,0,11}->d_{4,7,0,11}, d_{3,4,1,2}->d_{4,7,1,2}, d_{3,4,1,5}->d_{4,7,1,5}, d_{3,4,1,6}->d_{4,7,1,6}, d_{3,4,1,7}->d_{4,7,1,3}, d_{3,4,1,8}->d_{4,7,1,8}, d_{3,4,1,9}->d_{4,7,1,9}, d_{3,4,1,10}->d_{4,7,1,10}, d_{3,4,1,11}->d_{4,7,1,11}, d_{3,4,2,5}->d_{4,7,2,5}, d_{3,4,2,6}->d_{4,7,2,6}, d_{3,4,2,7}->d_{4,7,2,3}, d_{3,4,2,8}->d_{4,7,2,8}, d_{3,4,2,9}->d_{4,7,2,9}, d_{3,4,2,10}->d_{4,7,2,10}, d_{3,4,2,11}->d_{4,7,2,11}, d_{3,4,5,6}->d_{4,7,5,6}, d_{3,4,5,7}->d_{4,7,3,5}, d_{3,4,5,8}->d_{4,7,5,8}, d_{3,4,5,9}->d_{4,7,5,9}, d_{3,4,5,10}->d_{4,7,5,10}, d_{3,4,5,11}->d_{4,7,5,11}, d_{3,4,6,7}->d_{4,7,3,6}, d_{3,4,6,8}->d_{4,7,6,8}, d_{3,4,6,9}->d_{4,7,6,9}, d_{3,4,6,10}->d_{4,7,6,10}, d_{3,4,6,11}->d_{4,7,6,11}, d_{3,4,7,8}->d_{4,7,3,8}, d_{3,4,7,9}->d_{4,7,3,9}, d_{3,4,7,10}->d_{4,7,3,10}, d_{3,4,7,11}->d_{4,7,3,11}, d_{3,4,8,9}->d_{4,7,8,9}, d_{3,4,8,10}->d_{4,7,8,10}, d_{3,4,8,11}->d_{4,7,8,11}, d_{3,4,9,10}->d_{4,7,9,10}, d_{3,4,9,11}->d_{4,7,9,11}, d_{3,4,10,11}->d_{4,7,10,11}, d_{3,5,0,1}->d_{5,7,0,1}, d_{3,5,0,2}->d_{5,7,0,2}, d_{3,5,0,4}->d_{5,7,0,4}, d_{3,5,0,6}->d_{5,7,0,6}, d_{3,5,0,7}->d_{5,7,0,3}, d_{3,5,0,8}->d_{5,7,0,8}, d_{3,5,0,9}->d_{5,7,0,9}, d_{3,5,0,10}->d_{5,7,0,10}, d_{3,5,0,11}->d_{5,7,0,11}, d_{3,5,1,2}->d_{5,7,1,2}, d_{3,5,1,4}->d_{5,7,1,4}, d_{3,5,1,6}->d_{5,7,1,6}, d_{3,5,1,7}->d_{5,7,1,3}, d_{3,5,1,8}->d_{5,7,1,8}, d_{3,5,1,9}->d_{5,7,1,9}, d_{3,5,1,10}->d_{5,7,1,10}, d_{3,5,1,11}->d_{5,7,1,11}, d_{3,5,2,4}->d_{5,7,2,4}, d_{3,5,2,6}->d_{5,7,2,6}, d_{3,5,2,7}->d_{5,7,2,3}, d_{3,5,2,8}->d_{5,7,2,8}, d_{3,5,2,9}->d_{5,7,2,9}, d_{3,5,2,10}->d_{5,7,2,10}, d_{3,5,2,11}->d_{5,7,2,11}, d_{3,5,4,6}->d_{5,7,4,6}, d_{3,5,4,7}->d_{5,7,3,4}, d_{3,5,4,8}->d_{5,7,4,8}, d_{3,5,4,9}->d_{5,7,4,9}, d_{3,5,4,10}->d_{5,7,4,10}, d_{3,5,4,11}->d_{5,7,4,11}, d_{3,5,6,7}->d_{5,7,3,6}, d_{3,5,6,8}->d_{5,7,6,8}, d_{3,5,6,9}->d_{5,7,6,9}, d_{3,5,6,10}->d_{5,7,6,10}, d_{3,5,6,11}->d_{5,7,6,11}, d_{3,5,7,8}->d_{5,7,3,8}, d_{3,5,7,9}->d_{5,7,3,9}, d_{3,5,7,10}->d_{5,7,3,10}, d_{3,5,7,11}->d_{5,7,3,11}, d_{3,5,8,9}->d_{5,7,8,9}, d_{3,5,8,10}->d_{5,7,8,10}, d_{3,5,8,11}->d_{5,7,8,11}, d_{3,5,9,10}->d_{5,7,9,10}, d_{3,5,9,11}->d_{5,7,9,11}, d_{3,5,10,11}->d_{5,7,10,11}, d_{3,6,0,1}->d_{6,7,0,1}, d_{3,6,0,2}->d_{6,7,0,2}, d_{3,6,0,4}->d_{6,7,0,4}, d_{3,6,0,5}->d_{6,7,0,5}, d_{3,6,0,7}->d_{6,7,0,3}, d_{3,6,0,8}->d_{6,7,0,8}, d_{3,6,0,9}->d_{6,7,0,9}, d_{3,6,0,10}->d_{6,7,0,10}, d_{3,6,0,11}->d_{6,7,0,11}, d_{3,6,1,2}->d_{6,7,1,2}, d_{3,6,1,4}->d_{6,7,1,4}, d_{3,6,1,5}->d_{6,7,1,5}, d_{3,6,1,7}->d_{6,7,1,3}, d_{3,6,1,8}->d_{6,7,1,8}, d_{3,6,1,9}->d_{6,7,1,9}, d_{3,6,1,10}->d_{6,7,1,10}, d_{3,6,1,11}->d_{6,7,1,11}, d_{3,6,2,4}->d_{6,7,2,4}, d_{3,6,2,5}->d_{6,7,2,5}, d_{3,6,2,7}->d_{6,7,2,3}, d_{3,6,2,8}->d_{6,7,2,8}, d_{3,6,2,9}->d_{6,7,2,9}, d_{3,6,2,10}->d_{6,7,2,10}, d_{3,6,2,11}->d_{6,7,2,11}, d_{3,6,4,5}->d_{6,7,4,5}, d_{3,6,4,7}->d_{6,7,3,4}, d_{3,6,4,8}->d_{6,7,4,8}, d_{3,6,4,9}->d_{6,7,4,9}, d_{3,6,4,10}->d_{6,7,4,10}, d_{3,6,4,11}->d_{6,7,4,11}, d_{3,6,5,7}->d_{6,7,3,5}, d_{3,6,5,8}->d_{6,7,5,8}, d_{3,6,5,9}->d_{6,7,5,9}, d_{3,6,5,10}->d_{6,7,5,10}, d_{3,6,5,11}->d_{6,7,5,11}, d_{3,6,7,8}->d_{6,7,3,8}, d_{3,6,7,9}->d_{6,7,3,9}, d_{3,6,7,10}->d_{6,7,3,10}, d_{3,6,7,11}->d_{6,7,3,11}, d_{3,6,8,9}->d_{6,7,8,9}, d_{3,6,8,10}->d_{6,7,8,10}, d_{3,6,8,11}->d_{6,7,8,11}, d_{3,6,9,10}->d_{6,7,9,10}, d_{3,6,9,11}->d_{6,7,9,11}, d_{3,6,10,11}->d_{6,7,10,11}, d_{3,8,0,1}->d_{7,8,0,1}, d_{3,8,0,2}->d_{7,8,0,2}, d_{3,8,0,4}->d_{7,8,0,4}, d_{3,8,0,5}->d_{7,8,0,5}, d_{3,8,0,6}->d_{7,8,0,6}, d_{3,8,0,7}->d_{7,8,0,3}, d_{3,8,0,9}->d_{7,8,0,9}, d_{3,8,0,10}->d_{7,8,0,10}, d_{3,8,0,11}->d_{7,8,0,11}, d_{3,8,1,2}->d_{7,8,1,2}, d_{3,8,1,4}->d_{7,8,1,4}, d_{3,8,1,5}->d_{7,8,1,5}, d_{3,8,1,6}->d_{7,8,1,6}, d_{3,8,1,7}->d_{7,8,1,3}, d_{3,8,1,9}->d_{7,8,1,9}, d_{3,8,1,10}->d_{7,8,1,10}, d_{3,8,1,11}->d_{7,8,1,11}, d_{3,8,2,4}->d_{7,8,2,4}, d_{3,8,2,5}->d_{7,8,2,5}, d_{3,8,2,6}->d_{7,8,2,6}, d_{3,8,2,7}->d_{7,8,2,3}, d_{3,8,2,9}->d_{7,8,2,9}, d_{3,8,2,10}->d_{7,8,2,10}, d_{3,8,2,11}->d_{7,8,2,11}, d_{3,8,4,5}->d_{7,8,4,5}, d_{3,8,4,6}->d_{7,8,4,6}, d_{3,8,4,7}->d_{7,8,3,4}, d_{3,8,4,9}->d_{7,8,4,9}, d_{3,8,4,10}->d_{7,8,4,10}, d_{3,8,4,11}->d_{7,8,4,11}, d_{3,8,5,6}->d_{7,8,5,6}, d_{3,8,5,7}->d_{7,8,3,5}, d_{3,8,5,9}->d_{7,8,5,9}, d_{3,8,5,10}->d_{7,8,5,10}, d_{3,8,5,11}->d_{7,8,5,11}, d_{3,8,6,7}->d_{7,8,3,6}, d_{3,8,6,9}->d_{7,8,6,9}, d_{3,8,6,10}->d_{7,8,6,10}, d_{3,8,6,11}->d_{7,8,6,11}, d_{3,8,7,9}->d_{7,8,3,9}, d_{3,8,7,10}->d_{7,8,3,10}, d_{3,8,7,11}->d_{7,8,3,11}, d_{3,8,9,10}->d_{7,8,9,10}, d_{3,8,9,11}->d_{7,8,9,11}, d_{3,8,10,11}->d_{7,8,10,11}, d_{3,9,0,1}->d_{7,9,0,1}, d_{3,9,0,2}->d_{7,9,0,2}, d_{3,9,0,4}->d_{7,9,0,4}, d_{3,9,0,5}->d_{7,9,0,5}, d_{3,9,0,6}->d_{7,9,0,6}, d_{3,9,0,7}->d_{7,9,0,3}, d_{3,9,0,8}->d_{7,9,0,8}, d_{3,9,0,10}->d_{7,9,0,10}, d_{3,9,0,11}->d_{7,9,0,11}, d_{3,9,1,2}->d_{7,9,1,2}, d_{3,9,1,4}->d_{7,9,1,4}, d_{3,9,1,5}->d_{7,9,1,5}, d_{3,9,1,6}->d_{7,9,1,6}, d_{3,9,1,7}->d_{7,9,1,3}, d_{3,9,1,8}->d_{7,9,1,8}, d_{3,9,1,10}->d_{7,9,1,10}, d_{3,9,1,11}->d_{7,9,1,11}, d_{3,9,2,4}->d_{7,9,2,4}, d_{3,9,2,5}->d_{7,9,2,5}, d_{3,9,2,6}->d_{7,9,2,6}, d_{3,9,2,7}->d_{7,9,2,3}, d_{3,9,2,8}->d_{7,9,2,8}, d_{3,9,2,10}->d_{7,9,2,10}, d_{3,9,2,11}->d_{7,9,2,11}, d_{3,9,4,5}->d_{7,9,4,5}, d_{3,9,4,6}->d_{7,9,4,6}, d_{3,9,4,7}->d_{7,9,3,4}, d_{3,9,4,8}->d_{7,9,4,8}, d_{3,9,4,10}->d_{7,9,4,10}, d_{3,9,4,11}->d_{7,9,4,11}, d_{3,9,5,6}->d_{7,9,5,6}, d_{3,9,5,7}->d_{7,9,3,5}, d_{3,9,5,8}->d_{7,9,5,8}, d_{3,9,5,10}->d_{7,9,5,10}, d_{3,9,5,11}->d_{7,9,5,11}, d_{3,9,6,7}->d_{7,9,3,6}, d_{3,9,6,8}->d_{7,9,6,8}, d_{3,9,6,10}->d_{7,9,6,10}, d_{3,9,6,11}->d_{7,9,6,11}, d_{3,9,7,8}->d_{7,9,3,8}, d_{3,9,7,10}->d_{7,9,3,10}, d_{3,9,7,11}->d_{7,9,3,11}, d_{3,9,8,10}->d_{7,9,8,10}, d_{3,9,8,11}->d_{7,9,8,11}, d_{3,9,10,11}->d_{7,9,10,11}, d_{3,10,0,1}->d_{7,10,0,1}, d_{3,10,0,2}->d_{7,10,0,2}, d_{3,10,0,4}->d_{7,10,0,4}, d_{3,10,0,5}->d_{7,10,0,5}, d_{3,10,0,6}->d_{7,10,0,6}, d_{3,10,0,7}->d_{7,10,0,3}, d_{3,10,0,8}->d_{7,10,0,8}, d_{3,10,0,9}->d_{7,10,0,9}, d_{3,10,0,11}->d_{7,10,0,11}, d_{3,10,1,2}->d_{7,10,1,2}, d_{3,10,1,4}->d_{7,10,1,4}, d_{3,10,1,5}->d_{7,10,1,5}, d_{3,10,1,6}->d_{7,10,1,6}, d_{3,10,1,7}->d_{7,10,1,3}, d_{3,10,1,8}->d_{7,10,1,8}, d_{3,10,1,9}->d_{7,10,1,9}, d_{3,10,1,11}->d_{7,10,1,11}, d_{3,10,2,4}->d_{7,10,2,4}, d_{3,10,2,5}->d_{7,10,2,5}, d_{3,10,2,6}->d_{7,10,2,6}, d_{3,10,2,7}->d_{7,10,2,3}, d_{3,10,2,8}->d_{7,10,2,8}, d_{3,10,2,9}->d_{7,10,2,9}, d_{3,10,2,11}->d_{7,10,2,11}, d_{3,10,4,5}->d_{7,10,4,5}, d_{3,10,4,6}->d_{7,10,4,6}, d_{3,10,4,7}->d_{7,10,3,4}, d_{3,10,4,8}->d_{7,10,4,8}, d_{3,10,4,9}->d_{7,10,4,9}, d_{3,10,4,11}->d_{7,10,4,11}, d_{3,10,5,6}->d_{7,10,5,6}, d_{3,10,5,7}->d_{7,10,3,5}, d_{3,10,5,8}->d_{7,10,5,8}, d_{3,10,5,9}->d_{7,10,5,9}, d_{3,10,5,11}->d_{7,10,5,11}, d_{3,10,6,7}->d_{7,10,3,6}, d_{3,10,6,8}->d_{7,10,6,8}, d_{3,10,6,9}->d_{7,10,6,9}, d_{3,10,6,11}->d_{7,10,6,11}, d_{3,10,7,8}->d_{7,10,3,8}, d_{3,10,7,9}->d_{7,10,3,9}, d_{3,10,7,11}->d_{7,10,3,11}, d_{3,10,8,9}->d_{7,10,8,9}, d_{3,10,8,11}->d_{7,10,8,11}, d_{3,10,9,11}->d_{7,10,9,11}, d_{3,11,0,1}->d_{7,11,0,1}, d_{3,11,0,2}->d_{7,11,0,2}, d_{3,11,0,4}->d_{7,11,0,4}, d_{3,11,0,5}->d_{7,11,0,5}, d_{3,11,0,6}->d_{7,11,0,6}, d_{3,11,0,7}->d_{7,11,0,3}, d_{3,11,0,8}->d_{7,11,0,8}, d_{3,11,0,9}->d_{7,11,0,9}, d_{3,11,0,10}->d_{7,11,0,10}, d_{3,11,1,2}->d_{7,11,1,2}, d_{3,11,1,4}->d_{7,11,1,4}, d_{3,11,1,5}->d_{7,11,1,5}, d_{3,11,1,6}->d_{7,11,1,6}, d_{3,11,1,7}->d_{7,11,1,3}, d_{3,11,1,8}->d_{7,11,1,8}, d_{3,11,1,9}->d_{7,11,1,9}, d_{3,11,1,10}->d_{7,11,1,10}, d_{3,11,2,4}->d_{7,11,2,4}, d_{3,11,2,5}->d_{7,11,2,5}, d_{3,11,2,6}->d_{7,11,2,6}, d_{3,11,2,7}->d_{7,11,2,3}, d_{3,11,2,8}->d_{7,11,2,8}, d_{3,11,2,9}->d_{7,11,2,9}, d_{3,11,2,10}->d_{7,11,2,10}, d_{3,11,4,5}->d_{7,11,4,5}, d_{3,11,4,6}->d_{7,11,4,6}, d_{3,11,4,7}->d_{7,11,3,4}, d_{3,11,4,8}->d_{7,11,4,8}, d_{3,11,4,9}->d_{7,11,4,9}, d_{3,11,4,10}->d_{7,11,4,10}, d_{3,11,5,6}->d_{7,11,5,6}, d_{3,11,5,7}->d_{7,11,3,5}, d_{3,11,5,8}->d_{7,11,5,8}, d_{3,11,5,9}->d_{7,11,5,9}, d_{3,11,5,10}->d_{7,11,5,10}, d_{3,11,6,7}->d_{7,11,3,6}, d_{3,11,6,8}->d_{7,11,6,8}, d_{3,11,6,9}->d_{7,11,6,9}, d_{3,11,6,10}->d_{7,11,6,10}, d_{3,11,7,8}->d_{7,11,3,8}, d_{3,11,7,9}->d_{7,11,3,9}, d_{3,11,7,10}->d_{7,11,3,10}, d_{3,11,8,9}->d_{7,11,8,9}, d_{3,11,8,10}->d_{7,11,8,10}, d_{3,11,9,10}->d_{7,11,9,10}, d_{4,5,0,3}->d_{4,5,0,7}, d_{4,5,0,7}->d_{4,5,0,3}, d_{4,5,1,3}->d_{4,5,1,7}, d_{4,5,1,7}->d_{4,5,1,3}, d_{4,5,2,3}->d_{4,5,2,7}, d_{4,5,2,7}->d_{4,5,2,3}, d_{4,5,3,6}->d_{4,5,6,7}, d_{4,5,3,8}->d_{4,5,7,8}, d_{4,5,3,9}->d_{4,5,7,9}, d_{4,5,3,10}->d_{4,5,7,10}, d_{4,5,3,11}->d_{4,5,7,11}, d_{4,5,6,7}->d_{4,5,3,6}, d_{4,5,7,8}->d_{4,5,3,8}, d_{4,5,7,9}->d_{4,5,3,9}, d_{4,5,7,10}->d_{4,5,3,10}, d_{4,5,7,11}->d_{4,5,3,11}, d_{4,6,0,3}->d_{4,6,0,7}, d_{4,6,0,7}->d_{4,6,0,3}, d_{4,6,1,3}->d_{4,6,1,7}, d_{4,6,1,7}->d_{4,6,1,3}, d_{4,6,2,3}->d_{4,6,2,7}, d_{4,6,2,7}->d_{4,6,2,3}, d_{4,6,3,5}->d_{4,6,5,7}, d_{4,6,3,8}->d_{4,6,7,8}, d_{4,6,3,9}->d_{4,6,7,9}, d_{4,6,3,10}->d_{4,6,7,10}, d_{4,6,3,11}->d_{4,6,7,11}, d_{4,6,5,7}->d_{4,6,3,5}, d_{4,6,7,8}->d_{4,6,3,8}, d_{4,6,7,9}->d_{4,6,3,9}, d_{4,6,7,10}->d_{4,6,3,10}, d_{4,6,7,11}->d_{4,6,3,11}, d_{4,7,0,1}->d_{3,4,0,1}, d_{4,7,0,2}->d_{3,4,0,2}, d_{4,7,0,3}->d_{3,4,0,7}, d_{4,7,0,5}->d_{3,4,0,5}, d_{4,7,0,6}->d_{3,4,0,6}, d_{4,7,0,8}->d_{3,4,0,8}, d_{4,7,0,9}->d_{3,4,0,9}, d_{4,7,0,10}->d_{3,4,0,10}, d_{4,7,0,11}->d_{3,4,0,11}, d_{4,7,1,2}->d_{3,4,1,2}, d_{4,7,1,3}->d_{3,4,1,7}, d_{4,7,1,5}->d_{3,4,1,5}, d_{4,7,1,6}->d_{3,4,1,6}, d_{4,7,1,8}->d_{3,4,1,8}, d_{4,7,1,9}->d_{3,4,1,9}, d_{4,7,1,10}->d_{3,4,1,10}, d_{4,7,1,11}->d_{3,4,1,11}, d_{4,7,2,3}->d_{3,4,2,7}, d_{4,7,2,5}->d_{3,4,2,5}, d_{4,7,2,6}->d_{3,4,2,6}, d_{4,7,2,8}->d_{3,4,2,8}, d_{4,7,2,9}->d_{3,4,2,9}, d_{4,7,2,10}->d_{3,4,2,10}, d_{4,7,2,11}->d_{3,4,2,11}, d_{4,7,3,5}->d_{3,4,5,7}, d_{4,7,3,6}->d_{3,4,6,7}, d_{4,7,3,8}->d_{3,4,7,8}, d_{4,7,3,9}->d_{3,4,7,9}, d_{4,7,3,10}->d_{3,4,7,10}, d_{4,7,3,11}->d_{3,4,7,11}, d_{4,7,5,6}->d_{3,4,5,6}, d_{4,7,5,8}->d_{3,4,5,8}, d_{4,7,5,9}->d_{3,4,5,9}, d_{4,7,5,10}->d_{3,4,5,10}, d_{4,7,5,11}->d_{3,4,5,11}, d_{4,7,6,8}->d_{3,4,6,8}, d_{4,7,6,9}->d_{3,4,6,9}, d_{4,7,6,10}->d_{3,4,6,10}, d_{4,7,6,11}->d_{3,4,6,11}, d_{4,7,8,9}->d_{3,4,8,9}, d_{4,7,8,10}->d_{3,4,8,10}, d_{4,7,8,11}->d_{3,4,8,11}, d_{4,7,9,10}->d_{3,4,9,10}, d_{4,7,9,11}->d_{3,4,9,11}, d_{4,7,10,11}->d_{3,4,10,11}, d_{4,8,0,3}->d_{4,8,0,7}, d_{4,8,0,7}->d_{4,8,0,3}, d_{4,8,1,3}->d_{4,8,1,7}, d_{4,8,1,7}->d_{4,8,1,3}, d_{4,8,2,3}->d_{4,8,2,7}, d_{4,8,2,7}->d_{4,8,2,3}, d_{4,8,3,5}->d_{4,8,5,7}, d_{4,8,3,6}->d_{4,8,6,7}, d_{4,8,3,9}->d_{4,8,7,9}, d_{4,8,3,10}->d_{4,8,7,10}, d_{4,8,3,11}->d_{4,8,7,11}, d_{4,8,5,7}->d_{4,8,3,5}, d_{4,8,6,7}->d_{4,8,3,6}, d_{4,8,7,9}->d_{4,8,3,9}, d_{4,8,7,10}->d_{4,8,3,10}, d_{4,8,7,11}->d_{4,8,3,11}, d_{4,9,0,3}->d_{4,9,0,7}, d_{4,9,0,7}->d_{4,9,0,3}, d_{4,9,1,3}->d_{4,9,1,7}, d_{4,9,1,7}->d_{4,9,1,3}, d_{4,9,2,3}->d_{4,9,2,7}, d_{4,9,2,7}->d_{4,9,2,3}, d_{4,9,3,5}->d_{4,9,5,7}, d_{4,9,3,6}->d_{4,9,6,7}, d_{4,9,3,8}->d_{4,9,7,8}, d_{4,9,3,10}->d_{4,9,7,10}, d_{4,9,3,11}->d_{4,9,7,11}, d_{4,9,5,7}->d_{4,9,3,5}, d_{4,9,6,7}->d_{4,9,3,6}, d_{4,9,7,8}->d_{4,9,3,8}, d_{4,9,7,10}->d_{4,9,3,10}, d_{4,9,7,11}->d_{4,9,3,11}, d_{4,10,0,3}->d_{4,10,0,7}, d_{4,10,0,7}->d_{4,10,0,3}, d_{4,10,1,3}->d_{4,10,1,7}, d_{4,10,1,7}->d_{4,10,1,3}, d_{4,10,2,3}->d_{4,10,2,7}, d_{4,10,2,7}->d_{4,10,2,3}, d_{4,10,3,5}->d_{4,10,5,7}, d_{4,10,3,6}->d_{4,10,6,7}, d_{4,10,3,8}->d_{4,10,7,8}, d_{4,10,3,9}->d_{4,10,7,9}, d_{4,10,3,11}->d_{4,10,7,11}, d_{4,10,5,7}->d_{4,10,3,5}, d_{4,10,6,7}->d_{4,10,3,6}, d_{4,10,7,8}->d_{4,10,3,8}, d_{4,10,7,9}->d_{4,10,3,9}, d_{4,10,7,11}->d_{4,10,3,11}, d_{4,11,0,3}->d_{4,11,0,7}, d_{4,11,0,7}->d_{4,11,0,3}, d_{4,11,1,3}->d_{4,11,1,7}, d_{4,11,1,7}->d_{4,11,1,3}, d_{4,11,2,3}->d_{4,11,2,7}, d_{4,11,2,7}->d_{4,11,2,3}, d_{4,11,3,5}->d_{4,11,5,7}, d_{4,11,3,6}->d_{4,11,6,7}, d_{4,11,3,8}->d_{4,11,7,8}, d_{4,11,3,9}->d_{4,11,7,9}, d_{4,11,3,10}->d_{4,11,7,10}, d_{4,11,5,7}->d_{4,11,3,5}, d_{4,11,6,7}->d_{4,11,3,6}, d_{4,11,7,8}->d_{4,11,3,8}, d_{4,11,7,9}->d_{4,11,3,9}, d_{4,11,7,10}->d_{4,11,3,10}, d_{5,6,0,3}->d_{5,6,0,7}, d_{5,6,0,7}->d_{5,6,0,3}, d_{5,6,1,3}->d_{5,6,1,7}, d_{5,6,1,7}->d_{5,6,1,3}, d_{5,6,2,3}->d_{5,6,2,7}, d_{5,6,2,7}->d_{5,6,2,3}, d_{5,6,3,4}->d_{5,6,4,7}, d_{5,6,3,8}->d_{5,6,7,8}, d_{5,6,3,9}->d_{5,6,7,9}, d_{5,6,3,10}->d_{5,6,7,10}, d_{5,6,3,11}->d_{5,6,7,11}, d_{5,6,4,7}->d_{5,6,3,4}, d_{5,6,7,8}->d_{5,6,3,8}, d_{5,6,7,9}->d_{5,6,3,9}, d_{5,6,7,10}->d_{5,6,3,10}, d_{5,6,7,11}->d_{5,6,3,11}, d_{5,7,0,1}->d_{3,5,0,1}, d_{5,7,0,2}->d_{3,5,0,2}, d_{5,7,0,3}->d_{3,5,0,7}, d_{5,7,0,4}->d_{3,5,0,4}, d_{5,7,0,6}->d_{3,5,0,6}, d_{5,7,0,8}->d_{3,5,0,8}, d_{5,7,0,9}->d_{3,5,0,9}, d_{5,7,0,10}->d_{3,5,0,10}, d_{5,7,0,11}->d_{3,5,0,11}, d_{5,7,1,2}->d_{3,5,1,2}, d_{5,7,1,3}->d_{3,5,1,7}, d_{5,7,1,4}->d_{3,5,1,4}, d_{5,7,1,6}->d_{3,5,1,6}, d_{5,7,1,8}->d_{3,5,1,8}, d_{5,7,1,9}->d_{3,5,1,9}, d_{5,7,1,10}->d_{3,5,1,10}, d_{5,7,1,11}->d_{3,5,1,11}, d_{5,7,2,3}->d_{3,5,2,7}, d_{5,7,2,4}->d_{3,5,2,4}, d_{5,7,2,6}->d_{3,5,2,6}, d_{5,7,2,8}->d_{3,5,2,8}, d_{5,7,2,9}->d_{3,5,2,9}, d_{5,7,2,10}->d_{3,5,2,10}, d_{5,7,2,11}->d_{3,5,2,11}, d_{5,7,3,4}->d_{3,5,4,7}, d_{5,7,3,6}->d_{3,5,6,7}, d_{5,7,3,8}->d_{3,5,7,8}, d_{5,7,3,9}->d_{3,5,7,9}, d_{5,7,3,10}->d_{3,5,7,10}, d_{5,7,3,11}->d_{3,5,7,11}, d_{5,7,4,6}->d_{3,5,4,6}, d_{5,7,4,8}->d_{3,5,4,8}, d_{5,7,4,9}->d_{3,5,4,9}, d_{5,7,4,10}->d_{3,5,4,10}, d_{5,7,4,11}->d_{3,5,4,11}, d_{5,7,6,8}->d_{3,5,6,8}, d_{5,7,6,9}->d_{3,5,6,9}, d_{5,7,6,10}->d_{3,5,6,10}, d_{5,7,6,11}->d_{3,5,6,11}, d_{5,7,8,9}->d_{3,5,8,9}, d_{5,7,8,10}->d_{3,5,8,10}, d_{5,7,8,11}->d_{3,5,8,11}, d_{5,7,9,10}->d_{3,5,9,10}, d_{5,7,9,11}->d_{3,5,9,11}, d_{5,7,10,11}->d_{3,5,10,11}, d_{5,8,0,3}->d_{5,8,0,7}, d_{5,8,0,7}->d_{5,8,0,3}, d_{5,8,1,3}->d_{5,8,1,7}, d_{5,8,1,7}->d_{5,8,1,3}, d_{5,8,2,3}->d_{5,8,2,7}, d_{5,8,2,7}->d_{5,8,2,3}, d_{5,8,3,4}->d_{5,8,4,7}, d_{5,8,3,6}->d_{5,8,6,7}, d_{5,8,3,9}->d_{5,8,7,9}, d_{5,8,3,10}->d_{5,8,7,10}, d_{5,8,3,11}->d_{5,8,7,11}, d_{5,8,4,7}->d_{5,8,3,4}, d_{5,8,6,7}->d_{5,8,3,6}, d_{5,8,7,9}->d_{5,8,3,9}, d_{5,8,7,10}->d_{5,8,3,10}, d_{5,8,7,11}->d_{5,8,3,11}, d_{5,9,0,3}->d_{5,9,0,7}, d_{5,9,0,7}->d_{5,9,0,3}, d_{5,9,1,3}->d_{5,9,1,7}, d_{5,9,1,7}->d_{5,9,1,3}, d_{5,9,2,3}->d_{5,9,2,7}, d_{5,9,2,7}->d_{5,9,2,3}, d_{5,9,3,4}->d_{5,9,4,7}, d_{5,9,3,6}->d_{5,9,6,7}, d_{5,9,3,8}->d_{5,9,7,8}, d_{5,9,3,10}->d_{5,9,7,10}, d_{5,9,3,11}->d_{5,9,7,11}, d_{5,9,4,7}->d_{5,9,3,4}, d_{5,9,6,7}->d_{5,9,3,6}, d_{5,9,7,8}->d_{5,9,3,8}, d_{5,9,7,10}->d_{5,9,3,10}, d_{5,9,7,11}->d_{5,9,3,11}, d_{5,10,0,3}->d_{5,10,0,7}, d_{5,10,0,7}->d_{5,10,0,3}, d_{5,10,1,3}->d_{5,10,1,7}, d_{5,10,1,7}->d_{5,10,1,3}, d_{5,10,2,3}->d_{5,10,2,7}, d_{5,10,2,7}->d_{5,10,2,3}, d_{5,10,3,4}->d_{5,10,4,7}, d_{5,10,3,6}->d_{5,10,6,7}, d_{5,10,3,8}->d_{5,10,7,8}, d_{5,10,3,9}->d_{5,10,7,9}, d_{5,10,3,11}->d_{5,10,7,11}, d_{5,10,4,7}->d_{5,10,3,4}, d_{5,10,6,7}->d_{5,10,3,6}, d_{5,10,7,8}->d_{5,10,3,8}, d_{5,10,7,9}->d_{5,10,3,9}, d_{5,10,7,11}->d_{5,10,3,11}, d_{5,11,0,3}->d_{5,11,0,7}, d_{5,11,0,7}->d_{5,11,0,3}, d_{5,11,1,3}->d_{5,11,1,7}, d_{5,11,1,7}->d_{5,11,1,3}, d_{5,11,2,3}->d_{5,11,2,7}, d_{5,11,2,7}->d_{5,11,2,3}, d_{5,11,3,4}->d_{5,11,4,7}, d_{5,11,3,6}->d_{5,11,6,7}, d_{5,11,3,8}->d_{5,11,7,8}, d_{5,11,3,9}->d_{5,11,7,9}, d_{5,11,3,10}->d_{5,11,7,10}, d_{5,11,4,7}->d_{5,11,3,4}, d_{5,11,6,7}->d_{5,11,3,6}, d_{5,11,7,8}->d_{5,11,3,8}, d_{5,11,7,9}->d_{5,11,3,9}, d_{5,11,7,10}->d_{5,11,3,10}, d_{6,7,0,1}->d_{3,6,0,1}, d_{6,7,0,2}->d_{3,6,0,2}, d_{6,7,0,3}->d_{3,6,0,7}, d_{6,7,0,4}->d_{3,6,0,4}, d_{6,7,0,5}->d_{3,6,0,5}, d_{6,7,0,8}->d_{3,6,0,8}, d_{6,7,0,9}->d_{3,6,0,9}, d_{6,7,0,10}->d_{3,6,0,10}, d_{6,7,0,11}->d_{3,6,0,11}, d_{6,7,1,2}->d_{3,6,1,2}, d_{6,7,1,3}->d_{3,6,1,7}, d_{6,7,1,4}->d_{3,6,1,4}, d_{6,7,1,5}->d_{3,6,1,5}, d_{6,7,1,8}->d_{3,6,1,8}, d_{6,7,1,9}->d_{3,6,1,9}, d_{6,7,1,10}->d_{3,6,1,10}, d_{6,7,1,11}->d_{3,6,1,11}, d_{6,7,2,3}->d_{3,6,2,7}, d_{6,7,2,4}->d_{3,6,2,4}, d_{6,7,2,5}->d_{3,6,2,5}, d_{6,7,2,8}->d_{3,6,2,8}, d_{6,7,2,9}->d_{3,6,2,9}, d_{6,7,2,10}->d_{3,6,2,10}, d_{6,7,2,11}->d_{3,6,2,11}, d_{6,7,3,4}->d_{3,6,4,7}, d_{6,7,3,5}->d_{3,6,5,7}, d_{6,7,3,8}->d_{3,6,7,8}, d_{6,7,3,9}->d_{3,6,7,9}, d_{6,7,3,10}->d_{3,6,7,10}, d_{6,7,3,11}->d_{3,6,7,11}, d_{6,7,4,5}->d_{3,6,4,5}, d_{6,7,4,8}->d_{3,6,4,8}, d_{6,7,4,9}->d_{3,6,4,9}, d_{6,7,4,10}->d_{3,6,4,10}, d_{6,7,4,11}->d_{3,6,4,11}, d_{6,7,5,8}->d_{3,6,5,8}, d_{6,7,5,9}->d_{3,6,5,9}, d_{6,7,5,10}->d_{3,6,5,10}, d_{6,7,5,11}->d_{3,6,5,11}, d_{6,7,8,9}->d_{3,6,8,9}, d_{6,7,8,10}->d_{3,6,8,10}, d_{6,7,8,11}->d_{3,6,8,11}, d_{6,7,9,10}->d_{3,6,9,10}, d_{6,7,9,11}->d_{3,6,9,11}, d_{6,7,10,11}->d_{3,6,10,11}, d_{6,8,0,3}->d_{6,8,0,7}, d_{6,8,0,7}->d_{6,8,0,3}, d_{6,8,1,3}->d_{6,8,1,7}, d_{6,8,1,7}->d_{6,8,1,3}, d_{6,8,2,3}->d_{6,8,2,7}, d_{6,8,2,7}->d_{6,8,2,3}, d_{6,8,3,4}->d_{6,8,4,7}, d_{6,8,3,5}->d_{6,8,5,7}, d_{6,8,3,9}->d_{6,8,7,9}, d_{6,8,3,10}->d_{6,8,7,10}, d_{6,8,3,11}->d_{6,8,7,11}, d_{6,8,4,7}->d_{6,8,3,4}, d_{6,8,5,7}->d_{6,8,3,5}, d_{6,8,7,9}->d_{6,8,3,9}, d_{6,8,7,10}->d_{6,8,3,10}, d_{6,8,7,11}->d_{6,8,3,11}, d_{6,9,0,3}->d_{6,9,0,7}, d_{6,9,0,7}->d_{6,9,0,3}, d_{6,9,1,3}->d_{6,9,1,7}, d_{6,9,1,7}->d_{6,9,1,3}, d_{6,9,2,3}->d_{6,9,2,7}, d_{6,9,2,7}->d_{6,9,2,3}, d_{6,9,3,4}->d_{6,9,4,7}, d_{6,9,3,5}->d_{6,9,5,7}, d_{6,9,3,8}->d_{6,9,7,8}, d_{6,9,3,10}->d_{6,9,7,10}, d_{6,9,3,11}->d_{6,9,7,11}, d_{6,9,4,7}->d_{6,9,3,4}, d_{6,9,5,7}->d_{6,9,3,5}, d_{6,9,7,8}->d_{6,9,3,8}, d_{6,9,7,10}->d_{6,9,3,10}, d_{6,9,7,11}->d_{6,9,3,11}, d_{6,10,0,3}->d_{6,10,0,7}, d_{6,10,0,7}->d_{6,10,0,3}, d_{6,10,1,3}->d_{6,10,1,7}, d_{6,10,1,7}->d_{6,10,1,3}, d_{6,10,2,3}->d_{6,10,2,7}, d_{6,10,2,7}->d_{6,10,2,3}, d_{6,10,3,4}->d_{6,10,4,7}, d_{6,10,3,5}->d_{6,10,5,7}, d_{6,10,3,8}->d_{6,10,7,8}, d_{6,10,3,9}->d_{6,10,7,9}, d_{6,10,3,11}->d_{6,10,7,11}, d_{6,10,4,7}->d_{6,10,3,4}, d_{6,10,5,7}->d_{6,10,3,5}, d_{6,10,7,8}->d_{6,10,3,8}, d_{6,10,7,9}->d_{6,10,3,9}, d_{6,10,7,11}->d_{6,10,3,11}, d_{6,11,0,3}->d_{6,11,0,7}, d_{6,11,0,7}->d_{6,11,0,3}, d_{6,11,1,3}->d_{6,11,1,7}, d_{6,11,1,7}->d_{6,11,1,3}, d_{6,11,2,3}->d_{6,11,2,7}, d_{6,11,2,7}->d_{6,11,2,3}, d_{6,11,3,4}->d_{6,11,4,7}, d_{6,11,3,5}->d_{6,11,5,7}, d_{6,11,3,8}->d_{6,11,7,8}, d_{6,11,3,9}->d_{6,11,7,9}, d_{6,11,3,10}->d_{6,11,7,10}, d_{6,11,4,7}->d_{6,11,3,4}, d_{6,11,5,7}->d_{6,11,3,5}, d_{6,11,7,8}->d_{6,11,3,8}, d_{6,11,7,9}->d_{6,11,3,9}, d_{6,11,7,10}->d_{6,11,3,10}, d_{7,8,0,1}->d_{3,8,0,1}, d_{7,8,0,2}->d_{3,8,0,2}, d_{7,8,0,3}->d_{3,8,0,7}, d_{7,8,0,4}->d_{3,8,0,4}, d_{7,8,0,5}->d_{3,8,0,5}, d_{7,8,0,6}->d_{3,8,0,6}, d_{7,8,0,9}->d_{3,8,0,9}, d_{7,8,0,10}->d_{3,8,0,10}, d_{7,8,0,11}->d_{3,8,0,11}, d_{7,8,1,2}->d_{3,8,1,2}, d_{7,8,1,3}->d_{3,8,1,7}, d_{7,8,1,4}->d_{3,8,1,4}, d_{7,8,1,5}->d_{3,8,1,5}, d_{7,8,1,6}->d_{3,8,1,6}, d_{7,8,1,9}->d_{3,8,1,9}, d_{7,8,1,10}->d_{3,8,1,10}, d_{7,8,1,11}->d_{3,8,1,11}, d_{7,8,2,3}->d_{3,8,2,7}, d_{7,8,2,4}->d_{3,8,2,4}, d_{7,8,2,5}->d_{3,8,2,5}, d_{7,8,2,6}->d_{3,8,2,6}, d_{7,8,2,9}->d_{3,8,2,9}, d_{7,8,2,10}->d_{3,8,2,10}, d_{7,8,2,11}->d_{3,8,2,11}, d_{7,8,3,4}->d_{3,8,4,7}, d_{7,8,3,5}->d_{3,8,5,7}, d_{7,8,3,6}->d_{3,8,6,7}, d_{7,8,3,9}->d_{3,8,7,9}, d_{7,8,3,10}->d_{3,8,7,10}, d_{7,8,3,11}->d_{3,8,7,11}, d_{7,8,4,5}->d_{3,8,4,5}, d_{7,8,4,6}->d_{3,8,4,6}, d_{7,8,4,9}->d_{3,8,4,9}, d_{7,8,4,10}->d_{3,8,4,10}, d_{7,8,4,11}->d_{3,8,4,11}, d_{7,8,5,6}->d_{3,8,5,6}, d_{7,8,5,9}->d_{3,8,5,9}, d_{7,8,5,10}->d_{3,8,5,10}, d_{7,8,5,11}->d_{3,8,5,11}, d_{7,8,6,9}->d_{3,8,6,9}, d_{7,8,6,10}->d_{3,8,6,10}, d_{7,8,6,11}->d_{3,8,6,11}, d_{7,8,9,10}->d_{3,8,9,10}, d_{7,8,9,11}->d_{3,8,9,11}, d_{7,8,10,11}->d_{3,8,10,11}, d_{7,9,0,1}->d_{3,9,0,1}, d_{7,9,0,2}->d_{3,9,0,2}, d_{7,9,0,3}->d_{3,9,0,7}, d_{7,9,0,4}->d_{3,9,0,4}, d_{7,9,0,5}->d_{3,9,0,5}, d_{7,9,0,6}->d_{3,9,0,6}, d_{7,9,0,8}->d_{3,9,0,8}, d_{7,9,0,10}->d_{3,9,0,10}, d_{7,9,0,11}->d_{3,9,0,11}, d_{7,9,1,2}->d_{3,9,1,2}, d_{7,9,1,3}->d_{3,9,1,7}, d_{7,9,1,4}->d_{3,9,1,4}, d_{7,9,1,5}->d_{3,9,1,5}, d_{7,9,1,6}->d_{3,9,1,6}, d_{7,9,1,8}->d_{3,9,1,8}, d_{7,9,1,10}->d_{3,9,1,10}, d_{7,9,1,11}->d_{3,9,1,11}, d_{7,9,2,3}->d_{3,9,2,7}, d_{7,9,2,4}->d_{3,9,2,4}, d_{7,9,2,5}->d_{3,9,2,5}, d_{7,9,2,6}->d_{3,9,2,6}, d_{7,9,2,8}->d_{3,9,2,8}, d_{7,9,2,10}->d_{3,9,2,10}, d_{7,9,2,11}->d_{3,9,2,11}, d_{7,9,3,4}->d_{3,9,4,7}, d_{7,9,3,5}->d_{3,9,5,7}, d_{7,9,3,6}->d_{3,9,6,7}, d_{7,9,3,8}->d_{3,9,7,8}, d_{7,9,3,10}->d_{3,9,7,10}, d_{7,9,3,11}->d_{3,9,7,11}, d_{7,9,4,5}->d_{3,9,4,5}, d_{7,9,4,6}->d_{3,9,4,6}, d_{7,9,4,8}->d_{3,9,4,8}, d_{7,9,4,10}->d_{3,9,4,10}, d_{7,9,4,11}->d_{3,9,4,11}, d_{7,9,5,6}->d_{3,9,5,6}, d_{7,9,5,8}->d_{3,9,5,8}, d_{7,9,5,10}->d_{3,9,5,10}, d_{7,9,5,11}->d_{3,9,5,11}, d_{7,9,6,8}->d_{3,9,6,8}, d_{7,9,6,10}->d_{3,9,6,10}, d_{7,9,6,11}->d_{3,9,6,11}, d_{7,9,8,10}->d_{3,9,8,10}, d_{7,9,8,11}->d_{3,9,8,11}, d_{7,9,10,11}->d_{3,9,10,11}, d_{7,10,0,1}->d_{3,10,0,1}, d_{7,10,0,2}->d_{3,10,0,2}, d_{7,10,0,3}->d_{3,10,0,7}, d_{7,10,0,4}->d_{3,10,0,4}, d_{7,10,0,5}->d_{3,10,0,5}, d_{7,10,0,6}->d_{3,10,0,6}, d_{7,10,0,8}->d_{3,10,0,8}, d_{7,10,0,9}->d_{3,10,0,9}, d_{7,10,0,11}->d_{3,10,0,11}, d_{7,10,1,2}->d_{3,10,1,2}, d_{7,10,1,3}->d_{3,10,1,7}, d_{7,10,1,4}->d_{3,10,1,4}, d_{7,10,1,5}->d_{3,10,1,5}, d_{7,10,1,6}->d_{3,10,1,6}, d_{7,10,1,8}->d_{3,10,1,8}, d_{7,10,1,9}->d_{3,10,1,9}, d_{7,10,1,11}->d_{3,10,1,11}, d_{7,10,2,3}->d_{3,10,2,7}, d_{7,10,2,4}->d_{3,10,2,4}, d_{7,10,2,5}->d_{3,10,2,5}, d_{7,10,2,6}->d_{3,10,2,6}, d_{7,10,2,8}->d_{3,10,2,8}, d_{7,10,2,9}->d_{3,10,2,9}, d_{7,10,2,11}->d_{3,10,2,11}, d_{7,10,3,4}->d_{3,10,4,7}, d_{7,10,3,5}->d_{3,10,5,7}, d_{7,10,3,6}->d_{3,10,6,7}, d_{7,10,3,8}->d_{3,10,7,8}, d_{7,10,3,9}->d_{3,10,7,9}, d_{7,10,3,11}->d_{3,10,7,11}, d_{7,10,4,5}->d_{3,10,4,5}, d_{7,10,4,6}->d_{3,10,4,6}, d_{7,10,4,8}->d_{3,10,4,8}, d_{7,10,4,9}->d_{3,10,4,9}, d_{7,10,4,11}->d_{3,10,4,11}, d_{7,10,5,6}->d_{3,10,5,6}, d_{7,10,5,8}->d_{3,10,5,8}, d_{7,10,5,9}->d_{3,10,5,9}, d_{7,10,5,11}->d_{3,10,5,11}, d_{7,10,6,8}->d_{3,10,6,8}, d_{7,10,6,9}->d_{3,10,6,9}, d_{7,10,6,11}->d_{3,10,6,11}, d_{7,10,8,9}->d_{3,10,8,9}, d_{7,10,8,11}->d_{3,10,8,11}, d_{7,10,9,11}->d_{3,10,9,11}, d_{7,11,0,1}->d_{3,11,0,1}, d_{7,11,0,2}->d_{3,11,0,2}, d_{7,11,0,3}->d_{3,11,0,7}, d_{7,11,0,4}->d_{3,11,0,4}, d_{7,11,0,5}->d_{3,11,0,5}, d_{7,11,0,6}->d_{3,11,0,6}, d_{7,11,0,8}->d_{3,11,0,8}, d_{7,11,0,9}->d_{3,11,0,9}, d_{7,11,0,10}->d_{3,11,0,10}, d_{7,11,1,2}->d_{3,11,1,2}, d_{7,11,1,3}->d_{3,11,1,7}, d_{7,11,1,4}->d_{3,11,1,4}, d_{7,11,1,5}->d_{3,11,1,5}, d_{7,11,1,6}->d_{3,11,1,6}, d_{7,11,1,8}->d_{3,11,1,8}, d_{7,11,1,9}->d_{3,11,1,9}, d_{7,11,1,10}->d_{3,11,1,10}, d_{7,11,2,3}->d_{3,11,2,7}, d_{7,11,2,4}->d_{3,11,2,4}, d_{7,11,2,5}->d_{3,11,2,5}, d_{7,11,2,6}->d_{3,11,2,6}, d_{7,11,2,8}->d_{3,11,2,8}, d_{7,11,2,9}->d_{3,11,2,9}, d_{7,11,2,10}->d_{3,11,2,10}, d_{7,11,3,4}->d_{3,11,4,7}, d_{7,11,3,5}->d_{3,11,5,7}, d_{7,11,3,6}->d_{3,11,6,7}, d_{7,11,3,8}->d_{3,11,7,8}, d_{7,11,3,9}->d_{3,11,7,9}, d_{7,11,3,10}->d_{3,11,7,10}, d_{7,11,4,5}->d_{3,11,4,5}, d_{7,11,4,6}->d_{3,11,4,6}, d_{7,11,4,8}->d_{3,11,4,8}, d_{7,11,4,9}->d_{3,11,4,9}, d_{7,11,4,10}->d_{3,11,4,10}, d_{7,11,5,6}->d_{3,11,5,6}, d_{7,11,5,8}->d_{3,11,5,8}, d_{7,11,5,9}->d_{3,11,5,9}, d_{7,11,5,10}->d_{3,11,5,10}, d_{7,11,6,8}->d_{3,11,6,8}, d_{7,11,6,9}->d_{3,11,6,9}, d_{7,11,6,10}->d_{3,11,6,10}, d_{7,11,8,9}->d_{3,11,8,9}, d_{7,11,8,10}->d_{3,11,8,10}, d_{7,11,9,10}->d_{3,11,9,10}, d_{8,9,0,3}->d_{8,9,0,7}, d_{8,9,0,7}->d_{8,9,0,3}, d_{8,9,1,3}->d_{8,9,1,7}, d_{8,9,1,7}->d_{8,9,1,3}, d_{8,9,2,3}->d_{8,9,2,7}, d_{8,9,2,7}->d_{8,9,2,3}, d_{8,9,3,4}->d_{8,9,4,7}, d_{8,9,3,5}->d_{8,9,5,7}, d_{8,9,3,6}->d_{8,9,6,7}, d_{8,9,3,10}->d_{8,9,7,10}, d_{8,9,3,11}->d_{8,9,7,11}, d_{8,9,4,7}->d_{8,9,3,4}, d_{8,9,5,7}->d_{8,9,3,5}, d_{8,9,6,7}->d_{8,9,3,6}, d_{8,9,7,10}->d_{8,9,3,10}, d_{8,9,7,11}->d_{8,9,3,11}, d_{8,10,0,3}->d_{8,10,0,7}, d_{8,10,0,7}->d_{8,10,0,3}, d_{8,10,1,3}->d_{8,10,1,7}, d_{8,10,1,7}->d_{8,10,1,3}, d_{8,10,2,3}->d_{8,10,2,7}, d_{8,10,2,7}->d_{8,10,2,3}, d_{8,10,3,4}->d_{8,10,4,7}, d_{8,10,3,5}->d_{8,10,5,7}, d_{8,10,3,6}->d_{8,10,6,7}, d_{8,10,3,9}->d_{8,10,7,9}, d_{8,10,3,11}->d_{8,10,7,11}, d_{8,10,4,7}->d_{8,10,3,4}, d_{8,10,5,7}->d_{8,10,3,5}, d_{8,10,6,7}->d_{8,10,3,6}, d_{8,10,7,9}->d_{8,10,3,9}, d_{8,10,7,11}->d_{8,10,3,11}, d_{8,11,0,3}->d_{8,11,0,7}, d_{8,11,0,7}->d_{8,11,0,3}, d_{8,11,1,3}->d_{8,11,1,7}, d_{8,11,1,7}->d_{8,11,1,3}, d_{8,11,2,3}->d_{8,11,2,7}, d_{8,11,2,7}->d_{8,11,2,3}, d_{8,11,3,4}->d_{8,11,4,7}, d_{8,11,3,5}->d_{8,11,5,7}, d_{8,11,3,6}->d_{8,11,6,7}, d_{8,11,3,9}->d_{8,11,7,9}, d_{8,11,3,10}->d_{8,11,7,10}, d_{8,11,4,7}->d_{8,11,3,4}, d_{8,11,5,7}->d_{8,11,3,5}, d_{8,11,6,7}->d_{8,11,3,6}, d_{8,11,7,9}->d_{8,11,3,9}, d_{8,11,7,10}->d_{8,11,3,10}, d_{9,10,0,3}->d_{9,10,0,7}, d_{9,10,0,7}->d_{9,10,0,3}, d_{9,10,1,3}->d_{9,10,1,7}, d_{9,10,1,7}->d_{9,10,1,3}, d_{9,10,2,3}->d_{9,10,2,7}, d_{9,10,2,7}->d_{9,10,2,3}, d_{9,10,3,4}->d_{9,10,4,7}, d_{9,10,3,5}->d_{9,10,5,7}, d_{9,10,3,6}->d_{9,10,6,7}, d_{9,10,3,8}->d_{9,10,7,8}, d_{9,10,3,11}->d_{9,10,7,11}, d_{9,10,4,7}->d_{9,10,3,4}, d_{9,10,5,7}->d_{9,10,3,5}, d_{9,10,6,7}->d_{9,10,3,6}, d_{9,10,7,8}->d_{9,10,3,8}, d_{9,10,7,11}->d_{9,10,3,11}, d_{9,11,0,3}->d_{9,11,0,7}, d_{9,11,0,7}->d_{9,11,0,3}, d_{9,11,1,3}->d_{9,11,1,7}, d_{9,11,1,7}->d_{9,11,1,3}, d_{9,11,2,3}->d_{9,11,2,7}, d_{9,11,2,7}->d_{9,11,2,3}, d_{9,11,3,4}->d_{9,11,4,7}, d_{9,11,3,5}->d_{9,11,5,7}, d_{9,11,3,6}->d_{9,11,6,7}, d_{9,11,3,8}->d_{9,11,7,8}, d_{9,11,3,10}->d_{9,11,7,10}, d_{9,11,4,7}->d_{9,11,3,4}, d_{9,11,5,7}->d_{9,11,3,5}, d_{9,11,6,7}->d_{9,11,3,6}, d_{9,11,7,8}->d_{9,11,3,8}, d_{9,11,7,10}->d_{9,11,3,10}, d_{10,11,0,3}->d_{10,11,0,7}, d_{10,11,0,7}->d_{10,11,0,3}, d_{10,11,1,3}->d_{10,11,1,7}, d_{10,11,1,7}->d_{10,11,1,3}, d_{10,11,2,3}->d_{10,11,2,7}, d_{10,11,2,7}->d_{10,11,2,3}, d_{10,11,3,4}->d_{10,11,4,7}, d_{10,11,3,5}->d_{10,11,5,7}, d_{10,11,3,6}->d_{10,11,6,7}, d_{10,11,3,8}->d_{10,11,7,8}, d_{10,11,3,9}->d_{10,11,7,9}, d_{10,11,4,7}->d_{10,11,3,4}, d_{10,11,5,7}->d_{10,11,3,5}, d_{10,11,6,7}->d_{10,11,3,6}, d_{10,11,7,8}->d_{10,11,3,8}, d_{10,11,7,9}->d_{10,11,3,9}

Permutation #6:
  Bonds: r_{0,3}->r_{0,8}, r_{0,8}->r_{0,3}, r_{1,3}->r_{1,8}, r_{1,8}->r_{1,3}, r_{2,3}->r_{2,8}, r_{2,8}->r_{2,3}, r_{3,4}->r_{4,8}, r_{3,5}->r_{5,8}, r_{3,6}->r_{6,8}, r_{3,7}->r_{7,8}, r_{3,9}->r_{8,9}, r_{3,10}->r_{8,10}, r_{3,11}->r_{8,11}, r_{4,8}->r_{3,4}, r_{5,8}->r_{3,5}, r_{6,8}->r_{3,6}, r_{7,8}->r_{3,7}, r_{8,9}->r_{3,9}, r_{8,10}->r_{3,10}, r_{8,11}->r_{3,11}
  Angles: theta^{0}_{1,3}->theta^{0}_{1,8}, theta^{0}_{1,8}->theta^{0}_{1,3}, theta^{0}_{2,3}->theta^{0}_{2,8}, theta^{0}_{2,8}->theta^{0}_{2,3}, theta^{0}_{3,4}->theta^{0}_{4,8}, theta^{0}_{3,5}->theta^{0}_{5,8}, theta^{0}_{3,6}->theta^{0}_{6,8}, theta^{0}_{3,7}->theta^{0}_{7,8}, theta^{0}_{3,9}->theta^{0}_{8,9}, theta^{0}_{3,10}->theta^{0}_{8,10}, theta^{0}_{3,11}->theta^{0}_{8,11}, theta^{0}_{4,8}->theta^{0}_{3,4}, theta^{0}_{5,8}->theta^{0}_{3,5}, theta^{0}_{6,8}->theta^{0}_{3,6}, theta^{0}_{7,8}->theta^{0}_{3,7}, theta^{0}_{8,9}->theta^{0}_{3,9}, theta^{0}_{8,10}->theta^{0}_{3,10}, theta^{0}_{8,11}->theta^{0}_{3,11}, theta^{1}_{0,3}->theta^{1}_{0,8}, theta^{1}_{0,8}->theta^{1}_{0,3}, theta^{1}_{2,3}->theta^{1}_{2,8}, theta^{1}_{2,8}->theta^{1}_{2,3}, theta^{1}_{3,4}->theta^{1}_{4,8}, theta^{1}_{3,5}->theta^{1}_{5,8}, theta^{1}_{3,6}->theta^{1}_{6,8}, theta^{1}_{3,7}->theta^{1}_{7,8}, theta^{1}_{3,9}->theta^{1}_{8,9}, theta^{1}_{3,10}->theta^{1}_{8,10}, theta^{1}_{3,11}->theta^{1}_{8,11}, theta^{1}_{4,8}->theta^{1}_{3,4}, theta^{1}_{5,8}->theta^{1}_{3,5}, theta^{1}_{6,8}->theta^{1}_{3,6}, theta^{1}_{7,8}->theta^{1}_{3,7}, theta^{1}_{8,9}->theta^{1}_{3,9}, theta^{1}_{8,10}->theta^{1}_{3,10}, theta^{1}_{8,11}->theta^{1}_{3,11}, theta^{2}_{0,3}->theta^{2}_{0,8}, theta^{2}_{0,8}->theta^{2}_{0,3}, theta^{2}_{1,3}->theta^{2}_{1,8}, theta^{2}_{1,8}->theta^{2}_{1,3}, theta^{2}_{3,4}->theta^{2}_{4,8}, theta^{2}_{3,5}->theta^{2}_{5,8}, theta^{2}_{3,6}->theta^{2}_{6,8}, theta^{2}_{3,7}->theta^{2}_{7,8}, theta^{2}_{3,9}->theta^{2}_{8,9}, theta^{2}_{3,10}->theta^{2}_{8,10}, theta^{2}_{3,11}->theta^{2}_{8,11}, theta^{2}_{4,8}->theta^{2}_{3,4}, theta^{2}_{5,8}->theta^{2}_{3,5}, theta^{2}_{6,8}->theta^{2}_{3,6}, theta^{2}_{7,8}->theta^{2}_{3,7}, theta^{2}_{8,9}->theta^{2}_{3,9}, theta^{2}_{8,10}->theta^{2}_{3,10}, theta^{2}_{8,11}->theta^{2}_{3,11}, theta^{3}_{0,1}->theta^{8}_{0,1}, theta^{3}_{0,2}->theta^{8}_{0,2}, theta^{3}_{0,4}->theta^{8}_{0,4}, theta^{3}_{0,5}->theta^{8}_{0,5}, theta^{3}_{0,6}->theta^{8}_{0,6}, theta^{3}_{0,7}->theta^{8}_{0,7}, theta^{3}_{0,8}->theta^{8}_{0,3}, theta^{3}_{0,9}->theta^{8}_{0,9}, theta^{3}_{0,10}->theta^{8}_{0,10}, theta^{3}_{0,11}->theta^{8}_{0,11}, theta^{3}_{1,2}->theta^{8}_{1,2}, theta^{3}_{1,4}->theta^{8}_{1,4}, theta^{3}_{1,5}->theta^{8}_{1,5}, theta^{3}_{1,6}->theta^{8}_{1,6}, theta^{3}_{1,7}->theta^{8}_{1,7}, theta^{3}_{1,8}->theta^{8}_{1,3}, theta^{3}_{1,9}->theta^{8}_{1,9}, theta^{3}_{1,10}->theta^{8}_{1,10}, theta^{3}_{1,11}->theta^{8}_{1,11}, theta^{3}_{2,4}->theta^{8}_{2,4}, theta^{3}_{2,5}->theta^{8}_{2,5}, theta^{3}_{2,6}->theta^{8}_{2,6}, theta^{3}_{2,7}->theta^{8}_{2,7}, theta^{3}_{2,8}->theta^{8}_{2,3}, theta^{3}_{2,9}->theta^{8}_{2,9}, theta^{3}_{2,10}->theta^{8}_{2,10}, theta^{3}_{2,11}->theta^{8}_{2,11}, theta^{3}_{4,5}->theta^{8}_{4,5}, theta^{3}_{4,6}->theta^{8}_{4,6}, theta^{3}_{4,7}->theta^{8}_{4,7}, theta^{3}_{4,8}->theta^{8}_{3,4}, theta^{3}_{4,9}->theta^{8}_{4,9}, theta^{3}_{4,10}->theta^{8}_{4,10}, theta^{3}_{4,11}->theta^{8}_{4,11}, theta^{3}_{5,6}->theta^{8}_{5,6}, theta^{3}_{5,7}->theta^{8}_{5,7}, theta^{3}_{5,8}->theta^{8}_{3,5}, theta^{3}_{5,9}->theta^{8}_{5,9}, theta^{3}_{5,10}->theta^{8}_{5,10}, theta^{3}_{5,11}->theta^{8}_{5,11}, theta^{3}_{6,7}->theta^{8}_{6,7}, theta^{3}_{6,8}->theta^{8}_{3,6}, theta^{3}_{6,9}->theta^{8}_{6,9}, theta^{3}_{6,10}->theta^{8}_{6,10}, theta^{3}_{6,11}->theta^{8}_{6,11}, theta^{3}_{7,8}->theta^{8}_{3,7}, theta^{3}_{7,9}->theta^{8}_{7,9}, theta^{3}_{7,10}->theta^{8}_{7,10}, theta^{3}_{7,11}->theta^{8}_{7,11}, theta^{3}_{8,9}->theta^{8}_{3,9}, theta^{3}_{8,10}->theta^{8}_{3,10}, theta^{3}_{8,11}->theta^{8}_{3,11}, theta^{3}_{9,10}->theta^{8}_{9,10}, theta^{3}_{9,11}->theta^{8}_{9,11}, theta^{3}_{10,11}->theta^{8}_{10,11}, theta^{4}_{0,3}->theta^{4}_{0,8}, theta^{4}_{0,8}->theta^{4}_{0,3}, theta^{4}_{1,3}->theta^{4}_{1,8}, theta^{4}_{1,8}->theta^{4}_{1,3}, theta^{4}_{2,3}->theta^{4}_{2,8}, theta^{4}_{2,8}->theta^{4}_{2,3}, theta^{4}_{3,5}->theta^{4}_{5,8}, theta^{4}_{3,6}->theta^{4}_{6,8}, theta^{4}_{3,7}->theta^{4}_{7,8}, theta^{4}_{3,9}->theta^{4}_{8,9}, theta^{4}_{3,10}->theta^{4}_{8,10}, theta^{4}_{3,11}->theta^{4}_{8,11}, theta^{4}_{5,8}->theta^{4}_{3,5}, theta^{4}_{6,8}->theta^{4}_{3,6}, theta^{4}_{7,8}->theta^{4}_{3,7}, theta^{4}_{8,9}->theta^{4}_{3,9}, theta^{4}_{8,10}->theta^{4}_{3,10}, theta^{4}_{8,11}->theta^{4}_{3,11}, theta^{5}_{0,3}->theta^{5}_{0,8}, theta^{5}_{0,8}->theta^{5}_{0,3}, theta^{5}_{1,3}->theta^{5}_{1,8}, theta^{5}_{1,8}->theta^{5}_{1,3}, theta^{5}_{2,3}->theta^{5}_{2,8}, theta^{5}_{2,8}->theta^{5}_{2,3}, theta^{5}_{3,4}->theta^{5}_{4,8}, theta^{5}_{3,6}->theta^{5}_{6,8}, theta^{5}_{3,7}->theta^{5}_{7,8}, theta^{5}_{3,9}->theta^{5}_{8,9}, theta^{5}_{3,10}->theta^{5}_{8,10}, theta^{5}_{3,11}->theta^{5}_{8,11}, theta^{5}_{4,8}->theta^{5}_{3,4}, theta^{5}_{6,8}->theta^{5}_{3,6}, theta^{5}_{7,8}->theta^{5}_{3,7}, theta^{5}_{8,9}->theta^{5}_{3,9}, theta^{5}_{8,10}->theta^{5}_{3,10}, theta^{5}_{8,11}->theta^{5}_{3,11}, theta^{6}_{0,3}->theta^{6}_{0,8}, theta^{6}_{0,8}->theta^{6}_{0,3}, theta^{6}_{1,3}->theta^{6}_{1,8}, theta^{6}_{1,8}->theta^{6}_{1,3}, theta^{6}_{2,3}->theta^{6}_{2,8}, theta^{6}_{2,8}->theta^{6}_{2,3}, theta^{6}_{3,4}->theta^{6}_{4,8}, theta^{6}_{3,5}->theta^{6}_{5,8}, theta^{6}_{3,7}->theta^{6}_{7,8}, theta^{6}_{3,9}->theta^{6}_{8,9}, theta^{6}_{3,10}->theta^{6}_{8,10}, theta^{6}_{3,11}->theta^{6}_{8,11}, theta^{6}_{4,8}->theta^{6}_{3,4}, theta^{6}_{5,8}->theta^{6}_{3,5}, theta^{6}_{7,8}->theta^{6}_{3,7}, theta^{6}_{8,9}->theta^{6}_{3,9}, theta^{6}_{8,10}->theta^{6}_{3,10}, theta^{6}_{8,11}->theta^{6}_{3,11}, theta^{7}_{0,3}->theta^{7}_{0,8}, theta^{7}_{0,8}->theta^{7}_{0,3}, theta^{7}_{1,3}->theta^{7}_{1,8}, theta^{7}_{1,8}->theta^{7}_{1,3}, theta^{7}_{2,3}->theta^{7}_{2,8}, theta^{7}_{2,8}->theta^{7}_{2,3}, theta^{7}_{3,4}->theta^{7}_{4,8}, theta^{7}_{3,5}->theta^{7}_{5,8}, theta^{7}_{3,6}->theta^{7}_{6,8}, theta^{7}_{3,9}->theta^{7}_{8,9}, theta^{7}_{3,10}->theta^{7}_{8,10}, theta^{7}_{3,11}->theta^{7}_{8,11}, theta^{7}_{4,8}->theta^{7}_{3,4}, theta^{7}_{5,8}->theta^{7}_{3,5}, theta^{7}_{6,8}->theta^{7}_{3,6}, theta^{7}_{8,9}->theta^{7}_{3,9}, theta^{7}_{8,10}->theta^{7}_{3,10}, theta^{7}_{8,11}->theta^{7}_{3,11}, theta^{8}_{0,1}->theta^{3}_{0,1}, theta^{8}_{0,2}->theta^{3}_{0,2}, theta^{8}_{0,3}->theta^{3}_{0,8}, theta^{8}_{0,4}->theta^{3}_{0,4}, theta^{8}_{0,5}->theta^{3}_{0,5}, theta^{8}_{0,6}->theta^{3}_{0,6}, theta^{8}_{0,7}->theta^{3}_{0,7}, theta^{8}_{0,9}->theta^{3}_{0,9}, theta^{8}_{0,10}->theta^{3}_{0,10}, theta^{8}_{0,11}->theta^{3}_{0,11}, theta^{8}_{1,2}->theta^{3}_{1,2}, theta^{8}_{1,3}->theta^{3}_{1,8}, theta^{8}_{1,4}->theta^{3}_{1,4}, theta^{8}_{1,5}->theta^{3}_{1,5}, theta^{8}_{1,6}->theta^{3}_{1,6}, theta^{8}_{1,7}->theta^{3}_{1,7}, theta^{8}_{1,9}->theta^{3}_{1,9}, theta^{8}_{1,10}->theta^{3}_{1,10}, theta^{8}_{1,11}->theta^{3}_{1,11}, theta^{8}_{2,3}->theta^{3}_{2,8}, theta^{8}_{2,4}->theta^{3}_{2,4}, theta^{8}_{2,5}->theta^{3}_{2,5}, theta^{8}_{2,6}->theta^{3}_{2,6}, theta^{8}_{2,7}->theta^{3}_{2,7}, theta^{8}_{2,9}->theta^{3}_{2,9}, theta^{8}_{2,10}->theta^{3}_{2,10}, theta^{8}_{2,11}->theta^{3}_{2,11}, theta^{8}_{3,4}->theta^{3}_{4,8}, theta^{8}_{3,5}->theta^{3}_{5,8}, theta^{8}_{3,6}->theta^{3}_{6,8}, theta^{8}_{3,7}->theta^{3}_{7,8}, theta^{8}_{3,9}->theta^{3}_{8,9}, theta^{8}_{3,10}->theta^{3}_{8,10}, theta^{8}_{3,11}->theta^{3}_{8,11}, theta^{8}_{4,5}->theta^{3}_{4,5}, theta^{8}_{4,6}->theta^{3}_{4,6}, theta^{8}_{4,7}->theta^{3}_{4,7}, theta^{8}_{4,9}->theta^{3}_{4,9}, theta^{8}_{4,10}->theta^{3}_{4,10}, theta^{8}_{4,11}->theta^{3}_{4,11}, theta^{8}_{5,6}->theta^{3}_{5,6}, theta^{8}_{5,7}->theta^{3}_{5,7}, theta^{8}_{5,9}->theta^{3}_{5,9}, theta^{8}_{5,10}->theta^{3}_{5,10}, theta^{8}_{5,11}->theta^{3}_{5,11}, theta^{8}_{6,7}->theta^{3}_{6,7}, theta^{8}_{6,9}->theta^{3}_{6,9}, theta^{8}_{6,10}->theta^{3}_{6,10}, theta^{8}_{6,11}->theta^{3}_{6,11}, theta^{8}_{7,9}->theta^{3}_{7,9}, theta^{8}_{7,10}->theta^{3}_{7,10}, theta^{8}_{7,11}->theta^{3}_{7,11}, theta^{8}_{9,10}->theta^{3}_{9,10}, theta^{8}_{9,11}->theta^{3}_{9,11}, theta^{8}_{10,11}->theta^{3}_{10,11}, theta^{9}_{0,3}->theta^{9}_{0,8}, theta^{9}_{0,8}->theta^{9}_{0,3}, theta^{9}_{1,3}->theta^{9}_{1,8}, theta^{9}_{1,8}->theta^{9}_{1,3}, theta^{9}_{2,3}->theta^{9}_{2,8}, theta^{9}_{2,8}->theta^{9}_{2,3}, theta^{9}_{3,4}->theta^{9}_{4,8}, theta^{9}_{3,5}->theta^{9}_{5,8}, theta^{9}_{3,6}->theta^{9}_{6,8}, theta^{9}_{3,7}->theta^{9}_{7,8}, theta^{9}_{3,10}->theta^{9}_{8,10}, theta^{9}_{3,11}->theta^{9}_{8,11}, theta^{9}_{4,8}->theta^{9}_{3,4}, theta^{9}_{5,8}->theta^{9}_{3,5}, theta^{9}_{6,8}->theta^{9}_{3,6}, theta^{9}_{7,8}->theta^{9}_{3,7}, theta^{9}_{8,10}->theta^{9}_{3,10}, theta^{9}_{8,11}->theta^{9}_{3,11}, theta^{10}_{0,3}->theta^{10}_{0,8}, theta^{10}_{0,8}->theta^{10}_{0,3}, theta^{10}_{1,3}->theta^{10}_{1,8}, theta^{10}_{1,8}->theta^{10}_{1,3}, theta^{10}_{2,3}->theta^{10}_{2,8}, theta^{10}_{2,8}->theta^{10}_{2,3}, theta^{10}_{3,4}->theta^{10}_{4,8}, theta^{10}_{3,5}->theta^{10}_{5,8}, theta^{10}_{3,6}->theta^{10}_{6,8}, theta^{10}_{3,7}->theta^{10}_{7,8}, theta^{10}_{3,9}->theta^{10}_{8,9}, theta^{10}_{3,11}->theta^{10}_{8,11}, theta^{10}_{4,8}->theta^{10}_{3,4}, theta^{10}_{5,8}->theta^{10}_{3,5}, theta^{10}_{6,8}->theta^{10}_{3,6}, theta^{10}_{7,8}->theta^{10}_{3,7}, theta^{10}_{8,9}->theta^{10}_{3,9}, theta^{10}_{8,11}->theta^{10}_{3,11}, theta^{11}_{0,3}->theta^{11}_{0,8}, theta^{11}_{0,8}->theta^{11}_{0,3}, theta^{11}_{1,3}->theta^{11}_{1,8}, theta^{11}_{1,8}->theta^{11}_{1,3}, theta^{11}_{2,3}->theta^{11}_{2,8}, theta^{11}_{2,8}->theta^{11}_{2,3}, theta^{11}_{3,4}->theta^{11}_{4,8}, theta^{11}_{3,5}->theta^{11}_{5,8}, theta^{11}_{3,6}->theta^{11}_{6,8}, theta^{11}_{3,7}->theta^{11}_{7,8}, theta^{11}_{3,9}->theta^{11}_{8,9}, theta^{11}_{3,10}->theta^{11}_{8,10}, theta^{11}_{4,8}->theta^{11}_{3,4}, theta^{11}_{5,8}->theta^{11}_{3,5}, theta^{11}_{6,8}->theta^{11}_{3,6}, theta^{11}_{7,8}->theta^{11}_{3,7}, theta^{11}_{8,9}->theta^{11}_{3,9}, theta^{11}_{8,10}->theta^{11}_{3,10}
  Dihedrals: d_{0,1,2,3}->d_{0,1,2,8}, d_{0,1,2,8}->d_{0,1,2,3}, d_{0,1,3,4}->d_{0,1,4,8}, d_{0,1,3,5}->d_{0,1,5,8}, d_{0,1,3,6}->d_{0,1,6,8}, d_{0,1,3,7}->d_{0,1,7,8}, d_{0,1,3,9}->d_{0,1,8,9}, d_{0,1,3,10}->d_{0,1,8,10}, d_{0,1,3,11}->d_{0,1,8,11}, d_{0,1,4,8}->d_{0,1,3,4}, d_{0,1,5,8}->d_{0,1,3,5}, d_{0,1,6,8}->d_{0,1,3,6}, d_{0,1,7,8}->d_{0,1,3,7}, d_{0,1,8,9}->d_{0,1,3,9}, d_{0,1,8,10}->d_{0,1,3,10}, d_{0,1,8,11}->d_{0,1,3,11}, d_{0,2,1,3}->d_{0,2,1,8}, d_{0,2,1,8}->d_{0,2,1,3}, d_{0,2,3,4}->d_{0,2,4,8}, d_{0,2,3,5}->d_{0,2,5,8}, d_{0,2,3,6}->d_{0,2,6,8}, d_{0,2,3,7}->d_{0,2,7,8}, d_{0,2,3,9}->d_{0,2,8,9}, d_{0,2,3,10}->d_{0,2,8,10}, d_{0,2,3,11}->d_{0,2,8,11}, d_{0,2,4,8}->d_{0,2,3,4}, d_{0,2,5,8}->d_{0,2,3,5}, d_{0,2,6,8}->d_{0,2,3,6}, d_{0,2,7,8}->d_{0,2,3,7}, d_{0,2,8,9}->d_{0,2,3,9}, d_{0,2,8,10}->d_{0,2,3,10}, d_{0,2,8,11}->d_{0,2,3,11}, d_{0,3,1,2}->d_{0,8,1,2}, d_{0,3,1,4}->d_{0,8,1,4}, d_{0,3,1,5}->d_{0,8,1,5}, d_{0,3,1,6}->d_{0,8,1,6}, d_{0,3,1,7}->d_{0,8,1,7}, d_{0,3,1,8}->d_{0,8,1,3}, d_{0,3,1,9}->d_{0,8,1,9}, d_{0,3,1,10}->d_{0,8,1,10}, d_{0,3,1,11}->d_{0,8,1,11}, d_{0,3,2,4}->d_{0,8,2,4}, d_{0,3,2,5}->d_{0,8,2,5}, d_{0,3,2,6}->d_{0,8,2,6}, d_{0,3,2,7}->d_{0,8,2,7}, d_{0,3,2,8}->d_{0,8,2,3}, d_{0,3,2,9}->d_{0,8,2,9}, d_{0,3,2,10}->d_{0,8,2,10}, d_{0,3,2,11}->d_{0,8,2,11}, d_{0,3,4,5}->d_{0,8,4,5}, d_{0,3,4,6}->d_{0,8,4,6}, d_{0,3,4,7}->d_{0,8,4,7}, d_{0,3,4,8}->d_{0,8,3,4}, d_{0,3,4,9}->d_{0,8,4,9}, d_{0,3,4,10}->d_{0,8,4,10}, d_{0,3,4,11}->d_{0,8,4,11}, d_{0,3,5,6}->d_{0,8,5,6}, d_{0,3,5,7}->d_{0,8,5,7}, d_{0,3,5,8}->d_{0,8,3,5}, d_{0,3,5,9}->d_{0,8,5,9}, d_{0,3,5,10}->d_{0,8,5,10}, d_{0,3,5,11}->d_{0,8,5,11}, d_{0,3,6,7}->d_{0,8,6,7}, d_{0,3,6,8}->d_{0,8,3,6}, d_{0,3,6,9}->d_{0,8,6,9}, d_{0,3,6,10}->d_{0,8,6,10}, d_{0,3,6,11}->d_{0,8,6,11}, d_{0,3,7,8}->d_{0,8,3,7}, d_{0,3,7,9}->d_{0,8,7,9}, d_{0,3,7,10}->d_{0,8,7,10}, d_{0,3,7,11}->d_{0,8,7,11}, d_{0,3,8,9}->d_{0,8,3,9}, d_{0,3,8,10}->d_{0,8,3,10}, d_{0,3,8,11}->d_{0,8,3,11}, d_{0,3,9,10}->d_{0,8,9,10}, d_{0,3,9,11}->d_{0,8,9,11}, d_{0,3,10,11}->d_{0,8,10,11}, d_{0,4,1,3}->d_{0,4,1,8}, d_{0,4,1,8}->d_{0,4,1,3}, d_{0,4,2,3}->d_{0,4,2,8}, d_{0,4,2,8}->d_{0,4,2,3}, d_{0,4,3,5}->d_{0,4,5,8}, d_{0,4,3,6}->d_{0,4,6,8}, d_{0,4,3,7}->d_{0,4,7,8}, d_{0,4,3,9}->d_{0,4,8,9}, d_{0,4,3,10}->d_{0,4,8,10}, d_{0,4,3,11}->d_{0,4,8,11}, d_{0,4,5,8}->d_{0,4,3,5}, d_{0,4,6,8}->d_{0,4,3,6}, d_{0,4,7,8}->d_{0,4,3,7}, d_{0,4,8,9}->d_{0,4,3,9}, d_{0,4,8,10}->d_{0,4,3,10}, d_{0,4,8,11}->d_{0,4,3,11}, d_{0,5,1,3}->d_{0,5,1,8}, d_{0,5,1,8}->d_{0,5,1,3}, d_{0,5,2,3}->d_{0,5,2,8}, d_{0,5,2,8}->d_{0,5,2,3}, d_{0,5,3,4}->d_{0,5,4,8}, d_{0,5,3,6}->d_{0,5,6,8}, d_{0,5,3,7}->d_{0,5,7,8}, d_{0,5,3,9}->d_{0,5,8,9}, d_{0,5,3,10}->d_{0,5,8,10}, d_{0,5,3,11}->d_{0,5,8,11}, d_{0,5,4,8}->d_{0,5,3,4}, d_{0,5,6,8}->d_{0,5,3,6}, d_{0,5,7,8}->d_{0,5,3,7}, d_{0,5,8,9}->d_{0,5,3,9}, d_{0,5,8,10}->d_{0,5,3,10}, d_{0,5,8,11}->d_{0,5,3,11}, d_{0,6,1,3}->d_{0,6,1,8}, d_{0,6,1,8}->d_{0,6,1,3}, d_{0,6,2,3}->d_{0,6,2,8}, d_{0,6,2,8}->d_{0,6,2,3}, d_{0,6,3,4}->d_{0,6,4,8}, d_{0,6,3,5}->d_{0,6,5,8}, d_{0,6,3,7}->d_{0,6,7,8}, d_{0,6,3,9}->d_{0,6,8,9}, d_{0,6,3,10}->d_{0,6,8,10}, d_{0,6,3,11}->d_{0,6,8,11}, d_{0,6,4,8}->d_{0,6,3,4}, d_{0,6,5,8}->d_{0,6,3,5}, d_{0,6,7,8}->d_{0,6,3,7}, d_{0,6,8,9}->d_{0,6,3,9}, d_{0,6,8,10}->d_{0,6,3,10}, d_{0,6,8,11}->d_{0,6,3,11}, d_{0,7,1,3}->d_{0,7,1,8}, d_{0,7,1,8}->d_{0,7,1,3}, d_{0,7,2,3}->d_{0,7,2,8}, d_{0,7,2,8}->d_{0,7,2,3}, d_{0,7,3,4}->d_{0,7,4,8}, d_{0,7,3,5}->d_{0,7,5,8}, d_{0,7,3,6}->d_{0,7,6,8}, d_{0,7,3,9}->d_{0,7,8,9}, d_{0,7,3,10}->d_{0,7,8,10}, d_{0,7,3,11}->d_{0,7,8,11}, d_{0,7,4,8}->d_{0,7,3,4}, d_{0,7,5,8}->d_{0,7,3,5}, d_{0,7,6,8}->d_{0,7,3,6}, d_{0,7,8,9}->d_{0,7,3,9}, d_{0,7,8,10}->d_{0,7,3,10}, d_{0,7,8,11}->d_{0,7,3,11}, d_{0,8,1,2}->d_{0,3,1,2}, d_{0,8,1,3}->d_{0,3,1,8}, d_{0,8,1,4}->d_{0,3,1,4}, d_{0,8,1,5}->d_{0,3,1,5}, d_{0,8,1,6}->d_{0,3,1,6}, d_{0,8,1,7}->d_{0,3,1,7}, d_{0,8,1,9}->d_{0,3,1,9}, d_{0,8,1,10}->d_{0,3,1,10}, d_{0,8,1,11}->d_{0,3,1,11}, d_{0,8,2,3}->d_{0,3,2,8}, d_{0,8,2,4}->d_{0,3,2,4}, d_{0,8,2,5}->d_{0,3,2,5}, d_{0,8,2,6}->d_{0,3,2,6}, d_{0,8,2,7}->d_{0,3,2,7}, d_{0,8,2,9}->d_{0,3,2,9}, d_{0,8,2,10}->d_{0,3,2,10}, d_{0,8,2,11}->d_{0,3,2,11}, d_{0,8,3,4}->d_{0,3,4,8}, d_{0,8,3,5}->d_{0,3,5,8}, d_{0,8,3,6}->d_{0,3,6,8}, d_{0,8,3,7}->d_{0,3,7,8}, d_{0,8,3,9}->d_{0,3,8,9}, d_{0,8,3,10}->d_{0,3,8,10}, d_{0,8,3,11}->d_{0,3,8,11}, d_{0,8,4,5}->d_{0,3,4,5}, d_{0,8,4,6}->d_{0,3,4,6}, d_{0,8,4,7}->d_{0,3,4,7}, d_{0,8,4,9}->d_{0,3,4,9}, d_{0,8,4,10}->d_{0,3,4,10}, d_{0,8,4,11}->d_{0,3,4,11}, d_{0,8,5,6}->d_{0,3,5,6}, d_{0,8,5,7}->d_{0,3,5,7}, d_{0,8,5,9}->d_{0,3,5,9}, d_{0,8,5,10}->d_{0,3,5,10}, d_{0,8,5,11}->d_{0,3,5,11}, d_{0,8,6,7}->d_{0,3,6,7}, d_{0,8,6,9}->d_{0,3,6,9}, d_{0,8,6,10}->d_{0,3,6,10}, d_{0,8,6,11}->d_{0,3,6,11}, d_{0,8,7,9}->d_{0,3,7,9}, d_{0,8,7,10}->d_{0,3,7,10}, d_{0,8,7,11}->d_{0,3,7,11}, d_{0,8,9,10}->d_{0,3,9,10}, d_{0,8,9,11}->d_{0,3,9,11}, d_{0,8,10,11}->d_{0,3,10,11}, d_{0,9,1,3}->d_{0,9,1,8}, d_{0,9,1,8}->d_{0,9,1,3}, d_{0,9,2,3}->d_{0,9,2,8}, d_{0,9,2,8}->d_{0,9,2,3}, d_{0,9,3,4}->d_{0,9,4,8}, d_{0,9,3,5}->d_{0,9,5,8}, d_{0,9,3,6}->d_{0,9,6,8}, d_{0,9,3,7}->d_{0,9,7,8}, d_{0,9,3,10}->d_{0,9,8,10}, d_{0,9,3,11}->d_{0,9,8,11}, d_{0,9,4,8}->d_{0,9,3,4}, d_{0,9,5,8}->d_{0,9,3,5}, d_{0,9,6,8}->d_{0,9,3,6}, d_{0,9,7,8}->d_{0,9,3,7}, d_{0,9,8,10}->d_{0,9,3,10}, d_{0,9,8,11}->d_{0,9,3,11}, d_{0,10,1,3}->d_{0,10,1,8}, d_{0,10,1,8}->d_{0,10,1,3}, d_{0,10,2,3}->d_{0,10,2,8}, d_{0,10,2,8}->d_{0,10,2,3}, d_{0,10,3,4}->d_{0,10,4,8}, d_{0,10,3,5}->d_{0,10,5,8}, d_{0,10,3,6}->d_{0,10,6,8}, d_{0,10,3,7}->d_{0,10,7,8}, d_{0,10,3,9}->d_{0,10,8,9}, d_{0,10,3,11}->d_{0,10,8,11}, d_{0,10,4,8}->d_{0,10,3,4}, d_{0,10,5,8}->d_{0,10,3,5}, d_{0,10,6,8}->d_{0,10,3,6}, d_{0,10,7,8}->d_{0,10,3,7}, d_{0,10,8,9}->d_{0,10,3,9}, d_{0,10,8,11}->d_{0,10,3,11}, d_{0,11,1,3}->d_{0,11,1,8}, d_{0,11,1,8}->d_{0,11,1,3}, d_{0,11,2,3}->d_{0,11,2,8}, d_{0,11,2,8}->d_{0,11,2,3}, d_{0,11,3,4}->d_{0,11,4,8}, d_{0,11,3,5}->d_{0,11,5,8}, d_{0,11,3,6}->d_{0,11,6,8}, d_{0,11,3,7}->d_{0,11,7,8}, d_{0,11,3,9}->d_{0,11,8,9}, d_{0,11,3,10}->d_{0,11,8,10}, d_{0,11,4,8}->d_{0,11,3,4}, d_{0,11,5,8}->d_{0,11,3,5}, d_{0,11,6,8}->d_{0,11,3,6}, d_{0,11,7,8}->d_{0,11,3,7}, d_{0,11,8,9}->d_{0,11,3,9}, d_{0,11,8,10}->d_{0,11,3,10}, d_{1,2,0,3}->d_{1,2,0,8}, d_{1,2,0,8}->d_{1,2,0,3}, d_{1,2,3,4}->d_{1,2,4,8}, d_{1,2,3,5}->d_{1,2,5,8}, d_{1,2,3,6}->d_{1,2,6,8}, d_{1,2,3,7}->d_{1,2,7,8}, d_{1,2,3,9}->d_{1,2,8,9}, d_{1,2,3,10}->d_{1,2,8,10}, d_{1,2,3,11}->d_{1,2,8,11}, d_{1,2,4,8}->d_{1,2,3,4}, d_{1,2,5,8}->d_{1,2,3,5}, d_{1,2,6,8}->d_{1,2,3,6}, d_{1,2,7,8}->d_{1,2,3,7}, d_{1,2,8,9}->d_{1,2,3,9}, d_{1,2,8,10}->d_{1,2,3,10}, d_{1,2,8,11}->d_{1,2,3,11}, d_{1,3,0,2}->d_{1,8,0,2}, d_{1,3,0,4}->d_{1,8,0,4}, d_{1,3,0,5}->d_{1,8,0,5}, d_{1,3,0,6}->d_{1,8,0,6}, d_{1,3,0,7}->d_{1,8,0,7}, d_{1,3,0,8}->d_{1,8,0,3}, d_{1,3,0,9}->d_{1,8,0,9}, d_{1,3,0,10}->d_{1,8,0,10}, d_{1,3,0,11}->d_{1,8,0,11}, d_{1,3,2,4}->d_{1,8,2,4}, d_{1,3,2,5}->d_{1,8,2,5}, d_{1,3,2,6}->d_{1,8,2,6}, d_{1,3,2,7}->d_{1,8,2,7}, d_{1,3,2,8}->d_{1,8,2,3}, d_{1,3,2,9}->d_{1,8,2,9}, d_{1,3,2,10}->d_{1,8,2,10}, d_{1,3,2,11}->d_{1,8,2,11}, d_{1,3,4,5}->d_{1,8,4,5}, d_{1,3,4,6}->d_{1,8,4,6}, d_{1,3,4,7}->d_{1,8,4,7}, d_{1,3,4,8}->d_{1,8,3,4}, d_{1,3,4,9}->d_{1,8,4,9}, d_{1,3,4,10}->d_{1,8,4,10}, d_{1,3,4,11}->d_{1,8,4,11}, d_{1,3,5,6}->d_{1,8,5,6}, d_{1,3,5,7}->d_{1,8,5,7}, d_{1,3,5,8}->d_{1,8,3,5}, d_{1,3,5,9}->d_{1,8,5,9}, d_{1,3,5,10}->d_{1,8,5,10}, d_{1,3,5,11}->d_{1,8,5,11}, d_{1,3,6,7}->d_{1,8,6,7}, d_{1,3,6,8}->d_{1,8,3,6}, d_{1,3,6,9}->d_{1,8,6,9}, d_{1,3,6,10}->d_{1,8,6,10}, d_{1,3,6,11}->d_{1,8,6,11}, d_{1,3,7,8}->d_{1,8,3,7}, d_{1,3,7,9}->d_{1,8,7,9}, d_{1,3,7,10}->d_{1,8,7,10}, d_{1,3,7,11}->d_{1,8,7,11}, d_{1,3,8,9}->d_{1,8,3,9}, d_{1,3,8,10}->d_{1,8,3,10}, d_{1,3,8,11}->d_{1,8,3,11}, d_{1,3,9,10}->d_{1,8,9,10}, d_{1,3,9,11}->d_{1,8,9,11}, d_{1,3,10,11}->d_{1,8,10,11}, d_{1,4,0,3}->d_{1,4,0,8}, d_{1,4,0,8}->d_{1,4,0,3}, d_{1,4,2,3}->d_{1,4,2,8}, d_{1,4,2,8}->d_{1,4,2,3}, d_{1,4,3,5}->d_{1,4,5,8}, d_{1,4,3,6}->d_{1,4,6,8}, d_{1,4,3,7}->d_{1,4,7,8}, d_{1,4,3,9}->d_{1,4,8,9}, d_{1,4,3,10}->d_{1,4,8,10}, d_{1,4,3,11}->d_{1,4,8,11}, d_{1,4,5,8}->d_{1,4,3,5}, d_{1,4,6,8}->d_{1,4,3,6}, d_{1,4,7,8}->d_{1,4,3,7}, d_{1,4,8,9}->d_{1,4,3,9}, d_{1,4,8,10}->d_{1,4,3,10}, d_{1,4,8,11}->d_{1,4,3,11}, d_{1,5,0,3}->d_{1,5,0,8}, d_{1,5,0,8}->d_{1,5,0,3}, d_{1,5,2,3}->d_{1,5,2,8}, d_{1,5,2,8}->d_{1,5,2,3}, d_{1,5,3,4}->d_{1,5,4,8}, d_{1,5,3,6}->d_{1,5,6,8}, d_{1,5,3,7}->d_{1,5,7,8}, d_{1,5,3,9}->d_{1,5,8,9}, d_{1,5,3,10}->d_{1,5,8,10}, d_{1,5,3,11}->d_{1,5,8,11}, d_{1,5,4,8}->d_{1,5,3,4}, d_{1,5,6,8}->d_{1,5,3,6}, d_{1,5,7,8}->d_{1,5,3,7}, d_{1,5,8,9}->d_{1,5,3,9}, d_{1,5,8,10}->d_{1,5,3,10}, d_{1,5,8,11}->d_{1,5,3,11}, d_{1,6,0,3}->d_{1,6,0,8}, d_{1,6,0,8}->d_{1,6,0,3}, d_{1,6,2,3}->d_{1,6,2,8}, d_{1,6,2,8}->d_{1,6,2,3}, d_{1,6,3,4}->d_{1,6,4,8}, d_{1,6,3,5}->d_{1,6,5,8}, d_{1,6,3,7}->d_{1,6,7,8}, d_{1,6,3,9}->d_{1,6,8,9}, d_{1,6,3,10}->d_{1,6,8,10}, d_{1,6,3,11}->d_{1,6,8,11}, d_{1,6,4,8}->d_{1,6,3,4}, d_{1,6,5,8}->d_{1,6,3,5}, d_{1,6,7,8}->d_{1,6,3,7}, d_{1,6,8,9}->d_{1,6,3,9}, d_{1,6,8,10}->d_{1,6,3,10}, d_{1,6,8,11}->d_{1,6,3,11}, d_{1,7,0,3}->d_{1,7,0,8}, d_{1,7,0,8}->d_{1,7,0,3}, d_{1,7,2,3}->d_{1,7,2,8}, d_{1,7,2,8}->d_{1,7,2,3}, d_{1,7,3,4}->d_{1,7,4,8}, d_{1,7,3,5}->d_{1,7,5,8}, d_{1,7,3,6}->d_{1,7,6,8}, d_{1,7,3,9}->d_{1,7,8,9}, d_{1,7,3,10}->d_{1,7,8,10}, d_{1,7,3,11}->d_{1,7,8,11}, d_{1,7,4,8}->d_{1,7,3,4}, d_{1,7,5,8}->d_{1,7,3,5}, d_{1,7,6,8}->d_{1,7,3,6}, d_{1,7,8,9}->d_{1,7,3,9}, d_{1,7,8,10}->d_{1,7,3,10}, d_{1,7,8,11}->d_{1,7,3,11}, d_{1,8,0,2}->d_{1,3,0,2}, d_{1,8,0,3}->d_{1,3,0,8}, d_{1,8,0,4}->d_{1,3,0,4}, d_{1,8,0,5}->d_{1,3,0,5}, d_{1,8,0,6}->d_{1,3,0,6}, d_{1,8,0,7}->d_{1,3,0,7}, d_{1,8,0,9}->d_{1,3,0,9}, d_{1,8,0,10}->d_{1,3,0,10}, d_{1,8,0,11}->d_{1,3,0,11}, d_{1,8,2,3}->d_{1,3,2,8}, d_{1,8,2,4}->d_{1,3,2,4}, d_{1,8,2,5}->d_{1,3,2,5}, d_{1,8,2,6}->d_{1,3,2,6}, d_{1,8,2,7}->d_{1,3,2,7}, d_{1,8,2,9}->d_{1,3,2,9}, d_{1,8,2,10}->d_{1,3,2,10}, d_{1,8,2,11}->d_{1,3,2,11}, d_{1,8,3,4}->d_{1,3,4,8}, d_{1,8,3,5}->d_{1,3,5,8}, d_{1,8,3,6}->d_{1,3,6,8}, d_{1,8,3,7}->d_{1,3,7,8}, d_{1,8,3,9}->d_{1,3,8,9}, d_{1,8,3,10}->d_{1,3,8,10}, d_{1,8,3,11}->d_{1,3,8,11}, d_{1,8,4,5}->d_{1,3,4,5}, d_{1,8,4,6}->d_{1,3,4,6}, d_{1,8,4,7}->d_{1,3,4,7}, d_{1,8,4,9}->d_{1,3,4,9}, d_{1,8,4,10}->d_{1,3,4,10}, d_{1,8,4,11}->d_{1,3,4,11}, d_{1,8,5,6}->d_{1,3,5,6}, d_{1,8,5,7}->d_{1,3,5,7}, d_{1,8,5,9}->d_{1,3,5,9}, d_{1,8,5,10}->d_{1,3,5,10}, d_{1,8,5,11}->d_{1,3,5,11}, d_{1,8,6,7}->d_{1,3,6,7}, d_{1,8,6,9}->d_{1,3,6,9}, d_{1,8,6,10}->d_{1,3,6,10}, d_{1,8,6,11}->d_{1,3,6,11}, d_{1,8,7,9}->d_{1,3,7,9}, d_{1,8,7,10}->d_{1,3,7,10}, d_{1,8,7,11}->d_{1,3,7,11}, d_{1,8,9,10}->d_{1,3,9,10}, d_{1,8,9,11}->d_{1,3,9,11}, d_{1,8,10,11}->d_{1,3,10,11}, d_{1,9,0,3}->d_{1,9,0,8}, d_{1,9,0,8}->d_{1,9,0,3}, d_{1,9,2,3}->d_{1,9,2,8}, d_{1,9,2,8}->d_{1,9,2,3}, d_{1,9,3,4}->d_{1,9,4,8}, d_{1,9,3,5}->d_{1,9,5,8}, d_{1,9,3,6}->d_{1,9,6,8}, d_{1,9,3,7}->d_{1,9,7,8}, d_{1,9,3,10}->d_{1,9,8,10}, d_{1,9,3,11}->d_{1,9,8,11}, d_{1,9,4,8}->d_{1,9,3,4}, d_{1,9,5,8}->d_{1,9,3,5}, d_{1,9,6,8}->d_{1,9,3,6}, d_{1,9,7,8}->d_{1,9,3,7}, d_{1,9,8,10}->d_{1,9,3,10}, d_{1,9,8,11}->d_{1,9,3,11}, d_{1,10,0,3}->d_{1,10,0,8}, d_{1,10,0,8}->d_{1,10,0,3}, d_{1,10,2,3}->d_{1,10,2,8}, d_{1,10,2,8}->d_{1,10,2,3}, d_{1,10,3,4}->d_{1,10,4,8}, d_{1,10,3,5}->d_{1,10,5,8}, d_{1,10,3,6}->d_{1,10,6,8}, d_{1,10,3,7}->d_{1,10,7,8}, d_{1,10,3,9}->d_{1,10,8,9}, d_{1,10,3,11}->d_{1,10,8,11}, d_{1,10,4,8}->d_{1,10,3,4}, d_{1,10,5,8}->d_{1,10,3,5}, d_{1,10,6,8}->d_{1,10,3,6}, d_{1,10,7,8}->d_{1,10,3,7}, d_{1,10,8,9}->d_{1,10,3,9}, d_{1,10,8,11}->d_{1,10,3,11}, d_{1,11,0,3}->d_{1,11,0,8}, d_{1,11,0,8}->d_{1,11,0,3}, d_{1,11,2,3}->d_{1,11,2,8}, d_{1,11,2,8}->d_{1,11,2,3}, d_{1,11,3,4}->d_{1,11,4,8}, d_{1,11,3,5}->d_{1,11,5,8}, d_{1,11,3,6}->d_{1,11,6,8}, d_{1,11,3,7}->d_{1,11,7,8}, d_{1,11,3,9}->d_{1,11,8,9}, d_{1,11,3,10}->d_{1,11,8,10}, d_{1,11,4,8}->d_{1,11,3,4}, d_{1,11,5,8}->d_{1,11,3,5}, d_{1,11,6,8}->d_{1,11,3,6}, d_{1,11,7,8}->d_{1,11,3,7}, d_{1,11,8,9}->d_{1,11,3,9}, d_{1,11,8,10}->d_{1,11,3,10}, d_{2,3,0,1}->d_{2,8,0,1}, d_{2,3,0,4}->d_{2,8,0,4}, d_{2,3,0,5}->d_{2,8,0,5}, d_{2,3,0,6}->d_{2,8,0,6}, d_{2,3,0,7}->d_{2,8,0,7}, d_{2,3,0,8}->d_{2,8,0,3}, d_{2,3,0,9}->d_{2,8,0,9}, d_{2,3,0,10}->d_{2,8,0,10}, d_{2,3,0,11}->d_{2,8,0,11}, d_{2,3,1,4}->d_{2,8,1,4}, d_{2,3,1,5}->d_{2,8,1,5}, d_{2,3,1,6}->d_{2,8,1,6}, d_{2,3,1,7}->d_{2,8,1,7}, d_{2,3,1,8}->d_{2,8,1,3}, d_{2,3,1,9}->d_{2,8,1,9}, d_{2,3,1,10}->d_{2,8,1,10}, d_{2,3,1,11}->d_{2,8,1,11}, d_{2,3,4,5}->d_{2,8,4,5}, d_{2,3,4,6}->d_{2,8,4,6}, d_{2,3,4,7}->d_{2,8,4,7}, d_{2,3,4,8}->d_{2,8,3,4}, d_{2,3,4,9}->d_{2,8,4,9}, d_{2,3,4,10}->d_{2,8,4,10}, d_{2,3,4,11}->d_{2,8,4,11}, d_{2,3,5,6}->d_{2,8,5,6}, d_{2,3,5,7}->d_{2,8,5,7}, d_{2,3,5,8}->d_{2,8,3,5}, d_{2,3,5,9}->d_{2,8,5,9}, d_{2,3,5,10}->d_{2,8,5,10}, d_{2,3,5,11}->d_{2,8,5,11}, d_{2,3,6,7}->d_{2,8,6,7}, d_{2,3,6,8}->d_{2,8,3,6}, d_{2,3,6,9}->d_{2,8,6,9}, d_{2,3,6,10}->d_{2,8,6,10}, d_{2,3,6,11}->d_{2,8,6,11}, d_{2,3,7,8}->d_{2,8,3,7}, d_{2,3,7,9}->d_{2,8,7,9}, d_{2,3,7,10}->d_{2,8,7,10}, d_{2,3,7,11}->d_{2,8,7,11}, d_{2,3,8,9}->d_{2,8,3,9}, d_{2,3,8,10}->d_{2,8,3,10}, d_{2,3,8,11}->d_{2,8,3,11}, d_{2,3,9,10}->d_{2,8,9,10}, d_{2,3,9,11}->d_{2,8,9,11}, d_{2,3,10,11}->d_{2,8,10,11}, d_{2,4,0,3}->d_{2,4,0,8}, d_{2,4,0,8}->d_{2,4,0,3}, d_{2,4,1,3}->d_{2,4,1,8}, d_{2,4,1,8}->d_{2,4,1,3}, d_{2,4,3,5}->d_{2,4,5,8}, d_{2,4,3,6}->d_{2,4,6,8}, d_{2,4,3,7}->d_{2,4,7,8}, d_{2,4,3,9}->d_{2,4,8,9}, d_{2,4,3,10}->d_{2,4,8,10}, d_{2,4,3,11}->d_{2,4,8,11}, d_{2,4,5,8}->d_{2,4,3,5}, d_{2,4,6,8}->d_{2,4,3,6}, d_{2,4,7,8}->d_{2,4,3,7}, d_{2,4,8,9}->d_{2,4,3,9}, d_{2,4,8,10}->d_{2,4,3,10}, d_{2,4,8,11}->d_{2,4,3,11}, d_{2,5,0,3}->d_{2,5,0,8}, d_{2,5,0,8}->d_{2,5,0,3}, d_{2,5,1,3}->d_{2,5,1,8}, d_{2,5,1,8}->d_{2,5,1,3}, d_{2,5,3,4}->d_{2,5,4,8}, d_{2,5,3,6}->d_{2,5,6,8}, d_{2,5,3,7}->d_{2,5,7,8}, d_{2,5,3,9}->d_{2,5,8,9}, d_{2,5,3,10}->d_{2,5,8,10}, d_{2,5,3,11}->d_{2,5,8,11}, d_{2,5,4,8}->d_{2,5,3,4}, d_{2,5,6,8}->d_{2,5,3,6}, d_{2,5,7,8}->d_{2,5,3,7}, d_{2,5,8,9}->d_{2,5,3,9}, d_{2,5,8,10}->d_{2,5,3,10}, d_{2,5,8,11}->d_{2,5,3,11}, d_{2,6,0,3}->d_{2,6,0,8}, d_{2,6,0,8}->d_{2,6,0,3}, d_{2,6,1,3}->d_{2,6,1,8}, d_{2,6,1,8}->d_{2,6,1,3}, d_{2,6,3,4}->d_{2,6,4,8}, d_{2,6,3,5}->d_{2,6,5,8}, d_{2,6,3,7}->d_{2,6,7,8}, d_{2,6,3,9}->d_{2,6,8,9}, d_{2,6,3,10}->d_{2,6,8,10}, d_{2,6,3,11}->d_{2,6,8,11}, d_{2,6,4,8}->d_{2,6,3,4}, d_{2,6,5,8}->d_{2,6,3,5}, d_{2,6,7,8}->d_{2,6,3,7}, d_{2,6,8,9}->d_{2,6,3,9}, d_{2,6,8,10}->d_{2,6,3,10}, d_{2,6,8,11}->d_{2,6,3,11}, d_{2,7,0,3}->d_{2,7,0,8}, d_{2,7,0,8}->d_{2,7,0,3}, d_{2,7,1,3}->d_{2,7,1,8}, d_{2,7,1,8}->d_{2,7,1,3}, d_{2,7,3,4}->d_{2,7,4,8}, d_{2,7,3,5}->d_{2,7,5,8}, d_{2,7,3,6}->d_{2,7,6,8}, d_{2,7,3,9}->d_{2,7,8,9}, d_{2,7,3,10}->d_{2,7,8,10}, d_{2,7,3,11}->d_{2,7,8,11}, d_{2,7,4,8}->d_{2,7,3,4}, d_{2,7,5,8}->d_{2,7,3,5}, d_{2,7,6,8}->d_{2,7,3,6}, d_{2,7,8,9}->d_{2,7,3,9}, d_{2,7,8,10}->d_{2,7,3,10}, d_{2,7,8,11}->d_{2,7,3,11}, d_{2,8,0,1}->d_{2,3,0,1}, d_{2,8,0,3}->d_{2,3,0,8}, d_{2,8,0,4}->d_{2,3,0,4}, d_{2,8,0,5}->d_{2,3,0,5}, d_{2,8,0,6}->d_{2,3,0,6}, d_{2,8,0,7}->d_{2,3,0,7}, d_{2,8,0,9}->d_{2,3,0,9}, d_{2,8,0,10}->d_{2,3,0,10}, d_{2,8,0,11}->d_{2,3,0,11}, d_{2,8,1,3}->d_{2,3,1,8}, d_{2,8,1,4}->d_{2,3,1,4}, d_{2,8,1,5}->d_{2,3,1,5}, d_{2,8,1,6}->d_{2,3,1,6}, d_{2,8,1,7}->d_{2,3,1,7}, d_{2,8,1,9}->d_{2,3,1,9}, d_{2,8,1,10}->d_{2,3,1,10}, d_{2,8,1,11}->d_{2,3,1,11}, d_{2,8,3,4}->d_{2,3,4,8}, d_{2,8,3,5}->d_{2,3,5,8}, d_{2,8,3,6}->d_{2,3,6,8}, d_{2,8,3,7}->d_{2,3,7,8}, d_{2,8,3,9}->d_{2,3,8,9}, d_{2,8,3,10}->d_{2,3,8,10}, d_{2,8,3,11}->d_{2,3,8,11}, d_{2,8,4,5}->d_{2,3,4,5}, d_{2,8,4,6}->d_{2,3,4,6}, d_{2,8,4,7}->d_{2,3,4,7}, d_{2,8,4,9}->d_{2,3,4,9}, d_{2,8,4,10}->d_{2,3,4,10}, d_{2,8,4,11}->d_{2,3,4,11}, d_{2,8,5,6}->d_{2,3,5,6}, d_{2,8,5,7}->d_{2,3,5,7}, d_{2,8,5,9}->d_{2,3,5,9}, d_{2,8,5,10}->d_{2,3,5,10}, d_{2,8,5,11}->d_{2,3,5,11}, d_{2,8,6,7}->d_{2,3,6,7}, d_{2,8,6,9}->d_{2,3,6,9}, d_{2,8,6,10}->d_{2,3,6,10}, d_{2,8,6,11}->d_{2,3,6,11}, d_{2,8,7,9}->d_{2,3,7,9}, d_{2,8,7,10}->d_{2,3,7,10}, d_{2,8,7,11}->d_{2,3,7,11}, d_{2,8,9,10}->d_{2,3,9,10}, d_{2,8,9,11}->d_{2,3,9,11}, d_{2,8,10,11}->d_{2,3,10,11}, d_{2,9,0,3}->d_{2,9,0,8}, d_{2,9,0,8}->d_{2,9,0,3}, d_{2,9,1,3}->d_{2,9,1,8}, d_{2,9,1,8}->d_{2,9,1,3}, d_{2,9,3,4}->d_{2,9,4,8}, d_{2,9,3,5}->d_{2,9,5,8}, d_{2,9,3,6}->d_{2,9,6,8}, d_{2,9,3,7}->d_{2,9,7,8}, d_{2,9,3,10}->d_{2,9,8,10}, d_{2,9,3,11}->d_{2,9,8,11}, d_{2,9,4,8}->d_{2,9,3,4}, d_{2,9,5,8}->d_{2,9,3,5}, d_{2,9,6,8}->d_{2,9,3,6}, d_{2,9,7,8}->d_{2,9,3,7}, d_{2,9,8,10}->d_{2,9,3,10}, d_{2,9,8,11}->d_{2,9,3,11}, d_{2,10,0,3}->d_{2,10,0,8}, d_{2,10,0,8}->d_{2,10,0,3}, d_{2,10,1,3}->d_{2,10,1,8}, d_{2,10,1,8}->d_{2,10,1,3}, d_{2,10,3,4}->d_{2,10,4,8}, d_{2,10,3,5}->d_{2,10,5,8}, d_{2,10,3,6}->d_{2,10,6,8}, d_{2,10,3,7}->d_{2,10,7,8}, d_{2,10,3,9}->d_{2,10,8,9}, d_{2,10,3,11}->d_{2,10,8,11}, d_{2,10,4,8}->d_{2,10,3,4}, d_{2,10,5,8}->d_{2,10,3,5}, d_{2,10,6,8}->d_{2,10,3,6}, d_{2,10,7,8}->d_{2,10,3,7}, d_{2,10,8,9}->d_{2,10,3,9}, d_{2,10,8,11}->d_{2,10,3,11}, d_{2,11,0,3}->d_{2,11,0,8}, d_{2,11,0,8}->d_{2,11,0,3}, d_{2,11,1,3}->d_{2,11,1,8}, d_{2,11,1,8}->d_{2,11,1,3}, d_{2,11,3,4}->d_{2,11,4,8}, d_{2,11,3,5}->d_{2,11,5,8}, d_{2,11,3,6}->d_{2,11,6,8}, d_{2,11,3,7}->d_{2,11,7,8}, d_{2,11,3,9}->d_{2,11,8,9}, d_{2,11,3,10}->d_{2,11,8,10}, d_{2,11,4,8}->d_{2,11,3,4}, d_{2,11,5,8}->d_{2,11,3,5}, d_{2,11,6,8}->d_{2,11,3,6}, d_{2,11,7,8}->d_{2,11,3,7}, d_{2,11,8,9}->d_{2,11,3,9}, d_{2,11,8,10}->d_{2,11,3,10}, d_{3,4,0,1}->d_{4,8,0,1}, d_{3,4,0,2}->d_{4,8,0,2}, d_{3,4,0,5}->d_{4,8,0,5}, d_{3,4,0,6}->d_{4,8,0,6}, d_{3,4,0,7}->d_{4,8,0,7}, d_{3,4,0,8}->d_{4,8,0,3}, d_{3,4,0,9}->d_{4,8,0,9}, d_{3,4,0,10}->d_{4,8,0,10}, d_{3,4,0,11}->d_{4,8,0,11}, d_{3,4,1,2}->d_{4,8,1,2}, d_{3,4,1,5}->d_{4,8,1,5}, d_{3,4,1,6}->d_{4,8,1,6}, d_{3,4,1,7}->d_{4,8,1,7}, d_{3,4,1,8}->d_{4,8,1,3}, d_{3,4,1,9}->d_{4,8,1,9}, d_{3,4,1,10}->d_{4,8,1,10}, d_{3,4,1,11}->d_{4,8,1,11}, d_{3,4,2,5}->d_{4,8,2,5}, d_{3,4,2,6}->d_{4,8,2,6}, d_{3,4,2,7}->d_{4,8,2,7}, d_{3,4,2,8}->d_{4,8,2,3}, d_{3,4,2,9}->d_{4,8,2,9}, d_{3,4,2,10}->d_{4,8,2,10}, d_{3,4,2,11}->d_{4,8,2,11}, d_{3,4,5,6}->d_{4,8,5,6}, d_{3,4,5,7}->d_{4,8,5,7}, d_{3,4,5,8}->d_{4,8,3,5}, d_{3,4,5,9}->d_{4,8,5,9}, d_{3,4,5,10}->d_{4,8,5,10}, d_{3,4,5,11}->d_{4,8,5,11}, d_{3,4,6,7}->d_{4,8,6,7}, d_{3,4,6,8}->d_{4,8,3,6}, d_{3,4,6,9}->d_{4,8,6,9}, d_{3,4,6,10}->d_{4,8,6,10}, d_{3,4,6,11}->d_{4,8,6,11}, d_{3,4,7,8}->d_{4,8,3,7}, d_{3,4,7,9}->d_{4,8,7,9}, d_{3,4,7,10}->d_{4,8,7,10}, d_{3,4,7,11}->d_{4,8,7,11}, d_{3,4,8,9}->d_{4,8,3,9}, d_{3,4,8,10}->d_{4,8,3,10}, d_{3,4,8,11}->d_{4,8,3,11}, d_{3,4,9,10}->d_{4,8,9,10}, d_{3,4,9,11}->d_{4,8,9,11}, d_{3,4,10,11}->d_{4,8,10,11}, d_{3,5,0,1}->d_{5,8,0,1}, d_{3,5,0,2}->d_{5,8,0,2}, d_{3,5,0,4}->d_{5,8,0,4}, d_{3,5,0,6}->d_{5,8,0,6}, d_{3,5,0,7}->d_{5,8,0,7}, d_{3,5,0,8}->d_{5,8,0,3}, d_{3,5,0,9}->d_{5,8,0,9}, d_{3,5,0,10}->d_{5,8,0,10}, d_{3,5,0,11}->d_{5,8,0,11}, d_{3,5,1,2}->d_{5,8,1,2}, d_{3,5,1,4}->d_{5,8,1,4}, d_{3,5,1,6}->d_{5,8,1,6}, d_{3,5,1,7}->d_{5,8,1,7}, d_{3,5,1,8}->d_{5,8,1,3}, d_{3,5,1,9}->d_{5,8,1,9}, d_{3,5,1,10}->d_{5,8,1,10}, d_{3,5,1,11}->d_{5,8,1,11}, d_{3,5,2,4}->d_{5,8,2,4}, d_{3,5,2,6}->d_{5,8,2,6}, d_{3,5,2,7}->d_{5,8,2,7}, d_{3,5,2,8}->d_{5,8,2,3}, d_{3,5,2,9}->d_{5,8,2,9}, d_{3,5,2,10}->d_{5,8,2,10}, d_{3,5,2,11}->d_{5,8,2,11}, d_{3,5,4,6}->d_{5,8,4,6}, d_{3,5,4,7}->d_{5,8,4,7}, d_{3,5,4,8}->d_{5,8,3,4}, d_{3,5,4,9}->d_{5,8,4,9}, d_{3,5,4,10}->d_{5,8,4,10}, d_{3,5,4,11}->d_{5,8,4,11}, d_{3,5,6,7}->d_{5,8,6,7}, d_{3,5,6,8}->d_{5,8,3,6}, d_{3,5,6,9}->d_{5,8,6,9}, d_{3,5,6,10}->d_{5,8,6,10}, d_{3,5,6,11}->d_{5,8,6,11}, d_{3,5,7,8}->d_{5,8,3,7}, d_{3,5,7,9}->d_{5,8,7,9}, d_{3,5,7,10}->d_{5,8,7,10}, d_{3,5,7,11}->d_{5,8,7,11}, d_{3,5,8,9}->d_{5,8,3,9}, d_{3,5,8,10}->d_{5,8,3,10}, d_{3,5,8,11}->d_{5,8,3,11}, d_{3,5,9,10}->d_{5,8,9,10}, d_{3,5,9,11}->d_{5,8,9,11}, d_{3,5,10,11}->d_{5,8,10,11}, d_{3,6,0,1}->d_{6,8,0,1}, d_{3,6,0,2}->d_{6,8,0,2}, d_{3,6,0,4}->d_{6,8,0,4}, d_{3,6,0,5}->d_{6,8,0,5}, d_{3,6,0,7}->d_{6,8,0,7}, d_{3,6,0,8}->d_{6,8,0,3}, d_{3,6,0,9}->d_{6,8,0,9}, d_{3,6,0,10}->d_{6,8,0,10}, d_{3,6,0,11}->d_{6,8,0,11}, d_{3,6,1,2}->d_{6,8,1,2}, d_{3,6,1,4}->d_{6,8,1,4}, d_{3,6,1,5}->d_{6,8,1,5}, d_{3,6,1,7}->d_{6,8,1,7}, d_{3,6,1,8}->d_{6,8,1,3}, d_{3,6,1,9}->d_{6,8,1,9}, d_{3,6,1,10}->d_{6,8,1,10}, d_{3,6,1,11}->d_{6,8,1,11}, d_{3,6,2,4}->d_{6,8,2,4}, d_{3,6,2,5}->d_{6,8,2,5}, d_{3,6,2,7}->d_{6,8,2,7}, d_{3,6,2,8}->d_{6,8,2,3}, d_{3,6,2,9}->d_{6,8,2,9}, d_{3,6,2,10}->d_{6,8,2,10}, d_{3,6,2,11}->d_{6,8,2,11}, d_{3,6,4,5}->d_{6,8,4,5}, d_{3,6,4,7}->d_{6,8,4,7}, d_{3,6,4,8}->d_{6,8,3,4}, d_{3,6,4,9}->d_{6,8,4,9}, d_{3,6,4,10}->d_{6,8,4,10}, d_{3,6,4,11}->d_{6,8,4,11}, d_{3,6,5,7}->d_{6,8,5,7}, d_{3,6,5,8}->d_{6,8,3,5}, d_{3,6,5,9}->d_{6,8,5,9}, d_{3,6,5,10}->d_{6,8,5,10}, d_{3,6,5,11}->d_{6,8,5,11}, d_{3,6,7,8}->d_{6,8,3,7}, d_{3,6,7,9}->d_{6,8,7,9}, d_{3,6,7,10}->d_{6,8,7,10}, d_{3,6,7,11}->d_{6,8,7,11}, d_{3,6,8,9}->d_{6,8,3,9}, d_{3,6,8,10}->d_{6,8,3,10}, d_{3,6,8,11}->d_{6,8,3,11}, d_{3,6,9,10}->d_{6,8,9,10}, d_{3,6,9,11}->d_{6,8,9,11}, d_{3,6,10,11}->d_{6,8,10,11}, d_{3,7,0,1}->d_{7,8,0,1}, d_{3,7,0,2}->d_{7,8,0,2}, d_{3,7,0,4}->d_{7,8,0,4}, d_{3,7,0,5}->d_{7,8,0,5}, d_{3,7,0,6}->d_{7,8,0,6}, d_{3,7,0,8}->d_{7,8,0,3}, d_{3,7,0,9}->d_{7,8,0,9}, d_{3,7,0,10}->d_{7,8,0,10}, d_{3,7,0,11}->d_{7,8,0,11}, d_{3,7,1,2}->d_{7,8,1,2}, d_{3,7,1,4}->d_{7,8,1,4}, d_{3,7,1,5}->d_{7,8,1,5}, d_{3,7,1,6}->d_{7,8,1,6}, d_{3,7,1,8}->d_{7,8,1,3}, d_{3,7,1,9}->d_{7,8,1,9}, d_{3,7,1,10}->d_{7,8,1,10}, d_{3,7,1,11}->d_{7,8,1,11}, d_{3,7,2,4}->d_{7,8,2,4}, d_{3,7,2,5}->d_{7,8,2,5}, d_{3,7,2,6}->d_{7,8,2,6}, d_{3,7,2,8}->d_{7,8,2,3}, d_{3,7,2,9}->d_{7,8,2,9}, d_{3,7,2,10}->d_{7,8,2,10}, d_{3,7,2,11}->d_{7,8,2,11}, d_{3,7,4,5}->d_{7,8,4,5}, d_{3,7,4,6}->d_{7,8,4,6}, d_{3,7,4,8}->d_{7,8,3,4}, d_{3,7,4,9}->d_{7,8,4,9}, d_{3,7,4,10}->d_{7,8,4,10}, d_{3,7,4,11}->d_{7,8,4,11}, d_{3,7,5,6}->d_{7,8,5,6}, d_{3,7,5,8}->d_{7,8,3,5}, d_{3,7,5,9}->d_{7,8,5,9}, d_{3,7,5,10}->d_{7,8,5,10}, d_{3,7,5,11}->d_{7,8,5,11}, d_{3,7,6,8}->d_{7,8,3,6}, d_{3,7,6,9}->d_{7,8,6,9}, d_{3,7,6,10}->d_{7,8,6,10}, d_{3,7,6,11}->d_{7,8,6,11}, d_{3,7,8,9}->d_{7,8,3,9}, d_{3,7,8,10}->d_{7,8,3,10}, d_{3,7,8,11}->d_{7,8,3,11}, d_{3,7,9,10}->d_{7,8,9,10}, d_{3,7,9,11}->d_{7,8,9,11}, d_{3,7,10,11}->d_{7,8,10,11}, d_{3,9,0,1}->d_{8,9,0,1}, d_{3,9,0,2}->d_{8,9,0,2}, d_{3,9,0,4}->d_{8,9,0,4}, d_{3,9,0,5}->d_{8,9,0,5}, d_{3,9,0,6}->d_{8,9,0,6}, d_{3,9,0,7}->d_{8,9,0,7}, d_{3,9,0,8}->d_{8,9,0,3}, d_{3,9,0,10}->d_{8,9,0,10}, d_{3,9,0,11}->d_{8,9,0,11}, d_{3,9,1,2}->d_{8,9,1,2}, d_{3,9,1,4}->d_{8,9,1,4}, d_{3,9,1,5}->d_{8,9,1,5}, d_{3,9,1,6}->d_{8,9,1,6}, d_{3,9,1,7}->d_{8,9,1,7}, d_{3,9,1,8}->d_{8,9,1,3}, d_{3,9,1,10}->d_{8,9,1,10}, d_{3,9,1,11}->d_{8,9,1,11}, d_{3,9,2,4}->d_{8,9,2,4}, d_{3,9,2,5}->d_{8,9,2,5}, d_{3,9,2,6}->d_{8,9,2,6}, d_{3,9,2,7}->d_{8,9,2,7}, d_{3,9,2,8}->d_{8,9,2,3}, d_{3,9,2,10}->d_{8,9,2,10}, d_{3,9,2,11}->d_{8,9,2,11}, d_{3,9,4,5}->d_{8,9,4,5}, d_{3,9,4,6}->d_{8,9,4,6}, d_{3,9,4,7}->d_{8,9,4,7}, d_{3,9,4,8}->d_{8,9,3,4}, d_{3,9,4,10}->d_{8,9,4,10}, d_{3,9,4,11}->d_{8,9,4,11}, d_{3,9,5,6}->d_{8,9,5,6}, d_{3,9,5,7}->d_{8,9,5,7}, d_{3,9,5,8}->d_{8,9,3,5}, d_{3,9,5,10}->d_{8,9,5,10}, d_{3,9,5,11}->d_{8,9,5,11}, d_{3,9,6,7}->d_{8,9,6,7}, d_{3,9,6,8}->d_{8,9,3,6}, d_{3,9,6,10}->d_{8,9,6,10}, d_{3,9,6,11}->d_{8,9,6,11}, d_{3,9,7,8}->d_{8,9,3,7}, d_{3,9,7,10}->d_{8,9,7,10}, d_{3,9,7,11}->d_{8,9,7,11}, d_{3,9,8,10}->d_{8,9,3,10}, d_{3,9,8,11}->d_{8,9,3,11}, d_{3,9,10,11}->d_{8,9,10,11}, d_{3,10,0,1}->d_{8,10,0,1}, d_{3,10,0,2}->d_{8,10,0,2}, d_{3,10,0,4}->d_{8,10,0,4}, d_{3,10,0,5}->d_{8,10,0,5}, d_{3,10,0,6}->d_{8,10,0,6}, d_{3,10,0,7}->d_{8,10,0,7}, d_{3,10,0,8}->d_{8,10,0,3}, d_{3,10,0,9}->d_{8,10,0,9}, d_{3,10,0,11}->d_{8,10,0,11}, d_{3,10,1,2}->d_{8,10,1,2}, d_{3,10,1,4}->d_{8,10,1,4}, d_{3,10,1,5}->d_{8,10,1,5}, d_{3,10,1,6}->d_{8,10,1,6}, d_{3,10,1,7}->d_{8,10,1,7}, d_{3,10,1,8}->d_{8,10,1,3}, d_{3,10,1,9}->d_{8,10,1,9}, d_{3,10,1,11}->d_{8,10,1,11}, d_{3,10,2,4}->d_{8,10,2,4}, d_{3,10,2,5}->d_{8,10,2,5}, d_{3,10,2,6}->d_{8,10,2,6}, d_{3,10,2,7}->d_{8,10,2,7}, d_{3,10,2,8}->d_{8,10,2,3}, d_{3,10,2,9}->d_{8,10,2,9}, d_{3,10,2,11}->d_{8,10,2,11}, d_{3,10,4,5}->d_{8,10,4,5}, d_{3,10,4,6}->d_{8,10,4,6}, d_{3,10,4,7}->d_{8,10,4,7}, d_{3,10,4,8}->d_{8,10,3,4}, d_{3,10,4,9}->d_{8,10,4,9}, d_{3,10,4,11}->d_{8,10,4,11}, d_{3,10,5,6}->d_{8,10,5,6}, d_{3,10,5,7}->d_{8,10,5,7}, d_{3,10,5,8}->d_{8,10,3,5}, d_{3,10,5,9}->d_{8,10,5,9}, d_{3,10,5,11}->d_{8,10,5,11}, d_{3,10,6,7}->d_{8,10,6,7}, d_{3,10,6,8}->d_{8,10,3,6}, d_{3,10,6,9}->d_{8,10,6,9}, d_{3,10,6,11}->d_{8,10,6,11}, d_{3,10,7,8}->d_{8,10,3,7}, d_{3,10,7,9}->d_{8,10,7,9}, d_{3,10,7,11}->d_{8,10,7,11}, d_{3,10,8,9}->d_{8,10,3,9}, d_{3,10,8,11}->d_{8,10,3,11}, d_{3,10,9,11}->d_{8,10,9,11}, d_{3,11,0,1}->d_{8,11,0,1}, d_{3,11,0,2}->d_{8,11,0,2}, d_{3,11,0,4}->d_{8,11,0,4}, d_{3,11,0,5}->d_{8,11,0,5}, d_{3,11,0,6}->d_{8,11,0,6}, d_{3,11,0,7}->d_{8,11,0,7}, d_{3,11,0,8}->d_{8,11,0,3}, d_{3,11,0,9}->d_{8,11,0,9}, d_{3,11,0,10}->d_{8,11,0,10}, d_{3,11,1,2}->d_{8,11,1,2}, d_{3,11,1,4}->d_{8,11,1,4}, d_{3,11,1,5}->d_{8,11,1,5}, d_{3,11,1,6}->d_{8,11,1,6}, d_{3,11,1,7}->d_{8,11,1,7}, d_{3,11,1,8}->d_{8,11,1,3}, d_{3,11,1,9}->d_{8,11,1,9}, d_{3,11,1,10}->d_{8,11,1,10}, d_{3,11,2,4}->d_{8,11,2,4}, d_{3,11,2,5}->d_{8,11,2,5}, d_{3,11,2,6}->d_{8,11,2,6}, d_{3,11,2,7}->d_{8,11,2,7}, d_{3,11,2,8}->d_{8,11,2,3}, d_{3,11,2,9}->d_{8,11,2,9}, d_{3,11,2,10}->d_{8,11,2,10}, d_{3,11,4,5}->d_{8,11,4,5}, d_{3,11,4,6}->d_{8,11,4,6}, d_{3,11,4,7}->d_{8,11,4,7}, d_{3,11,4,8}->d_{8,11,3,4}, d_{3,11,4,9}->d_{8,11,4,9}, d_{3,11,4,10}->d_{8,11,4,10}, d_{3,11,5,6}->d_{8,11,5,6}, d_{3,11,5,7}->d_{8,11,5,7}, d_{3,11,5,8}->d_{8,11,3,5}, d_{3,11,5,9}->d_{8,11,5,9}, d_{3,11,5,10}->d_{8,11,5,10}, d_{3,11,6,7}->d_{8,11,6,7}, d_{3,11,6,8}->d_{8,11,3,6}, d_{3,11,6,9}->d_{8,11,6,9}, d_{3,11,6,10}->d_{8,11,6,10}, d_{3,11,7,8}->d_{8,11,3,7}, d_{3,11,7,9}->d_{8,11,7,9}, d_{3,11,7,10}->d_{8,11,7,10}, d_{3,11,8,9}->d_{8,11,3,9}, d_{3,11,8,10}->d_{8,11,3,10}, d_{3,11,9,10}->d_{8,11,9,10}, d_{4,5,0,3}->d_{4,5,0,8}, d_{4,5,0,8}->d_{4,5,0,3}, d_{4,5,1,3}->d_{4,5,1,8}, d_{4,5,1,8}->d_{4,5,1,3}, d_{4,5,2,3}->d_{4,5,2,8}, d_{4,5,2,8}->d_{4,5,2,3}, d_{4,5,3,6}->d_{4,5,6,8}, d_{4,5,3,7}->d_{4,5,7,8}, d_{4,5,3,9}->d_{4,5,8,9}, d_{4,5,3,10}->d_{4,5,8,10}, d_{4,5,3,11}->d_{4,5,8,11}, d_{4,5,6,8}->d_{4,5,3,6}, d_{4,5,7,8}->d_{4,5,3,7}, d_{4,5,8,9}->d_{4,5,3,9}, d_{4,5,8,10}->d_{4,5,3,10}, d_{4,5,8,11}->d_{4,5,3,11}, d_{4,6,0,3}->d_{4,6,0,8}, d_{4,6,0,8}->d_{4,6,0,3}, d_{4,6,1,3}->d_{4,6,1,8}, d_{4,6,1,8}->d_{4,6,1,3}, d_{4,6,2,3}->d_{4,6,2,8}, d_{4,6,2,8}->d_{4,6,2,3}, d_{4,6,3,5}->d_{4,6,5,8}, d_{4,6,3,7}->d_{4,6,7,8}, d_{4,6,3,9}->d_{4,6,8,9}, d_{4,6,3,10}->d_{4,6,8,10}, d_{4,6,3,11}->d_{4,6,8,11}, d_{4,6,5,8}->d_{4,6,3,5}, d_{4,6,7,8}->d_{4,6,3,7}, d_{4,6,8,9}->d_{4,6,3,9}, d_{4,6,8,10}->d_{4,6,3,10}, d_{4,6,8,11}->d_{4,6,3,11}, d_{4,7,0,3}->d_{4,7,0,8}, d_{4,7,0,8}->d_{4,7,0,3}, d_{4,7,1,3}->d_{4,7,1,8}, d_{4,7,1,8}->d_{4,7,1,3}, d_{4,7,2,3}->d_{4,7,2,8}, d_{4,7,2,8}->d_{4,7,2,3}, d_{4,7,3,5}->d_{4,7,5,8}, d_{4,7,3,6}->d_{4,7,6,8}, d_{4,7,3,9}->d_{4,7,8,9}, d_{4,7,3,10}->d_{4,7,8,10}, d_{4,7,3,11}->d_{4,7,8,11}, d_{4,7,5,8}->d_{4,7,3,5}, d_{4,7,6,8}->d_{4,7,3,6}, d_{4,7,8,9}->d_{4,7,3,9}, d_{4,7,8,10}->d_{4,7,3,10}, d_{4,7,8,11}->d_{4,7,3,11}, d_{4,8,0,1}->d_{3,4,0,1}, d_{4,8,0,2}->d_{3,4,0,2}, d_{4,8,0,3}->d_{3,4,0,8}, d_{4,8,0,5}->d_{3,4,0,5}, d_{4,8,0,6}->d_{3,4,0,6}, d_{4,8,0,7}->d_{3,4,0,7}, d_{4,8,0,9}->d_{3,4,0,9}, d_{4,8,0,10}->d_{3,4,0,10}, d_{4,8,0,11}->d_{3,4,0,11}, d_{4,8,1,2}->d_{3,4,1,2}, d_{4,8,1,3}->d_{3,4,1,8}, d_{4,8,1,5}->d_{3,4,1,5}, d_{4,8,1,6}->d_{3,4,1,6}, d_{4,8,1,7}->d_{3,4,1,7}, d_{4,8,1,9}->d_{3,4,1,9}, d_{4,8,1,10}->d_{3,4,1,10}, d_{4,8,1,11}->d_{3,4,1,11}, d_{4,8,2,3}->d_{3,4,2,8}, d_{4,8,2,5}->d_{3,4,2,5}, d_{4,8,2,6}->d_{3,4,2,6}, d_{4,8,2,7}->d_{3,4,2,7}, d_{4,8,2,9}->d_{3,4,2,9}, d_{4,8,2,10}->d_{3,4,2,10}, d_{4,8,2,11}->d_{3,4,2,11}, d_{4,8,3,5}->d_{3,4,5,8}, d_{4,8,3,6}->d_{3,4,6,8}, d_{4,8,3,7}->d_{3,4,7,8}, d_{4,8,3,9}->d_{3,4,8,9}, d_{4,8,3,10}->d_{3,4,8,10}, d_{4,8,3,11}->d_{3,4,8,11}, d_{4,8,5,6}->d_{3,4,5,6}, d_{4,8,5,7}->d_{3,4,5,7}, d_{4,8,5,9}->d_{3,4,5,9}, d_{4,8,5,10}->d_{3,4,5,10}, d_{4,8,5,11}->d_{3,4,5,11}, d_{4,8,6,7}->d_{3,4,6,7}, d_{4,8,6,9}->d_{3,4,6,9}, d_{4,8,6,10}->d_{3,4,6,10}, d_{4,8,6,11}->d_{3,4,6,11}, d_{4,8,7,9}->d_{3,4,7,9}, d_{4,8,7,10}->d_{3,4,7,10}, d_{4,8,7,11}->d_{3,4,7,11}, d_{4,8,9,10}->d_{3,4,9,10}, d_{4,8,9,11}->d_{3,4,9,11}, d_{4,8,10,11}->d_{3,4,10,11}, d_{4,9,0,3}->d_{4,9,0,8}, d_{4,9,0,8}->d_{4,9,0,3}, d_{4,9,1,3}->d_{4,9,1,8}, d_{4,9,1,8}->d_{4,9,1,3}, d_{4,9,2,3}->d_{4,9,2,8}, d_{4,9,2,8}->d_{4,9,2,3}, d_{4,9,3,5}->d_{4,9,5,8}, d_{4,9,3,6}->d_{4,9,6,8}, d_{4,9,3,7}->d_{4,9,7,8}, d_{4,9,3,10}->d_{4,9,8,10}, d_{4,9,3,11}->d_{4,9,8,11}, d_{4,9,5,8}->d_{4,9,3,5}, d_{4,9,6,8}->d_{4,9,3,6}, d_{4,9,7,8}->d_{4,9,3,7}, d_{4,9,8,10}->d_{4,9,3,10}, d_{4,9,8,11}->d_{4,9,3,11}, d_{4,10,0,3}->d_{4,10,0,8}, d_{4,10,0,8}->d_{4,10,0,3}, d_{4,10,1,3}->d_{4,10,1,8}, d_{4,10,1,8}->d_{4,10,1,3}, d_{4,10,2,3}->d_{4,10,2,8}, d_{4,10,2,8}->d_{4,10,2,3}, d_{4,10,3,5}->d_{4,10,5,8}, d_{4,10,3,6}->d_{4,10,6,8}, d_{4,10,3,7}->d_{4,10,7,8}, d_{4,10,3,9}->d_{4,10,8,9}, d_{4,10,3,11}->d_{4,10,8,11}, d_{4,10,5,8}->d_{4,10,3,5}, d_{4,10,6,8}->d_{4,10,3,6}, d_{4,10,7,8}->d_{4,10,3,7}, d_{4,10,8,9}->d_{4,10,3,9}, d_{4,10,8,11}->d_{4,10,3,11}, d_{4,11,0,3}->d_{4,11,0,8}, d_{4,11,0,8}->d_{4,11,0,3}, d_{4,11,1,3}->d_{4,11,1,8}, d_{4,11,1,8}->d_{4,11,1,3}, d_{4,11,2,3}->d_{4,11,2,8}, d_{4,11,2,8}->d_{4,11,2,3}, d_{4,11,3,5}->d_{4,11,5,8}, d_{4,11,3,6}->d_{4,11,6,8}, d_{4,11,3,7}->d_{4,11,7,8}, d_{4,11,3,9}->d_{4,11,8,9}, d_{4,11,3,10}->d_{4,11,8,10}, d_{4,11,5,8}->d_{4,11,3,5}, d_{4,11,6,8}->d_{4,11,3,6}, d_{4,11,7,8}->d_{4,11,3,7}, d_{4,11,8,9}->d_{4,11,3,9}, d_{4,11,8,10}->d_{4,11,3,10}, d_{5,6,0,3}->d_{5,6,0,8}, d_{5,6,0,8}->d_{5,6,0,3}, d_{5,6,1,3}->d_{5,6,1,8}, d_{5,6,1,8}->d_{5,6,1,3}, d_{5,6,2,3}->d_{5,6,2,8}, d_{5,6,2,8}->d_{5,6,2,3}, d_{5,6,3,4}->d_{5,6,4,8}, d_{5,6,3,7}->d_{5,6,7,8}, d_{5,6,3,9}->d_{5,6,8,9}, d_{5,6,3,10}->d_{5,6,8,10}, d_{5,6,3,11}->d_{5,6,8,11}, d_{5,6,4,8}->d_{5,6,3,4}, d_{5,6,7,8}->d_{5,6,3,7}, d_{5,6,8,9}->d_{5,6,3,9}, d_{5,6,8,10}->d_{5,6,3,10}, d_{5,6,8,11}->d_{5,6,3,11}, d_{5,7,0,3}->d_{5,7,0,8}, d_{5,7,0,8}->d_{5,7,0,3}, d_{5,7,1,3}->d_{5,7,1,8}, d_{5,7,1,8}->d_{5,7,1,3}, d_{5,7,2,3}->d_{5,7,2,8}, d_{5,7,2,8}->d_{5,7,2,3}, d_{5,7,3,4}->d_{5,7,4,8}, d_{5,7,3,6}->d_{5,7,6,8}, d_{5,7,3,9}->d_{5,7,8,9}, d_{5,7,3,10}->d_{5,7,8,10}, d_{5,7,3,11}->d_{5,7,8,11}, d_{5,7,4,8}->d_{5,7,3,4}, d_{5,7,6,8}->d_{5,7,3,6}, d_{5,7,8,9}->d_{5,7,3,9}, d_{5,7,8,10}->d_{5,7,3,10}, d_{5,7,8,11}->d_{5,7,3,11}, d_{5,8,0,1}->d_{3,5,0,1}, d_{5,8,0,2}->d_{3,5,0,2}, d_{5,8,0,3}->d_{3,5,0,8}, d_{5,8,0,4}->d_{3,5,0,4}, d_{5,8,0,6}->d_{3,5,0,6}, d_{5,8,0,7}->d_{3,5,0,7}, d_{5,8,0,9}->d_{3,5,0,9}, d_{5,8,0,10}->d_{3,5,0,10}, d_{5,8,0,11}->d_{3,5,0,11}, d_{5,8,1,2}->d_{3,5,1,2}, d_{5,8,1,3}->d_{3,5,1,8}, d_{5,8,1,4}->d_{3,5,1,4}, d_{5,8,1,6}->d_{3,5,1,6}, d_{5,8,1,7}->d_{3,5,1,7}, d_{5,8,1,9}->d_{3,5,1,9}, d_{5,8,1,10}->d_{3,5,1,10}, d_{5,8,1,11}->d_{3,5,1,11}, d_{5,8,2,3}->d_{3,5,2,8}, d_{5,8,2,4}->d_{3,5,2,4}, d_{5,8,2,6}->d_{3,5,2,6}, d_{5,8,2,7}->d_{3,5,2,7}, d_{5,8,2,9}->d_{3,5,2,9}, d_{5,8,2,10}->d_{3,5,2,10}, d_{5,8,2,11}->d_{3,5,2,11}, d_{5,8,3,4}->d_{3,5,4,8}, d_{5,8,3,6}->d_{3,5,6,8}, d_{5,8,3,7}->d_{3,5,7,8}, d_{5,8,3,9}->d_{3,5,8,9}, d_{5,8,3,10}->d_{3,5,8,10}, d_{5,8,3,11}->d_{3,5,8,11}, d_{5,8,4,6}->d_{3,5,4,6}, d_{5,8,4,7}->d_{3,5,4,7}, d_{5,8,4,9}->d_{3,5,4,9}, d_{5,8,4,10}->d_{3,5,4,10}, d_{5,8,4,11}->d_{3,5,4,11}, d_{5,8,6,7}->d_{3,5,6,7}, d_{5,8,6,9}->d_{3,5,6,9}, d_{5,8,6,10}->d_{3,5,6,10}, d_{5,8,6,11}->d_{3,5,6,11}, d_{5,8,7,9}->d_{3,5,7,9}, d_{5,8,7,10}->d_{3,5,7,10}, d_{5,8,7,11}->d_{3,5,7,11}, d_{5,8,9,10}->d_{3,5,9,10}, d_{5,8,9,11}->d_{3,5,9,11}, d_{5,8,10,11}->d_{3,5,10,11}, d_{5,9,0,3}->d_{5,9,0,8}, d_{5,9,0,8}->d_{5,9,0,3}, d_{5,9,1,3}->d_{5,9,1,8}, d_{5,9,1,8}->d_{5,9,1,3}, d_{5,9,2,3}->d_{5,9,2,8}, d_{5,9,2,8}->d_{5,9,2,3}, d_{5,9,3,4}->d_{5,9,4,8}, d_{5,9,3,6}->d_{5,9,6,8}, d_{5,9,3,7}->d_{5,9,7,8}, d_{5,9,3,10}->d_{5,9,8,10}, d_{5,9,3,11}->d_{5,9,8,11}, d_{5,9,4,8}->d_{5,9,3,4}, d_{5,9,6,8}->d_{5,9,3,6}, d_{5,9,7,8}->d_{5,9,3,7}, d_{5,9,8,10}->d_{5,9,3,10}, d_{5,9,8,11}->d_{5,9,3,11}, d_{5,10,0,3}->d_{5,10,0,8}, d_{5,10,0,8}->d_{5,10,0,3}, d_{5,10,1,3}->d_{5,10,1,8}, d_{5,10,1,8}->d_{5,10,1,3}, d_{5,10,2,3}->d_{5,10,2,8}, d_{5,10,2,8}->d_{5,10,2,3}, d_{5,10,3,4}->d_{5,10,4,8}, d_{5,10,3,6}->d_{5,10,6,8}, d_{5,10,3,7}->d_{5,10,7,8}, d_{5,10,3,9}->d_{5,10,8,9}, d_{5,10,3,11}->d_{5,10,8,11}, d_{5,10,4,8}->d_{5,10,3,4}, d_{5,10,6,8}->d_{5,10,3,6}, d_{5,10,7,8}->d_{5,10,3,7}, d_{5,10,8,9}->d_{5,10,3,9}, d_{5,10,8,11}->d_{5,10,3,11}, d_{5,11,0,3}->d_{5,11,0,8}, d_{5,11,0,8}->d_{5,11,0,3}, d_{5,11,1,3}->d_{5,11,1,8}, d_{5,11,1,8}->d_{5,11,1,3}, d_{5,11,2,3}->d_{5,11,2,8}, d_{5,11,2,8}->d_{5,11,2,3}, d_{5,11,3,4}->d_{5,11,4,8}, d_{5,11,3,6}->d_{5,11,6,8}, d_{5,11,3,7}->d_{5,11,7,8}, d_{5,11,3,9}->d_{5,11,8,9}, d_{5,11,3,10}->d_{5,11,8,10}, d_{5,11,4,8}->d_{5,11,3,4}, d_{5,11,6,8}->d_{5,11,3,6}, d_{5,11,7,8}->d_{5,11,3,7}, d_{5,11,8,9}->d_{5,11,3,9}, d_{5,11,8,10}->d_{5,11,3,10}, d_{6,7,0,3}->d_{6,7,0,8}, d_{6,7,0,8}->d_{6,7,0,3}, d_{6,7,1,3}->d_{6,7,1,8}, d_{6,7,1,8}->d_{6,7,1,3}, d_{6,7,2,3}->d_{6,7,2,8}, d_{6,7,2,8}->d_{6,7,2,3}, d_{6,7,3,4}->d_{6,7,4,8}, d_{6,7,3,5}->d_{6,7,5,8}, d_{6,7,3,9}->d_{6,7,8,9}, d_{6,7,3,10}->d_{6,7,8,10}, d_{6,7,3,11}->d_{6,7,8,11}, d_{6,7,4,8}->d_{6,7,3,4}, d_{6,7,5,8}->d_{6,7,3,5}, d_{6,7,8,9}->d_{6,7,3,9}, d_{6,7,8,10}->d_{6,7,3,10}, d_{6,7,8,11}->d_{6,7,3,11}, d_{6,8,0,1}->d_{3,6,0,1}, d_{6,8,0,2}->d_{3,6,0,2}, d_{6,8,0,3}->d_{3,6,0,8}, d_{6,8,0,4}->d_{3,6,0,4}, d_{6,8,0,5}->d_{3,6,0,5}, d_{6,8,0,7}->d_{3,6,0,7}, d_{6,8,0,9}->d_{3,6,0,9}, d_{6,8,0,10}->d_{3,6,0,10}, d_{6,8,0,11}->d_{3,6,0,11}, d_{6,8,1,2}->d_{3,6,1,2}, d_{6,8,1,3}->d_{3,6,1,8}, d_{6,8,1,4}->d_{3,6,1,4}, d_{6,8,1,5}->d_{3,6,1,5}, d_{6,8,1,7}->d_{3,6,1,7}, d_{6,8,1,9}->d_{3,6,1,9}, d_{6,8,1,10}->d_{3,6,1,10}, d_{6,8,1,11}->d_{3,6,1,11}, d_{6,8,2,3}->d_{3,6,2,8}, d_{6,8,2,4}->d_{3,6,2,4}, d_{6,8,2,5}->d_{3,6,2,5}, d_{6,8,2,7}->d_{3,6,2,7}, d_{6,8,2,9}->d_{3,6,2,9}, d_{6,8,2,10}->d_{3,6,2,10}, d_{6,8,2,11}->d_{3,6,2,11}, d_{6,8,3,4}->d_{3,6,4,8}, d_{6,8,3,5}->d_{3,6,5,8}, d_{6,8,3,7}->d_{3,6,7,8}, d_{6,8,3,9}->d_{3,6,8,9}, d_{6,8,3,10}->d_{3,6,8,10}, d_{6,8,3,11}->d_{3,6,8,11}, d_{6,8,4,5}->d_{3,6,4,5}, d_{6,8,4,7}->d_{3,6,4,7}, d_{6,8,4,9}->d_{3,6,4,9}, d_{6,8,4,10}->d_{3,6,4,10}, d_{6,8,4,11}->d_{3,6,4,11}, d_{6,8,5,7}->d_{3,6,5,7}, d_{6,8,5,9}->d_{3,6,5,9}, d_{6,8,5,10}->d_{3,6,5,10}, d_{6,8,5,11}->d_{3,6,5,11}, d_{6,8,7,9}->d_{3,6,7,9}, d_{6,8,7,10}->d_{3,6,7,10}, d_{6,8,7,11}->d_{3,6,7,11}, d_{6,8,9,10}->d_{3,6,9,10}, d_{6,8,9,11}->d_{3,6,9,11}, d_{6,8,10,11}->d_{3,6,10,11}, d_{6,9,0,3}->d_{6,9,0,8}, d_{6,9,0,8}->d_{6,9,0,3}, d_{6,9,1,3}->d_{6,9,1,8}, d_{6,9,1,8}->d_{6,9,1,3}, d_{6,9,2,3}->d_{6,9,2,8}, d_{6,9,2,8}->d_{6,9,2,3}, d_{6,9,3,4}->d_{6,9,4,8}, d_{6,9,3,5}->d_{6,9,5,8}, d_{6,9,3,7}->d_{6,9,7,8}, d_{6,9,3,10}->d_{6,9,8,10}, d_{6,9,3,11}->d_{6,9,8,11}, d_{6,9,4,8}->d_{6,9,3,4}, d_{6,9,5,8}->d_{6,9,3,5}, d_{6,9,7,8}->d_{6,9,3,7}, d_{6,9,8,10}->d_{6,9,3,10}, d_{6,9,8,11}->d_{6,9,3,11}, d_{6,10,0,3}->d_{6,10,0,8}, d_{6,10,0,8}->d_{6,10,0,3}, d_{6,10,1,3}->d_{6,10,1,8}, d_{6,10,1,8}->d_{6,10,1,3}, d_{6,10,2,3}->d_{6,10,2,8}, d_{6,10,2,8}->d_{6,10,2,3}, d_{6,10,3,4}->d_{6,10,4,8}, d_{6,10,3,5}->d_{6,10,5,8}, d_{6,10,3,7}->d_{6,10,7,8}, d_{6,10,3,9}->d_{6,10,8,9}, d_{6,10,3,11}->d_{6,10,8,11}, d_{6,10,4,8}->d_{6,10,3,4}, d_{6,10,5,8}->d_{6,10,3,5}, d_{6,10,7,8}->d_{6,10,3,7}, d_{6,10,8,9}->d_{6,10,3,9}, d_{6,10,8,11}->d_{6,10,3,11}, d_{6,11,0,3}->d_{6,11,0,8}, d_{6,11,0,8}->d_{6,11,0,3}, d_{6,11,1,3}->d_{6,11,1,8}, d_{6,11,1,8}->d_{6,11,1,3}, d_{6,11,2,3}->d_{6,11,2,8}, d_{6,11,2,8}->d_{6,11,2,3}, d_{6,11,3,4}->d_{6,11,4,8}, d_{6,11,3,5}->d_{6,11,5,8}, d_{6,11,3,7}->d_{6,11,7,8}, d_{6,11,3,9}->d_{6,11,8,9}, d_{6,11,3,10}->d_{6,11,8,10}, d_{6,11,4,8}->d_{6,11,3,4}, d_{6,11,5,8}->d_{6,11,3,5}, d_{6,11,7,8}->d_{6,11,3,7}, d_{6,11,8,9}->d_{6,11,3,9}, d_{6,11,8,10}->d_{6,11,3,10}, d_{7,8,0,1}->d_{3,7,0,1}, d_{7,8,0,2}->d_{3,7,0,2}, d_{7,8,0,3}->d_{3,7,0,8}, d_{7,8,0,4}->d_{3,7,0,4}, d_{7,8,0,5}->d_{3,7,0,5}, d_{7,8,0,6}->d_{3,7,0,6}, d_{7,8,0,9}->d_{3,7,0,9}, d_{7,8,0,10}->d_{3,7,0,10}, d_{7,8,0,11}->d_{3,7,0,11}, d_{7,8,1,2}->d_{3,7,1,2}, d_{7,8,1,3}->d_{3,7,1,8}, d_{7,8,1,4}->d_{3,7,1,4}, d_{7,8,1,5}->d_{3,7,1,5}, d_{7,8,1,6}->d_{3,7,1,6}, d_{7,8,1,9}->d_{3,7,1,9}, d_{7,8,1,10}->d_{3,7,1,10}, d_{7,8,1,11}->d_{3,7,1,11}, d_{7,8,2,3}->d_{3,7,2,8}, d_{7,8,2,4}->d_{3,7,2,4}, d_{7,8,2,5}->d_{3,7,2,5}, d_{7,8,2,6}->d_{3,7,2,6}, d_{7,8,2,9}->d_{3,7,2,9}, d_{7,8,2,10}->d_{3,7,2,10}, d_{7,8,2,11}->d_{3,7,2,11}, d_{7,8,3,4}->d_{3,7,4,8}, d_{7,8,3,5}->d_{3,7,5,8}, d_{7,8,3,6}->d_{3,7,6,8}, d_{7,8,3,9}->d_{3,7,8,9}, d_{7,8,3,10}->d_{3,7,8,10}, d_{7,8,3,11}->d_{3,7,8,11}, d_{7,8,4,5}->d_{3,7,4,5}, d_{7,8,4,6}->d_{3,7,4,6}, d_{7,8,4,9}->d_{3,7,4,9}, d_{7,8,4,10}->d_{3,7,4,10}, d_{7,8,4,11}->d_{3,7,4,11}, d_{7,8,5,6}->d_{3,7,5,6}, d_{7,8,5,9}->d_{3,7,5,9}, d_{7,8,5,10}->d_{3,7,5,10}, d_{7,8,5,11}->d_{3,7,5,11}, d_{7,8,6,9}->d_{3,7,6,9}, d_{7,8,6,10}->d_{3,7,6,10}, d_{7,8,6,11}->d_{3,7,6,11}, d_{7,8,9,10}->d_{3,7,9,10}, d_{7,8,9,11}->d_{3,7,9,11}, d_{7,8,10,11}->d_{3,7,10,11}, d_{7,9,0,3}->d_{7,9,0,8}, d_{7,9,0,8}->d_{7,9,0,3}, d_{7,9,1,3}->d_{7,9,1,8}, d_{7,9,1,8}->d_{7,9,1,3}, d_{7,9,2,3}->d_{7,9,2,8}, d_{7,9,2,8}->d_{7,9,2,3}, d_{7,9,3,4}->d_{7,9,4,8}, d_{7,9,3,5}->d_{7,9,5,8}, d_{7,9,3,6}->d_{7,9,6,8}, d_{7,9,3,10}->d_{7,9,8,10}, d_{7,9,3,11}->d_{7,9,8,11}, d_{7,9,4,8}->d_{7,9,3,4}, d_{7,9,5,8}->d_{7,9,3,5}, d_{7,9,6,8}->d_{7,9,3,6}, d_{7,9,8,10}->d_{7,9,3,10}, d_{7,9,8,11}->d_{7,9,3,11}, d_{7,10,0,3}->d_{7,10,0,8}, d_{7,10,0,8}->d_{7,10,0,3}, d_{7,10,1,3}->d_{7,10,1,8}, d_{7,10,1,8}->d_{7,10,1,3}, d_{7,10,2,3}->d_{7,10,2,8}, d_{7,10,2,8}->d_{7,10,2,3}, d_{7,10,3,4}->d_{7,10,4,8}, d_{7,10,3,5}->d_{7,10,5,8}, d_{7,10,3,6}->d_{7,10,6,8}, d_{7,10,3,9}->d_{7,10,8,9}, d_{7,10,3,11}->d_{7,10,8,11}, d_{7,10,4,8}->d_{7,10,3,4}, d_{7,10,5,8}->d_{7,10,3,5}, d_{7,10,6,8}->d_{7,10,3,6}, d_{7,10,8,9}->d_{7,10,3,9}, d_{7,10,8,11}->d_{7,10,3,11}, d_{7,11,0,3}->d_{7,11,0,8}, d_{7,11,0,8}->d_{7,11,0,3}, d_{7,11,1,3}->d_{7,11,1,8}, d_{7,11,1,8}->d_{7,11,1,3}, d_{7,11,2,3}->d_{7,11,2,8}, d_{7,11,2,8}->d_{7,11,2,3}, d_{7,11,3,4}->d_{7,11,4,8}, d_{7,11,3,5}->d_{7,11,5,8}, d_{7,11,3,6}->d_{7,11,6,8}, d_{7,11,3,9}->d_{7,11,8,9}, d_{7,11,3,10}->d_{7,11,8,10}, d_{7,11,4,8}->d_{7,11,3,4}, d_{7,11,5,8}->d_{7,11,3,5}, d_{7,11,6,8}->d_{7,11,3,6}, d_{7,11,8,9}->d_{7,11,3,9}, d_{7,11,8,10}->d_{7,11,3,10}, d_{8,9,0,1}->d_{3,9,0,1}, d_{8,9,0,2}->d_{3,9,0,2}, d_{8,9,0,3}->d_{3,9,0,8}, d_{8,9,0,4}->d_{3,9,0,4}, d_{8,9,0,5}->d_{3,9,0,5}, d_{8,9,0,6}->d_{3,9,0,6}, d_{8,9,0,7}->d_{3,9,0,7}, d_{8,9,0,10}->d_{3,9,0,10}, d_{8,9,0,11}->d_{3,9,0,11}, d_{8,9,1,2}->d_{3,9,1,2}, d_{8,9,1,3}->d_{3,9,1,8}, d_{8,9,1,4}->d_{3,9,1,4}, d_{8,9,1,5}->d_{3,9,1,5}, d_{8,9,1,6}->d_{3,9,1,6}, d_{8,9,1,7}->d_{3,9,1,7}, d_{8,9,1,10}->d_{3,9,1,10}, d_{8,9,1,11}->d_{3,9,1,11}, d_{8,9,2,3}->d_{3,9,2,8}, d_{8,9,2,4}->d_{3,9,2,4}, d_{8,9,2,5}->d_{3,9,2,5}, d_{8,9,2,6}->d_{3,9,2,6}, d_{8,9,2,7}->d_{3,9,2,7}, d_{8,9,2,10}->d_{3,9,2,10}, d_{8,9,2,11}->d_{3,9,2,11}, d_{8,9,3,4}->d_{3,9,4,8}, d_{8,9,3,5}->d_{3,9,5,8}, d_{8,9,3,6}->d_{3,9,6,8}, d_{8,9,3,7}->d_{3,9,7,8}, d_{8,9,3,10}->d_{3,9,8,10}, d_{8,9,3,11}->d_{3,9,8,11}, d_{8,9,4,5}->d_{3,9,4,5}, d_{8,9,4,6}->d_{3,9,4,6}, d_{8,9,4,7}->d_{3,9,4,7}, d_{8,9,4,10}->d_{3,9,4,10}, d_{8,9,4,11}->d_{3,9,4,11}, d_{8,9,5,6}->d_{3,9,5,6}, d_{8,9,5,7}->d_{3,9,5,7}, d_{8,9,5,10}->d_{3,9,5,10}, d_{8,9,5,11}->d_{3,9,5,11}, d_{8,9,6,7}->d_{3,9,6,7}, d_{8,9,6,10}->d_{3,9,6,10}, d_{8,9,6,11}->d_{3,9,6,11}, d_{8,9,7,10}->d_{3,9,7,10}, d_{8,9,7,11}->d_{3,9,7,11}, d_{8,9,10,11}->d_{3,9,10,11}, d_{8,10,0,1}->d_{3,10,0,1}, d_{8,10,0,2}->d_{3,10,0,2}, d_{8,10,0,3}->d_{3,10,0,8}, d_{8,10,0,4}->d_{3,10,0,4}, d_{8,10,0,5}->d_{3,10,0,5}, d_{8,10,0,6}->d_{3,10,0,6}, d_{8,10,0,7}->d_{3,10,0,7}, d_{8,10,0,9}->d_{3,10,0,9}, d_{8,10,0,11}->d_{3,10,0,11}, d_{8,10,1,2}->d_{3,10,1,2}, d_{8,10,1,3}->d_{3,10,1,8}, d_{8,10,1,4}->d_{3,10,1,4}, d_{8,10,1,5}->d_{3,10,1,5}, d_{8,10,1,6}->d_{3,10,1,6}, d_{8,10,1,7}->d_{3,10,1,7}, d_{8,10,1,9}->d_{3,10,1,9}, d_{8,10,1,11}->d_{3,10,1,11}, d_{8,10,2,3}->d_{3,10,2,8}, d_{8,10,2,4}->d_{3,10,2,4}, d_{8,10,2,5}->d_{3,10,2,5}, d_{8,10,2,6}->d_{3,10,2,6}, d_{8,10,2,7}->d_{3,10,2,7}, d_{8,10,2,9}->d_{3,10,2,9}, d_{8,10,2,11}->d_{3,10,2,11}, d_{8,10,3,4}->d_{3,10,4,8}, d_{8,10,3,5}->d_{3,10,5,8}, d_{8,10,3,6}->d_{3,10,6,8}, d_{8,10,3,7}->d_{3,10,7,8}, d_{8,10,3,9}->d_{3,10,8,9}, d_{8,10,3,11}->d_{3,10,8,11}, d_{8,10,4,5}->d_{3,10,4,5}, d_{8,10,4,6}->d_{3,10,4,6}, d_{8,10,4,7}->d_{3,10,4,7}, d_{8,10,4,9}->d_{3,10,4,9}, d_{8,10,4,11}->d_{3,10,4,11}, d_{8,10,5,6}->d_{3,10,5,6}, d_{8,10,5,7}->d_{3,10,5,7}, d_{8,10,5,9}->d_{3,10,5,9}, d_{8,10,5,11}->d_{3,10,5,11}, d_{8,10,6,7}->d_{3,10,6,7}, d_{8,10,6,9}->d_{3,10,6,9}, d_{8,10,6,11}->d_{3,10,6,11}, d_{8,10,7,9}->d_{3,10,7,9}, d_{8,10,7,11}->d_{3,10,7,11}, d_{8,10,9,11}->d_{3,10,9,11}, d_{8,11,0,1}->d_{3,11,0,1}, d_{8,11,0,2}->d_{3,11,0,2}, d_{8,11,0,3}->d_{3,11,0,8}, d_{8,11,0,4}->d_{3,11,0,4}, d_{8,11,0,5}->d_{3,11,0,5}, d_{8,11,0,6}->d_{3,11,0,6}, d_{8,11,0,7}->d_{3,11,0,7}, d_{8,11,0,9}->d_{3,11,0,9}, d_{8,11,0,10}->d_{3,11,0,10}, d_{8,11,1,2}->d_{3,11,1,2}, d_{8,11,1,3}->d_{3,11,1,8}, d_{8,11,1,4}->d_{3,11,1,4}, d_{8,11,1,5}->d_{3,11,1,5}, d_{8,11,1,6}->d_{3,11,1,6}, d_{8,11,1,7}->d_{3,11,1,7}, d_{8,11,1,9}->d_{3,11,1,9}, d_{8,11,1,10}->d_{3,11,1,10}, d_{8,11,2,3}->d_{3,11,2,8}, d_{8,11,2,4}->d_{3,11,2,4}, d_{8,11,2,5}->d_{3,11,2,5}, d_{8,11,2,6}->d_{3,11,2,6}, d_{8,11,2,7}->d_{3,11,2,7}, d_{8,11,2,9}->d_{3,11,2,9}, d_{8,11,2,10}->d_{3,11,2,10}, d_{8,11,3,4}->d_{3,11,4,8}, d_{8,11,3,5}->d_{3,11,5,8}, d_{8,11,3,6}->d_{3,11,6,8}, d_{8,11,3,7}->d_{3,11,7,8}, d_{8,11,3,9}->d_{3,11,8,9}, d_{8,11,3,10}->d_{3,11,8,10}, d_{8,11,4,5}->d_{3,11,4,5}, d_{8,11,4,6}->d_{3,11,4,6}, d_{8,11,4,7}->d_{3,11,4,7}, d_{8,11,4,9}->d_{3,11,4,9}, d_{8,11,4,10}->d_{3,11,4,10}, d_{8,11,5,6}->d_{3,11,5,6}, d_{8,11,5,7}->d_{3,11,5,7}, d_{8,11,5,9}->d_{3,11,5,9}, d_{8,11,5,10}->d_{3,11,5,10}, d_{8,11,6,7}->d_{3,11,6,7}, d_{8,11,6,9}->d_{3,11,6,9}, d_{8,11,6,10}->d_{3,11,6,10}, d_{8,11,7,9}->d_{3,11,7,9}, d_{8,11,7,10}->d_{3,11,7,10}, d_{8,11,9,10}->d_{3,11,9,10}, d_{9,10,0,3}->d_{9,10,0,8}, d_{9,10,0,8}->d_{9,10,0,3}, d_{9,10,1,3}->d_{9,10,1,8}, d_{9,10,1,8}->d_{9,10,1,3}, d_{9,10,2,3}->d_{9,10,2,8}, d_{9,10,2,8}->d_{9,10,2,3}, d_{9,10,3,4}->d_{9,10,4,8}, d_{9,10,3,5}->d_{9,10,5,8}, d_{9,10,3,6}->d_{9,10,6,8}, d_{9,10,3,7}->d_{9,10,7,8}, d_{9,10,3,11}->d_{9,10,8,11}, d_{9,10,4,8}->d_{9,10,3,4}, d_{9,10,5,8}->d_{9,10,3,5}, d_{9,10,6,8}->d_{9,10,3,6}, d_{9,10,7,8}->d_{9,10,3,7}, d_{9,10,8,11}->d_{9,10,3,11}, d_{9,11,0,3}->d_{9,11,0,8}, d_{9,11,0,8}->d_{9,11,0,3}, d_{9,11,1,3}->d_{9,11,1,8}, d_{9,11,1,8}->d_{9,11,1,3}, d_{9,11,2,3}->d_{9,11,2,8}, d_{9,11,2,8}->d_{9,11,2,3}, d_{9,11,3,4}->d_{9,11,4,8}, d_{9,11,3,5}->d_{9,11,5,8}, d_{9,11,3,6}->d_{9,11,6,8}, d_{9,11,3,7}->d_{9,11,7,8}, d_{9,11,3,10}->d_{9,11,8,10}, d_{9,11,4,8}->d_{9,11,3,4}, d_{9,11,5,8}->d_{9,11,3,5}, d_{9,11,6,8}->d_{9,11,3,6}, d_{9,11,7,8}->d_{9,11,3,7}, d_{9,11,8,10}->d_{9,11,3,10}, d_{10,11,0,3}->d_{10,11,0,8}, d_{10,11,0,8}->d_{10,11,0,3}, d_{10,11,1,3}->d_{10,11,1,8}, d_{10,11,1,8}->d_{10,11,1,3}, d_{10,11,2,3}->d_{10,11,2,8}, d_{10,11,2,8}->d_{10,11,2,3}, d_{10,11,3,4}->d_{10,11,4,8}, d_{10,11,3,5}->d_{10,11,5,8}, d_{10,11,3,6}->d_{10,11,6,8}, d_{10,11,3,7}->d_{10,11,7,8}, d_{10,11,3,9}->d_{10,11,8,9}, d_{10,11,4,8}->d_{10,11,3,4}, d_{10,11,5,8}->d_{10,11,3,5}, d_{10,11,6,8}->d_{10,11,3,6}, d_{10,11,7,8}->d_{10,11,3,7}, d_{10,11,8,9}->d_{10,11,3,9}

Permutation #7:
  Bonds: r_{0,3}->r_{0,9}, r_{0,9}->r_{0,3}, r_{1,3}->r_{1,9}, r_{1,9}->r_{1,3}, r_{2,3}->r_{2,9}, r_{2,9}->r_{2,3}, r_{3,4}->r_{4,9}, r_{3,5}->r_{5,9}, r_{3,6}->r_{6,9}, r_{3,7}->r_{7,9}, r_{3,8}->r_{8,9}, r_{3,10}->r_{9,10}, r_{3,11}->r_{9,11}, r_{4,9}->r_{3,4}, r_{5,9}->r_{3,5}, r_{6,9}->r_{3,6}, r_{7,9}->r_{3,7}, r_{8,9}->r_{3,8}, r_{9,10}->r_{3,10}, r_{9,11}->r_{3,11}
  Angles: theta^{0}_{1,3}->theta^{0}_{1,9}, theta^{0}_{1,9}->theta^{0}_{1,3}, theta^{0}_{2,3}->theta^{0}_{2,9}, theta^{0}_{2,9}->theta^{0}_{2,3}, theta^{0}_{3,4}->theta^{0}_{4,9}, theta^{0}_{3,5}->theta^{0}_{5,9}, theta^{0}_{3,6}->theta^{0}_{6,9}, theta^{0}_{3,7}->theta^{0}_{7,9}, theta^{0}_{3,8}->theta^{0}_{8,9}, theta^{0}_{3,10}->theta^{0}_{9,10}, theta^{0}_{3,11}->theta^{0}_{9,11}, theta^{0}_{4,9}->theta^{0}_{3,4}, theta^{0}_{5,9}->theta^{0}_{3,5}, theta^{0}_{6,9}->theta^{0}_{3,6}, theta^{0}_{7,9}->theta^{0}_{3,7}, theta^{0}_{8,9}->theta^{0}_{3,8}, theta^{0}_{9,10}->theta^{0}_{3,10}, theta^{0}_{9,11}->theta^{0}_{3,11}, theta^{1}_{0,3}->theta^{1}_{0,9}, theta^{1}_{0,9}->theta^{1}_{0,3}, theta^{1}_{2,3}->theta^{1}_{2,9}, theta^{1}_{2,9}->theta^{1}_{2,3}, theta^{1}_{3,4}->theta^{1}_{4,9}, theta^{1}_{3,5}->theta^{1}_{5,9}, theta^{1}_{3,6}->theta^{1}_{6,9}, theta^{1}_{3,7}->theta^{1}_{7,9}, theta^{1}_{3,8}->theta^{1}_{8,9}, theta^{1}_{3,10}->theta^{1}_{9,10}, theta^{1}_{3,11}->theta^{1}_{9,11}, theta^{1}_{4,9}->theta^{1}_{3,4}, theta^{1}_{5,9}->theta^{1}_{3,5}, theta^{1}_{6,9}->theta^{1}_{3,6}, theta^{1}_{7,9}->theta^{1}_{3,7}, theta^{1}_{8,9}->theta^{1}_{3,8}, theta^{1}_{9,10}->theta^{1}_{3,10}, theta^{1}_{9,11}->theta^{1}_{3,11}, theta^{2}_{0,3}->theta^{2}_{0,9}, theta^{2}_{0,9}->theta^{2}_{0,3}, theta^{2}_{1,3}->theta^{2}_{1,9}, theta^{2}_{1,9}->theta^{2}_{1,3}, theta^{2}_{3,4}->theta^{2}_{4,9}, theta^{2}_{3,5}->theta^{2}_{5,9}, theta^{2}_{3,6}->theta^{2}_{6,9}, theta^{2}_{3,7}->theta^{2}_{7,9}, theta^{2}_{3,8}->theta^{2}_{8,9}, theta^{2}_{3,10}->theta^{2}_{9,10}, theta^{2}_{3,11}->theta^{2}_{9,11}, theta^{2}_{4,9}->theta^{2}_{3,4}, theta^{2}_{5,9}->theta^{2}_{3,5}, theta^{2}_{6,9}->theta^{2}_{3,6}, theta^{2}_{7,9}->theta^{2}_{3,7}, theta^{2}_{8,9}->theta^{2}_{3,8}, theta^{2}_{9,10}->theta^{2}_{3,10}, theta^{2}_{9,11}->theta^{2}_{3,11}, theta^{3}_{0,1}->theta^{9}_{0,1}, theta^{3}_{0,2}->theta^{9}_{0,2}, theta^{3}_{0,4}->theta^{9}_{0,4}, theta^{3}_{0,5}->theta^{9}_{0,5}, theta^{3}_{0,6}->theta^{9}_{0,6}, theta^{3}_{0,7}->theta^{9}_{0,7}, theta^{3}_{0,8}->theta^{9}_{0,8}, theta^{3}_{0,9}->theta^{9}_{0,3}, theta^{3}_{0,10}->theta^{9}_{0,10}, theta^{3}_{0,11}->theta^{9}_{0,11}, theta^{3}_{1,2}->theta^{9}_{1,2}, theta^{3}_{1,4}->theta^{9}_{1,4}, theta^{3}_{1,5}->theta^{9}_{1,5}, theta^{3}_{1,6}->theta^{9}_{1,6}, theta^{3}_{1,7}->theta^{9}_{1,7}, theta^{3}_{1,8}->theta^{9}_{1,8}, theta^{3}_{1,9}->theta^{9}_{1,3}, theta^{3}_{1,10}->theta^{9}_{1,10}, theta^{3}_{1,11}->theta^{9}_{1,11}, theta^{3}_{2,4}->theta^{9}_{2,4}, theta^{3}_{2,5}->theta^{9}_{2,5}, theta^{3}_{2,6}->theta^{9}_{2,6}, theta^{3}_{2,7}->theta^{9}_{2,7}, theta^{3}_{2,8}->theta^{9}_{2,8}, theta^{3}_{2,9}->theta^{9}_{2,3}, theta^{3}_{2,10}->theta^{9}_{2,10}, theta^{3}_{2,11}->theta^{9}_{2,11}, theta^{3}_{4,5}->theta^{9}_{4,5}, theta^{3}_{4,6}->theta^{9}_{4,6}, theta^{3}_{4,7}->theta^{9}_{4,7}, theta^{3}_{4,8}->theta^{9}_{4,8}, theta^{3}_{4,9}->theta^{9}_{3,4}, theta^{3}_{4,10}->theta^{9}_{4,10}, theta^{3}_{4,11}->theta^{9}_{4,11}, theta^{3}_{5,6}->theta^{9}_{5,6}, theta^{3}_{5,7}->theta^{9}_{5,7}, theta^{3}_{5,8}->theta^{9}_{5,8}, theta^{3}_{5,9}->theta^{9}_{3,5}, theta^{3}_{5,10}->theta^{9}_{5,10}, theta^{3}_{5,11}->theta^{9}_{5,11}, theta^{3}_{6,7}->theta^{9}_{6,7}, theta^{3}_{6,8}->theta^{9}_{6,8}, theta^{3}_{6,9}->theta^{9}_{3,6}, theta^{3}_{6,10}->theta^{9}_{6,10}, theta^{3}_{6,11}->theta^{9}_{6,11}, theta^{3}_{7,8}->theta^{9}_{7,8}, theta^{3}_{7,9}->theta^{9}_{3,7}, theta^{3}_{7,10}->theta^{9}_{7,10}, theta^{3}_{7,11}->theta^{9}_{7,11}, theta^{3}_{8,9}->theta^{9}_{3,8}, theta^{3}_{8,10}->theta^{9}_{8,10}, theta^{3}_{8,11}->theta^{9}_{8,11}, theta^{3}_{9,10}->theta^{9}_{3,10}, theta^{3}_{9,11}->theta^{9}_{3,11}, theta^{3}_{10,11}->theta^{9}_{10,11}, theta^{4}_{0,3}->theta^{4}_{0,9}, theta^{4}_{0,9}->theta^{4}_{0,3}, theta^{4}_{1,3}->theta^{4}_{1,9}, theta^{4}_{1,9}->theta^{4}_{1,3}, theta^{4}_{2,3}->theta^{4}_{2,9}, theta^{4}_{2,9}->theta^{4}_{2,3}, theta^{4}_{3,5}->theta^{4}_{5,9}, theta^{4}_{3,6}->theta^{4}_{6,9}, theta^{4}_{3,7}->theta^{4}_{7,9}, theta^{4}_{3,8}->theta^{4}_{8,9}, theta^{4}_{3,10}->theta^{4}_{9,10}, theta^{4}_{3,11}->theta^{4}_{9,11}, theta^{4}_{5,9}->theta^{4}_{3,5}, theta^{4}_{6,9}->theta^{4}_{3,6}, theta^{4}_{7,9}->theta^{4}_{3,7}, theta^{4}_{8,9}->theta^{4}_{3,8}, theta^{4}_{9,10}->theta^{4}_{3,10}, theta^{4}_{9,11}->theta^{4}_{3,11}, theta^{5}_{0,3}->theta^{5}_{0,9}, theta^{5}_{0,9}->theta^{5}_{0,3}, theta^{5}_{1,3}->theta^{5}_{1,9}, theta^{5}_{1,9}->theta^{5}_{1,3}, theta^{5}_{2,3}->theta^{5}_{2,9}, theta^{5}_{2,9}->theta^{5}_{2,3}, theta^{5}_{3,4}->theta^{5}_{4,9}, theta^{5}_{3,6}->theta^{5}_{6,9}, theta^{5}_{3,7}->theta^{5}_{7,9}, theta^{5}_{3,8}->theta^{5}_{8,9}, theta^{5}_{3,10}->theta^{5}_{9,10}, theta^{5}_{3,11}->theta^{5}_{9,11}, theta^{5}_{4,9}->theta^{5}_{3,4}, theta^{5}_{6,9}->theta^{5}_{3,6}, theta^{5}_{7,9}->theta^{5}_{3,7}, theta^{5}_{8,9}->theta^{5}_{3,8}, theta^{5}_{9,10}->theta^{5}_{3,10}, theta^{5}_{9,11}->theta^{5}_{3,11}, theta^{6}_{0,3}->theta^{6}_{0,9}, theta^{6}_{0,9}->theta^{6}_{0,3}, theta^{6}_{1,3}->theta^{6}_{1,9}, theta^{6}_{1,9}->theta^{6}_{1,3}, theta^{6}_{2,3}->theta^{6}_{2,9}, theta^{6}_{2,9}->theta^{6}_{2,3}, theta^{6}_{3,4}->theta^{6}_{4,9}, theta^{6}_{3,5}->theta^{6}_{5,9}, theta^{6}_{3,7}->theta^{6}_{7,9}, theta^{6}_{3,8}->theta^{6}_{8,9}, theta^{6}_{3,10}->theta^{6}_{9,10}, theta^{6}_{3,11}->theta^{6}_{9,11}, theta^{6}_{4,9}->theta^{6}_{3,4}, theta^{6}_{5,9}->theta^{6}_{3,5}, theta^{6}_{7,9}->theta^{6}_{3,7}, theta^{6}_{8,9}->theta^{6}_{3,8}, theta^{6}_{9,10}->theta^{6}_{3,10}, theta^{6}_{9,11}->theta^{6}_{3,11}, theta^{7}_{0,3}->theta^{7}_{0,9}, theta^{7}_{0,9}->theta^{7}_{0,3}, theta^{7}_{1,3}->theta^{7}_{1,9}, theta^{7}_{1,9}->theta^{7}_{1,3}, theta^{7}_{2,3}->theta^{7}_{2,9}, theta^{7}_{2,9}->theta^{7}_{2,3}, theta^{7}_{3,4}->theta^{7}_{4,9}, theta^{7}_{3,5}->theta^{7}_{5,9}, theta^{7}_{3,6}->theta^{7}_{6,9}, theta^{7}_{3,8}->theta^{7}_{8,9}, theta^{7}_{3,10}->theta^{7}_{9,10}, theta^{7}_{3,11}->theta^{7}_{9,11}, theta^{7}_{4,9}->theta^{7}_{3,4}, theta^{7}_{5,9}->theta^{7}_{3,5}, theta^{7}_{6,9}->theta^{7}_{3,6}, theta^{7}_{8,9}->theta^{7}_{3,8}, theta^{7}_{9,10}->theta^{7}_{3,10}, theta^{7}_{9,11}->theta^{7}_{3,11}, theta^{8}_{0,3}->theta^{8}_{0,9}, theta^{8}_{0,9}->theta^{8}_{0,3}, theta^{8}_{1,3}->theta^{8}_{1,9}, theta^{8}_{1,9}->theta^{8}_{1,3}, theta^{8}_{2,3}->theta^{8}_{2,9}, theta^{8}_{2,9}->theta^{8}_{2,3}, theta^{8}_{3,4}->theta^{8}_{4,9}, theta^{8}_{3,5}->theta^{8}_{5,9}, theta^{8}_{3,6}->theta^{8}_{6,9}, theta^{8}_{3,7}->theta^{8}_{7,9}, theta^{8}_{3,10}->theta^{8}_{9,10}, theta^{8}_{3,11}->theta^{8}_{9,11}, theta^{8}_{4,9}->theta^{8}_{3,4}, theta^{8}_{5,9}->theta^{8}_{3,5}, theta^{8}_{6,9}->theta^{8}_{3,6}, theta^{8}_{7,9}->theta^{8}_{3,7}, theta^{8}_{9,10}->theta^{8}_{3,10}, theta^{8}_{9,11}->theta^{8}_{3,11}, theta^{9}_{0,1}->theta^{3}_{0,1}, theta^{9}_{0,2}->theta^{3}_{0,2}, theta^{9}_{0,3}->theta^{3}_{0,9}, theta^{9}_{0,4}->theta^{3}_{0,4}, theta^{9}_{0,5}->theta^{3}_{0,5}, theta^{9}_{0,6}->theta^{3}_{0,6}, theta^{9}_{0,7}->theta^{3}_{0,7}, theta^{9}_{0,8}->theta^{3}_{0,8}, theta^{9}_{0,10}->theta^{3}_{0,10}, theta^{9}_{0,11}->theta^{3}_{0,11}, theta^{9}_{1,2}->theta^{3}_{1,2}, theta^{9}_{1,3}->theta^{3}_{1,9}, theta^{9}_{1,4}->theta^{3}_{1,4}, theta^{9}_{1,5}->theta^{3}_{1,5}, theta^{9}_{1,6}->theta^{3}_{1,6}, theta^{9}_{1,7}->theta^{3}_{1,7}, theta^{9}_{1,8}->theta^{3}_{1,8}, theta^{9}_{1,10}->theta^{3}_{1,10}, theta^{9}_{1,11}->theta^{3}_{1,11}, theta^{9}_{2,3}->theta^{3}_{2,9}, theta^{9}_{2,4}->theta^{3}_{2,4}, theta^{9}_{2,5}->theta^{3}_{2,5}, theta^{9}_{2,6}->theta^{3}_{2,6}, theta^{9}_{2,7}->theta^{3}_{2,7}, theta^{9}_{2,8}->theta^{3}_{2,8}, theta^{9}_{2,10}->theta^{3}_{2,10}, theta^{9}_{2,11}->theta^{3}_{2,11}, theta^{9}_{3,4}->theta^{3}_{4,9}, theta^{9}_{3,5}->theta^{3}_{5,9}, theta^{9}_{3,6}->theta^{3}_{6,9}, theta^{9}_{3,7}->theta^{3}_{7,9}, theta^{9}_{3,8}->theta^{3}_{8,9}, theta^{9}_{3,10}->theta^{3}_{9,10}, theta^{9}_{3,11}->theta^{3}_{9,11}, theta^{9}_{4,5}->theta^{3}_{4,5}, theta^{9}_{4,6}->theta^{3}_{4,6}, theta^{9}_{4,7}->theta^{3}_{4,7}, theta^{9}_{4,8}->theta^{3}_{4,8}, theta^{9}_{4,10}->theta^{3}_{4,10}, theta^{9}_{4,11}->theta^{3}_{4,11}, theta^{9}_{5,6}->theta^{3}_{5,6}, theta^{9}_{5,7}->theta^{3}_{5,7}, theta^{9}_{5,8}->theta^{3}_{5,8}, theta^{9}_{5,10}->theta^{3}_{5,10}, theta^{9}_{5,11}->theta^{3}_{5,11}, theta^{9}_{6,7}->theta^{3}_{6,7}, theta^{9}_{6,8}->theta^{3}_{6,8}, theta^{9}_{6,10}->theta^{3}_{6,10}, theta^{9}_{6,11}->theta^{3}_{6,11}, theta^{9}_{7,8}->theta^{3}_{7,8}, theta^{9}_{7,10}->theta^{3}_{7,10}, theta^{9}_{7,11}->theta^{3}_{7,11}, theta^{9}_{8,10}->theta^{3}_{8,10}, theta^{9}_{8,11}->theta^{3}_{8,11}, theta^{9}_{10,11}->theta^{3}_{10,11}, theta^{10}_{0,3}->theta^{10}_{0,9}, theta^{10}_{0,9}->theta^{10}_{0,3}, theta^{10}_{1,3}->theta^{10}_{1,9}, theta^{10}_{1,9}->theta^{10}_{1,3}, theta^{10}_{2,3}->theta^{10}_{2,9}, theta^{10}_{2,9}->theta^{10}_{2,3}, theta^{10}_{3,4}->theta^{10}_{4,9}, theta^{10}_{3,5}->theta^{10}_{5,9}, theta^{10}_{3,6}->theta^{10}_{6,9}, theta^{10}_{3,7}->theta^{10}_{7,9}, theta^{10}_{3,8}->theta^{10}_{8,9}, theta^{10}_{3,11}->theta^{10}_{9,11}, theta^{10}_{4,9}->theta^{10}_{3,4}, theta^{10}_{5,9}->theta^{10}_{3,5}, theta^{10}_{6,9}->theta^{10}_{3,6}, theta^{10}_{7,9}->theta^{10}_{3,7}, theta^{10}_{8,9}->theta^{10}_{3,8}, theta^{10}_{9,11}->theta^{10}_{3,11}, theta^{11}_{0,3}->theta^{11}_{0,9}, theta^{11}_{0,9}->theta^{11}_{0,3}, theta^{11}_{1,3}->theta^{11}_{1,9}, theta^{11}_{1,9}->theta^{11}_{1,3}, theta^{11}_{2,3}->theta^{11}_{2,9}, theta^{11}_{2,9}->theta^{11}_{2,3}, theta^{11}_{3,4}->theta^{11}_{4,9}, theta^{11}_{3,5}->theta^{11}_{5,9}, theta^{11}_{3,6}->theta^{11}_{6,9}, theta^{11}_{3,7}->theta^{11}_{7,9}, theta^{11}_{3,8}->theta^{11}_{8,9}, theta^{11}_{3,10}->theta^{11}_{9,10}, theta^{11}_{4,9}->theta^{11}_{3,4}, theta^{11}_{5,9}->theta^{11}_{3,5}, theta^{11}_{6,9}->theta^{11}_{3,6}, theta^{11}_{7,9}->theta^{11}_{3,7}, theta^{11}_{8,9}->theta^{11}_{3,8}, theta^{11}_{9,10}->theta^{11}_{3,10}
  Dihedrals: d_{0,1,2,3}->d_{0,1,2,9}, d_{0,1,2,9}->d_{0,1,2,3}, d_{0,1,3,4}->d_{0,1,4,9}, d_{0,1,3,5}->d_{0,1,5,9}, d_{0,1,3,6}->d_{0,1,6,9}, d_{0,1,3,7}->d_{0,1,7,9}, d_{0,1,3,8}->d_{0,1,8,9}, d_{0,1,3,10}->d_{0,1,9,10}, d_{0,1,3,11}->d_{0,1,9,11}, d_{0,1,4,9}->d_{0,1,3,4}, d_{0,1,5,9}->d_{0,1,3,5}, d_{0,1,6,9}->d_{0,1,3,6}, d_{0,1,7,9}->d_{0,1,3,7}, d_{0,1,8,9}->d_{0,1,3,8}, d_{0,1,9,10}->d_{0,1,3,10}, d_{0,1,9,11}->d_{0,1,3,11}, d_{0,2,1,3}->d_{0,2,1,9}, d_{0,2,1,9}->d_{0,2,1,3}, d_{0,2,3,4}->d_{0,2,4,9}, d_{0,2,3,5}->d_{0,2,5,9}, d_{0,2,3,6}->d_{0,2,6,9}, d_{0,2,3,7}->d_{0,2,7,9}, d_{0,2,3,8}->d_{0,2,8,9}, d_{0,2,3,10}->d_{0,2,9,10}, d_{0,2,3,11}->d_{0,2,9,11}, d_{0,2,4,9}->d_{0,2,3,4}, d_{0,2,5,9}->d_{0,2,3,5}, d_{0,2,6,9}->d_{0,2,3,6}, d_{0,2,7,9}->d_{0,2,3,7}, d_{0,2,8,9}->d_{0,2,3,8}, d_{0,2,9,10}->d_{0,2,3,10}, d_{0,2,9,11}->d_{0,2,3,11}, d_{0,3,1,2}->d_{0,9,1,2}, d_{0,3,1,4}->d_{0,9,1,4}, d_{0,3,1,5}->d_{0,9,1,5}, d_{0,3,1,6}->d_{0,9,1,6}, d_{0,3,1,7}->d_{0,9,1,7}, d_{0,3,1,8}->d_{0,9,1,8}, d_{0,3,1,9}->d_{0,9,1,3}, d_{0,3,1,10}->d_{0,9,1,10}, d_{0,3,1,11}->d_{0,9,1,11}, d_{0,3,2,4}->d_{0,9,2,4}, d_{0,3,2,5}->d_{0,9,2,5}, d_{0,3,2,6}->d_{0,9,2,6}, d_{0,3,2,7}->d_{0,9,2,7}, d_{0,3,2,8}->d_{0,9,2,8}, d_{0,3,2,9}->d_{0,9,2,3}, d_{0,3,2,10}->d_{0,9,2,10}, d_{0,3,2,11}->d_{0,9,2,11}, d_{0,3,4,5}->d_{0,9,4,5}, d_{0,3,4,6}->d_{0,9,4,6}, d_{0,3,4,7}->d_{0,9,4,7}, d_{0,3,4,8}->d_{0,9,4,8}, d_{0,3,4,9}->d_{0,9,3,4}, d_{0,3,4,10}->d_{0,9,4,10}, d_{0,3,4,11}->d_{0,9,4,11}, d_{0,3,5,6}->d_{0,9,5,6}, d_{0,3,5,7}->d_{0,9,5,7}, d_{0,3,5,8}->d_{0,9,5,8}, d_{0,3,5,9}->d_{0,9,3,5}, d_{0,3,5,10}->d_{0,9,5,10}, d_{0,3,5,11}->d_{0,9,5,11}, d_{0,3,6,7}->d_{0,9,6,7}, d_{0,3,6,8}->d_{0,9,6,8}, d_{0,3,6,9}->d_{0,9,3,6}, d_{0,3,6,10}->d_{0,9,6,10}, d_{0,3,6,11}->d_{0,9,6,11}, d_{0,3,7,8}->d_{0,9,7,8}, d_{0,3,7,9}->d_{0,9,3,7}, d_{0,3,7,10}->d_{0,9,7,10}, d_{0,3,7,11}->d_{0,9,7,11}, d_{0,3,8,9}->d_{0,9,3,8}, d_{0,3,8,10}->d_{0,9,8,10}, d_{0,3,8,11}->d_{0,9,8,11}, d_{0,3,9,10}->d_{0,9,3,10}, d_{0,3,9,11}->d_{0,9,3,11}, d_{0,3,10,11}->d_{0,9,10,11}, d_{0,4,1,3}->d_{0,4,1,9}, d_{0,4,1,9}->d_{0,4,1,3}, d_{0,4,2,3}->d_{0,4,2,9}, d_{0,4,2,9}->d_{0,4,2,3}, d_{0,4,3,5}->d_{0,4,5,9}, d_{0,4,3,6}->d_{0,4,6,9}, d_{0,4,3,7}->d_{0,4,7,9}, d_{0,4,3,8}->d_{0,4,8,9}, d_{0,4,3,10}->d_{0,4,9,10}, d_{0,4,3,11}->d_{0,4,9,11}, d_{0,4,5,9}->d_{0,4,3,5}, d_{0,4,6,9}->d_{0,4,3,6}, d_{0,4,7,9}->d_{0,4,3,7}, d_{0,4,8,9}->d_{0,4,3,8}, d_{0,4,9,10}->d_{0,4,3,10}, d_{0,4,9,11}->d_{0,4,3,11}, d_{0,5,1,3}->d_{0,5,1,9}, d_{0,5,1,9}->d_{0,5,1,3}, d_{0,5,2,3}->d_{0,5,2,9}, d_{0,5,2,9}->d_{0,5,2,3}, d_{0,5,3,4}->d_{0,5,4,9}, d_{0,5,3,6}->d_{0,5,6,9}, d_{0,5,3,7}->d_{0,5,7,9}, d_{0,5,3,8}->d_{0,5,8,9}, d_{0,5,3,10}->d_{0,5,9,10}, d_{0,5,3,11}->d_{0,5,9,11}, d_{0,5,4,9}->d_{0,5,3,4}, d_{0,5,6,9}->d_{0,5,3,6}, d_{0,5,7,9}->d_{0,5,3,7}, d_{0,5,8,9}->d_{0,5,3,8}, d_{0,5,9,10}->d_{0,5,3,10}, d_{0,5,9,11}->d_{0,5,3,11}, d_{0,6,1,3}->d_{0,6,1,9}, d_{0,6,1,9}->d_{0,6,1,3}, d_{0,6,2,3}->d_{0,6,2,9}, d_{0,6,2,9}->d_{0,6,2,3}, d_{0,6,3,4}->d_{0,6,4,9}, d_{0,6,3,5}->d_{0,6,5,9}, d_{0,6,3,7}->d_{0,6,7,9}, d_{0,6,3,8}->d_{0,6,8,9}, d_{0,6,3,10}->d_{0,6,9,10}, d_{0,6,3,11}->d_{0,6,9,11}, d_{0,6,4,9}->d_{0,6,3,4}, d_{0,6,5,9}->d_{0,6,3,5}, d_{0,6,7,9}->d_{0,6,3,7}, d_{0,6,8,9}->d_{0,6,3,8}, d_{0,6,9,10}->d_{0,6,3,10}, d_{0,6,9,11}->d_{0,6,3,11}, d_{0,7,1,3}->d_{0,7,1,9}, d_{0,7,1,9}->d_{0,7,1,3}, d_{0,7,2,3}->d_{0,7,2,9}, d_{0,7,2,9}->d_{0,7,2,3}, d_{0,7,3,4}->d_{0,7,4,9}, d_{0,7,3,5}->d_{0,7,5,9}, d_{0,7,3,6}->d_{0,7,6,9}, d_{0,7,3,8}->d_{0,7,8,9}, d_{0,7,3,10}->d_{0,7,9,10}, d_{0,7,3,11}->d_{0,7,9,11}, d_{0,7,4,9}->d_{0,7,3,4}, d_{0,7,5,9}->d_{0,7,3,5}, d_{0,7,6,9}->d_{0,7,3,6}, d_{0,7,8,9}->d_{0,7,3,8}, d_{0,7,9,10}->d_{0,7,3,10}, d_{0,7,9,11}->d_{0,7,3,11}, d_{0,8,1,3}->d_{0,8,1,9}, d_{0,8,1,9}->d_{0,8,1,3}, d_{0,8,2,3}->d_{0,8,2,9}, d_{0,8,2,9}->d_{0,8,2,3}, d_{0,8,3,4}->d_{0,8,4,9}, d_{0,8,3,5}->d_{0,8,5,9}, d_{0,8,3,6}->d_{0,8,6,9}, d_{0,8,3,7}->d_{0,8,7,9}, d_{0,8,3,10}->d_{0,8,9,10}, d_{0,8,3,11}->d_{0,8,9,11}, d_{0,8,4,9}->d_{0,8,3,4}, d_{0,8,5,9}->d_{0,8,3,5}, d_{0,8,6,9}->d_{0,8,3,6}, d_{0,8,7,9}->d_{0,8,3,7}, d_{0,8,9,10}->d_{0,8,3,10}, d_{0,8,9,11}->d_{0,8,3,11}, d_{0,9,1,2}->d_{0,3,1,2}, d_{0,9,1,3}->d_{0,3,1,9}, d_{0,9,1,4}->d_{0,3,1,4}, d_{0,9,1,5}->d_{0,3,1,5}, d_{0,9,1,6}->d_{0,3,1,6}, d_{0,9,1,7}->d_{0,3,1,7}, d_{0,9,1,8}->d_{0,3,1,8}, d_{0,9,1,10}->d_{0,3,1,10}, d_{0,9,1,11}->d_{0,3,1,11}, d_{0,9,2,3}->d_{0,3,2,9}, d_{0,9,2,4}->d_{0,3,2,4}, d_{0,9,2,5}->d_{0,3,2,5}, d_{0,9,2,6}->d_{0,3,2,6}, d_{0,9,2,7}->d_{0,3,2,7}, d_{0,9,2,8}->d_{0,3,2,8}, d_{0,9,2,10}->d_{0,3,2,10}, d_{0,9,2,11}->d_{0,3,2,11}, d_{0,9,3,4}->d_{0,3,4,9}, d_{0,9,3,5}->d_{0,3,5,9}, d_{0,9,3,6}->d_{0,3,6,9}, d_{0,9,3,7}->d_{0,3,7,9}, d_{0,9,3,8}->d_{0,3,8,9}, d_{0,9,3,10}->d_{0,3,9,10}, d_{0,9,3,11}->d_{0,3,9,11}, d_{0,9,4,5}->d_{0,3,4,5}, d_{0,9,4,6}->d_{0,3,4,6}, d_{0,9,4,7}->d_{0,3,4,7}, d_{0,9,4,8}->d_{0,3,4,8}, d_{0,9,4,10}->d_{0,3,4,10}, d_{0,9,4,11}->d_{0,3,4,11}, d_{0,9,5,6}->d_{0,3,5,6}, d_{0,9,5,7}->d_{0,3,5,7}, d_{0,9,5,8}->d_{0,3,5,8}, d_{0,9,5,10}->d_{0,3,5,10}, d_{0,9,5,11}->d_{0,3,5,11}, d_{0,9,6,7}->d_{0,3,6,7}, d_{0,9,6,8}->d_{0,3,6,8}, d_{0,9,6,10}->d_{0,3,6,10}, d_{0,9,6,11}->d_{0,3,6,11}, d_{0,9,7,8}->d_{0,3,7,8}, d_{0,9,7,10}->d_{0,3,7,10}, d_{0,9,7,11}->d_{0,3,7,11}, d_{0,9,8,10}->d_{0,3,8,10}, d_{0,9,8,11}->d_{0,3,8,11}, d_{0,9,10,11}->d_{0,3,10,11}, d_{0,10,1,3}->d_{0,10,1,9}, d_{0,10,1,9}->d_{0,10,1,3}, d_{0,10,2,3}->d_{0,10,2,9}, d_{0,10,2,9}->d_{0,10,2,3}, d_{0,10,3,4}->d_{0,10,4,9}, d_{0,10,3,5}->d_{0,10,5,9}, d_{0,10,3,6}->d_{0,10,6,9}, d_{0,10,3,7}->d_{0,10,7,9}, d_{0,10,3,8}->d_{0,10,8,9}, d_{0,10,3,11}->d_{0,10,9,11}, d_{0,10,4,9}->d_{0,10,3,4}, d_{0,10,5,9}->d_{0,10,3,5}, d_{0,10,6,9}->d_{0,10,3,6}, d_{0,10,7,9}->d_{0,10,3,7}, d_{0,10,8,9}->d_{0,10,3,8}, d_{0,10,9,11}->d_{0,10,3,11}, d_{0,11,1,3}->d_{0,11,1,9}, d_{0,11,1,9}->d_{0,11,1,3}, d_{0,11,2,3}->d_{0,11,2,9}, d_{0,11,2,9}->d_{0,11,2,3}, d_{0,11,3,4}->d_{0,11,4,9}, d_{0,11,3,5}->d_{0,11,5,9}, d_{0,11,3,6}->d_{0,11,6,9}, d_{0,11,3,7}->d_{0,11,7,9}, d_{0,11,3,8}->d_{0,11,8,9}, d_{0,11,3,10}->d_{0,11,9,10}, d_{0,11,4,9}->d_{0,11,3,4}, d_{0,11,5,9}->d_{0,11,3,5}, d_{0,11,6,9}->d_{0,11,3,6}, d_{0,11,7,9}->d_{0,11,3,7}, d_{0,11,8,9}->d_{0,11,3,8}, d_{0,11,9,10}->d_{0,11,3,10}, d_{1,2,0,3}->d_{1,2,0,9}, d_{1,2,0,9}->d_{1,2,0,3}, d_{1,2,3,4}->d_{1,2,4,9}, d_{1,2,3,5}->d_{1,2,5,9}, d_{1,2,3,6}->d_{1,2,6,9}, d_{1,2,3,7}->d_{1,2,7,9}, d_{1,2,3,8}->d_{1,2,8,9}, d_{1,2,3,10}->d_{1,2,9,10}, d_{1,2,3,11}->d_{1,2,9,11}, d_{1,2,4,9}->d_{1,2,3,4}, d_{1,2,5,9}->d_{1,2,3,5}, d_{1,2,6,9}->d_{1,2,3,6}, d_{1,2,7,9}->d_{1,2,3,7}, d_{1,2,8,9}->d_{1,2,3,8}, d_{1,2,9,10}->d_{1,2,3,10}, d_{1,2,9,11}->d_{1,2,3,11}, d_{1,3,0,2}->d_{1,9,0,2}, d_{1,3,0,4}->d_{1,9,0,4}, d_{1,3,0,5}->d_{1,9,0,5}, d_{1,3,0,6}->d_{1,9,0,6}, d_{1,3,0,7}->d_{1,9,0,7}, d_{1,3,0,8}->d_{1,9,0,8}, d_{1,3,0,9}->d_{1,9,0,3}, d_{1,3,0,10}->d_{1,9,0,10}, d_{1,3,0,11}->d_{1,9,0,11}, d_{1,3,2,4}->d_{1,9,2,4}, d_{1,3,2,5}->d_{1,9,2,5}, d_{1,3,2,6}->d_{1,9,2,6}, d_{1,3,2,7}->d_{1,9,2,7}, d_{1,3,2,8}->d_{1,9,2,8}, d_{1,3,2,9}->d_{1,9,2,3}, d_{1,3,2,10}->d_{1,9,2,10}, d_{1,3,2,11}->d_{1,9,2,11}, d_{1,3,4,5}->d_{1,9,4,5}, d_{1,3,4,6}->d_{1,9,4,6}, d_{1,3,4,7}->d_{1,9,4,7}, d_{1,3,4,8}->d_{1,9,4,8}, d_{1,3,4,9}->d_{1,9,3,4}, d_{1,3,4,10}->d_{1,9,4,10}, d_{1,3,4,11}->d_{1,9,4,11}, d_{1,3,5,6}->d_{1,9,5,6}, d_{1,3,5,7}->d_{1,9,5,7}, d_{1,3,5,8}->d_{1,9,5,8}, d_{1,3,5,9}->d_{1,9,3,5}, d_{1,3,5,10}->d_{1,9,5,10}, d_{1,3,5,11}->d_{1,9,5,11}, d_{1,3,6,7}->d_{1,9,6,7}, d_{1,3,6,8}->d_{1,9,6,8}, d_{1,3,6,9}->d_{1,9,3,6}, d_{1,3,6,10}->d_{1,9,6,10}, d_{1,3,6,11}->d_{1,9,6,11}, d_{1,3,7,8}->d_{1,9,7,8}, d_{1,3,7,9}->d_{1,9,3,7}, d_{1,3,7,10}->d_{1,9,7,10}, d_{1,3,7,11}->d_{1,9,7,11}, d_{1,3,8,9}->d_{1,9,3,8}, d_{1,3,8,10}->d_{1,9,8,10}, d_{1,3,8,11}->d_{1,9,8,11}, d_{1,3,9,10}->d_{1,9,3,10}, d_{1,3,9,11}->d_{1,9,3,11}, d_{1,3,10,11}->d_{1,9,10,11}, d_{1,4,0,3}->d_{1,4,0,9}, d_{1,4,0,9}->d_{1,4,0,3}, d_{1,4,2,3}->d_{1,4,2,9}, d_{1,4,2,9}->d_{1,4,2,3}, d_{1,4,3,5}->d_{1,4,5,9}, d_{1,4,3,6}->d_{1,4,6,9}, d_{1,4,3,7}->d_{1,4,7,9}, d_{1,4,3,8}->d_{1,4,8,9}, d_{1,4,3,10}->d_{1,4,9,10}, d_{1,4,3,11}->d_{1,4,9,11}, d_{1,4,5,9}->d_{1,4,3,5}, d_{1,4,6,9}->d_{1,4,3,6}, d_{1,4,7,9}->d_{1,4,3,7}, d_{1,4,8,9}->d_{1,4,3,8}, d_{1,4,9,10}->d_{1,4,3,10}, d_{1,4,9,11}->d_{1,4,3,11}, d_{1,5,0,3}->d_{1,5,0,9}, d_{1,5,0,9}->d_{1,5,0,3}, d_{1,5,2,3}->d_{1,5,2,9}, d_{1,5,2,9}->d_{1,5,2,3}, d_{1,5,3,4}->d_{1,5,4,9}, d_{1,5,3,6}->d_{1,5,6,9}, d_{1,5,3,7}->d_{1,5,7,9}, d_{1,5,3,8}->d_{1,5,8,9}, d_{1,5,3,10}->d_{1,5,9,10}, d_{1,5,3,11}->d_{1,5,9,11}, d_{1,5,4,9}->d_{1,5,3,4}, d_{1,5,6,9}->d_{1,5,3,6}, d_{1,5,7,9}->d_{1,5,3,7}, d_{1,5,8,9}->d_{1,5,3,8}, d_{1,5,9,10}->d_{1,5,3,10}, d_{1,5,9,11}->d_{1,5,3,11}, d_{1,6,0,3}->d_{1,6,0,9}, d_{1,6,0,9}->d_{1,6,0,3}, d_{1,6,2,3}->d_{1,6,2,9}, d_{1,6,2,9}->d_{1,6,2,3}, d_{1,6,3,4}->d_{1,6,4,9}, d_{1,6,3,5}->d_{1,6,5,9}, d_{1,6,3,7}->d_{1,6,7,9}, d_{1,6,3,8}->d_{1,6,8,9}, d_{1,6,3,10}->d_{1,6,9,10}, d_{1,6,3,11}->d_{1,6,9,11}, d_{1,6,4,9}->d_{1,6,3,4}, d_{1,6,5,9}->d_{1,6,3,5}, d_{1,6,7,9}->d_{1,6,3,7}, d_{1,6,8,9}->d_{1,6,3,8}, d_{1,6,9,10}->d_{1,6,3,10}, d_{1,6,9,11}->d_{1,6,3,11}, d_{1,7,0,3}->d_{1,7,0,9}, d_{1,7,0,9}->d_{1,7,0,3}, d_{1,7,2,3}->d_{1,7,2,9}, d_{1,7,2,9}->d_{1,7,2,3}, d_{1,7,3,4}->d_{1,7,4,9}, d_{1,7,3,5}->d_{1,7,5,9}, d_{1,7,3,6}->d_{1,7,6,9}, d_{1,7,3,8}->d_{1,7,8,9}, d_{1,7,3,10}->d_{1,7,9,10}, d_{1,7,3,11}->d_{1,7,9,11}, d_{1,7,4,9}->d_{1,7,3,4}, d_{1,7,5,9}->d_{1,7,3,5}, d_{1,7,6,9}->d_{1,7,3,6}, d_{1,7,8,9}->d_{1,7,3,8}, d_{1,7,9,10}->d_{1,7,3,10}, d_{1,7,9,11}->d_{1,7,3,11}, d_{1,8,0,3}->d_{1,8,0,9}, d_{1,8,0,9}->d_{1,8,0,3}, d_{1,8,2,3}->d_{1,8,2,9}, d_{1,8,2,9}->d_{1,8,2,3}, d_{1,8,3,4}->d_{1,8,4,9}, d_{1,8,3,5}->d_{1,8,5,9}, d_{1,8,3,6}->d_{1,8,6,9}, d_{1,8,3,7}->d_{1,8,7,9}, d_{1,8,3,10}->d_{1,8,9,10}, d_{1,8,3,11}->d_{1,8,9,11}, d_{1,8,4,9}->d_{1,8,3,4}, d_{1,8,5,9}->d_{1,8,3,5}, d_{1,8,6,9}->d_{1,8,3,6}, d_{1,8,7,9}->d_{1,8,3,7}, d_{1,8,9,10}->d_{1,8,3,10}, d_{1,8,9,11}->d_{1,8,3,11}, d_{1,9,0,2}->d_{1,3,0,2}, d_{1,9,0,3}->d_{1,3,0,9}, d_{1,9,0,4}->d_{1,3,0,4}, d_{1,9,0,5}->d_{1,3,0,5}, d_{1,9,0,6}->d_{1,3,0,6}, d_{1,9,0,7}->d_{1,3,0,7}, d_{1,9,0,8}->d_{1,3,0,8}, d_{1,9,0,10}->d_{1,3,0,10}, d_{1,9,0,11}->d_{1,3,0,11}, d_{1,9,2,3}->d_{1,3,2,9}, d_{1,9,2,4}->d_{1,3,2,4}, d_{1,9,2,5}->d_{1,3,2,5}, d_{1,9,2,6}->d_{1,3,2,6}, d_{1,9,2,7}->d_{1,3,2,7}, d_{1,9,2,8}->d_{1,3,2,8}, d_{1,9,2,10}->d_{1,3,2,10}, d_{1,9,2,11}->d_{1,3,2,11}, d_{1,9,3,4}->d_{1,3,4,9}, d_{1,9,3,5}->d_{1,3,5,9}, d_{1,9,3,6}->d_{1,3,6,9}, d_{1,9,3,7}->d_{1,3,7,9}, d_{1,9,3,8}->d_{1,3,8,9}, d_{1,9,3,10}->d_{1,3,9,10}, d_{1,9,3,11}->d_{1,3,9,11}, d_{1,9,4,5}->d_{1,3,4,5}, d_{1,9,4,6}->d_{1,3,4,6}, d_{1,9,4,7}->d_{1,3,4,7}, d_{1,9,4,8}->d_{1,3,4,8}, d_{1,9,4,10}->d_{1,3,4,10}, d_{1,9,4,11}->d_{1,3,4,11}, d_{1,9,5,6}->d_{1,3,5,6}, d_{1,9,5,7}->d_{1,3,5,7}, d_{1,9,5,8}->d_{1,3,5,8}, d_{1,9,5,10}->d_{1,3,5,10}, d_{1,9,5,11}->d_{1,3,5,11}, d_{1,9,6,7}->d_{1,3,6,7}, d_{1,9,6,8}->d_{1,3,6,8}, d_{1,9,6,10}->d_{1,3,6,10}, d_{1,9,6,11}->d_{1,3,6,11}, d_{1,9,7,8}->d_{1,3,7,8}, d_{1,9,7,10}->d_{1,3,7,10}, d_{1,9,7,11}->d_{1,3,7,11}, d_{1,9,8,10}->d_{1,3,8,10}, d_{1,9,8,11}->d_{1,3,8,11}, d_{1,9,10,11}->d_{1,3,10,11}, d_{1,10,0,3}->d_{1,10,0,9}, d_{1,10,0,9}->d_{1,10,0,3}, d_{1,10,2,3}->d_{1,10,2,9}, d_{1,10,2,9}->d_{1,10,2,3}, d_{1,10,3,4}->d_{1,10,4,9}, d_{1,10,3,5}->d_{1,10,5,9}, d_{1,10,3,6}->d_{1,10,6,9}, d_{1,10,3,7}->d_{1,10,7,9}, d_{1,10,3,8}->d_{1,10,8,9}, d_{1,10,3,11}->d_{1,10,9,11}, d_{1,10,4,9}->d_{1,10,3,4}, d_{1,10,5,9}->d_{1,10,3,5}, d_{1,10,6,9}->d_{1,10,3,6}, d_{1,10,7,9}->d_{1,10,3,7}, d_{1,10,8,9}->d_{1,10,3,8}, d_{1,10,9,11}->d_{1,10,3,11}, d_{1,11,0,3}->d_{1,11,0,9}, d_{1,11,0,9}->d_{1,11,0,3}, d_{1,11,2,3}->d_{1,11,2,9}, d_{1,11,2,9}->d_{1,11,2,3}, d_{1,11,3,4}->d_{1,11,4,9}, d_{1,11,3,5}->d_{1,11,5,9}, d_{1,11,3,6}->d_{1,11,6,9}, d_{1,11,3,7}->d_{1,11,7,9}, d_{1,11,3,8}->d_{1,11,8,9}, d_{1,11,3,10}->d_{1,11,9,10}, d_{1,11,4,9}->d_{1,11,3,4}, d_{1,11,5,9}->d_{1,11,3,5}, d_{1,11,6,9}->d_{1,11,3,6}, d_{1,11,7,9}->d_{1,11,3,7}, d_{1,11,8,9}->d_{1,11,3,8}, d_{1,11,9,10}->d_{1,11,3,10}, d_{2,3,0,1}->d_{2,9,0,1}, d_{2,3,0,4}->d_{2,9,0,4}, d_{2,3,0,5}->d_{2,9,0,5}, d_{2,3,0,6}->d_{2,9,0,6}, d_{2,3,0,7}->d_{2,9,0,7}, d_{2,3,0,8}->d_{2,9,0,8}, d_{2,3,0,9}->d_{2,9,0,3}, d_{2,3,0,10}->d_{2,9,0,10}, d_{2,3,0,11}->d_{2,9,0,11}, d_{2,3,1,4}->d_{2,9,1,4}, d_{2,3,1,5}->d_{2,9,1,5}, d_{2,3,1,6}->d_{2,9,1,6}, d_{2,3,1,7}->d_{2,9,1,7}, d_{2,3,1,8}->d_{2,9,1,8}, d_{2,3,1,9}->d_{2,9,1,3}, d_{2,3,1,10}->d_{2,9,1,10}, d_{2,3,1,11}->d_{2,9,1,11}, d_{2,3,4,5}->d_{2,9,4,5}, d_{2,3,4,6}->d_{2,9,4,6}, d_{2,3,4,7}->d_{2,9,4,7}, d_{2,3,4,8}->d_{2,9,4,8}, d_{2,3,4,9}->d_{2,9,3,4}, d_{2,3,4,10}->d_{2,9,4,10}, d_{2,3,4,11}->d_{2,9,4,11}, d_{2,3,5,6}->d_{2,9,5,6}, d_{2,3,5,7}->d_{2,9,5,7}, d_{2,3,5,8}->d_{2,9,5,8}, d_{2,3,5,9}->d_{2,9,3,5}, d_{2,3,5,10}->d_{2,9,5,10}, d_{2,3,5,11}->d_{2,9,5,11}, d_{2,3,6,7}->d_{2,9,6,7}, d_{2,3,6,8}->d_{2,9,6,8}, d_{2,3,6,9}->d_{2,9,3,6}, d_{2,3,6,10}->d_{2,9,6,10}, d_{2,3,6,11}->d_{2,9,6,11}, d_{2,3,7,8}->d_{2,9,7,8}, d_{2,3,7,9}->d_{2,9,3,7}, d_{2,3,7,10}->d_{2,9,7,10}, d_{2,3,7,11}->d_{2,9,7,11}, d_{2,3,8,9}->d_{2,9,3,8}, d_{2,3,8,10}->d_{2,9,8,10}, d_{2,3,8,11}->d_{2,9,8,11}, d_{2,3,9,10}->d_{2,9,3,10}, d_{2,3,9,11}->d_{2,9,3,11}, d_{2,3,10,11}->d_{2,9,10,11}, d_{2,4,0,3}->d_{2,4,0,9}, d_{2,4,0,9}->d_{2,4,0,3}, d_{2,4,1,3}->d_{2,4,1,9}, d_{2,4,1,9}->d_{2,4,1,3}, d_{2,4,3,5}->d_{2,4,5,9}, d_{2,4,3,6}->d_{2,4,6,9}, d_{2,4,3,7}->d_{2,4,7,9}, d_{2,4,3,8}->d_{2,4,8,9}, d_{2,4,3,10}->d_{2,4,9,10}, d_{2,4,3,11}->d_{2,4,9,11}, d_{2,4,5,9}->d_{2,4,3,5}, d_{2,4,6,9}->d_{2,4,3,6}, d_{2,4,7,9}->d_{2,4,3,7}, d_{2,4,8,9}->d_{2,4,3,8}, d_{2,4,9,10}->d_{2,4,3,10}, d_{2,4,9,11}->d_{2,4,3,11}, d_{2,5,0,3}->d_{2,5,0,9}, d_{2,5,0,9}->d_{2,5,0,3}, d_{2,5,1,3}->d_{2,5,1,9}, d_{2,5,1,9}->d_{2,5,1,3}, d_{2,5,3,4}->d_{2,5,4,9}, d_{2,5,3,6}->d_{2,5,6,9}, d_{2,5,3,7}->d_{2,5,7,9}, d_{2,5,3,8}->d_{2,5,8,9}, d_{2,5,3,10}->d_{2,5,9,10}, d_{2,5,3,11}->d_{2,5,9,11}, d_{2,5,4,9}->d_{2,5,3,4}, d_{2,5,6,9}->d_{2,5,3,6}, d_{2,5,7,9}->d_{2,5,3,7}, d_{2,5,8,9}->d_{2,5,3,8}, d_{2,5,9,10}->d_{2,5,3,10}, d_{2,5,9,11}->d_{2,5,3,11}, d_{2,6,0,3}->d_{2,6,0,9}, d_{2,6,0,9}->d_{2,6,0,3}, d_{2,6,1,3}->d_{2,6,1,9}, d_{2,6,1,9}->d_{2,6,1,3}, d_{2,6,3,4}->d_{2,6,4,9}, d_{2,6,3,5}->d_{2,6,5,9}, d_{2,6,3,7}->d_{2,6,7,9}, d_{2,6,3,8}->d_{2,6,8,9}, d_{2,6,3,10}->d_{2,6,9,10}, d_{2,6,3,11}->d_{2,6,9,11}, d_{2,6,4,9}->d_{2,6,3,4}, d_{2,6,5,9}->d_{2,6,3,5}, d_{2,6,7,9}->d_{2,6,3,7}, d_{2,6,8,9}->d_{2,6,3,8}, d_{2,6,9,10}->d_{2,6,3,10}, d_{2,6,9,11}->d_{2,6,3,11}, d_{2,7,0,3}->d_{2,7,0,9}, d_{2,7,0,9}->d_{2,7,0,3}, d_{2,7,1,3}->d_{2,7,1,9}, d_{2,7,1,9}->d_{2,7,1,3}, d_{2,7,3,4}->d_{2,7,4,9}, d_{2,7,3,5}->d_{2,7,5,9}, d_{2,7,3,6}->d_{2,7,6,9}, d_{2,7,3,8}->d_{2,7,8,9}, d_{2,7,3,10}->d_{2,7,9,10}, d_{2,7,3,11}->d_{2,7,9,11}, d_{2,7,4,9}->d_{2,7,3,4}, d_{2,7,5,9}->d_{2,7,3,5}, d_{2,7,6,9}->d_{2,7,3,6}, d_{2,7,8,9}->d_{2,7,3,8}, d_{2,7,9,10}->d_{2,7,3,10}, d_{2,7,9,11}->d_{2,7,3,11}, d_{2,8,0,3}->d_{2,8,0,9}, d_{2,8,0,9}->d_{2,8,0,3}, d_{2,8,1,3}->d_{2,8,1,9}, d_{2,8,1,9}->d_{2,8,1,3}, d_{2,8,3,4}->d_{2,8,4,9}, d_{2,8,3,5}->d_{2,8,5,9}, d_{2,8,3,6}->d_{2,8,6,9}, d_{2,8,3,7}->d_{2,8,7,9}, d_{2,8,3,10}->d_{2,8,9,10}, d_{2,8,3,11}->d_{2,8,9,11}, d_{2,8,4,9}->d_{2,8,3,4}, d_{2,8,5,9}->d_{2,8,3,5}, d_{2,8,6,9}->d_{2,8,3,6}, d_{2,8,7,9}->d_{2,8,3,7}, d_{2,8,9,10}->d_{2,8,3,10}, d_{2,8,9,11}->d_{2,8,3,11}, d_{2,9,0,1}->d_{2,3,0,1}, d_{2,9,0,3}->d_{2,3,0,9}, d_{2,9,0,4}->d_{2,3,0,4}, d_{2,9,0,5}->d_{2,3,0,5}, d_{2,9,0,6}->d_{2,3,0,6}, d_{2,9,0,7}->d_{2,3,0,7}, d_{2,9,0,8}->d_{2,3,0,8}, d_{2,9,0,10}->d_{2,3,0,10}, d_{2,9,0,11}->d_{2,3,0,11}, d_{2,9,1,3}->d_{2,3,1,9}, d_{2,9,1,4}->d_{2,3,1,4}, d_{2,9,1,5}->d_{2,3,1,5}, d_{2,9,1,6}->d_{2,3,1,6}, d_{2,9,1,7}->d_{2,3,1,7}, d_{2,9,1,8}->d_{2,3,1,8}, d_{2,9,1,10}->d_{2,3,1,10}, d_{2,9,1,11}->d_{2,3,1,11}, d_{2,9,3,4}->d_{2,3,4,9}, d_{2,9,3,5}->d_{2,3,5,9}, d_{2,9,3,6}->d_{2,3,6,9}, d_{2,9,3,7}->d_{2,3,7,9}, d_{2,9,3,8}->d_{2,3,8,9}, d_{2,9,3,10}->d_{2,3,9,10}, d_{2,9,3,11}->d_{2,3,9,11}, d_{2,9,4,5}->d_{2,3,4,5}, d_{2,9,4,6}->d_{2,3,4,6}, d_{2,9,4,7}->d_{2,3,4,7}, d_{2,9,4,8}->d_{2,3,4,8}, d_{2,9,4,10}->d_{2,3,4,10}, d_{2,9,4,11}->d_{2,3,4,11}, d_{2,9,5,6}->d_{2,3,5,6}, d_{2,9,5,7}->d_{2,3,5,7}, d_{2,9,5,8}->d_{2,3,5,8}, d_{2,9,5,10}->d_{2,3,5,10}, d_{2,9,5,11}->d_{2,3,5,11}, d_{2,9,6,7}->d_{2,3,6,7}, d_{2,9,6,8}->d_{2,3,6,8}, d_{2,9,6,10}->d_{2,3,6,10}, d_{2,9,6,11}->d_{2,3,6,11}, d_{2,9,7,8}->d_{2,3,7,8}, d_{2,9,7,10}->d_{2,3,7,10}, d_{2,9,7,11}->d_{2,3,7,11}, d_{2,9,8,10}->d_{2,3,8,10}, d_{2,9,8,11}->d_{2,3,8,11}, d_{2,9,10,11}->d_{2,3,10,11}, d_{2,10,0,3}->d_{2,10,0,9}, d_{2,10,0,9}->d_{2,10,0,3}, d_{2,10,1,3}->d_{2,10,1,9}, d_{2,10,1,9}->d_{2,10,1,3}, d_{2,10,3,4}->d_{2,10,4,9}, d_{2,10,3,5}->d_{2,10,5,9}, d_{2,10,3,6}->d_{2,10,6,9}, d_{2,10,3,7}->d_{2,10,7,9}, d_{2,10,3,8}->d_{2,10,8,9}, d_{2,10,3,11}->d_{2,10,9,11}, d_{2,10,4,9}->d_{2,10,3,4}, d_{2,10,5,9}->d_{2,10,3,5}, d_{2,10,6,9}->d_{2,10,3,6}, d_{2,10,7,9}->d_{2,10,3,7}, d_{2,10,8,9}->d_{2,10,3,8}, d_{2,10,9,11}->d_{2,10,3,11}, d_{2,11,0,3}->d_{2,11,0,9}, d_{2,11,0,9}->d_{2,11,0,3}, d_{2,11,1,3}->d_{2,11,1,9}, d_{2,11,1,9}->d_{2,11,1,3}, d_{2,11,3,4}->d_{2,11,4,9}, d_{2,11,3,5}->d_{2,11,5,9}, d_{2,11,3,6}->d_{2,11,6,9}, d_{2,11,3,7}->d_{2,11,7,9}, d_{2,11,3,8}->d_{2,11,8,9}, d_{2,11,3,10}->d_{2,11,9,10}, d_{2,11,4,9}->d_{2,11,3,4}, d_{2,11,5,9}->d_{2,11,3,5}, d_{2,11,6,9}->d_{2,11,3,6}, d_{2,11,7,9}->d_{2,11,3,7}, d_{2,11,8,9}->d_{2,11,3,8}, d_{2,11,9,10}->d_{2,11,3,10}, d_{3,4,0,1}->d_{4,9,0,1}, d_{3,4,0,2}->d_{4,9,0,2}, d_{3,4,0,5}->d_{4,9,0,5}, d_{3,4,0,6}->d_{4,9,0,6}, d_{3,4,0,7}->d_{4,9,0,7}, d_{3,4,0,8}->d_{4,9,0,8}, d_{3,4,0,9}->d_{4,9,0,3}, d_{3,4,0,10}->d_{4,9,0,10}, d_{3,4,0,11}->d_{4,9,0,11}, d_{3,4,1,2}->d_{4,9,1,2}, d_{3,4,1,5}->d_{4,9,1,5}, d_{3,4,1,6}->d_{4,9,1,6}, d_{3,4,1,7}->d_{4,9,1,7}, d_{3,4,1,8}->d_{4,9,1,8}, d_{3,4,1,9}->d_{4,9,1,3}, d_{3,4,1,10}->d_{4,9,1,10}, d_{3,4,1,11}->d_{4,9,1,11}, d_{3,4,2,5}->d_{4,9,2,5}, d_{3,4,2,6}->d_{4,9,2,6}, d_{3,4,2,7}->d_{4,9,2,7}, d_{3,4,2,8}->d_{4,9,2,8}, d_{3,4,2,9}->d_{4,9,2,3}, d_{3,4,2,10}->d_{4,9,2,10}, d_{3,4,2,11}->d_{4,9,2,11}, d_{3,4,5,6}->d_{4,9,5,6}, d_{3,4,5,7}->d_{4,9,5,7}, d_{3,4,5,8}->d_{4,9,5,8}, d_{3,4,5,9}->d_{4,9,3,5}, d_{3,4,5,10}->d_{4,9,5,10}, d_{3,4,5,11}->d_{4,9,5,11}, d_{3,4,6,7}->d_{4,9,6,7}, d_{3,4,6,8}->d_{4,9,6,8}, d_{3,4,6,9}->d_{4,9,3,6}, d_{3,4,6,10}->d_{4,9,6,10}, d_{3,4,6,11}->d_{4,9,6,11}, d_{3,4,7,8}->d_{4,9,7,8}, d_{3,4,7,9}->d_{4,9,3,7}, d_{3,4,7,10}->d_{4,9,7,10}, d_{3,4,7,11}->d_{4,9,7,11}, d_{3,4,8,9}->d_{4,9,3,8}, d_{3,4,8,10}->d_{4,9,8,10}, d_{3,4,8,11}->d_{4,9,8,11}, d_{3,4,9,10}->d_{4,9,3,10}, d_{3,4,9,11}->d_{4,9,3,11}, d_{3,4,10,11}->d_{4,9,10,11}, d_{3,5,0,1}->d_{5,9,0,1}, d_{3,5,0,2}->d_{5,9,0,2}, d_{3,5,0,4}->d_{5,9,0,4}, d_{3,5,0,6}->d_{5,9,0,6}, d_{3,5,0,7}->d_{5,9,0,7}, d_{3,5,0,8}->d_{5,9,0,8}, d_{3,5,0,9}->d_{5,9,0,3}, d_{3,5,0,10}->d_{5,9,0,10}, d_{3,5,0,11}->d_{5,9,0,11}, d_{3,5,1,2}->d_{5,9,1,2}, d_{3,5,1,4}->d_{5,9,1,4}, d_{3,5,1,6}->d_{5,9,1,6}, d_{3,5,1,7}->d_{5,9,1,7}, d_{3,5,1,8}->d_{5,9,1,8}, d_{3,5,1,9}->d_{5,9,1,3}, d_{3,5,1,10}->d_{5,9,1,10}, d_{3,5,1,11}->d_{5,9,1,11}, d_{3,5,2,4}->d_{5,9,2,4}, d_{3,5,2,6}->d_{5,9,2,6}, d_{3,5,2,7}->d_{5,9,2,7}, d_{3,5,2,8}->d_{5,9,2,8}, d_{3,5,2,9}->d_{5,9,2,3}, d_{3,5,2,10}->d_{5,9,2,10}, d_{3,5,2,11}->d_{5,9,2,11}, d_{3,5,4,6}->d_{5,9,4,6}, d_{3,5,4,7}->d_{5,9,4,7}, d_{3,5,4,8}->d_{5,9,4,8}, d_{3,5,4,9}->d_{5,9,3,4}, d_{3,5,4,10}->d_{5,9,4,10}, d_{3,5,4,11}->d_{5,9,4,11}, d_{3,5,6,7}->d_{5,9,6,7}, d_{3,5,6,8}->d_{5,9,6,8}, d_{3,5,6,9}->d_{5,9,3,6}, d_{3,5,6,10}->d_{5,9,6,10}, d_{3,5,6,11}->d_{5,9,6,11}, d_{3,5,7,8}->d_{5,9,7,8}, d_{3,5,7,9}->d_{5,9,3,7}, d_{3,5,7,10}->d_{5,9,7,10}, d_{3,5,7,11}->d_{5,9,7,11}, d_{3,5,8,9}->d_{5,9,3,8}, d_{3,5,8,10}->d_{5,9,8,10}, d_{3,5,8,11}->d_{5,9,8,11}, d_{3,5,9,10}->d_{5,9,3,10}, d_{3,5,9,11}->d_{5,9,3,11}, d_{3,5,10,11}->d_{5,9,10,11}, d_{3,6,0,1}->d_{6,9,0,1}, d_{3,6,0,2}->d_{6,9,0,2}, d_{3,6,0,4}->d_{6,9,0,4}, d_{3,6,0,5}->d_{6,9,0,5}, d_{3,6,0,7}->d_{6,9,0,7}, d_{3,6,0,8}->d_{6,9,0,8}, d_{3,6,0,9}->d_{6,9,0,3}, d_{3,6,0,10}->d_{6,9,0,10}, d_{3,6,0,11}->d_{6,9,0,11}, d_{3,6,1,2}->d_{6,9,1,2}, d_{3,6,1,4}->d_{6,9,1,4}, d_{3,6,1,5}->d_{6,9,1,5}, d_{3,6,1,7}->d_{6,9,1,7}, d_{3,6,1,8}->d_{6,9,1,8}, d_{3,6,1,9}->d_{6,9,1,3}, d_{3,6,1,10}->d_{6,9,1,10}, d_{3,6,1,11}->d_{6,9,1,11}, d_{3,6,2,4}->d_{6,9,2,4}, d_{3,6,2,5}->d_{6,9,2,5}, d_{3,6,2,7}->d_{6,9,2,7}, d_{3,6,2,8}->d_{6,9,2,8}, d_{3,6,2,9}->d_{6,9,2,3}, d_{3,6,2,10}->d_{6,9,2,10}, d_{3,6,2,11}->d_{6,9,2,11}, d_{3,6,4,5}->d_{6,9,4,5}, d_{3,6,4,7}->d_{6,9,4,7}, d_{3,6,4,8}->d_{6,9,4,8}, d_{3,6,4,9}->d_{6,9,3,4}, d_{3,6,4,10}->d_{6,9,4,10}, d_{3,6,4,11}->d_{6,9,4,11}, d_{3,6,5,7}->d_{6,9,5,7}, d_{3,6,5,8}->d_{6,9,5,8}, d_{3,6,5,9}->d_{6,9,3,5}, d_{3,6,5,10}->d_{6,9,5,10}, d_{3,6,5,11}->d_{6,9,5,11}, d_{3,6,7,8}->d_{6,9,7,8}, d_{3,6,7,9}->d_{6,9,3,7}, d_{3,6,7,10}->d_{6,9,7,10}, d_{3,6,7,11}->d_{6,9,7,11}, d_{3,6,8,9}->d_{6,9,3,8}, d_{3,6,8,10}->d_{6,9,8,10}, d_{3,6,8,11}->d_{6,9,8,11}, d_{3,6,9,10}->d_{6,9,3,10}, d_{3,6,9,11}->d_{6,9,3,11}, d_{3,6,10,11}->d_{6,9,10,11}, d_{3,7,0,1}->d_{7,9,0,1}, d_{3,7,0,2}->d_{7,9,0,2}, d_{3,7,0,4}->d_{7,9,0,4}, d_{3,7,0,5}->d_{7,9,0,5}, d_{3,7,0,6}->d_{7,9,0,6}, d_{3,7,0,8}->d_{7,9,0,8}, d_{3,7,0,9}->d_{7,9,0,3}, d_{3,7,0,10}->d_{7,9,0,10}, d_{3,7,0,11}->d_{7,9,0,11}, d_{3,7,1,2}->d_{7,9,1,2}, d_{3,7,1,4}->d_{7,9,1,4}, d_{3,7,1,5}->d_{7,9,1,5}, d_{3,7,1,6}->d_{7,9,1,6}, d_{3,7,1,8}->d_{7,9,1,8}, d_{3,7,1,9}->d_{7,9,1,3}, d_{3,7,1,10}->d_{7,9,1,10}, d_{3,7,1,11}->d_{7,9,1,11}, d_{3,7,2,4}->d_{7,9,2,4}, d_{3,7,2,5}->d_{7,9,2,5}, d_{3,7,2,6}->d_{7,9,2,6}, d_{3,7,2,8}->d_{7,9,2,8}, d_{3,7,2,9}->d_{7,9,2,3}, d_{3,7,2,10}->d_{7,9,2,10}, d_{3,7,2,11}->d_{7,9,2,11}, d_{3,7,4,5}->d_{7,9,4,5}, d_{3,7,4,6}->d_{7,9,4,6}, d_{3,7,4,8}->d_{7,9,4,8}, d_{3,7,4,9}->d_{7,9,3,4}, d_{3,7,4,10}->d_{7,9,4,10}, d_{3,7,4,11}->d_{7,9,4,11}, d_{3,7,5,6}->d_{7,9,5,6}, d_{3,7,5,8}->d_{7,9,5,8}, d_{3,7,5,9}->d_{7,9,3,5}, d_{3,7,5,10}->d_{7,9,5,10}, d_{3,7,5,11}->d_{7,9,5,11}, d_{3,7,6,8}->d_{7,9,6,8}, d_{3,7,6,9}->d_{7,9,3,6}, d_{3,7,6,10}->d_{7,9,6,10}, d_{3,7,6,11}->d_{7,9,6,11}, d_{3,7,8,9}->d_{7,9,3,8}, d_{3,7,8,10}->d_{7,9,8,10}, d_{3,7,8,11}->d_{7,9,8,11}, d_{3,7,9,10}->d_{7,9,3,10}, d_{3,7,9,11}->d_{7,9,3,11}, d_{3,7,10,11}->d_{7,9,10,11}, d_{3,8,0,1}->d_{8,9,0,1}, d_{3,8,0,2}->d_{8,9,0,2}, d_{3,8,0,4}->d_{8,9,0,4}, d_{3,8,0,5}->d_{8,9,0,5}, d_{3,8,0,6}->d_{8,9,0,6}, d_{3,8,0,7}->d_{8,9,0,7}, d_{3,8,0,9}->d_{8,9,0,3}, d_{3,8,0,10}->d_{8,9,0,10}, d_{3,8,0,11}->d_{8,9,0,11}, d_{3,8,1,2}->d_{8,9,1,2}, d_{3,8,1,4}->d_{8,9,1,4}, d_{3,8,1,5}->d_{8,9,1,5}, d_{3,8,1,6}->d_{8,9,1,6}, d_{3,8,1,7}->d_{8,9,1,7}, d_{3,8,1,9}->d_{8,9,1,3}, d_{3,8,1,10}->d_{8,9,1,10}, d_{3,8,1,11}->d_{8,9,1,11}, d_{3,8,2,4}->d_{8,9,2,4}, d_{3,8,2,5}->d_{8,9,2,5}, d_{3,8,2,6}->d_{8,9,2,6}, d_{3,8,2,7}->d_{8,9,2,7}, d_{3,8,2,9}->d_{8,9,2,3}, d_{3,8,2,10}->d_{8,9,2,10}, d_{3,8,2,11}->d_{8,9,2,11}, d_{3,8,4,5}->d_{8,9,4,5}, d_{3,8,4,6}->d_{8,9,4,6}, d_{3,8,4,7}->d_{8,9,4,7}, d_{3,8,4,9}->d_{8,9,3,4}, d_{3,8,4,10}->d_{8,9,4,10}, d_{3,8,4,11}->d_{8,9,4,11}, d_{3,8,5,6}->d_{8,9,5,6}, d_{3,8,5,7}->d_{8,9,5,7}, d_{3,8,5,9}->d_{8,9,3,5}, d_{3,8,5,10}->d_{8,9,5,10}, d_{3,8,5,11}->d_{8,9,5,11}, d_{3,8,6,7}->d_{8,9,6,7}, d_{3,8,6,9}->d_{8,9,3,6}, d_{3,8,6,10}->d_{8,9,6,10}, d_{3,8,6,11}->d_{8,9,6,11}, d_{3,8,7,9}->d_{8,9,3,7}, d_{3,8,7,10}->d_{8,9,7,10}, d_{3,8,7,11}->d_{8,9,7,11}, d_{3,8,9,10}->d_{8,9,3,10}, d_{3,8,9,11}->d_{8,9,3,11}, d_{3,8,10,11}->d_{8,9,10,11}, d_{3,10,0,1}->d_{9,10,0,1}, d_{3,10,0,2}->d_{9,10,0,2}, d_{3,10,0,4}->d_{9,10,0,4}, d_{3,10,0,5}->d_{9,10,0,5}, d_{3,10,0,6}->d_{9,10,0,6}, d_{3,10,0,7}->d_{9,10,0,7}, d_{3,10,0,8}->d_{9,10,0,8}, d_{3,10,0,9}->d_{9,10,0,3}, d_{3,10,0,11}->d_{9,10,0,11}, d_{3,10,1,2}->d_{9,10,1,2}, d_{3,10,1,4}->d_{9,10,1,4}, d_{3,10,1,5}->d_{9,10,1,5}, d_{3,10,1,6}->d_{9,10,1,6}, d_{3,10,1,7}->d_{9,10,1,7}, d_{3,10,1,8}->d_{9,10,1,8}, d_{3,10,1,9}->d_{9,10,1,3}, d_{3,10,1,11}->d_{9,10,1,11}, d_{3,10,2,4}->d_{9,10,2,4}, d_{3,10,2,5}->d_{9,10,2,5}, d_{3,10,2,6}->d_{9,10,2,6}, d_{3,10,2,7}->d_{9,10,2,7}, d_{3,10,2,8}->d_{9,10,2,8}, d_{3,10,2,9}->d_{9,10,2,3}, d_{3,10,2,11}->d_{9,10,2,11}, d_{3,10,4,5}->d_{9,10,4,5}, d_{3,10,4,6}->d_{9,10,4,6}, d_{3,10,4,7}->d_{9,10,4,7}, d_{3,10,4,8}->d_{9,10,4,8}, d_{3,10,4,9}->d_{9,10,3,4}, d_{3,10,4,11}->d_{9,10,4,11}, d_{3,10,5,6}->d_{9,10,5,6}, d_{3,10,5,7}->d_{9,10,5,7}, d_{3,10,5,8}->d_{9,10,5,8}, d_{3,10,5,9}->d_{9,10,3,5}, d_{3,10,5,11}->d_{9,10,5,11}, d_{3,10,6,7}->d_{9,10,6,7}, d_{3,10,6,8}->d_{9,10,6,8}, d_{3,10,6,9}->d_{9,10,3,6}, d_{3,10,6,11}->d_{9,10,6,11}, d_{3,10,7,8}->d_{9,10,7,8}, d_{3,10,7,9}->d_{9,10,3,7}, d_{3,10,7,11}->d_{9,10,7,11}, d_{3,10,8,9}->d_{9,10,3,8}, d_{3,10,8,11}->d_{9,10,8,11}, d_{3,10,9,11}->d_{9,10,3,11}, d_{3,11,0,1}->d_{9,11,0,1}, d_{3,11,0,2}->d_{9,11,0,2}, d_{3,11,0,4}->d_{9,11,0,4}, d_{3,11,0,5}->d_{9,11,0,5}, d_{3,11,0,6}->d_{9,11,0,6}, d_{3,11,0,7}->d_{9,11,0,7}, d_{3,11,0,8}->d_{9,11,0,8}, d_{3,11,0,9}->d_{9,11,0,3}, d_{3,11,0,10}->d_{9,11,0,10}, d_{3,11,1,2}->d_{9,11,1,2}, d_{3,11,1,4}->d_{9,11,1,4}, d_{3,11,1,5}->d_{9,11,1,5}, d_{3,11,1,6}->d_{9,11,1,6}, d_{3,11,1,7}->d_{9,11,1,7}, d_{3,11,1,8}->d_{9,11,1,8}, d_{3,11,1,9}->d_{9,11,1,3}, d_{3,11,1,10}->d_{9,11,1,10}, d_{3,11,2,4}->d_{9,11,2,4}, d_{3,11,2,5}->d_{9,11,2,5}, d_{3,11,2,6}->d_{9,11,2,6}, d_{3,11,2,7}->d_{9,11,2,7}, d_{3,11,2,8}->d_{9,11,2,8}, d_{3,11,2,9}->d_{9,11,2,3}, d_{3,11,2,10}->d_{9,11,2,10}, d_{3,11,4,5}->d_{9,11,4,5}, d_{3,11,4,6}->d_{9,11,4,6}, d_{3,11,4,7}->d_{9,11,4,7}, d_{3,11,4,8}->d_{9,11,4,8}, d_{3,11,4,9}->d_{9,11,3,4}, d_{3,11,4,10}->d_{9,11,4,10}, d_{3,11,5,6}->d_{9,11,5,6}, d_{3,11,5,7}->d_{9,11,5,7}, d_{3,11,5,8}->d_{9,11,5,8}, d_{3,11,5,9}->d_{9,11,3,5}, d_{3,11,5,10}->d_{9,11,5,10}, d_{3,11,6,7}->d_{9,11,6,7}, d_{3,11,6,8}->d_{9,11,6,8}, d_{3,11,6,9}->d_{9,11,3,6}, d_{3,11,6,10}->d_{9,11,6,10}, d_{3,11,7,8}->d_{9,11,7,8}, d_{3,11,7,9}->d_{9,11,3,7}, d_{3,11,7,10}->d_{9,11,7,10}, d_{3,11,8,9}->d_{9,11,3,8}, d_{3,11,8,10}->d_{9,11,8,10}, d_{3,11,9,10}->d_{9,11,3,10}, d_{4,5,0,3}->d_{4,5,0,9}, d_{4,5,0,9}->d_{4,5,0,3}, d_{4,5,1,3}->d_{4,5,1,9}, d_{4,5,1,9}->d_{4,5,1,3}, d_{4,5,2,3}->d_{4,5,2,9}, d_{4,5,2,9}->d_{4,5,2,3}, d_{4,5,3,6}->d_{4,5,6,9}, d_{4,5,3,7}->d_{4,5,7,9}, d_{4,5,3,8}->d_{4,5,8,9}, d_{4,5,3,10}->d_{4,5,9,10}, d_{4,5,3,11}->d_{4,5,9,11}, d_{4,5,6,9}->d_{4,5,3,6}, d_{4,5,7,9}->d_{4,5,3,7}, d_{4,5,8,9}->d_{4,5,3,8}, d_{4,5,9,10}->d_{4,5,3,10}, d_{4,5,9,11}->d_{4,5,3,11}, d_{4,6,0,3}->d_{4,6,0,9}, d_{4,6,0,9}->d_{4,6,0,3}, d_{4,6,1,3}->d_{4,6,1,9}, d_{4,6,1,9}->d_{4,6,1,3}, d_{4,6,2,3}->d_{4,6,2,9}, d_{4,6,2,9}->d_{4,6,2,3}, d_{4,6,3,5}->d_{4,6,5,9}, d_{4,6,3,7}->d_{4,6,7,9}, d_{4,6,3,8}->d_{4,6,8,9}, d_{4,6,3,10}->d_{4,6,9,10}, d_{4,6,3,11}->d_{4,6,9,11}, d_{4,6,5,9}->d_{4,6,3,5}, d_{4,6,7,9}->d_{4,6,3,7}, d_{4,6,8,9}->d_{4,6,3,8}, d_{4,6,9,10}->d_{4,6,3,10}, d_{4,6,9,11}->d_{4,6,3,11}, d_{4,7,0,3}->d_{4,7,0,9}, d_{4,7,0,9}->d_{4,7,0,3}, d_{4,7,1,3}->d_{4,7,1,9}, d_{4,7,1,9}->d_{4,7,1,3}, d_{4,7,2,3}->d_{4,7,2,9}, d_{4,7,2,9}->d_{4,7,2,3}, d_{4,7,3,5}->d_{4,7,5,9}, d_{4,7,3,6}->d_{4,7,6,9}, d_{4,7,3,8}->d_{4,7,8,9}, d_{4,7,3,10}->d_{4,7,9,10}, d_{4,7,3,11}->d_{4,7,9,11}, d_{4,7,5,9}->d_{4,7,3,5}, d_{4,7,6,9}->d_{4,7,3,6}, d_{4,7,8,9}->d_{4,7,3,8}, d_{4,7,9,10}->d_{4,7,3,10}, d_{4,7,9,11}->d_{4,7,3,11}, d_{4,8,0,3}->d_{4,8,0,9}, d_{4,8,0,9}->d_{4,8,0,3}, d_{4,8,1,3}->d_{4,8,1,9}, d_{4,8,1,9}->d_{4,8,1,3}, d_{4,8,2,3}->d_{4,8,2,9}, d_{4,8,2,9}->d_{4,8,2,3}, d_{4,8,3,5}->d_{4,8,5,9}, d_{4,8,3,6}->d_{4,8,6,9}, d_{4,8,3,7}->d_{4,8,7,9}, d_{4,8,3,10}->d_{4,8,9,10}, d_{4,8,3,11}->d_{4,8,9,11}, d_{4,8,5,9}->d_{4,8,3,5}, d_{4,8,6,9}->d_{4,8,3,6}, d_{4,8,7,9}->d_{4,8,3,7}, d_{4,8,9,10}->d_{4,8,3,10}, d_{4,8,9,11}->d_{4,8,3,11}, d_{4,9,0,1}->d_{3,4,0,1}, d_{4,9,0,2}->d_{3,4,0,2}, d_{4,9,0,3}->d_{3,4,0,9}, d_{4,9,0,5}->d_{3,4,0,5}, d_{4,9,0,6}->d_{3,4,0,6}, d_{4,9,0,7}->d_{3,4,0,7}, d_{4,9,0,8}->d_{3,4,0,8}, d_{4,9,0,10}->d_{3,4,0,10}, d_{4,9,0,11}->d_{3,4,0,11}, d_{4,9,1,2}->d_{3,4,1,2}, d_{4,9,1,3}->d_{3,4,1,9}, d_{4,9,1,5}->d_{3,4,1,5}, d_{4,9,1,6}->d_{3,4,1,6}, d_{4,9,1,7}->d_{3,4,1,7}, d_{4,9,1,8}->d_{3,4,1,8}, d_{4,9,1,10}->d_{3,4,1,10}, d_{4,9,1,11}->d_{3,4,1,11}, d_{4,9,2,3}->d_{3,4,2,9}, d_{4,9,2,5}->d_{3,4,2,5}, d_{4,9,2,6}->d_{3,4,2,6}, d_{4,9,2,7}->d_{3,4,2,7}, d_{4,9,2,8}->d_{3,4,2,8}, d_{4,9,2,10}->d_{3,4,2,10}, d_{4,9,2,11}->d_{3,4,2,11}, d_{4,9,3,5}->d_{3,4,5,9}, d_{4,9,3,6}->d_{3,4,6,9}, d_{4,9,3,7}->d_{3,4,7,9}, d_{4,9,3,8}->d_{3,4,8,9}, d_{4,9,3,10}->d_{3,4,9,10}, d_{4,9,3,11}->d_{3,4,9,11}, d_{4,9,5,6}->d_{3,4,5,6}, d_{4,9,5,7}->d_{3,4,5,7}, d_{4,9,5,8}->d_{3,4,5,8}, d_{4,9,5,10}->d_{3,4,5,10}, d_{4,9,5,11}->d_{3,4,5,11}, d_{4,9,6,7}->d_{3,4,6,7}, d_{4,9,6,8}->d_{3,4,6,8}, d_{4,9,6,10}->d_{3,4,6,10}, d_{4,9,6,11}->d_{3,4,6,11}, d_{4,9,7,8}->d_{3,4,7,8}, d_{4,9,7,10}->d_{3,4,7,10}, d_{4,9,7,11}->d_{3,4,7,11}, d_{4,9,8,10}->d_{3,4,8,10}, d_{4,9,8,11}->d_{3,4,8,11}, d_{4,9,10,11}->d_{3,4,10,11}, d_{4,10,0,3}->d_{4,10,0,9}, d_{4,10,0,9}->d_{4,10,0,3}, d_{4,10,1,3}->d_{4,10,1,9}, d_{4,10,1,9}->d_{4,10,1,3}, d_{4,10,2,3}->d_{4,10,2,9}, d_{4,10,2,9}->d_{4,10,2,3}, d_{4,10,3,5}->d_{4,10,5,9}, d_{4,10,3,6}->d_{4,10,6,9}, d_{4,10,3,7}->d_{4,10,7,9}, d_{4,10,3,8}->d_{4,10,8,9}, d_{4,10,3,11}->d_{4,10,9,11}, d_{4,10,5,9}->d_{4,10,3,5}, d_{4,10,6,9}->d_{4,10,3,6}, d_{4,10,7,9}->d_{4,10,3,7}, d_{4,10,8,9}->d_{4,10,3,8}, d_{4,10,9,11}->d_{4,10,3,11}, d_{4,11,0,3}->d_{4,11,0,9}, d_{4,11,0,9}->d_{4,11,0,3}, d_{4,11,1,3}->d_{4,11,1,9}, d_{4,11,1,9}->d_{4,11,1,3}, d_{4,11,2,3}->d_{4,11,2,9}, d_{4,11,2,9}->d_{4,11,2,3}, d_{4,11,3,5}->d_{4,11,5,9}, d_{4,11,3,6}->d_{4,11,6,9}, d_{4,11,3,7}->d_{4,11,7,9}, d_{4,11,3,8}->d_{4,11,8,9}, d_{4,11,3,10}->d_{4,11,9,10}, d_{4,11,5,9}->d_{4,11,3,5}, d_{4,11,6,9}->d_{4,11,3,6}, d_{4,11,7,9}->d_{4,11,3,7}, d_{4,11,8,9}->d_{4,11,3,8}, d_{4,11,9,10}->d_{4,11,3,10}, d_{5,6,0,3}->d_{5,6,0,9}, d_{5,6,0,9}->d_{5,6,0,3}, d_{5,6,1,3}->d_{5,6,1,9}, d_{5,6,1,9}->d_{5,6,1,3}, d_{5,6,2,3}->d_{5,6,2,9}, d_{5,6,2,9}->d_{5,6,2,3}, d_{5,6,3,4}->d_{5,6,4,9}, d_{5,6,3,7}->d_{5,6,7,9}, d_{5,6,3,8}->d_{5,6,8,9}, d_{5,6,3,10}->d_{5,6,9,10}, d_{5,6,3,11}->d_{5,6,9,11}, d_{5,6,4,9}->d_{5,6,3,4}, d_{5,6,7,9}->d_{5,6,3,7}, d_{5,6,8,9}->d_{5,6,3,8}, d_{5,6,9,10}->d_{5,6,3,10}, d_{5,6,9,11}->d_{5,6,3,11}, d_{5,7,0,3}->d_{5,7,0,9}, d_{5,7,0,9}->d_{5,7,0,3}, d_{5,7,1,3}->d_{5,7,1,9}, d_{5,7,1,9}->d_{5,7,1,3}, d_{5,7,2,3}->d_{5,7,2,9}, d_{5,7,2,9}->d_{5,7,2,3}, d_{5,7,3,4}->d_{5,7,4,9}, d_{5,7,3,6}->d_{5,7,6,9}, d_{5,7,3,8}->d_{5,7,8,9}, d_{5,7,3,10}->d_{5,7,9,10}, d_{5,7,3,11}->d_{5,7,9,11}, d_{5,7,4,9}->d_{5,7,3,4}, d_{5,7,6,9}->d_{5,7,3,6}, d_{5,7,8,9}->d_{5,7,3,8}, d_{5,7,9,10}->d_{5,7,3,10}, d_{5,7,9,11}->d_{5,7,3,11}, d_{5,8,0,3}->d_{5,8,0,9}, d_{5,8,0,9}->d_{5,8,0,3}, d_{5,8,1,3}->d_{5,8,1,9}, d_{5,8,1,9}->d_{5,8,1,3}, d_{5,8,2,3}->d_{5,8,2,9}, d_{5,8,2,9}->d_{5,8,2,3}, d_{5,8,3,4}->d_{5,8,4,9}, d_{5,8,3,6}->d_{5,8,6,9}, d_{5,8,3,7}->d_{5,8,7,9}, d_{5,8,3,10}->d_{5,8,9,10}, d_{5,8,3,11}->d_{5,8,9,11}, d_{5,8,4,9}->d_{5,8,3,4}, d_{5,8,6,9}->d_{5,8,3,6}, d_{5,8,7,9}->d_{5,8,3,7}, d_{5,8,9,10}->d_{5,8,3,10}, d_{5,8,9,11}->d_{5,8,3,11}, d_{5,9,0,1}->d_{3,5,0,1}, d_{5,9,0,2}->d_{3,5,0,2}, d_{5,9,0,3}->d_{3,5,0,9}, d_{5,9,0,4}->d_{3,5,0,4}, d_{5,9,0,6}->d_{3,5,0,6}, d_{5,9,0,7}->d_{3,5,0,7}, d_{5,9,0,8}->d_{3,5,0,8}, d_{5,9,0,10}->d_{3,5,0,10}, d_{5,9,0,11}->d_{3,5,0,11}, d_{5,9,1,2}->d_{3,5,1,2}, d_{5,9,1,3}->d_{3,5,1,9}, d_{5,9,1,4}->d_{3,5,1,4}, d_{5,9,1,6}->d_{3,5,1,6}, d_{5,9,1,7}->d_{3,5,1,7}, d_{5,9,1,8}->d_{3,5,1,8}, d_{5,9,1,10}->d_{3,5,1,10}, d_{5,9,1,11}->d_{3,5,1,11}, d_{5,9,2,3}->d_{3,5,2,9}, d_{5,9,2,4}->d_{3,5,2,4}, d_{5,9,2,6}->d_{3,5,2,6}, d_{5,9,2,7}->d_{3,5,2,7}, d_{5,9,2,8}->d_{3,5,2,8}, d_{5,9,2,10}->d_{3,5,2,10}, d_{5,9,2,11}->d_{3,5,2,11}, d_{5,9,3,4}->d_{3,5,4,9}, d_{5,9,3,6}->d_{3,5,6,9}, d_{5,9,3,7}->d_{3,5,7,9}, d_{5,9,3,8}->d_{3,5,8,9}, d_{5,9,3,10}->d_{3,5,9,10}, d_{5,9,3,11}->d_{3,5,9,11}, d_{5,9,4,6}->d_{3,5,4,6}, d_{5,9,4,7}->d_{3,5,4,7}, d_{5,9,4,8}->d_{3,5,4,8}, d_{5,9,4,10}->d_{3,5,4,10}, d_{5,9,4,11}->d_{3,5,4,11}, d_{5,9,6,7}->d_{3,5,6,7}, d_{5,9,6,8}->d_{3,5,6,8}, d_{5,9,6,10}->d_{3,5,6,10}, d_{5,9,6,11}->d_{3,5,6,11}, d_{5,9,7,8}->d_{3,5,7,8}, d_{5,9,7,10}->d_{3,5,7,10}, d_{5,9,7,11}->d_{3,5,7,11}, d_{5,9,8,10}->d_{3,5,8,10}, d_{5,9,8,11}->d_{3,5,8,11}, d_{5,9,10,11}->d_{3,5,10,11}, d_{5,10,0,3}->d_{5,10,0,9}, d_{5,10,0,9}->d_{5,10,0,3}, d_{5,10,1,3}->d_{5,10,1,9}, d_{5,10,1,9}->d_{5,10,1,3}, d_{5,10,2,3}->d_{5,10,2,9}, d_{5,10,2,9}->d_{5,10,2,3}, d_{5,10,3,4}->d_{5,10,4,9}, d_{5,10,3,6}->d_{5,10,6,9}, d_{5,10,3,7}->d_{5,10,7,9}, d_{5,10,3,8}->d_{5,10,8,9}, d_{5,10,3,11}->d_{5,10,9,11}, d_{5,10,4,9}->d_{5,10,3,4}, d_{5,10,6,9}->d_{5,10,3,6}, d_{5,10,7,9}->d_{5,10,3,7}, d_{5,10,8,9}->d_{5,10,3,8}, d_{5,10,9,11}->d_{5,10,3,11}, d_{5,11,0,3}->d_{5,11,0,9}, d_{5,11,0,9}->d_{5,11,0,3}, d_{5,11,1,3}->d_{5,11,1,9}, d_{5,11,1,9}->d_{5,11,1,3}, d_{5,11,2,3}->d_{5,11,2,9}, d_{5,11,2,9}->d_{5,11,2,3}, d_{5,11,3,4}->d_{5,11,4,9}, d_{5,11,3,6}->d_{5,11,6,9}, d_{5,11,3,7}->d_{5,11,7,9}, d_{5,11,3,8}->d_{5,11,8,9}, d_{5,11,3,10}->d_{5,11,9,10}, d_{5,11,4,9}->d_{5,11,3,4}, d_{5,11,6,9}->d_{5,11,3,6}, d_{5,11,7,9}->d_{5,11,3,7}, d_{5,11,8,9}->d_{5,11,3,8}, d_{5,11,9,10}->d_{5,11,3,10}, d_{6,7,0,3}->d_{6,7,0,9}, d_{6,7,0,9}->d_{6,7,0,3}, d_{6,7,1,3}->d_{6,7,1,9}, d_{6,7,1,9}->d_{6,7,1,3}, d_{6,7,2,3}->d_{6,7,2,9}, d_{6,7,2,9}->d_{6,7,2,3}, d_{6,7,3,4}->d_{6,7,4,9}, d_{6,7,3,5}->d_{6,7,5,9}, d_{6,7,3,8}->d_{6,7,8,9}, d_{6,7,3,10}->d_{6,7,9,10}, d_{6,7,3,11}->d_{6,7,9,11}, d_{6,7,4,9}->d_{6,7,3,4}, d_{6,7,5,9}->d_{6,7,3,5}, d_{6,7,8,9}->d_{6,7,3,8}, d_{6,7,9,10}->d_{6,7,3,10}, d_{6,7,9,11}->d_{6,7,3,11}, d_{6,8,0,3}->d_{6,8,0,9}, d_{6,8,0,9}->d_{6,8,0,3}, d_{6,8,1,3}->d_{6,8,1,9}, d_{6,8,1,9}->d_{6,8,1,3}, d_{6,8,2,3}->d_{6,8,2,9}, d_{6,8,2,9}->d_{6,8,2,3}, d_{6,8,3,4}->d_{6,8,4,9}, d_{6,8,3,5}->d_{6,8,5,9}, d_{6,8,3,7}->d_{6,8,7,9}, d_{6,8,3,10}->d_{6,8,9,10}, d_{6,8,3,11}->d_{6,8,9,11}, d_{6,8,4,9}->d_{6,8,3,4}, d_{6,8,5,9}->d_{6,8,3,5}, d_{6,8,7,9}->d_{6,8,3,7}, d_{6,8,9,10}->d_{6,8,3,10}, d_{6,8,9,11}->d_{6,8,3,11}, d_{6,9,0,1}->d_{3,6,0,1}, d_{6,9,0,2}->d_{3,6,0,2}, d_{6,9,0,3}->d_{3,6,0,9}, d_{6,9,0,4}->d_{3,6,0,4}, d_{6,9,0,5}->d_{3,6,0,5}, d_{6,9,0,7}->d_{3,6,0,7}, d_{6,9,0,8}->d_{3,6,0,8}, d_{6,9,0,10}->d_{3,6,0,10}, d_{6,9,0,11}->d_{3,6,0,11}, d_{6,9,1,2}->d_{3,6,1,2}, d_{6,9,1,3}->d_{3,6,1,9}, d_{6,9,1,4}->d_{3,6,1,4}, d_{6,9,1,5}->d_{3,6,1,5}, d_{6,9,1,7}->d_{3,6,1,7}, d_{6,9,1,8}->d_{3,6,1,8}, d_{6,9,1,10}->d_{3,6,1,10}, d_{6,9,1,11}->d_{3,6,1,11}, d_{6,9,2,3}->d_{3,6,2,9}, d_{6,9,2,4}->d_{3,6,2,4}, d_{6,9,2,5}->d_{3,6,2,5}, d_{6,9,2,7}->d_{3,6,2,7}, d_{6,9,2,8}->d_{3,6,2,8}, d_{6,9,2,10}->d_{3,6,2,10}, d_{6,9,2,11}->d_{3,6,2,11}, d_{6,9,3,4}->d_{3,6,4,9}, d_{6,9,3,5}->d_{3,6,5,9}, d_{6,9,3,7}->d_{3,6,7,9}, d_{6,9,3,8}->d_{3,6,8,9}, d_{6,9,3,10}->d_{3,6,9,10}, d_{6,9,3,11}->d_{3,6,9,11}, d_{6,9,4,5}->d_{3,6,4,5}, d_{6,9,4,7}->d_{3,6,4,7}, d_{6,9,4,8}->d_{3,6,4,8}, d_{6,9,4,10}->d_{3,6,4,10}, d_{6,9,4,11}->d_{3,6,4,11}, d_{6,9,5,7}->d_{3,6,5,7}, d_{6,9,5,8}->d_{3,6,5,8}, d_{6,9,5,10}->d_{3,6,5,10}, d_{6,9,5,11}->d_{3,6,5,11}, d_{6,9,7,8}->d_{3,6,7,8}, d_{6,9,7,10}->d_{3,6,7,10}, d_{6,9,7,11}->d_{3,6,7,11}, d_{6,9,8,10}->d_{3,6,8,10}, d_{6,9,8,11}->d_{3,6,8,11}, d_{6,9,10,11}->d_{3,6,10,11}, d_{6,10,0,3}->d_{6,10,0,9}, d_{6,10,0,9}->d_{6,10,0,3}, d_{6,10,1,3}->d_{6,10,1,9}, d_{6,10,1,9}->d_{6,10,1,3}, d_{6,10,2,3}->d_{6,10,2,9}, d_{6,10,2,9}->d_{6,10,2,3}, d_{6,10,3,4}->d_{6,10,4,9}, d_{6,10,3,5}->d_{6,10,5,9}, d_{6,10,3,7}->d_{6,10,7,9}, d_{6,10,3,8}->d_{6,10,8,9}, d_{6,10,3,11}->d_{6,10,9,11}, d_{6,10,4,9}->d_{6,10,3,4}, d_{6,10,5,9}->d_{6,10,3,5}, d_{6,10,7,9}->d_{6,10,3,7}, d_{6,10,8,9}->d_{6,10,3,8}, d_{6,10,9,11}->d_{6,10,3,11}, d_{6,11,0,3}->d_{6,11,0,9}, d_{6,11,0,9}->d_{6,11,0,3}, d_{6,11,1,3}->d_{6,11,1,9}, d_{6,11,1,9}->d_{6,11,1,3}, d_{6,11,2,3}->d_{6,11,2,9}, d_{6,11,2,9}->d_{6,11,2,3}, d_{6,11,3,4}->d_{6,11,4,9}, d_{6,11,3,5}->d_{6,11,5,9}, d_{6,11,3,7}->d_{6,11,7,9}, d_{6,11,3,8}->d_{6,11,8,9}, d_{6,11,3,10}->d_{6,11,9,10}, d_{6,11,4,9}->d_{6,11,3,4}, d_{6,11,5,9}->d_{6,11,3,5}, d_{6,11,7,9}->d_{6,11,3,7}, d_{6,11,8,9}->d_{6,11,3,8}, d_{6,11,9,10}->d_{6,11,3,10}, d_{7,8,0,3}->d_{7,8,0,9}, d_{7,8,0,9}->d_{7,8,0,3}, d_{7,8,1,3}->d_{7,8,1,9}, d_{7,8,1,9}->d_{7,8,1,3}, d_{7,8,2,3}->d_{7,8,2,9}, d_{7,8,2,9}->d_{7,8,2,3}, d_{7,8,3,4}->d_{7,8,4,9}, d_{7,8,3,5}->d_{7,8,5,9}, d_{7,8,3,6}->d_{7,8,6,9}, d_{7,8,3,10}->d_{7,8,9,10}, d_{7,8,3,11}->d_{7,8,9,11}, d_{7,8,4,9}->d_{7,8,3,4}, d_{7,8,5,9}->d_{7,8,3,5}, d_{7,8,6,9}->d_{7,8,3,6}, d_{7,8,9,10}->d_{7,8,3,10}, d_{7,8,9,11}->d_{7,8,3,11}, d_{7,9,0,1}->d_{3,7,0,1}, d_{7,9,0,2}->d_{3,7,0,2}, d_{7,9,0,3}->d_{3,7,0,9}, d_{7,9,0,4}->d_{3,7,0,4}, d_{7,9,0,5}->d_{3,7,0,5}, d_{7,9,0,6}->d_{3,7,0,6}, d_{7,9,0,8}->d_{3,7,0,8}, d_{7,9,0,10}->d_{3,7,0,10}, d_{7,9,0,11}->d_{3,7,0,11}, d_{7,9,1,2}->d_{3,7,1,2}, d_{7,9,1,3}->d_{3,7,1,9}, d_{7,9,1,4}->d_{3,7,1,4}, d_{7,9,1,5}->d_{3,7,1,5}, d_{7,9,1,6}->d_{3,7,1,6}, d_{7,9,1,8}->d_{3,7,1,8}, d_{7,9,1,10}->d_{3,7,1,10}, d_{7,9,1,11}->d_{3,7,1,11}, d_{7,9,2,3}->d_{3,7,2,9}, d_{7,9,2,4}->d_{3,7,2,4}, d_{7,9,2,5}->d_{3,7,2,5}, d_{7,9,2,6}->d_{3,7,2,6}, d_{7,9,2,8}->d_{3,7,2,8}, d_{7,9,2,10}->d_{3,7,2,10}, d_{7,9,2,11}->d_{3,7,2,11}, d_{7,9,3,4}->d_{3,7,4,9}, d_{7,9,3,5}->d_{3,7,5,9}, d_{7,9,3,6}->d_{3,7,6,9}, d_{7,9,3,8}->d_{3,7,8,9}, d_{7,9,3,10}->d_{3,7,9,10}, d_{7,9,3,11}->d_{3,7,9,11}, d_{7,9,4,5}->d_{3,7,4,5}, d_{7,9,4,6}->d_{3,7,4,6}, d_{7,9,4,8}->d_{3,7,4,8}, d_{7,9,4,10}->d_{3,7,4,10}, d_{7,9,4,11}->d_{3,7,4,11}, d_{7,9,5,6}->d_{3,7,5,6}, d_{7,9,5,8}->d_{3,7,5,8}, d_{7,9,5,10}->d_{3,7,5,10}, d_{7,9,5,11}->d_{3,7,5,11}, d_{7,9,6,8}->d_{3,7,6,8}, d_{7,9,6,10}->d_{3,7,6,10}, d_{7,9,6,11}->d_{3,7,6,11}, d_{7,9,8,10}->d_{3,7,8,10}, d_{7,9,8,11}->d_{3,7,8,11}, d_{7,9,10,11}->d_{3,7,10,11}, d_{7,10,0,3}->d_{7,10,0,9}, d_{7,10,0,9}->d_{7,10,0,3}, d_{7,10,1,3}->d_{7,10,1,9}, d_{7,10,1,9}->d_{7,10,1,3}, d_{7,10,2,3}->d_{7,10,2,9}, d_{7,10,2,9}->d_{7,10,2,3}, d_{7,10,3,4}->d_{7,10,4,9}, d_{7,10,3,5}->d_{7,10,5,9}, d_{7,10,3,6}->d_{7,10,6,9}, d_{7,10,3,8}->d_{7,10,8,9}, d_{7,10,3,11}->d_{7,10,9,11}, d_{7,10,4,9}->d_{7,10,3,4}, d_{7,10,5,9}->d_{7,10,3,5}, d_{7,10,6,9}->d_{7,10,3,6}, d_{7,10,8,9}->d_{7,10,3,8}, d_{7,10,9,11}->d_{7,10,3,11}, d_{7,11,0,3}->d_{7,11,0,9}, d_{7,11,0,9}->d_{7,11,0,3}, d_{7,11,1,3}->d_{7,11,1,9}, d_{7,11,1,9}->d_{7,11,1,3}, d_{7,11,2,3}->d_{7,11,2,9}, d_{7,11,2,9}->d_{7,11,2,3}, d_{7,11,3,4}->d_{7,11,4,9}, d_{7,11,3,5}->d_{7,11,5,9}, d_{7,11,3,6}->d_{7,11,6,9}, d_{7,11,3,8}->d_{7,11,8,9}, d_{7,11,3,10}->d_{7,11,9,10}, d_{7,11,4,9}->d_{7,11,3,4}, d_{7,11,5,9}->d_{7,11,3,5}, d_{7,11,6,9}->d_{7,11,3,6}, d_{7,11,8,9}->d_{7,11,3,8}, d_{7,11,9,10}->d_{7,11,3,10}, d_{8,9,0,1}->d_{3,8,0,1}, d_{8,9,0,2}->d_{3,8,0,2}, d_{8,9,0,3}->d_{3,8,0,9}, d_{8,9,0,4}->d_{3,8,0,4}, d_{8,9,0,5}->d_{3,8,0,5}, d_{8,9,0,6}->d_{3,8,0,6}, d_{8,9,0,7}->d_{3,8,0,7}, d_{8,9,0,10}->d_{3,8,0,10}, d_{8,9,0,11}->d_{3,8,0,11}, d_{8,9,1,2}->d_{3,8,1,2}, d_{8,9,1,3}->d_{3,8,1,9}, d_{8,9,1,4}->d_{3,8,1,4}, d_{8,9,1,5}->d_{3,8,1,5}, d_{8,9,1,6}->d_{3,8,1,6}, d_{8,9,1,7}->d_{3,8,1,7}, d_{8,9,1,10}->d_{3,8,1,10}, d_{8,9,1,11}->d_{3,8,1,11}, d_{8,9,2,3}->d_{3,8,2,9}, d_{8,9,2,4}->d_{3,8,2,4}, d_{8,9,2,5}->d_{3,8,2,5}, d_{8,9,2,6}->d_{3,8,2,6}, d_{8,9,2,7}->d_{3,8,2,7}, d_{8,9,2,10}->d_{3,8,2,10}, d_{8,9,2,11}->d_{3,8,2,11}, d_{8,9,3,4}->d_{3,8,4,9}, d_{8,9,3,5}->d_{3,8,5,9}, d_{8,9,3,6}->d_{3,8,6,9}, d_{8,9,3,7}->d_{3,8,7,9}, d_{8,9,3,10}->d_{3,8,9,10}, d_{8,9,3,11}->d_{3,8,9,11}, d_{8,9,4,5}->d_{3,8,4,5}, d_{8,9,4,6}->d_{3,8,4,6}, d_{8,9,4,7}->d_{3,8,4,7}, d_{8,9,4,10}->d_{3,8,4,10}, d_{8,9,4,11}->d_{3,8,4,11}, d_{8,9,5,6}->d_{3,8,5,6}, d_{8,9,5,7}->d_{3,8,5,7}, d_{8,9,5,10}->d_{3,8,5,10}, d_{8,9,5,11}->d_{3,8,5,11}, d_{8,9,6,7}->d_{3,8,6,7}, d_{8,9,6,10}->d_{3,8,6,10}, d_{8,9,6,11}->d_{3,8,6,11}, d_{8,9,7,10}->d_{3,8,7,10}, d_{8,9,7,11}->d_{3,8,7,11}, d_{8,9,10,11}->d_{3,8,10,11}, d_{8,10,0,3}->d_{8,10,0,9}, d_{8,10,0,9}->d_{8,10,0,3}, d_{8,10,1,3}->d_{8,10,1,9}, d_{8,10,1,9}->d_{8,10,1,3}, d_{8,10,2,3}->d_{8,10,2,9}, d_{8,10,2,9}->d_{8,10,2,3}, d_{8,10,3,4}->d_{8,10,4,9}, d_{8,10,3,5}->d_{8,10,5,9}, d_{8,10,3,6}->d_{8,10,6,9}, d_{8,10,3,7}->d_{8,10,7,9}, d_{8,10,3,11}->d_{8,10,9,11}, d_{8,10,4,9}->d_{8,10,3,4}, d_{8,10,5,9}->d_{8,10,3,5}, d_{8,10,6,9}->d_{8,10,3,6}, d_{8,10,7,9}->d_{8,10,3,7}, d_{8,10,9,11}->d_{8,10,3,11}, d_{8,11,0,3}->d_{8,11,0,9}, d_{8,11,0,9}->d_{8,11,0,3}, d_{8,11,1,3}->d_{8,11,1,9}, d_{8,11,1,9}->d_{8,11,1,3}, d_{8,11,2,3}->d_{8,11,2,9}, d_{8,11,2,9}->d_{8,11,2,3}, d_{8,11,3,4}->d_{8,11,4,9}, d_{8,11,3,5}->d_{8,11,5,9}, d_{8,11,3,6}->d_{8,11,6,9}, d_{8,11,3,7}->d_{8,11,7,9}, d_{8,11,3,10}->d_{8,11,9,10}, d_{8,11,4,9}->d_{8,11,3,4}, d_{8,11,5,9}->d_{8,11,3,5}, d_{8,11,6,9}->d_{8,11,3,6}, d_{8,11,7,9}->d_{8,11,3,7}, d_{8,11,9,10}->d_{8,11,3,10}, d_{9,10,0,1}->d_{3,10,0,1}, d_{9,10,0,2}->d_{3,10,0,2}, d_{9,10,0,3}->d_{3,10,0,9}, d_{9,10,0,4}->d_{3,10,0,4}, d_{9,10,0,5}->d_{3,10,0,5}, d_{9,10,0,6}->d_{3,10,0,6}, d_{9,10,0,7}->d_{3,10,0,7}, d_{9,10,0,8}->d_{3,10,0,8}, d_{9,10,0,11}->d_{3,10,0,11}, d_{9,10,1,2}->d_{3,10,1,2}, d_{9,10,1,3}->d_{3,10,1,9}, d_{9,10,1,4}->d_{3,10,1,4}, d_{9,10,1,5}->d_{3,10,1,5}, d_{9,10,1,6}->d_{3,10,1,6}, d_{9,10,1,7}->d_{3,10,1,7}, d_{9,10,1,8}->d_{3,10,1,8}, d_{9,10,1,11}->d_{3,10,1,11}, d_{9,10,2,3}->d_{3,10,2,9}, d_{9,10,2,4}->d_{3,10,2,4}, d_{9,10,2,5}->d_{3,10,2,5}, d_{9,10,2,6}->d_{3,10,2,6}, d_{9,10,2,7}->d_{3,10,2,7}, d_{9,10,2,8}->d_{3,10,2,8}, d_{9,10,2,11}->d_{3,10,2,11}, d_{9,10,3,4}->d_{3,10,4,9}, d_{9,10,3,5}->d_{3,10,5,9}, d_{9,10,3,6}->d_{3,10,6,9}, d_{9,10,3,7}->d_{3,10,7,9}, d_{9,10,3,8}->d_{3,10,8,9}, d_{9,10,3,11}->d_{3,10,9,11}, d_{9,10,4,5}->d_{3,10,4,5}, d_{9,10,4,6}->d_{3,10,4,6}, d_{9,10,4,7}->d_{3,10,4,7}, d_{9,10,4,8}->d_{3,10,4,8}, d_{9,10,4,11}->d_{3,10,4,11}, d_{9,10,5,6}->d_{3,10,5,6}, d_{9,10,5,7}->d_{3,10,5,7}, d_{9,10,5,8}->d_{3,10,5,8}, d_{9,10,5,11}->d_{3,10,5,11}, d_{9,10,6,7}->d_{3,10,6,7}, d_{9,10,6,8}->d_{3,10,6,8}, d_{9,10,6,11}->d_{3,10,6,11}, d_{9,10,7,8}->d_{3,10,7,8}, d_{9,10,7,11}->d_{3,10,7,11}, d_{9,10,8,11}->d_{3,10,8,11}, d_{9,11,0,1}->d_{3,11,0,1}, d_{9,11,0,2}->d_{3,11,0,2}, d_{9,11,0,3}->d_{3,11,0,9}, d_{9,11,0,4}->d_{3,11,0,4}, d_{9,11,0,5}->d_{3,11,0,5}, d_{9,11,0,6}->d_{3,11,0,6}, d_{9,11,0,7}->d_{3,11,0,7}, d_{9,11,0,8}->d_{3,11,0,8}, d_{9,11,0,10}->d_{3,11,0,10}, d_{9,11,1,2}->d_{3,11,1,2}, d_{9,11,1,3}->d_{3,11,1,9}, d_{9,11,1,4}->d_{3,11,1,4}, d_{9,11,1,5}->d_{3,11,1,5}, d_{9,11,1,6}->d_{3,11,1,6}, d_{9,11,1,7}->d_{3,11,1,7}, d_{9,11,1,8}->d_{3,11,1,8}, d_{9,11,1,10}->d_{3,11,1,10}, d_{9,11,2,3}->d_{3,11,2,9}, d_{9,11,2,4}->d_{3,11,2,4}, d_{9,11,2,5}->d_{3,11,2,5}, d_{9,11,2,6}->d_{3,11,2,6}, d_{9,11,2,7}->d_{3,11,2,7}, d_{9,11,2,8}->d_{3,11,2,8}, d_{9,11,2,10}->d_{3,11,2,10}, d_{9,11,3,4}->d_{3,11,4,9}, d_{9,11,3,5}->d_{3,11,5,9}, d_{9,11,3,6}->d_{3,11,6,9}, d_{9,11,3,7}->d_{3,11,7,9}, d_{9,11,3,8}->d_{3,11,8,9}, d_{9,11,3,10}->d_{3,11,9,10}, d_{9,11,4,5}->d_{3,11,4,5}, d_{9,11,4,6}->d_{3,11,4,6}, d_{9,11,4,7}->d_{3,11,4,7}, d_{9,11,4,8}->d_{3,11,4,8}, d_{9,11,4,10}->d_{3,11,4,10}, d_{9,11,5,6}->d_{3,11,5,6}, d_{9,11,5,7}->d_{3,11,5,7}, d_{9,11,5,8}->d_{3,11,5,8}, d_{9,11,5,10}->d_{3,11,5,10}, d_{9,11,6,7}->d_{3,11,6,7}, d_{9,11,6,8}->d_{3,11,6,8}, d_{9,11,6,10}->d_{3,11,6,10}, d_{9,11,7,8}->d_{3,11,7,8}, d_{9,11,7,10}->d_{3,11,7,10}, d_{9,11,8,10}->d_{3,11,8,10}, d_{10,11,0,3}->d_{10,11,0,9}, d_{10,11,0,9}->d_{10,11,0,3}, d_{10,11,1,3}->d_{10,11,1,9}, d_{10,11,1,9}->d_{10,11,1,3}, d_{10,11,2,3}->d_{10,11,2,9}, d_{10,11,2,9}->d_{10,11,2,3}, d_{10,11,3,4}->d_{10,11,4,9}, d_{10,11,3,5}->d_{10,11,5,9}, d_{10,11,3,6}->d_{10,11,6,9}, d_{10,11,3,7}->d_{10,11,7,9}, d_{10,11,3,8}->d_{10,11,8,9}, d_{10,11,4,9}->d_{10,11,3,4}, d_{10,11,5,9}->d_{10,11,3,5}, d_{10,11,6,9}->d_{10,11,3,6}, d_{10,11,7,9}->d_{10,11,3,7}, d_{10,11,8,9}->d_{10,11,3,8}

Permutation #8:
  Bonds: r_{0,3}->r_{0,10}, r_{0,10}->r_{0,3}, r_{1,3}->r_{1,10}, r_{1,10}->r_{1,3}, r_{2,3}->r_{2,10}, r_{2,10}->r_{2,3}, r_{3,4}->r_{4,10}, r_{3,5}->r_{5,10}, r_{3,6}->r_{6,10}, r_{3,7}->r_{7,10}, r_{3,8}->r_{8,10}, r_{3,9}->r_{9,10}, r_{3,11}->r_{10,11}, r_{4,10}->r_{3,4}, r_{5,10}->r_{3,5}, r_{6,10}->r_{3,6}, r_{7,10}->r_{3,7}, r_{8,10}->r_{3,8}, r_{9,10}->r_{3,9}, r_{10,11}->r_{3,11}
  Angles: theta^{0}_{1,3}->theta^{0}_{1,10}, theta^{0}_{1,10}->theta^{0}_{1,3}, theta^{0}_{2,3}->theta^{0}_{2,10}, theta^{0}_{2,10}->theta^{0}_{2,3}, theta^{0}_{3,4}->theta^{0}_{4,10}, theta^{0}_{3,5}->theta^{0}_{5,10}, theta^{0}_{3,6}->theta^{0}_{6,10}, theta^{0}_{3,7}->theta^{0}_{7,10}, theta^{0}_{3,8}->theta^{0}_{8,10}, theta^{0}_{3,9}->theta^{0}_{9,10}, theta^{0}_{3,11}->theta^{0}_{10,11}, theta^{0}_{4,10}->theta^{0}_{3,4}, theta^{0}_{5,10}->theta^{0}_{3,5}, theta^{0}_{6,10}->theta^{0}_{3,6}, theta^{0}_{7,10}->theta^{0}_{3,7}, theta^{0}_{8,10}->theta^{0}_{3,8}, theta^{0}_{9,10}->theta^{0}_{3,9}, theta^{0}_{10,11}->theta^{0}_{3,11}, theta^{1}_{0,3}->theta^{1}_{0,10}, theta^{1}_{0,10}->theta^{1}_{0,3}, theta^{1}_{2,3}->theta^{1}_{2,10}, theta^{1}_{2,10}->theta^{1}_{2,3}, theta^{1}_{3,4}->theta^{1}_{4,10}, theta^{1}_{3,5}->theta^{1}_{5,10}, theta^{1}_{3,6}->theta^{1}_{6,10}, theta^{1}_{3,7}->theta^{1}_{7,10}, theta^{1}_{3,8}->theta^{1}_{8,10}, theta^{1}_{3,9}->theta^{1}_{9,10}, theta^{1}_{3,11}->theta^{1}_{10,11}, theta^{1}_{4,10}->theta^{1}_{3,4}, theta^{1}_{5,10}->theta^{1}_{3,5}, theta^{1}_{6,10}->theta^{1}_{3,6}, theta^{1}_{7,10}->theta^{1}_{3,7}, theta^{1}_{8,10}->theta^{1}_{3,8}, theta^{1}_{9,10}->theta^{1}_{3,9}, theta^{1}_{10,11}->theta^{1}_{3,11}, theta^{2}_{0,3}->theta^{2}_{0,10}, theta^{2}_{0,10}->theta^{2}_{0,3}, theta^{2}_{1,3}->theta^{2}_{1,10}, theta^{2}_{1,10}->theta^{2}_{1,3}, theta^{2}_{3,4}->theta^{2}_{4,10}, theta^{2}_{3,5}->theta^{2}_{5,10}, theta^{2}_{3,6}->theta^{2}_{6,10}, theta^{2}_{3,7}->theta^{2}_{7,10}, theta^{2}_{3,8}->theta^{2}_{8,10}, theta^{2}_{3,9}->theta^{2}_{9,10}, theta^{2}_{3,11}->theta^{2}_{10,11}, theta^{2}_{4,10}->theta^{2}_{3,4}, theta^{2}_{5,10}->theta^{2}_{3,5}, theta^{2}_{6,10}->theta^{2}_{3,6}, theta^{2}_{7,10}->theta^{2}_{3,7}, theta^{2}_{8,10}->theta^{2}_{3,8}, theta^{2}_{9,10}->theta^{2}_{3,9}, theta^{2}_{10,11}->theta^{2}_{3,11}, theta^{3}_{0,1}->theta^{10}_{0,1}, theta^{3}_{0,2}->theta^{10}_{0,2}, theta^{3}_{0,4}->theta^{10}_{0,4}, theta^{3}_{0,5}->theta^{10}_{0,5}, theta^{3}_{0,6}->theta^{10}_{0,6}, theta^{3}_{0,7}->theta^{10}_{0,7}, theta^{3}_{0,8}->theta^{10}_{0,8}, theta^{3}_{0,9}->theta^{10}_{0,9}, theta^{3}_{0,10}->theta^{10}_{0,3}, theta^{3}_{0,11}->theta^{10}_{0,11}, theta^{3}_{1,2}->theta^{10}_{1,2}, theta^{3}_{1,4}->theta^{10}_{1,4}, theta^{3}_{1,5}->theta^{10}_{1,5}, theta^{3}_{1,6}->theta^{10}_{1,6}, theta^{3}_{1,7}->theta^{10}_{1,7}, theta^{3}_{1,8}->theta^{10}_{1,8}, theta^{3}_{1,9}->theta^{10}_{1,9}, theta^{3}_{1,10}->theta^{10}_{1,3}, theta^{3}_{1,11}->theta^{10}_{1,11}, theta^{3}_{2,4}->theta^{10}_{2,4}, theta^{3}_{2,5}->theta^{10}_{2,5}, theta^{3}_{2,6}->theta^{10}_{2,6}, theta^{3}_{2,7}->theta^{10}_{2,7}, theta^{3}_{2,8}->theta^{10}_{2,8}, theta^{3}_{2,9}->theta^{10}_{2,9}, theta^{3}_{2,10}->theta^{10}_{2,3}, theta^{3}_{2,11}->theta^{10}_{2,11}, theta^{3}_{4,5}->theta^{10}_{4,5}, theta^{3}_{4,6}->theta^{10}_{4,6}, theta^{3}_{4,7}->theta^{10}_{4,7}, theta^{3}_{4,8}->theta^{10}_{4,8}, theta^{3}_{4,9}->theta^{10}_{4,9}, theta^{3}_{4,10}->theta^{10}_{3,4}, theta^{3}_{4,11}->theta^{10}_{4,11}, theta^{3}_{5,6}->theta^{10}_{5,6}, theta^{3}_{5,7}->theta^{10}_{5,7}, theta^{3}_{5,8}->theta^{10}_{5,8}, theta^{3}_{5,9}->theta^{10}_{5,9}, theta^{3}_{5,10}->theta^{10}_{3,5}, theta^{3}_{5,11}->theta^{10}_{5,11}, theta^{3}_{6,7}->theta^{10}_{6,7}, theta^{3}_{6,8}->theta^{10}_{6,8}, theta^{3}_{6,9}->theta^{10}_{6,9}, theta^{3}_{6,10}->theta^{10}_{3,6}, theta^{3}_{6,11}->theta^{10}_{6,11}, theta^{3}_{7,8}->theta^{10}_{7,8}, theta^{3}_{7,9}->theta^{10}_{7,9}, theta^{3}_{7,10}->theta^{10}_{3,7}, theta^{3}_{7,11}->theta^{10}_{7,11}, theta^{3}_{8,9}->theta^{10}_{8,9}, theta^{3}_{8,10}->theta^{10}_{3,8}, theta^{3}_{8,11}->theta^{10}_{8,11}, theta^{3}_{9,10}->theta^{10}_{3,9}, theta^{3}_{9,11}->theta^{10}_{9,11}, theta^{3}_{10,11}->theta^{10}_{3,11}, theta^{4}_{0,3}->theta^{4}_{0,10}, theta^{4}_{0,10}->theta^{4}_{0,3}, theta^{4}_{1,3}->theta^{4}_{1,10}, theta^{4}_{1,10}->theta^{4}_{1,3}, theta^{4}_{2,3}->theta^{4}_{2,10}, theta^{4}_{2,10}->theta^{4}_{2,3}, theta^{4}_{3,5}->theta^{4}_{5,10}, theta^{4}_{3,6}->theta^{4}_{6,10}, theta^{4}_{3,7}->theta^{4}_{7,10}, theta^{4}_{3,8}->theta^{4}_{8,10}, theta^{4}_{3,9}->theta^{4}_{9,10}, theta^{4}_{3,11}->theta^{4}_{10,11}, theta^{4}_{5,10}->theta^{4}_{3,5}, theta^{4}_{6,10}->theta^{4}_{3,6}, theta^{4}_{7,10}->theta^{4}_{3,7}, theta^{4}_{8,10}->theta^{4}_{3,8}, theta^{4}_{9,10}->theta^{4}_{3,9}, theta^{4}_{10,11}->theta^{4}_{3,11}, theta^{5}_{0,3}->theta^{5}_{0,10}, theta^{5}_{0,10}->theta^{5}_{0,3}, theta^{5}_{1,3}->theta^{5}_{1,10}, theta^{5}_{1,10}->theta^{5}_{1,3}, theta^{5}_{2,3}->theta^{5}_{2,10}, theta^{5}_{2,10}->theta^{5}_{2,3}, theta^{5}_{3,4}->theta^{5}_{4,10}, theta^{5}_{3,6}->theta^{5}_{6,10}, theta^{5}_{3,7}->theta^{5}_{7,10}, theta^{5}_{3,8}->theta^{5}_{8,10}, theta^{5}_{3,9}->theta^{5}_{9,10}, theta^{5}_{3,11}->theta^{5}_{10,11}, theta^{5}_{4,10}->theta^{5}_{3,4}, theta^{5}_{6,10}->theta^{5}_{3,6}, theta^{5}_{7,10}->theta^{5}_{3,7}, theta^{5}_{8,10}->theta^{5}_{3,8}, theta^{5}_{9,10}->theta^{5}_{3,9}, theta^{5}_{10,11}->theta^{5}_{3,11}, theta^{6}_{0,3}->theta^{6}_{0,10}, theta^{6}_{0,10}->theta^{6}_{0,3}, theta^{6}_{1,3}->theta^{6}_{1,10}, theta^{6}_{1,10}->theta^{6}_{1,3}, theta^{6}_{2,3}->theta^{6}_{2,10}, theta^{6}_{2,10}->theta^{6}_{2,3}, theta^{6}_{3,4}->theta^{6}_{4,10}, theta^{6}_{3,5}->theta^{6}_{5,10}, theta^{6}_{3,7}->theta^{6}_{7,10}, theta^{6}_{3,8}->theta^{6}_{8,10}, theta^{6}_{3,9}->theta^{6}_{9,10}, theta^{6}_{3,11}->theta^{6}_{10,11}, theta^{6}_{4,10}->theta^{6}_{3,4}, theta^{6}_{5,10}->theta^{6}_{3,5}, theta^{6}_{7,10}->theta^{6}_{3,7}, theta^{6}_{8,10}->theta^{6}_{3,8}, theta^{6}_{9,10}->theta^{6}_{3,9}, theta^{6}_{10,11}->theta^{6}_{3,11}, theta^{7}_{0,3}->theta^{7}_{0,10}, theta^{7}_{0,10}->theta^{7}_{0,3}, theta^{7}_{1,3}->theta^{7}_{1,10}, theta^{7}_{1,10}->theta^{7}_{1,3}, theta^{7}_{2,3}->theta^{7}_{2,10}, theta^{7}_{2,10}->theta^{7}_{2,3}, theta^{7}_{3,4}->theta^{7}_{4,10}, theta^{7}_{3,5}->theta^{7}_{5,10}, theta^{7}_{3,6}->theta^{7}_{6,10}, theta^{7}_{3,8}->theta^{7}_{8,10}, theta^{7}_{3,9}->theta^{7}_{9,10}, theta^{7}_{3,11}->theta^{7}_{10,11}, theta^{7}_{4,10}->theta^{7}_{3,4}, theta^{7}_{5,10}->theta^{7}_{3,5}, theta^{7}_{6,10}->theta^{7}_{3,6}, theta^{7}_{8,10}->theta^{7}_{3,8}, theta^{7}_{9,10}->theta^{7}_{3,9}, theta^{7}_{10,11}->theta^{7}_{3,11}, theta^{8}_{0,3}->theta^{8}_{0,10}, theta^{8}_{0,10}->theta^{8}_{0,3}, theta^{8}_{1,3}->theta^{8}_{1,10}, theta^{8}_{1,10}->theta^{8}_{1,3}, theta^{8}_{2,3}->theta^{8}_{2,10}, theta^{8}_{2,10}->theta^{8}_{2,3}, theta^{8}_{3,4}->theta^{8}_{4,10}, theta^{8}_{3,5}->theta^{8}_{5,10}, theta^{8}_{3,6}->theta^{8}_{6,10}, theta^{8}_{3,7}->theta^{8}_{7,10}, theta^{8}_{3,9}->theta^{8}_{9,10}, theta^{8}_{3,11}->theta^{8}_{10,11}, theta^{8}_{4,10}->theta^{8}_{3,4}, theta^{8}_{5,10}->theta^{8}_{3,5}, theta^{8}_{6,10}->theta^{8}_{3,6}, theta^{8}_{7,10}->theta^{8}_{3,7}, theta^{8}_{9,10}->theta^{8}_{3,9}, theta^{8}_{10,11}->theta^{8}_{3,11}, theta^{9}_{0,3}->theta^{9}_{0,10}, theta^{9}_{0,10}->theta^{9}_{0,3}, theta^{9}_{1,3}->theta^{9}_{1,10}, theta^{9}_{1,10}->theta^{9}_{1,3}, theta^{9}_{2,3}->theta^{9}_{2,10}, theta^{9}_{2,10}->theta^{9}_{2,3}, theta^{9}_{3,4}->theta^{9}_{4,10}, theta^{9}_{3,5}->theta^{9}_{5,10}, theta^{9}_{3,6}->theta^{9}_{6,10}, theta^{9}_{3,7}->theta^{9}_{7,10}, theta^{9}_{3,8}->theta^{9}_{8,10}, theta^{9}_{3,11}->theta^{9}_{10,11}, theta^{9}_{4,10}->theta^{9}_{3,4}, theta^{9}_{5,10}->theta^{9}_{3,5}, theta^{9}_{6,10}->theta^{9}_{3,6}, theta^{9}_{7,10}->theta^{9}_{3,7}, theta^{9}_{8,10}->theta^{9}_{3,8}, theta^{9}_{10,11}->theta^{9}_{3,11}, theta^{10}_{0,1}->theta^{3}_{0,1}, theta^{10}_{0,2}->theta^{3}_{0,2}, theta^{10}_{0,3}->theta^{3}_{0,10}, theta^{10}_{0,4}->theta^{3}_{0,4}, theta^{10}_{0,5}->theta^{3}_{0,5}, theta^{10}_{0,6}->theta^{3}_{0,6}, theta^{10}_{0,7}->theta^{3}_{0,7}, theta^{10}_{0,8}->theta^{3}_{0,8}, theta^{10}_{0,9}->theta^{3}_{0,9}, theta^{10}_{0,11}->theta^{3}_{0,11}, theta^{10}_{1,2}->theta^{3}_{1,2}, theta^{10}_{1,3}->theta^{3}_{1,10}, theta^{10}_{1,4}->theta^{3}_{1,4}, theta^{10}_{1,5}->theta^{3}_{1,5}, theta^{10}_{1,6}->theta^{3}_{1,6}, theta^{10}_{1,7}->theta^{3}_{1,7}, theta^{10}_{1,8}->theta^{3}_{1,8}, theta^{10}_{1,9}->theta^{3}_{1,9}, theta^{10}_{1,11}->theta^{3}_{1,11}, theta^{10}_{2,3}->theta^{3}_{2,10}, theta^{10}_{2,4}->theta^{3}_{2,4}, theta^{10}_{2,5}->theta^{3}_{2,5}, theta^{10}_{2,6}->theta^{3}_{2,6}, theta^{10}_{2,7}->theta^{3}_{2,7}, theta^{10}_{2,8}->theta^{3}_{2,8}, theta^{10}_{2,9}->theta^{3}_{2,9}, theta^{10}_{2,11}->theta^{3}_{2,11}, theta^{10}_{3,4}->theta^{3}_{4,10}, theta^{10}_{3,5}->theta^{3}_{5,10}, theta^{10}_{3,6}->theta^{3}_{6,10}, theta^{10}_{3,7}->theta^{3}_{7,10}, theta^{10}_{3,8}->theta^{3}_{8,10}, theta^{10}_{3,9}->theta^{3}_{9,10}, theta^{10}_{3,11}->theta^{3}_{10,11}, theta^{10}_{4,5}->theta^{3}_{4,5}, theta^{10}_{4,6}->theta^{3}_{4,6}, theta^{10}_{4,7}->theta^{3}_{4,7}, theta^{10}_{4,8}->theta^{3}_{4,8}, theta^{10}_{4,9}->theta^{3}_{4,9}, theta^{10}_{4,11}->theta^{3}_{4,11}, theta^{10}_{5,6}->theta^{3}_{5,6}, theta^{10}_{5,7}->theta^{3}_{5,7}, theta^{10}_{5,8}->theta^{3}_{5,8}, theta^{10}_{5,9}->theta^{3}_{5,9}, theta^{10}_{5,11}->theta^{3}_{5,11}, theta^{10}_{6,7}->theta^{3}_{6,7}, theta^{10}_{6,8}->theta^{3}_{6,8}, theta^{10}_{6,9}->theta^{3}_{6,9}, theta^{10}_{6,11}->theta^{3}_{6,11}, theta^{10}_{7,8}->theta^{3}_{7,8}, theta^{10}_{7,9}->theta^{3}_{7,9}, theta^{10}_{7,11}->theta^{3}_{7,11}, theta^{10}_{8,9}->theta^{3}_{8,9}, theta^{10}_{8,11}->theta^{3}_{8,11}, theta^{10}_{9,11}->theta^{3}_{9,11}, theta^{11}_{0,3}->theta^{11}_{0,10}, theta^{11}_{0,10}->theta^{11}_{0,3}, theta^{11}_{1,3}->theta^{11}_{1,10}, theta^{11}_{1,10}->theta^{11}_{1,3}, theta^{11}_{2,3}->theta^{11}_{2,10}, theta^{11}_{2,10}->theta^{11}_{2,3}, theta^{11}_{3,4}->theta^{11}_{4,10}, theta^{11}_{3,5}->theta^{11}_{5,10}, theta^{11}_{3,6}->theta^{11}_{6,10}, theta^{11}_{3,7}->theta^{11}_{7,10}, theta^{11}_{3,8}->theta^{11}_{8,10}, theta^{11}_{3,9}->theta^{11}_{9,10}, theta^{11}_{4,10}->theta^{11}_{3,4}, theta^{11}_{5,10}->theta^{11}_{3,5}, theta^{11}_{6,10}->theta^{11}_{3,6}, theta^{11}_{7,10}->theta^{11}_{3,7}, theta^{11}_{8,10}->theta^{11}_{3,8}, theta^{11}_{9,10}->theta^{11}_{3,9}
  Dihedrals: d_{0,1,2,3}->d_{0,1,2,10}, d_{0,1,2,10}->d_{0,1,2,3}, d_{0,1,3,4}->d_{0,1,4,10}, d_{0,1,3,5}->d_{0,1,5,10}, d_{0,1,3,6}->d_{0,1,6,10}, d_{0,1,3,7}->d_{0,1,7,10}, d_{0,1,3,8}->d_{0,1,8,10}, d_{0,1,3,9}->d_{0,1,9,10}, d_{0,1,3,11}->d_{0,1,10,11}, d_{0,1,4,10}->d_{0,1,3,4}, d_{0,1,5,10}->d_{0,1,3,5}, d_{0,1,6,10}->d_{0,1,3,6}, d_{0,1,7,10}->d_{0,1,3,7}, d_{0,1,8,10}->d_{0,1,3,8}, d_{0,1,9,10}->d_{0,1,3,9}, d_{0,1,10,11}->d_{0,1,3,11}, d_{0,2,1,3}->d_{0,2,1,10}, d_{0,2,1,10}->d_{0,2,1,3}, d_{0,2,3,4}->d_{0,2,4,10}, d_{0,2,3,5}->d_{0,2,5,10}, d_{0,2,3,6}->d_{0,2,6,10}, d_{0,2,3,7}->d_{0,2,7,10}, d_{0,2,3,8}->d_{0,2,8,10}, d_{0,2,3,9}->d_{0,2,9,10}, d_{0,2,3,11}->d_{0,2,10,11}, d_{0,2,4,10}->d_{0,2,3,4}, d_{0,2,5,10}->d_{0,2,3,5}, d_{0,2,6,10}->d_{0,2,3,6}, d_{0,2,7,10}->d_{0,2,3,7}, d_{0,2,8,10}->d_{0,2,3,8}, d_{0,2,9,10}->d_{0,2,3,9}, d_{0,2,10,11}->d_{0,2,3,11}, d_{0,3,1,2}->d_{0,10,1,2}, d_{0,3,1,4}->d_{0,10,1,4}, d_{0,3,1,5}->d_{0,10,1,5}, d_{0,3,1,6}->d_{0,10,1,6}, d_{0,3,1,7}->d_{0,10,1,7}, d_{0,3,1,8}->d_{0,10,1,8}, d_{0,3,1,9}->d_{0,10,1,9}, d_{0,3,1,10}->d_{0,10,1,3}, d_{0,3,1,11}->d_{0,10,1,11}, d_{0,3,2,4}->d_{0,10,2,4}, d_{0,3,2,5}->d_{0,10,2,5}, d_{0,3,2,6}->d_{0,10,2,6}, d_{0,3,2,7}->d_{0,10,2,7}, d_{0,3,2,8}->d_{0,10,2,8}, d_{0,3,2,9}->d_{0,10,2,9}, d_{0,3,2,10}->d_{0,10,2,3}, d_{0,3,2,11}->d_{0,10,2,11}, d_{0,3,4,5}->d_{0,10,4,5}, d_{0,3,4,6}->d_{0,10,4,6}, d_{0,3,4,7}->d_{0,10,4,7}, d_{0,3,4,8}->d_{0,10,4,8}, d_{0,3,4,9}->d_{0,10,4,9}, d_{0,3,4,10}->d_{0,10,3,4}, d_{0,3,4,11}->d_{0,10,4,11}, d_{0,3,5,6}->d_{0,10,5,6}, d_{0,3,5,7}->d_{0,10,5,7}, d_{0,3,5,8}->d_{0,10,5,8}, d_{0,3,5,9}->d_{0,10,5,9}, d_{0,3,5,10}->d_{0,10,3,5}, d_{0,3,5,11}->d_{0,10,5,11}, d_{0,3,6,7}->d_{0,10,6,7}, d_{0,3,6,8}->d_{0,10,6,8}, d_{0,3,6,9}->d_{0,10,6,9}, d_{0,3,6,10}->d_{0,10,3,6}, d_{0,3,6,11}->d_{0,10,6,11}, d_{0,3,7,8}->d_{0,10,7,8}, d_{0,3,7,9}->d_{0,10,7,9}, d_{0,3,7,10}->d_{0,10,3,7}, d_{0,3,7,11}->d_{0,10,7,11}, d_{0,3,8,9}->d_{0,10,8,9}, d_{0,3,8,10}->d_{0,10,3,8}, d_{0,3,8,11}->d_{0,10,8,11}, d_{0,3,9,10}->d_{0,10,3,9}, d_{0,3,9,11}->d_{0,10,9,11}, d_{0,3,10,11}->d_{0,10,3,11}, d_{0,4,1,3}->d_{0,4,1,10}, d_{0,4,1,10}->d_{0,4,1,3}, d_{0,4,2,3}->d_{0,4,2,10}, d_{0,4,2,10}->d_{0,4,2,3}, d_{0,4,3,5}->d_{0,4,5,10}, d_{0,4,3,6}->d_{0,4,6,10}, d_{0,4,3,7}->d_{0,4,7,10}, d_{0,4,3,8}->d_{0,4,8,10}, d_{0,4,3,9}->d_{0,4,9,10}, d_{0,4,3,11}->d_{0,4,10,11}, d_{0,4,5,10}->d_{0,4,3,5}, d_{0,4,6,10}->d_{0,4,3,6}, d_{0,4,7,10}->d_{0,4,3,7}, d_{0,4,8,10}->d_{0,4,3,8}, d_{0,4,9,10}->d_{0,4,3,9}, d_{0,4,10,11}->d_{0,4,3,11}, d_{0,5,1,3}->d_{0,5,1,10}, d_{0,5,1,10}->d_{0,5,1,3}, d_{0,5,2,3}->d_{0,5,2,10}, d_{0,5,2,10}->d_{0,5,2,3}, d_{0,5,3,4}->d_{0,5,4,10}, d_{0,5,3,6}->d_{0,5,6,10}, d_{0,5,3,7}->d_{0,5,7,10}, d_{0,5,3,8}->d_{0,5,8,10}, d_{0,5,3,9}->d_{0,5,9,10}, d_{0,5,3,11}->d_{0,5,10,11}, d_{0,5,4,10}->d_{0,5,3,4}, d_{0,5,6,10}->d_{0,5,3,6}, d_{0,5,7,10}->d_{0,5,3,7}, d_{0,5,8,10}->d_{0,5,3,8}, d_{0,5,9,10}->d_{0,5,3,9}, d_{0,5,10,11}->d_{0,5,3,11}, d_{0,6,1,3}->d_{0,6,1,10}, d_{0,6,1,10}->d_{0,6,1,3}, d_{0,6,2,3}->d_{0,6,2,10}, d_{0,6,2,10}->d_{0,6,2,3}, d_{0,6,3,4}->d_{0,6,4,10}, d_{0,6,3,5}->d_{0,6,5,10}, d_{0,6,3,7}->d_{0,6,7,10}, d_{0,6,3,8}->d_{0,6,8,10}, d_{0,6,3,9}->d_{0,6,9,10}, d_{0,6,3,11}->d_{0,6,10,11}, d_{0,6,4,10}->d_{0,6,3,4}, d_{0,6,5,10}->d_{0,6,3,5}, d_{0,6,7,10}->d_{0,6,3,7}, d_{0,6,8,10}->d_{0,6,3,8}, d_{0,6,9,10}->d_{0,6,3,9}, d_{0,6,10,11}->d_{0,6,3,11}, d_{0,7,1,3}->d_{0,7,1,10}, d_{0,7,1,10}->d_{0,7,1,3}, d_{0,7,2,3}->d_{0,7,2,10}, d_{0,7,2,10}->d_{0,7,2,3}, d_{0,7,3,4}->d_{0,7,4,10}, d_{0,7,3,5}->d_{0,7,5,10}, d_{0,7,3,6}->d_{0,7,6,10}, d_{0,7,3,8}->d_{0,7,8,10}, d_{0,7,3,9}->d_{0,7,9,10}, d_{0,7,3,11}->d_{0,7,10,11}, d_{0,7,4,10}->d_{0,7,3,4}, d_{0,7,5,10}->d_{0,7,3,5}, d_{0,7,6,10}->d_{0,7,3,6}, d_{0,7,8,10}->d_{0,7,3,8}, d_{0,7,9,10}->d_{0,7,3,9}, d_{0,7,10,11}->d_{0,7,3,11}, d_{0,8,1,3}->d_{0,8,1,10}, d_{0,8,1,10}->d_{0,8,1,3}, d_{0,8,2,3}->d_{0,8,2,10}, d_{0,8,2,10}->d_{0,8,2,3}, d_{0,8,3,4}->d_{0,8,4,10}, d_{0,8,3,5}->d_{0,8,5,10}, d_{0,8,3,6}->d_{0,8,6,10}, d_{0,8,3,7}->d_{0,8,7,10}, d_{0,8,3,9}->d_{0,8,9,10}, d_{0,8,3,11}->d_{0,8,10,11}, d_{0,8,4,10}->d_{0,8,3,4}, d_{0,8,5,10}->d_{0,8,3,5}, d_{0,8,6,10}->d_{0,8,3,6}, d_{0,8,7,10}->d_{0,8,3,7}, d_{0,8,9,10}->d_{0,8,3,9}, d_{0,8,10,11}->d_{0,8,3,11}, d_{0,9,1,3}->d_{0,9,1,10}, d_{0,9,1,10}->d_{0,9,1,3}, d_{0,9,2,3}->d_{0,9,2,10}, d_{0,9,2,10}->d_{0,9,2,3}, d_{0,9,3,4}->d_{0,9,4,10}, d_{0,9,3,5}->d_{0,9,5,10}, d_{0,9,3,6}->d_{0,9,6,10}, d_{0,9,3,7}->d_{0,9,7,10}, d_{0,9,3,8}->d_{0,9,8,10}, d_{0,9,3,11}->d_{0,9,10,11}, d_{0,9,4,10}->d_{0,9,3,4}, d_{0,9,5,10}->d_{0,9,3,5}, d_{0,9,6,10}->d_{0,9,3,6}, d_{0,9,7,10}->d_{0,9,3,7}, d_{0,9,8,10}->d_{0,9,3,8}, d_{0,9,10,11}->d_{0,9,3,11}, d_{0,10,1,2}->d_{0,3,1,2}, d_{0,10,1,3}->d_{0,3,1,10}, d_{0,10,1,4}->d_{0,3,1,4}, d_{0,10,1,5}->d_{0,3,1,5}, d_{0,10,1,6}->d_{0,3,1,6}, d_{0,10,1,7}->d_{0,3,1,7}, d_{0,10,1,8}->d_{0,3,1,8}, d_{0,10,1,9}->d_{0,3,1,9}, d_{0,10,1,11}->d_{0,3,1,11}, d_{0,10,2,3}->d_{0,3,2,10}, d_{0,10,2,4}->d_{0,3,2,4}, d_{0,10,2,5}->d_{0,3,2,5}, d_{0,10,2,6}->d_{0,3,2,6}, d_{0,10,2,7}->d_{0,3,2,7}, d_{0,10,2,8}->d_{0,3,2,8}, d_{0,10,2,9}->d_{0,3,2,9}, d_{0,10,2,11}->d_{0,3,2,11}, d_{0,10,3,4}->d_{0,3,4,10}, d_{0,10,3,5}->d_{0,3,5,10}, d_{0,10,3,6}->d_{0,3,6,10}, d_{0,10,3,7}->d_{0,3,7,10}, d_{0,10,3,8}->d_{0,3,8,10}, d_{0,10,3,9}->d_{0,3,9,10}, d_{0,10,3,11}->d_{0,3,10,11}, d_{0,10,4,5}->d_{0,3,4,5}, d_{0,10,4,6}->d_{0,3,4,6}, d_{0,10,4,7}->d_{0,3,4,7}, d_{0,10,4,8}->d_{0,3,4,8}, d_{0,10,4,9}->d_{0,3,4,9}, d_{0,10,4,11}->d_{0,3,4,11}, d_{0,10,5,6}->d_{0,3,5,6}, d_{0,10,5,7}->d_{0,3,5,7}, d_{0,10,5,8}->d_{0,3,5,8}, d_{0,10,5,9}->d_{0,3,5,9}, d_{0,10,5,11}->d_{0,3,5,11}, d_{0,10,6,7}->d_{0,3,6,7}, d_{0,10,6,8}->d_{0,3,6,8}, d_{0,10,6,9}->d_{0,3,6,9}, d_{0,10,6,11}->d_{0,3,6,11}, d_{0,10,7,8}->d_{0,3,7,8}, d_{0,10,7,9}->d_{0,3,7,9}, d_{0,10,7,11}->d_{0,3,7,11}, d_{0,10,8,9}->d_{0,3,8,9}, d_{0,10,8,11}->d_{0,3,8,11}, d_{0,10,9,11}->d_{0,3,9,11}, d_{0,11,1,3}->d_{0,11,1,10}, d_{0,11,1,10}->d_{0,11,1,3}, d_{0,11,2,3}->d_{0,11,2,10}, d_{0,11,2,10}->d_{0,11,2,3}, d_{0,11,3,4}->d_{0,11,4,10}, d_{0,11,3,5}->d_{0,11,5,10}, d_{0,11,3,6}->d_{0,11,6,10}, d_{0,11,3,7}->d_{0,11,7,10}, d_{0,11,3,8}->d_{0,11,8,10}, d_{0,11,3,9}->d_{0,11,9,10}, d_{0,11,4,10}->d_{0,11,3,4}, d_{0,11,5,10}->d_{0,11,3,5}, d_{0,11,6,10}->d_{0,11,3,6}, d_{0,11,7,10}->d_{0,11,3,7}, d_{0,11,8,10}->d_{0,11,3,8}, d_{0,11,9,10}->d_{0,11,3,9}, d_{1,2,0,3}->d_{1,2,0,10}, d_{1,2,0,10}->d_{1,2,0,3}, d_{1,2,3,4}->d_{1,2,4,10}, d_{1,2,3,5}->d_{1,2,5,10}, d_{1,2,3,6}->d_{1,2,6,10}, d_{1,2,3,7}->d_{1,2,7,10}, d_{1,2,3,8}->d_{1,2,8,10}, d_{1,2,3,9}->d_{1,2,9,10}, d_{1,2,3,11}->d_{1,2,10,11}, d_{1,2,4,10}->d_{1,2,3,4}, d_{1,2,5,10}->d_{1,2,3,5}, d_{1,2,6,10}->d_{1,2,3,6}, d_{1,2,7,10}->d_{1,2,3,7}, d_{1,2,8,10}->d_{1,2,3,8}, d_{1,2,9,10}->d_{1,2,3,9}, d_{1,2,10,11}->d_{1,2,3,11}, d_{1,3,0,2}->d_{1,10,0,2}, d_{1,3,0,4}->d_{1,10,0,4}, d_{1,3,0,5}->d_{1,10,0,5}, d_{1,3,0,6}->d_{1,10,0,6}, d_{1,3,0,7}->d_{1,10,0,7}, d_{1,3,0,8}->d_{1,10,0,8}, d_{1,3,0,9}->d_{1,10,0,9}, d_{1,3,0,10}->d_{1,10,0,3}, d_{1,3,0,11}->d_{1,10,0,11}, d_{1,3,2,4}->d_{1,10,2,4}, d_{1,3,2,5}->d_{1,10,2,5}, d_{1,3,2,6}->d_{1,10,2,6}, d_{1,3,2,7}->d_{1,10,2,7}, d_{1,3,2,8}->d_{1,10,2,8}, d_{1,3,2,9}->d_{1,10,2,9}, d_{1,3,2,10}->d_{1,10,2,3}, d_{1,3,2,11}->d_{1,10,2,11}, d_{1,3,4,5}->d_{1,10,4,5}, d_{1,3,4,6}->d_{1,10,4,6}, d_{1,3,4,7}->d_{1,10,4,7}, d_{1,3,4,8}->d_{1,10,4,8}, d_{1,3,4,9}->d_{1,10,4,9}, d_{1,3,4,10}->d_{1,10,3,4}, d_{1,3,4,11}->d_{1,10,4,11}, d_{1,3,5,6}->d_{1,10,5,6}, d_{1,3,5,7}->d_{1,10,5,7}, d_{1,3,5,8}->d_{1,10,5,8}, d_{1,3,5,9}->d_{1,10,5,9}, d_{1,3,5,10}->d_{1,10,3,5}, d_{1,3,5,11}->d_{1,10,5,11}, d_{1,3,6,7}->d_{1,10,6,7}, d_{1,3,6,8}->d_{1,10,6,8}, d_{1,3,6,9}->d_{1,10,6,9}, d_{1,3,6,10}->d_{1,10,3,6}, d_{1,3,6,11}->d_{1,10,6,11}, d_{1,3,7,8}->d_{1,10,7,8}, d_{1,3,7,9}->d_{1,10,7,9}, d_{1,3,7,10}->d_{1,10,3,7}, d_{1,3,7,11}->d_{1,10,7,11}, d_{1,3,8,9}->d_{1,10,8,9}, d_{1,3,8,10}->d_{1,10,3,8}, d_{1,3,8,11}->d_{1,10,8,11}, d_{1,3,9,10}->d_{1,10,3,9}, d_{1,3,9,11}->d_{1,10,9,11}, d_{1,3,10,11}->d_{1,10,3,11}, d_{1,4,0,3}->d_{1,4,0,10}, d_{1,4,0,10}->d_{1,4,0,3}, d_{1,4,2,3}->d_{1,4,2,10}, d_{1,4,2,10}->d_{1,4,2,3}, d_{1,4,3,5}->d_{1,4,5,10}, d_{1,4,3,6}->d_{1,4,6,10}, d_{1,4,3,7}->d_{1,4,7,10}, d_{1,4,3,8}->d_{1,4,8,10}, d_{1,4,3,9}->d_{1,4,9,10}, d_{1,4,3,11}->d_{1,4,10,11}, d_{1,4,5,10}->d_{1,4,3,5}, d_{1,4,6,10}->d_{1,4,3,6}, d_{1,4,7,10}->d_{1,4,3,7}, d_{1,4,8,10}->d_{1,4,3,8}, d_{1,4,9,10}->d_{1,4,3,9}, d_{1,4,10,11}->d_{1,4,3,11}, d_{1,5,0,3}->d_{1,5,0,10}, d_{1,5,0,10}->d_{1,5,0,3}, d_{1,5,2,3}->d_{1,5,2,10}, d_{1,5,2,10}->d_{1,5,2,3}, d_{1,5,3,4}->d_{1,5,4,10}, d_{1,5,3,6}->d_{1,5,6,10}, d_{1,5,3,7}->d_{1,5,7,10}, d_{1,5,3,8}->d_{1,5,8,10}, d_{1,5,3,9}->d_{1,5,9,10}, d_{1,5,3,11}->d_{1,5,10,11}, d_{1,5,4,10}->d_{1,5,3,4}, d_{1,5,6,10}->d_{1,5,3,6}, d_{1,5,7,10}->d_{1,5,3,7}, d_{1,5,8,10}->d_{1,5,3,8}, d_{1,5,9,10}->d_{1,5,3,9}, d_{1,5,10,11}->d_{1,5,3,11}, d_{1,6,0,3}->d_{1,6,0,10}, d_{1,6,0,10}->d_{1,6,0,3}, d_{1,6,2,3}->d_{1,6,2,10}, d_{1,6,2,10}->d_{1,6,2,3}, d_{1,6,3,4}->d_{1,6,4,10}, d_{1,6,3,5}->d_{1,6,5,10}, d_{1,6,3,7}->d_{1,6,7,10}, d_{1,6,3,8}->d_{1,6,8,10}, d_{1,6,3,9}->d_{1,6,9,10}, d_{1,6,3,11}->d_{1,6,10,11}, d_{1,6,4,10}->d_{1,6,3,4}, d_{1,6,5,10}->d_{1,6,3,5}, d_{1,6,7,10}->d_{1,6,3,7}, d_{1,6,8,10}->d_{1,6,3,8}, d_{1,6,9,10}->d_{1,6,3,9}, d_{1,6,10,11}->d_{1,6,3,11}, d_{1,7,0,3}->d_{1,7,0,10}, d_{1,7,0,10}->d_{1,7,0,3}, d_{1,7,2,3}->d_{1,7,2,10}, d_{1,7,2,10}->d_{1,7,2,3}, d_{1,7,3,4}->d_{1,7,4,10}, d_{1,7,3,5}->d_{1,7,5,10}, d_{1,7,3,6}->d_{1,7,6,10}, d_{1,7,3,8}->d_{1,7,8,10}, d_{1,7,3,9}->d_{1,7,9,10}, d_{1,7,3,11}->d_{1,7,10,11}, d_{1,7,4,10}->d_{1,7,3,4}, d_{1,7,5,10}->d_{1,7,3,5}, d_{1,7,6,10}->d_{1,7,3,6}, d_{1,7,8,10}->d_{1,7,3,8}, d_{1,7,9,10}->d_{1,7,3,9}, d_{1,7,10,11}->d_{1,7,3,11}, d_{1,8,0,3}->d_{1,8,0,10}, d_{1,8,0,10}->d_{1,8,0,3}, d_{1,8,2,3}->d_{1,8,2,10}, d_{1,8,2,10}->d_{1,8,2,3}, d_{1,8,3,4}->d_{1,8,4,10}, d_{1,8,3,5}->d_{1,8,5,10}, d_{1,8,3,6}->d_{1,8,6,10}, d_{1,8,3,7}->d_{1,8,7,10}, d_{1,8,3,9}->d_{1,8,9,10}, d_{1,8,3,11}->d_{1,8,10,11}, d_{1,8,4,10}->d_{1,8,3,4}, d_{1,8,5,10}->d_{1,8,3,5}, d_{1,8,6,10}->d_{1,8,3,6}, d_{1,8,7,10}->d_{1,8,3,7}, d_{1,8,9,10}->d_{1,8,3,9}, d_{1,8,10,11}->d_{1,8,3,11}, d_{1,9,0,3}->d_{1,9,0,10}, d_{1,9,0,10}->d_{1,9,0,3}, d_{1,9,2,3}->d_{1,9,2,10}, d_{1,9,2,10}->d_{1,9,2,3}, d_{1,9,3,4}->d_{1,9,4,10}, d_{1,9,3,5}->d_{1,9,5,10}, d_{1,9,3,6}->d_{1,9,6,10}, d_{1,9,3,7}->d_{1,9,7,10}, d_{1,9,3,8}->d_{1,9,8,10}, d_{1,9,3,11}->d_{1,9,10,11}, d_{1,9,4,10}->d_{1,9,3,4}, d_{1,9,5,10}->d_{1,9,3,5}, d_{1,9,6,10}->d_{1,9,3,6}, d_{1,9,7,10}->d_{1,9,3,7}, d_{1,9,8,10}->d_{1,9,3,8}, d_{1,9,10,11}->d_{1,9,3,11}, d_{1,10,0,2}->d_{1,3,0,2}, d_{1,10,0,3}->d_{1,3,0,10}, d_{1,10,0,4}->d_{1,3,0,4}, d_{1,10,0,5}->d_{1,3,0,5}, d_{1,10,0,6}->d_{1,3,0,6}, d_{1,10,0,7}->d_{1,3,0,7}, d_{1,10,0,8}->d_{1,3,0,8}, d_{1,10,0,9}->d_{1,3,0,9}, d_{1,10,0,11}->d_{1,3,0,11}, d_{1,10,2,3}->d_{1,3,2,10}, d_{1,10,2,4}->d_{1,3,2,4}, d_{1,10,2,5}->d_{1,3,2,5}, d_{1,10,2,6}->d_{1,3,2,6}, d_{1,10,2,7}->d_{1,3,2,7}, d_{1,10,2,8}->d_{1,3,2,8}, d_{1,10,2,9}->d_{1,3,2,9}, d_{1,10,2,11}->d_{1,3,2,11}, d_{1,10,3,4}->d_{1,3,4,10}, d_{1,10,3,5}->d_{1,3,5,10}, d_{1,10,3,6}->d_{1,3,6,10}, d_{1,10,3,7}->d_{1,3,7,10}, d_{1,10,3,8}->d_{1,3,8,10}, d_{1,10,3,9}->d_{1,3,9,10}, d_{1,10,3,11}->d_{1,3,10,11}, d_{1,10,4,5}->d_{1,3,4,5}, d_{1,10,4,6}->d_{1,3,4,6}, d_{1,10,4,7}->d_{1,3,4,7}, d_{1,10,4,8}->d_{1,3,4,8}, d_{1,10,4,9}->d_{1,3,4,9}, d_{1,10,4,11}->d_{1,3,4,11}, d_{1,10,5,6}->d_{1,3,5,6}, d_{1,10,5,7}->d_{1,3,5,7}, d_{1,10,5,8}->d_{1,3,5,8}, d_{1,10,5,9}->d_{1,3,5,9}, d_{1,10,5,11}->d_{1,3,5,11}, d_{1,10,6,7}->d_{1,3,6,7}, d_{1,10,6,8}->d_{1,3,6,8}, d_{1,10,6,9}->d_{1,3,6,9}, d_{1,10,6,11}->d_{1,3,6,11}, d_{1,10,7,8}->d_{1,3,7,8}, d_{1,10,7,9}->d_{1,3,7,9}, d_{1,10,7,11}->d_{1,3,7,11}, d_{1,10,8,9}->d_{1,3,8,9}, d_{1,10,8,11}->d_{1,3,8,11}, d_{1,10,9,11}->d_{1,3,9,11}, d_{1,11,0,3}->d_{1,11,0,10}, d_{1,11,0,10}->d_{1,11,0,3}, d_{1,11,2,3}->d_{1,11,2,10}, d_{1,11,2,10}->d_{1,11,2,3}, d_{1,11,3,4}->d_{1,11,4,10}, d_{1,11,3,5}->d_{1,11,5,10}, d_{1,11,3,6}->d_{1,11,6,10}, d_{1,11,3,7}->d_{1,11,7,10}, d_{1,11,3,8}->d_{1,11,8,10}, d_{1,11,3,9}->d_{1,11,9,10}, d_{1,11,4,10}->d_{1,11,3,4}, d_{1,11,5,10}->d_{1,11,3,5}, d_{1,11,6,10}->d_{1,11,3,6}, d_{1,11,7,10}->d_{1,11,3,7}, d_{1,11,8,10}->d_{1,11,3,8}, d_{1,11,9,10}->d_{1,11,3,9}, d_{2,3,0,1}->d_{2,10,0,1}, d_{2,3,0,4}->d_{2,10,0,4}, d_{2,3,0,5}->d_{2,10,0,5}, d_{2,3,0,6}->d_{2,10,0,6}, d_{2,3,0,7}->d_{2,10,0,7}, d_{2,3,0,8}->d_{2,10,0,8}, d_{2,3,0,9}->d_{2,10,0,9}, d_{2,3,0,10}->d_{2,10,0,3}, d_{2,3,0,11}->d_{2,10,0,11}, d_{2,3,1,4}->d_{2,10,1,4}, d_{2,3,1,5}->d_{2,10,1,5}, d_{2,3,1,6}->d_{2,10,1,6}, d_{2,3,1,7}->d_{2,10,1,7}, d_{2,3,1,8}->d_{2,10,1,8}, d_{2,3,1,9}->d_{2,10,1,9}, d_{2,3,1,10}->d_{2,10,1,3}, d_{2,3,1,11}->d_{2,10,1,11}, d_{2,3,4,5}->d_{2,10,4,5}, d_{2,3,4,6}->d_{2,10,4,6}, d_{2,3,4,7}->d_{2,10,4,7}, d_{2,3,4,8}->d_{2,10,4,8}, d_{2,3,4,9}->d_{2,10,4,9}, d_{2,3,4,10}->d_{2,10,3,4}, d_{2,3,4,11}->d_{2,10,4,11}, d_{2,3,5,6}->d_{2,10,5,6}, d_{2,3,5,7}->d_{2,10,5,7}, d_{2,3,5,8}->d_{2,10,5,8}, d_{2,3,5,9}->d_{2,10,5,9}, d_{2,3,5,10}->d_{2,10,3,5}, d_{2,3,5,11}->d_{2,10,5,11}, d_{2,3,6,7}->d_{2,10,6,7}, d_{2,3,6,8}->d_{2,10,6,8}, d_{2,3,6,9}->d_{2,10,6,9}, d_{2,3,6,10}->d_{2,10,3,6}, d_{2,3,6,11}->d_{2,10,6,11}, d_{2,3,7,8}->d_{2,10,7,8}, d_{2,3,7,9}->d_{2,10,7,9}, d_{2,3,7,10}->d_{2,10,3,7}, d_{2,3,7,11}->d_{2,10,7,11}, d_{2,3,8,9}->d_{2,10,8,9}, d_{2,3,8,10}->d_{2,10,3,8}, d_{2,3,8,11}->d_{2,10,8,11}, d_{2,3,9,10}->d_{2,10,3,9}, d_{2,3,9,11}->d_{2,10,9,11}, d_{2,3,10,11}->d_{2,10,3,11}, d_{2,4,0,3}->d_{2,4,0,10}, d_{2,4,0,10}->d_{2,4,0,3}, d_{2,4,1,3}->d_{2,4,1,10}, d_{2,4,1,10}->d_{2,4,1,3}, d_{2,4,3,5}->d_{2,4,5,10}, d_{2,4,3,6}->d_{2,4,6,10}, d_{2,4,3,7}->d_{2,4,7,10}, d_{2,4,3,8}->d_{2,4,8,10}, d_{2,4,3,9}->d_{2,4,9,10}, d_{2,4,3,11}->d_{2,4,10,11}, d_{2,4,5,10}->d_{2,4,3,5}, d_{2,4,6,10}->d_{2,4,3,6}, d_{2,4,7,10}->d_{2,4,3,7}, d_{2,4,8,10}->d_{2,4,3,8}, d_{2,4,9,10}->d_{2,4,3,9}, d_{2,4,10,11}->d_{2,4,3,11}, d_{2,5,0,3}->d_{2,5,0,10}, d_{2,5,0,10}->d_{2,5,0,3}, d_{2,5,1,3}->d_{2,5,1,10}, d_{2,5,1,10}->d_{2,5,1,3}, d_{2,5,3,4}->d_{2,5,4,10}, d_{2,5,3,6}->d_{2,5,6,10}, d_{2,5,3,7}->d_{2,5,7,10}, d_{2,5,3,8}->d_{2,5,8,10}, d_{2,5,3,9}->d_{2,5,9,10}, d_{2,5,3,11}->d_{2,5,10,11}, d_{2,5,4,10}->d_{2,5,3,4}, d_{2,5,6,10}->d_{2,5,3,6}, d_{2,5,7,10}->d_{2,5,3,7}, d_{2,5,8,10}->d_{2,5,3,8}, d_{2,5,9,10}->d_{2,5,3,9}, d_{2,5,10,11}->d_{2,5,3,11}, d_{2,6,0,3}->d_{2,6,0,10}, d_{2,6,0,10}->d_{2,6,0,3}, d_{2,6,1,3}->d_{2,6,1,10}, d_{2,6,1,10}->d_{2,6,1,3}, d_{2,6,3,4}->d_{2,6,4,10}, d_{2,6,3,5}->d_{2,6,5,10}, d_{2,6,3,7}->d_{2,6,7,10}, d_{2,6,3,8}->d_{2,6,8,10}, d_{2,6,3,9}->d_{2,6,9,10}, d_{2,6,3,11}->d_{2,6,10,11}, d_{2,6,4,10}->d_{2,6,3,4}, d_{2,6,5,10}->d_{2,6,3,5}, d_{2,6,7,10}->d_{2,6,3,7}, d_{2,6,8,10}->d_{2,6,3,8}, d_{2,6,9,10}->d_{2,6,3,9}, d_{2,6,10,11}->d_{2,6,3,11}, d_{2,7,0,3}->d_{2,7,0,10}, d_{2,7,0,10}->d_{2,7,0,3}, d_{2,7,1,3}->d_{2,7,1,10}, d_{2,7,1,10}->d_{2,7,1,3}, d_{2,7,3,4}->d_{2,7,4,10}, d_{2,7,3,5}->d_{2,7,5,10}, d_{2,7,3,6}->d_{2,7,6,10}, d_{2,7,3,8}->d_{2,7,8,10}, d_{2,7,3,9}->d_{2,7,9,10}, d_{2,7,3,11}->d_{2,7,10,11}, d_{2,7,4,10}->d_{2,7,3,4}, d_{2,7,5,10}->d_{2,7,3,5}, d_{2,7,6,10}->d_{2,7,3,6}, d_{2,7,8,10}->d_{2,7,3,8}, d_{2,7,9,10}->d_{2,7,3,9}, d_{2,7,10,11}->d_{2,7,3,11}, d_{2,8,0,3}->d_{2,8,0,10}, d_{2,8,0,10}->d_{2,8,0,3}, d_{2,8,1,3}->d_{2,8,1,10}, d_{2,8,1,10}->d_{2,8,1,3}, d_{2,8,3,4}->d_{2,8,4,10}, d_{2,8,3,5}->d_{2,8,5,10}, d_{2,8,3,6}->d_{2,8,6,10}, d_{2,8,3,7}->d_{2,8,7,10}, d_{2,8,3,9}->d_{2,8,9,10}, d_{2,8,3,11}->d_{2,8,10,11}, d_{2,8,4,10}->d_{2,8,3,4}, d_{2,8,5,10}->d_{2,8,3,5}, d_{2,8,6,10}->d_{2,8,3,6}, d_{2,8,7,10}->d_{2,8,3,7}, d_{2,8,9,10}->d_{2,8,3,9}, d_{2,8,10,11}->d_{2,8,3,11}, d_{2,9,0,3}->d_{2,9,0,10}, d_{2,9,0,10}->d_{2,9,0,3}, d_{2,9,1,3}->d_{2,9,1,10}, d_{2,9,1,10}->d_{2,9,1,3}, d_{2,9,3,4}->d_{2,9,4,10}, d_{2,9,3,5}->d_{2,9,5,10}, d_{2,9,3,6}->d_{2,9,6,10}, d_{2,9,3,7}->d_{2,9,7,10}, d_{2,9,3,8}->d_{2,9,8,10}, d_{2,9,3,11}->d_{2,9,10,11}, d_{2,9,4,10}->d_{2,9,3,4}, d_{2,9,5,10}->d_{2,9,3,5}, d_{2,9,6,10}->d_{2,9,3,6}, d_{2,9,7,10}->d_{2,9,3,7}, d_{2,9,8,10}->d_{2,9,3,8}, d_{2,9,10,11}->d_{2,9,3,11}, d_{2,10,0,1}->d_{2,3,0,1}, d_{2,10,0,3}->d_{2,3,0,10}, d_{2,10,0,4}->d_{2,3,0,4}, d_{2,10,0,5}->d_{2,3,0,5}, d_{2,10,0,6}->d_{2,3,0,6}, d_{2,10,0,7}->d_{2,3,0,7}, d_{2,10,0,8}->d_{2,3,0,8}, d_{2,10,0,9}->d_{2,3,0,9}, d_{2,10,0,11}->d_{2,3,0,11}, d_{2,10,1,3}->d_{2,3,1,10}, d_{2,10,1,4}->d_{2,3,1,4}, d_{2,10,1,5}->d_{2,3,1,5}, d_{2,10,1,6}->d_{2,3,1,6}, d_{2,10,1,7}->d_{2,3,1,7}, d_{2,10,1,8}->d_{2,3,1,8}, d_{2,10,1,9}->d_{2,3,1,9}, d_{2,10,1,11}->d_{2,3,1,11}, d_{2,10,3,4}->d_{2,3,4,10}, d_{2,10,3,5}->d_{2,3,5,10}, d_{2,10,3,6}->d_{2,3,6,10}, d_{2,10,3,7}->d_{2,3,7,10}, d_{2,10,3,8}->d_{2,3,8,10}, d_{2,10,3,9}->d_{2,3,9,10}, d_{2,10,3,11}->d_{2,3,10,11}, d_{2,10,4,5}->d_{2,3,4,5}, d_{2,10,4,6}->d_{2,3,4,6}, d_{2,10,4,7}->d_{2,3,4,7}, d_{2,10,4,8}->d_{2,3,4,8}, d_{2,10,4,9}->d_{2,3,4,9}, d_{2,10,4,11}->d_{2,3,4,11}, d_{2,10,5,6}->d_{2,3,5,6}, d_{2,10,5,7}->d_{2,3,5,7}, d_{2,10,5,8}->d_{2,3,5,8}, d_{2,10,5,9}->d_{2,3,5,9}, d_{2,10,5,11}->d_{2,3,5,11}, d_{2,10,6,7}->d_{2,3,6,7}, d_{2,10,6,8}->d_{2,3,6,8}, d_{2,10,6,9}->d_{2,3,6,9}, d_{2,10,6,11}->d_{2,3,6,11}, d_{2,10,7,8}->d_{2,3,7,8}, d_{2,10,7,9}->d_{2,3,7,9}, d_{2,10,7,11}->d_{2,3,7,11}, d_{2,10,8,9}->d_{2,3,8,9}, d_{2,10,8,11}->d_{2,3,8,11}, d_{2,10,9,11}->d_{2,3,9,11}, d_{2,11,0,3}->d_{2,11,0,10}, d_{2,11,0,10}->d_{2,11,0,3}, d_{2,11,1,3}->d_{2,11,1,10}, d_{2,11,1,10}->d_{2,11,1,3}, d_{2,11,3,4}->d_{2,11,4,10}, d_{2,11,3,5}->d_{2,11,5,10}, d_{2,11,3,6}->d_{2,11,6,10}, d_{2,11,3,7}->d_{2,11,7,10}, d_{2,11,3,8}->d_{2,11,8,10}, d_{2,11,3,9}->d_{2,11,9,10}, d_{2,11,4,10}->d_{2,11,3,4}, d_{2,11,5,10}->d_{2,11,3,5}, d_{2,11,6,10}->d_{2,11,3,6}, d_{2,11,7,10}->d_{2,11,3,7}, d_{2,11,8,10}->d_{2,11,3,8}, d_{2,11,9,10}->d_{2,11,3,9}, d_{3,4,0,1}->d_{4,10,0,1}, d_{3,4,0,2}->d_{4,10,0,2}, d_{3,4,0,5}->d_{4,10,0,5}, d_{3,4,0,6}->d_{4,10,0,6}, d_{3,4,0,7}->d_{4,10,0,7}, d_{3,4,0,8}->d_{4,10,0,8}, d_{3,4,0,9}->d_{4,10,0,9}, d_{3,4,0,10}->d_{4,10,0,3}, d_{3,4,0,11}->d_{4,10,0,11}, d_{3,4,1,2}->d_{4,10,1,2}, d_{3,4,1,5}->d_{4,10,1,5}, d_{3,4,1,6}->d_{4,10,1,6}, d_{3,4,1,7}->d_{4,10,1,7}, d_{3,4,1,8}->d_{4,10,1,8}, d_{3,4,1,9}->d_{4,10,1,9}, d_{3,4,1,10}->d_{4,10,1,3}, d_{3,4,1,11}->d_{4,10,1,11}, d_{3,4,2,5}->d_{4,10,2,5}, d_{3,4,2,6}->d_{4,10,2,6}, d_{3,4,2,7}->d_{4,10,2,7}, d_{3,4,2,8}->d_{4,10,2,8}, d_{3,4,2,9}->d_{4,10,2,9}, d_{3,4,2,10}->d_{4,10,2,3}, d_{3,4,2,11}->d_{4,10,2,11}, d_{3,4,5,6}->d_{4,10,5,6}, d_{3,4,5,7}->d_{4,10,5,7}, d_{3,4,5,8}->d_{4,10,5,8}, d_{3,4,5,9}->d_{4,10,5,9}, d_{3,4,5,10}->d_{4,10,3,5}, d_{3,4,5,11}->d_{4,10,5,11}, d_{3,4,6,7}->d_{4,10,6,7}, d_{3,4,6,8}->d_{4,10,6,8}, d_{3,4,6,9}->d_{4,10,6,9}, d_{3,4,6,10}->d_{4,10,3,6}, d_{3,4,6,11}->d_{4,10,6,11}, d_{3,4,7,8}->d_{4,10,7,8}, d_{3,4,7,9}->d_{4,10,7,9}, d_{3,4,7,10}->d_{4,10,3,7}, d_{3,4,7,11}->d_{4,10,7,11}, d_{3,4,8,9}->d_{4,10,8,9}, d_{3,4,8,10}->d_{4,10,3,8}, d_{3,4,8,11}->d_{4,10,8,11}, d_{3,4,9,10}->d_{4,10,3,9}, d_{3,4,9,11}->d_{4,10,9,11}, d_{3,4,10,11}->d_{4,10,3,11}, d_{3,5,0,1}->d_{5,10,0,1}, d_{3,5,0,2}->d_{5,10,0,2}, d_{3,5,0,4}->d_{5,10,0,4}, d_{3,5,0,6}->d_{5,10,0,6}, d_{3,5,0,7}->d_{5,10,0,7}, d_{3,5,0,8}->d_{5,10,0,8}, d_{3,5,0,9}->d_{5,10,0,9}, d_{3,5,0,10}->d_{5,10,0,3}, d_{3,5,0,11}->d_{5,10,0,11}, d_{3,5,1,2}->d_{5,10,1,2}, d_{3,5,1,4}->d_{5,10,1,4}, d_{3,5,1,6}->d_{5,10,1,6}, d_{3,5,1,7}->d_{5,10,1,7}, d_{3,5,1,8}->d_{5,10,1,8}, d_{3,5,1,9}->d_{5,10,1,9}, d_{3,5,1,10}->d_{5,10,1,3}, d_{3,5,1,11}->d_{5,10,1,11}, d_{3,5,2,4}->d_{5,10,2,4}, d_{3,5,2,6}->d_{5,10,2,6}, d_{3,5,2,7}->d_{5,10,2,7}, d_{3,5,2,8}->d_{5,10,2,8}, d_{3,5,2,9}->d_{5,10,2,9}, d_{3,5,2,10}->d_{5,10,2,3}, d_{3,5,2,11}->d_{5,10,2,11}, d_{3,5,4,6}->d_{5,10,4,6}, d_{3,5,4,7}->d_{5,10,4,7}, d_{3,5,4,8}->d_{5,10,4,8}, d_{3,5,4,9}->d_{5,10,4,9}, d_{3,5,4,10}->d_{5,10,3,4}, d_{3,5,4,11}->d_{5,10,4,11}, d_{3,5,6,7}->d_{5,10,6,7}, d_{3,5,6,8}->d_{5,10,6,8}, d_{3,5,6,9}->d_{5,10,6,9}, d_{3,5,6,10}->d_{5,10,3,6}, d_{3,5,6,11}->d_{5,10,6,11}, d_{3,5,7,8}->d_{5,10,7,8}, d_{3,5,7,9}->d_{5,10,7,9}, d_{3,5,7,10}->d_{5,10,3,7}, d_{3,5,7,11}->d_{5,10,7,11}, d_{3,5,8,9}->d_{5,10,8,9}, d_{3,5,8,10}->d_{5,10,3,8}, d_{3,5,8,11}->d_{5,10,8,11}, d_{3,5,9,10}->d_{5,10,3,9}, d_{3,5,9,11}->d_{5,10,9,11}, d_{3,5,10,11}->d_{5,10,3,11}, d_{3,6,0,1}->d_{6,10,0,1}, d_{3,6,0,2}->d_{6,10,0,2}, d_{3,6,0,4}->d_{6,10,0,4}, d_{3,6,0,5}->d_{6,10,0,5}, d_{3,6,0,7}->d_{6,10,0,7}, d_{3,6,0,8}->d_{6,10,0,8}, d_{3,6,0,9}->d_{6,10,0,9}, d_{3,6,0,10}->d_{6,10,0,3}, d_{3,6,0,11}->d_{6,10,0,11}, d_{3,6,1,2}->d_{6,10,1,2}, d_{3,6,1,4}->d_{6,10,1,4}, d_{3,6,1,5}->d_{6,10,1,5}, d_{3,6,1,7}->d_{6,10,1,7}, d_{3,6,1,8}->d_{6,10,1,8}, d_{3,6,1,9}->d_{6,10,1,9}, d_{3,6,1,10}->d_{6,10,1,3}, d_{3,6,1,11}->d_{6,10,1,11}, d_{3,6,2,4}->d_{6,10,2,4}, d_{3,6,2,5}->d_{6,10,2,5}, d_{3,6,2,7}->d_{6,10,2,7}, d_{3,6,2,8}->d_{6,10,2,8}, d_{3,6,2,9}->d_{6,10,2,9}, d_{3,6,2,10}->d_{6,10,2,3}, d_{3,6,2,11}->d_{6,10,2,11}, d_{3,6,4,5}->d_{6,10,4,5}, d_{3,6,4,7}->d_{6,10,4,7}, d_{3,6,4,8}->d_{6,10,4,8}, d_{3,6,4,9}->d_{6,10,4,9}, d_{3,6,4,10}->d_{6,10,3,4}, d_{3,6,4,11}->d_{6,10,4,11}, d_{3,6,5,7}->d_{6,10,5,7}, d_{3,6,5,8}->d_{6,10,5,8}, d_{3,6,5,9}->d_{6,10,5,9}, d_{3,6,5,10}->d_{6,10,3,5}, d_{3,6,5,11}->d_{6,10,5,11}, d_{3,6,7,8}->d_{6,10,7,8}, d_{3,6,7,9}->d_{6,10,7,9}, d_{3,6,7,10}->d_{6,10,3,7}, d_{3,6,7,11}->d_{6,10,7,11}, d_{3,6,8,9}->d_{6,10,8,9}, d_{3,6,8,10}->d_{6,10,3,8}, d_{3,6,8,11}->d_{6,10,8,11}, d_{3,6,9,10}->d_{6,10,3,9}, d_{3,6,9,11}->d_{6,10,9,11}, d_{3,6,10,11}->d_{6,10,3,11}, d_{3,7,0,1}->d_{7,10,0,1}, d_{3,7,0,2}->d_{7,10,0,2}, d_{3,7,0,4}->d_{7,10,0,4}, d_{3,7,0,5}->d_{7,10,0,5}, d_{3,7,0,6}->d_{7,10,0,6}, d_{3,7,0,8}->d_{7,10,0,8}, d_{3,7,0,9}->d_{7,10,0,9}, d_{3,7,0,10}->d_{7,10,0,3}, d_{3,7,0,11}->d_{7,10,0,11}, d_{3,7,1,2}->d_{7,10,1,2}, d_{3,7,1,4}->d_{7,10,1,4}, d_{3,7,1,5}->d_{7,10,1,5}, d_{3,7,1,6}->d_{7,10,1,6}, d_{3,7,1,8}->d_{7,10,1,8}, d_{3,7,1,9}->d_{7,10,1,9}, d_{3,7,1,10}->d_{7,10,1,3}, d_{3,7,1,11}->d_{7,10,1,11}, d_{3,7,2,4}->d_{7,10,2,4}, d_{3,7,2,5}->d_{7,10,2,5}, d_{3,7,2,6}->d_{7,10,2,6}, d_{3,7,2,8}->d_{7,10,2,8}, d_{3,7,2,9}->d_{7,10,2,9}, d_{3,7,2,10}->d_{7,10,2,3}, d_{3,7,2,11}->d_{7,10,2,11}, d_{3,7,4,5}->d_{7,10,4,5}, d_{3,7,4,6}->d_{7,10,4,6}, d_{3,7,4,8}->d_{7,10,4,8}, d_{3,7,4,9}->d_{7,10,4,9}, d_{3,7,4,10}->d_{7,10,3,4}, d_{3,7,4,11}->d_{7,10,4,11}, d_{3,7,5,6}->d_{7,10,5,6}, d_{3,7,5,8}->d_{7,10,5,8}, d_{3,7,5,9}->d_{7,10,5,9}, d_{3,7,5,10}->d_{7,10,3,5}, d_{3,7,5,11}->d_{7,10,5,11}, d_{3,7,6,8}->d_{7,10,6,8}, d_{3,7,6,9}->d_{7,10,6,9}, d_{3,7,6,10}->d_{7,10,3,6}, d_{3,7,6,11}->d_{7,10,6,11}, d_{3,7,8,9}->d_{7,10,8,9}, d_{3,7,8,10}->d_{7,10,3,8}, d_{3,7,8,11}->d_{7,10,8,11}, d_{3,7,9,10}->d_{7,10,3,9}, d_{3,7,9,11}->d_{7,10,9,11}, d_{3,7,10,11}->d_{7,10,3,11}, d_{3,8,0,1}->d_{8,10,0,1}, d_{3,8,0,2}->d_{8,10,0,2}, d_{3,8,0,4}->d_{8,10,0,4}, d_{3,8,0,5}->d_{8,10,0,5}, d_{3,8,0,6}->d_{8,10,0,6}, d_{3,8,0,7}->d_{8,10,0,7}, d_{3,8,0,9}->d_{8,10,0,9}, d_{3,8,0,10}->d_{8,10,0,3}, d_{3,8,0,11}->d_{8,10,0,11}, d_{3,8,1,2}->d_{8,10,1,2}, d_{3,8,1,4}->d_{8,10,1,4}, d_{3,8,1,5}->d_{8,10,1,5}, d_{3,8,1,6}->d_{8,10,1,6}, d_{3,8,1,7}->d_{8,10,1,7}, d_{3,8,1,9}->d_{8,10,1,9}, d_{3,8,1,10}->d_{8,10,1,3}, d_{3,8,1,11}->d_{8,10,1,11}, d_{3,8,2,4}->d_{8,10,2,4}, d_{3,8,2,5}->d_{8,10,2,5}, d_{3,8,2,6}->d_{8,10,2,6}, d_{3,8,2,7}->d_{8,10,2,7}, d_{3,8,2,9}->d_{8,10,2,9}, d_{3,8,2,10}->d_{8,10,2,3}, d_{3,8,2,11}->d_{8,10,2,11}, d_{3,8,4,5}->d_{8,10,4,5}, d_{3,8,4,6}->d_{8,10,4,6}, d_{3,8,4,7}->d_{8,10,4,7}, d_{3,8,4,9}->d_{8,10,4,9}, d_{3,8,4,10}->d_{8,10,3,4}, d_{3,8,4,11}->d_{8,10,4,11}, d_{3,8,5,6}->d_{8,10,5,6}, d_{3,8,5,7}->d_{8,10,5,7}, d_{3,8,5,9}->d_{8,10,5,9}, d_{3,8,5,10}->d_{8,10,3,5}, d_{3,8,5,11}->d_{8,10,5,11}, d_{3,8,6,7}->d_{8,10,6,7}, d_{3,8,6,9}->d_{8,10,6,9}, d_{3,8,6,10}->d_{8,10,3,6}, d_{3,8,6,11}->d_{8,10,6,11}, d_{3,8,7,9}->d_{8,10,7,9}, d_{3,8,7,10}->d_{8,10,3,7}, d_{3,8,7,11}->d_{8,10,7,11}, d_{3,8,9,10}->d_{8,10,3,9}, d_{3,8,9,11}->d_{8,10,9,11}, d_{3,8,10,11}->d_{8,10,3,11}, d_{3,9,0,1}->d_{9,10,0,1}, d_{3,9,0,2}->d_{9,10,0,2}, d_{3,9,0,4}->d_{9,10,0,4}, d_{3,9,0,5}->d_{9,10,0,5}, d_{3,9,0,6}->d_{9,10,0,6}, d_{3,9,0,7}->d_{9,10,0,7}, d_{3,9,0,8}->d_{9,10,0,8}, d_{3,9,0,10}->d_{9,10,0,3}, d_{3,9,0,11}->d_{9,10,0,11}, d_{3,9,1,2}->d_{9,10,1,2}, d_{3,9,1,4}->d_{9,10,1,4}, d_{3,9,1,5}->d_{9,10,1,5}, d_{3,9,1,6}->d_{9,10,1,6}, d_{3,9,1,7}->d_{9,10,1,7}, d_{3,9,1,8}->d_{9,10,1,8}, d_{3,9,1,10}->d_{9,10,1,3}, d_{3,9,1,11}->d_{9,10,1,11}, d_{3,9,2,4}->d_{9,10,2,4}, d_{3,9,2,5}->d_{9,10,2,5}, d_{3,9,2,6}->d_{9,10,2,6}, d_{3,9,2,7}->d_{9,10,2,7}, d_{3,9,2,8}->d_{9,10,2,8}, d_{3,9,2,10}->d_{9,10,2,3}, d_{3,9,2,11}->d_{9,10,2,11}, d_{3,9,4,5}->d_{9,10,4,5}, d_{3,9,4,6}->d_{9,10,4,6}, d_{3,9,4,7}->d_{9,10,4,7}, d_{3,9,4,8}->d_{9,10,4,8}, d_{3,9,4,10}->d_{9,10,3,4}, d_{3,9,4,11}->d_{9,10,4,11}, d_{3,9,5,6}->d_{9,10,5,6}, d_{3,9,5,7}->d_{9,10,5,7}, d_{3,9,5,8}->d_{9,10,5,8}, d_{3,9,5,10}->d_{9,10,3,5}, d_{3,9,5,11}->d_{9,10,5,11}, d_{3,9,6,7}->d_{9,10,6,7}, d_{3,9,6,8}->d_{9,10,6,8}, d_{3,9,6,10}->d_{9,10,3,6}, d_{3,9,6,11}->d_{9,10,6,11}, d_{3,9,7,8}->d_{9,10,7,8}, d_{3,9,7,10}->d_{9,10,3,7}, d_{3,9,7,11}->d_{9,10,7,11}, d_{3,9,8,10}->d_{9,10,3,8}, d_{3,9,8,11}->d_{9,10,8,11}, d_{3,9,10,11}->d_{9,10,3,11}, d_{3,11,0,1}->d_{10,11,0,1}, d_{3,11,0,2}->d_{10,11,0,2}, d_{3,11,0,4}->d_{10,11,0,4}, d_{3,11,0,5}->d_{10,11,0,5}, d_{3,11,0,6}->d_{10,11,0,6}, d_{3,11,0,7}->d_{10,11,0,7}, d_{3,11,0,8}->d_{10,11,0,8}, d_{3,11,0,9}->d_{10,11,0,9}, d_{3,11,0,10}->d_{10,11,0,3}, d_{3,11,1,2}->d_{10,11,1,2}, d_{3,11,1,4}->d_{10,11,1,4}, d_{3,11,1,5}->d_{10,11,1,5}, d_{3,11,1,6}->d_{10,11,1,6}, d_{3,11,1,7}->d_{10,11,1,7}, d_{3,11,1,8}->d_{10,11,1,8}, d_{3,11,1,9}->d_{10,11,1,9}, d_{3,11,1,10}->d_{10,11,1,3}, d_{3,11,2,4}->d_{10,11,2,4}, d_{3,11,2,5}->d_{10,11,2,5}, d_{3,11,2,6}->d_{10,11,2,6}, d_{3,11,2,7}->d_{10,11,2,7}, d_{3,11,2,8}->d_{10,11,2,8}, d_{3,11,2,9}->d_{10,11,2,9}, d_{3,11,2,10}->d_{10,11,2,3}, d_{3,11,4,5}->d_{10,11,4,5}, d_{3,11,4,6}->d_{10,11,4,6}, d_{3,11,4,7}->d_{10,11,4,7}, d_{3,11,4,8}->d_{10,11,4,8}, d_{3,11,4,9}->d_{10,11,4,9}, d_{3,11,4,10}->d_{10,11,3,4}, d_{3,11,5,6}->d_{10,11,5,6}, d_{3,11,5,7}->d_{10,11,5,7}, d_{3,11,5,8}->d_{10,11,5,8}, d_{3,11,5,9}->d_{10,11,5,9}, d_{3,11,5,10}->d_{10,11,3,5}, d_{3,11,6,7}->d_{10,11,6,7}, d_{3,11,6,8}->d_{10,11,6,8}, d_{3,11,6,9}->d_{10,11,6,9}, d_{3,11,6,10}->d_{10,11,3,6}, d_{3,11,7,8}->d_{10,11,7,8}, d_{3,11,7,9}->d_{10,11,7,9}, d_{3,11,7,10}->d_{10,11,3,7}, d_{3,11,8,9}->d_{10,11,8,9}, d_{3,11,8,10}->d_{10,11,3,8}, d_{3,11,9,10}->d_{10,11,3,9}, d_{4,5,0,3}->d_{4,5,0,10}, d_{4,5,0,10}->d_{4,5,0,3}, d_{4,5,1,3}->d_{4,5,1,10}, d_{4,5,1,10}->d_{4,5,1,3}, d_{4,5,2,3}->d_{4,5,2,10}, d_{4,5,2,10}->d_{4,5,2,3}, d_{4,5,3,6}->d_{4,5,6,10}, d_{4,5,3,7}->d_{4,5,7,10}, d_{4,5,3,8}->d_{4,5,8,10}, d_{4,5,3,9}->d_{4,5,9,10}, d_{4,5,3,11}->d_{4,5,10,11}, d_{4,5,6,10}->d_{4,5,3,6}, d_{4,5,7,10}->d_{4,5,3,7}, d_{4,5,8,10}->d_{4,5,3,8}, d_{4,5,9,10}->d_{4,5,3,9}, d_{4,5,10,11}->d_{4,5,3,11}, d_{4,6,0,3}->d_{4,6,0,10}, d_{4,6,0,10}->d_{4,6,0,3}, d_{4,6,1,3}->d_{4,6,1,10}, d_{4,6,1,10}->d_{4,6,1,3}, d_{4,6,2,3}->d_{4,6,2,10}, d_{4,6,2,10}->d_{4,6,2,3}, d_{4,6,3,5}->d_{4,6,5,10}, d_{4,6,3,7}->d_{4,6,7,10}, d_{4,6,3,8}->d_{4,6,8,10}, d_{4,6,3,9}->d_{4,6,9,10}, d_{4,6,3,11}->d_{4,6,10,11}, d_{4,6,5,10}->d_{4,6,3,5}, d_{4,6,7,10}->d_{4,6,3,7}, d_{4,6,8,10}->d_{4,6,3,8}, d_{4,6,9,10}->d_{4,6,3,9}, d_{4,6,10,11}->d_{4,6,3,11}, d_{4,7,0,3}->d_{4,7,0,10}, d_{4,7,0,10}->d_{4,7,0,3}, d_{4,7,1,3}->d_{4,7,1,10}, d_{4,7,1,10}->d_{4,7,1,3}, d_{4,7,2,3}->d_{4,7,2,10}, d_{4,7,2,10}->d_{4,7,2,3}, d_{4,7,3,5}->d_{4,7,5,10}, d_{4,7,3,6}->d_{4,7,6,10}, d_{4,7,3,8}->d_{4,7,8,10}, d_{4,7,3,9}->d_{4,7,9,10}, d_{4,7,3,11}->d_{4,7,10,11}, d_{4,7,5,10}->d_{4,7,3,5}, d_{4,7,6,10}->d_{4,7,3,6}, d_{4,7,8,10}->d_{4,7,3,8}, d_{4,7,9,10}->d_{4,7,3,9}, d_{4,7,10,11}->d_{4,7,3,11}, d_{4,8,0,3}->d_{4,8,0,10}, d_{4,8,0,10}->d_{4,8,0,3}, d_{4,8,1,3}->d_{4,8,1,10}, d_{4,8,1,10}->d_{4,8,1,3}, d_{4,8,2,3}->d_{4,8,2,10}, d_{4,8,2,10}->d_{4,8,2,3}, d_{4,8,3,5}->d_{4,8,5,10}, d_{4,8,3,6}->d_{4,8,6,10}, d_{4,8,3,7}->d_{4,8,7,10}, d_{4,8,3,9}->d_{4,8,9,10}, d_{4,8,3,11}->d_{4,8,10,11}, d_{4,8,5,10}->d_{4,8,3,5}, d_{4,8,6,10}->d_{4,8,3,6}, d_{4,8,7,10}->d_{4,8,3,7}, d_{4,8,9,10}->d_{4,8,3,9}, d_{4,8,10,11}->d_{4,8,3,11}, d_{4,9,0,3}->d_{4,9,0,10}, d_{4,9,0,10}->d_{4,9,0,3}, d_{4,9,1,3}->d_{4,9,1,10}, d_{4,9,1,10}->d_{4,9,1,3}, d_{4,9,2,3}->d_{4,9,2,10}, d_{4,9,2,10}->d_{4,9,2,3}, d_{4,9,3,5}->d_{4,9,5,10}, d_{4,9,3,6}->d_{4,9,6,10}, d_{4,9,3,7}->d_{4,9,7,10}, d_{4,9,3,8}->d_{4,9,8,10}, d_{4,9,3,11}->d_{4,9,10,11}, d_{4,9,5,10}->d_{4,9,3,5}, d_{4,9,6,10}->d_{4,9,3,6}, d_{4,9,7,10}->d_{4,9,3,7}, d_{4,9,8,10}->d_{4,9,3,8}, d_{4,9,10,11}->d_{4,9,3,11}, d_{4,10,0,1}->d_{3,4,0,1}, d_{4,10,0,2}->d_{3,4,0,2}, d_{4,10,0,3}->d_{3,4,0,10}, d_{4,10,0,5}->d_{3,4,0,5}, d_{4,10,0,6}->d_{3,4,0,6}, d_{4,10,0,7}->d_{3,4,0,7}, d_{4,10,0,8}->d_{3,4,0,8}, d_{4,10,0,9}->d_{3,4,0,9}, d_{4,10,0,11}->d_{3,4,0,11}, d_{4,10,1,2}->d_{3,4,1,2}, d_{4,10,1,3}->d_{3,4,1,10}, d_{4,10,1,5}->d_{3,4,1,5}, d_{4,10,1,6}->d_{3,4,1,6}, d_{4,10,1,7}->d_{3,4,1,7}, d_{4,10,1,8}->d_{3,4,1,8}, d_{4,10,1,9}->d_{3,4,1,9}, d_{4,10,1,11}->d_{3,4,1,11}, d_{4,10,2,3}->d_{3,4,2,10}, d_{4,10,2,5}->d_{3,4,2,5}, d_{4,10,2,6}->d_{3,4,2,6}, d_{4,10,2,7}->d_{3,4,2,7}, d_{4,10,2,8}->d_{3,4,2,8}, d_{4,10,2,9}->d_{3,4,2,9}, d_{4,10,2,11}->d_{3,4,2,11}, d_{4,10,3,5}->d_{3,4,5,10}, d_{4,10,3,6}->d_{3,4,6,10}, d_{4,10,3,7}->d_{3,4,7,10}, d_{4,10,3,8}->d_{3,4,8,10}, d_{4,10,3,9}->d_{3,4,9,10}, d_{4,10,3,11}->d_{3,4,10,11}, d_{4,10,5,6}->d_{3,4,5,6}, d_{4,10,5,7}->d_{3,4,5,7}, d_{4,10,5,8}->d_{3,4,5,8}, d_{4,10,5,9}->d_{3,4,5,9}, d_{4,10,5,11}->d_{3,4,5,11}, d_{4,10,6,7}->d_{3,4,6,7}, d_{4,10,6,8}->d_{3,4,6,8}, d_{4,10,6,9}->d_{3,4,6,9}, d_{4,10,6,11}->d_{3,4,6,11}, d_{4,10,7,8}->d_{3,4,7,8}, d_{4,10,7,9}->d_{3,4,7,9}, d_{4,10,7,11}->d_{3,4,7,11}, d_{4,10,8,9}->d_{3,4,8,9}, d_{4,10,8,11}->d_{3,4,8,11}, d_{4,10,9,11}->d_{3,4,9,11}, d_{4,11,0,3}->d_{4,11,0,10}, d_{4,11,0,10}->d_{4,11,0,3}, d_{4,11,1,3}->d_{4,11,1,10}, d_{4,11,1,10}->d_{4,11,1,3}, d_{4,11,2,3}->d_{4,11,2,10}, d_{4,11,2,10}->d_{4,11,2,3}, d_{4,11,3,5}->d_{4,11,5,10}, d_{4,11,3,6}->d_{4,11,6,10}, d_{4,11,3,7}->d_{4,11,7,10}, d_{4,11,3,8}->d_{4,11,8,10}, d_{4,11,3,9}->d_{4,11,9,10}, d_{4,11,5,10}->d_{4,11,3,5}, d_{4,11,6,10}->d_{4,11,3,6}, d_{4,11,7,10}->d_{4,11,3,7}, d_{4,11,8,10}->d_{4,11,3,8}, d_{4,11,9,10}->d_{4,11,3,9}, d_{5,6,0,3}->d_{5,6,0,10}, d_{5,6,0,10}->d_{5,6,0,3}, d_{5,6,1,3}->d_{5,6,1,10}, d_{5,6,1,10}->d_{5,6,1,3}, d_{5,6,2,3}->d_{5,6,2,10}, d_{5,6,2,10}->d_{5,6,2,3}, d_{5,6,3,4}->d_{5,6,4,10}, d_{5,6,3,7}->d_{5,6,7,10}, d_{5,6,3,8}->d_{5,6,8,10}, d_{5,6,3,9}->d_{5,6,9,10}, d_{5,6,3,11}->d_{5,6,10,11}, d_{5,6,4,10}->d_{5,6,3,4}, d_{5,6,7,10}->d_{5,6,3,7}, d_{5,6,8,10}->d_{5,6,3,8}, d_{5,6,9,10}->d_{5,6,3,9}, d_{5,6,10,11}->d_{5,6,3,11}, d_{5,7,0,3}->d_{5,7,0,10}, d_{5,7,0,10}->d_{5,7,0,3}, d_{5,7,1,3}->d_{5,7,1,10}, d_{5,7,1,10}->d_{5,7,1,3}, d_{5,7,2,3}->d_{5,7,2,10}, d_{5,7,2,10}->d_{5,7,2,3}, d_{5,7,3,4}->d_{5,7,4,10}, d_{5,7,3,6}->d_{5,7,6,10}, d_{5,7,3,8}->d_{5,7,8,10}, d_{5,7,3,9}->d_{5,7,9,10}, d_{5,7,3,11}->d_{5,7,10,11}, d_{5,7,4,10}->d_{5,7,3,4}, d_{5,7,6,10}->d_{5,7,3,6}, d_{5,7,8,10}->d_{5,7,3,8}, d_{5,7,9,10}->d_{5,7,3,9}, d_{5,7,10,11}->d_{5,7,3,11}, d_{5,8,0,3}->d_{5,8,0,10}, d_{5,8,0,10}->d_{5,8,0,3}, d_{5,8,1,3}->d_{5,8,1,10}, d_{5,8,1,10}->d_{5,8,1,3}, d_{5,8,2,3}->d_{5,8,2,10}, d_{5,8,2,10}->d_{5,8,2,3}, d_{5,8,3,4}->d_{5,8,4,10}, d_{5,8,3,6}->d_{5,8,6,10}, d_{5,8,3,7}->d_{5,8,7,10}, d_{5,8,3,9}->d_{5,8,9,10}, d_{5,8,3,11}->d_{5,8,10,11}, d_{5,8,4,10}->d_{5,8,3,4}, d_{5,8,6,10}->d_{5,8,3,6}, d_{5,8,7,10}->d_{5,8,3,7}, d_{5,8,9,10}->d_{5,8,3,9}, d_{5,8,10,11}->d_{5,8,3,11}, d_{5,9,0,3}->d_{5,9,0,10}, d_{5,9,0,10}->d_{5,9,0,3}, d_{5,9,1,3}->d_{5,9,1,10}, d_{5,9,1,10}->d_{5,9,1,3}, d_{5,9,2,3}->d_{5,9,2,10}, d_{5,9,2,10}->d_{5,9,2,3}, d_{5,9,3,4}->d_{5,9,4,10}, d_{5,9,3,6}->d_{5,9,6,10}, d_{5,9,3,7}->d_{5,9,7,10}, d_{5,9,3,8}->d_{5,9,8,10}, d_{5,9,3,11}->d_{5,9,10,11}, d_{5,9,4,10}->d_{5,9,3,4}, d_{5,9,6,10}->d_{5,9,3,6}, d_{5,9,7,10}->d_{5,9,3,7}, d_{5,9,8,10}->d_{5,9,3,8}, d_{5,9,10,11}->d_{5,9,3,11}, d_{5,10,0,1}->d_{3,5,0,1}, d_{5,10,0,2}->d_{3,5,0,2}, d_{5,10,0,3}->d_{3,5,0,10}, d_{5,10,0,4}->d_{3,5,0,4}, d_{5,10,0,6}->d_{3,5,0,6}, d_{5,10,0,7}->d_{3,5,0,7}, d_{5,10,0,8}->d_{3,5,0,8}, d_{5,10,0,9}->d_{3,5,0,9}, d_{5,10,0,11}->d_{3,5,0,11}, d_{5,10,1,2}->d_{3,5,1,2}, d_{5,10,1,3}->d_{3,5,1,10}, d_{5,10,1,4}->d_{3,5,1,4}, d_{5,10,1,6}->d_{3,5,1,6}, d_{5,10,1,7}->d_{3,5,1,7}, d_{5,10,1,8}->d_{3,5,1,8}, d_{5,10,1,9}->d_{3,5,1,9}, d_{5,10,1,11}->d_{3,5,1,11}, d_{5,10,2,3}->d_{3,5,2,10}, d_{5,10,2,4}->d_{3,5,2,4}, d_{5,10,2,6}->d_{3,5,2,6}, d_{5,10,2,7}->d_{3,5,2,7}, d_{5,10,2,8}->d_{3,5,2,8}, d_{5,10,2,9}->d_{3,5,2,9}, d_{5,10,2,11}->d_{3,5,2,11}, d_{5,10,3,4}->d_{3,5,4,10}, d_{5,10,3,6}->d_{3,5,6,10}, d_{5,10,3,7}->d_{3,5,7,10}, d_{5,10,3,8}->d_{3,5,8,10}, d_{5,10,3,9}->d_{3,5,9,10}, d_{5,10,3,11}->d_{3,5,10,11}, d_{5,10,4,6}->d_{3,5,4,6}, d_{5,10,4,7}->d_{3,5,4,7}, d_{5,10,4,8}->d_{3,5,4,8}, d_{5,10,4,9}->d_{3,5,4,9}, d_{5,10,4,11}->d_{3,5,4,11}, d_{5,10,6,7}->d_{3,5,6,7}, d_{5,10,6,8}->d_{3,5,6,8}, d_{5,10,6,9}->d_{3,5,6,9}, d_{5,10,6,11}->d_{3,5,6,11}, d_{5,10,7,8}->d_{3,5,7,8}, d_{5,10,7,9}->d_{3,5,7,9}, d_{5,10,7,11}->d_{3,5,7,11}, d_{5,10,8,9}->d_{3,5,8,9}, d_{5,10,8,11}->d_{3,5,8,11}, d_{5,10,9,11}->d_{3,5,9,11}, d_{5,11,0,3}->d_{5,11,0,10}, d_{5,11,0,10}->d_{5,11,0,3}, d_{5,11,1,3}->d_{5,11,1,10}, d_{5,11,1,10}->d_{5,11,1,3}, d_{5,11,2,3}->d_{5,11,2,10}, d_{5,11,2,10}->d_{5,11,2,3}, d_{5,11,3,4}->d_{5,11,4,10}, d_{5,11,3,6}->d_{5,11,6,10}, d_{5,11,3,7}->d_{5,11,7,10}, d_{5,11,3,8}->d_{5,11,8,10}, d_{5,11,3,9}->d_{5,11,9,10}, d_{5,11,4,10}->d_{5,11,3,4}, d_{5,11,6,10}->d_{5,11,3,6}, d_{5,11,7,10}->d_{5,11,3,7}, d_{5,11,8,10}->d_{5,11,3,8}, d_{5,11,9,10}->d_{5,11,3,9}, d_{6,7,0,3}->d_{6,7,0,10}, d_{6,7,0,10}->d_{6,7,0,3}, d_{6,7,1,3}->d_{6,7,1,10}, d_{6,7,1,10}->d_{6,7,1,3}, d_{6,7,2,3}->d_{6,7,2,10}, d_{6,7,2,10}->d_{6,7,2,3}, d_{6,7,3,4}->d_{6,7,4,10}, d_{6,7,3,5}->d_{6,7,5,10}, d_{6,7,3,8}->d_{6,7,8,10}, d_{6,7,3,9}->d_{6,7,9,10}, d_{6,7,3,11}->d_{6,7,10,11}, d_{6,7,4,10}->d_{6,7,3,4}, d_{6,7,5,10}->d_{6,7,3,5}, d_{6,7,8,10}->d_{6,7,3,8}, d_{6,7,9,10}->d_{6,7,3,9}, d_{6,7,10,11}->d_{6,7,3,11}, d_{6,8,0,3}->d_{6,8,0,10}, d_{6,8,0,10}->d_{6,8,0,3}, d_{6,8,1,3}->d_{6,8,1,10}, d_{6,8,1,10}->d_{6,8,1,3}, d_{6,8,2,3}->d_{6,8,2,10}, d_{6,8,2,10}->d_{6,8,2,3}, d_{6,8,3,4}->d_{6,8,4,10}, d_{6,8,3,5}->d_{6,8,5,10}, d_{6,8,3,7}->d_{6,8,7,10}, d_{6,8,3,9}->d_{6,8,9,10}, d_{6,8,3,11}->d_{6,8,10,11}, d_{6,8,4,10}->d_{6,8,3,4}, d_{6,8,5,10}->d_{6,8,3,5}, d_{6,8,7,10}->d_{6,8,3,7}, d_{6,8,9,10}->d_{6,8,3,9}, d_{6,8,10,11}->d_{6,8,3,11}, d_{6,9,0,3}->d_{6,9,0,10}, d_{6,9,0,10}->d_{6,9,0,3}, d_{6,9,1,3}->d_{6,9,1,10}, d_{6,9,1,10}->d_{6,9,1,3}, d_{6,9,2,3}->d_{6,9,2,10}, d_{6,9,2,10}->d_{6,9,2,3}, d_{6,9,3,4}->d_{6,9,4,10}, d_{6,9,3,5}->d_{6,9,5,10}, d_{6,9,3,7}->d_{6,9,7,10}, d_{6,9,3,8}->d_{6,9,8,10}, d_{6,9,3,11}->d_{6,9,10,11}, d_{6,9,4,10}->d_{6,9,3,4}, d_{6,9,5,10}->d_{6,9,3,5}, d_{6,9,7,10}->d_{6,9,3,7}, d_{6,9,8,10}->d_{6,9,3,8}, d_{6,9,10,11}->d_{6,9,3,11}, d_{6,10,0,1}->d_{3,6,0,1}, d_{6,10,0,2}->d_{3,6,0,2}, d_{6,10,0,3}->d_{3,6,0,10}, d_{6,10,0,4}->d_{3,6,0,4}, d_{6,10,0,5}->d_{3,6,0,5}, d_{6,10,0,7}->d_{3,6,0,7}, d_{6,10,0,8}->d_{3,6,0,8}, d_{6,10,0,9}->d_{3,6,0,9}, d_{6,10,0,11}->d_{3,6,0,11}, d_{6,10,1,2}->d_{3,6,1,2}, d_{6,10,1,3}->d_{3,6,1,10}, d_{6,10,1,4}->d_{3,6,1,4}, d_{6,10,1,5}->d_{3,6,1,5}, d_{6,10,1,7}->d_{3,6,1,7}, d_{6,10,1,8}->d_{3,6,1,8}, d_{6,10,1,9}->d_{3,6,1,9}, d_{6,10,1,11}->d_{3,6,1,11}, d_{6,10,2,3}->d_{3,6,2,10}, d_{6,10,2,4}->d_{3,6,2,4}, d_{6,10,2,5}->d_{3,6,2,5}, d_{6,10,2,7}->d_{3,6,2,7}, d_{6,10,2,8}->d_{3,6,2,8}, d_{6,10,2,9}->d_{3,6,2,9}, d_{6,10,2,11}->d_{3,6,2,11}, d_{6,10,3,4}->d_{3,6,4,10}, d_{6,10,3,5}->d_{3,6,5,10}, d_{6,10,3,7}->d_{3,6,7,10}, d_{6,10,3,8}->d_{3,6,8,10}, d_{6,10,3,9}->d_{3,6,9,10}, d_{6,10,3,11}->d_{3,6,10,11}, d_{6,10,4,5}->d_{3,6,4,5}, d_{6,10,4,7}->d_{3,6,4,7}, d_{6,10,4,8}->d_{3,6,4,8}, d_{6,10,4,9}->d_{3,6,4,9}, d_{6,10,4,11}->d_{3,6,4,11}, d_{6,10,5,7}->d_{3,6,5,7}, d_{6,10,5,8}->d_{3,6,5,8}, d_{6,10,5,9}->d_{3,6,5,9}, d_{6,10,5,11}->d_{3,6,5,11}, d_{6,10,7,8}->d_{3,6,7,8}, d_{6,10,7,9}->d_{3,6,7,9}, d_{6,10,7,11}->d_{3,6,7,11}, d_{6,10,8,9}->d_{3,6,8,9}, d_{6,10,8,11}->d_{3,6,8,11}, d_{6,10,9,11}->d_{3,6,9,11}, d_{6,11,0,3}->d_{6,11,0,10}, d_{6,11,0,10}->d_{6,11,0,3}, d_{6,11,1,3}->d_{6,11,1,10}, d_{6,11,1,10}->d_{6,11,1,3}, d_{6,11,2,3}->d_{6,11,2,10}, d_{6,11,2,10}->d_{6,11,2,3}, d_{6,11,3,4}->d_{6,11,4,10}, d_{6,11,3,5}->d_{6,11,5,10}, d_{6,11,3,7}->d_{6,11,7,10}, d_{6,11,3,8}->d_{6,11,8,10}, d_{6,11,3,9}->d_{6,11,9,10}, d_{6,11,4,10}->d_{6,11,3,4}, d_{6,11,5,10}->d_{6,11,3,5}, d_{6,11,7,10}->d_{6,11,3,7}, d_{6,11,8,10}->d_{6,11,3,8}, d_{6,11,9,10}->d_{6,11,3,9}, d_{7,8,0,3}->d_{7,8,0,10}, d_{7,8,0,10}->d_{7,8,0,3}, d_{7,8,1,3}->d_{7,8,1,10}, d_{7,8,1,10}->d_{7,8,1,3}, d_{7,8,2,3}->d_{7,8,2,10}, d_{7,8,2,10}->d_{7,8,2,3}, d_{7,8,3,4}->d_{7,8,4,10}, d_{7,8,3,5}->d_{7,8,5,10}, d_{7,8,3,6}->d_{7,8,6,10}, d_{7,8,3,9}->d_{7,8,9,10}, d_{7,8,3,11}->d_{7,8,10,11}, d_{7,8,4,10}->d_{7,8,3,4}, d_{7,8,5,10}->d_{7,8,3,5}, d_{7,8,6,10}->d_{7,8,3,6}, d_{7,8,9,10}->d_{7,8,3,9}, d_{7,8,10,11}->d_{7,8,3,11}, d_{7,9,0,3}->d_{7,9,0,10}, d_{7,9,0,10}->d_{7,9,0,3}, d_{7,9,1,3}->d_{7,9,1,10}, d_{7,9,1,10}->d_{7,9,1,3}, d_{7,9,2,3}->d_{7,9,2,10}, d_{7,9,2,10}->d_{7,9,2,3}, d_{7,9,3,4}->d_{7,9,4,10}, d_{7,9,3,5}->d_{7,9,5,10}, d_{7,9,3,6}->d_{7,9,6,10}, d_{7,9,3,8}->d_{7,9,8,10}, d_{7,9,3,11}->d_{7,9,10,11}, d_{7,9,4,10}->d_{7,9,3,4}, d_{7,9,5,10}->d_{7,9,3,5}, d_{7,9,6,10}->d_{7,9,3,6}, d_{7,9,8,10}->d_{7,9,3,8}, d_{7,9,10,11}->d_{7,9,3,11}, d_{7,10,0,1}->d_{3,7,0,1}, d_{7,10,0,2}->d_{3,7,0,2}, d_{7,10,0,3}->d_{3,7,0,10}, d_{7,10,0,4}->d_{3,7,0,4}, d_{7,10,0,5}->d_{3,7,0,5}, d_{7,10,0,6}->d_{3,7,0,6}, d_{7,10,0,8}->d_{3,7,0,8}, d_{7,10,0,9}->d_{3,7,0,9}, d_{7,10,0,11}->d_{3,7,0,11}, d_{7,10,1,2}->d_{3,7,1,2}, d_{7,10,1,3}->d_{3,7,1,10}, d_{7,10,1,4}->d_{3,7,1,4}, d_{7,10,1,5}->d_{3,7,1,5}, d_{7,10,1,6}->d_{3,7,1,6}, d_{7,10,1,8}->d_{3,7,1,8}, d_{7,10,1,9}->d_{3,7,1,9}, d_{7,10,1,11}->d_{3,7,1,11}, d_{7,10,2,3}->d_{3,7,2,10}, d_{7,10,2,4}->d_{3,7,2,4}, d_{7,10,2,5}->d_{3,7,2,5}, d_{7,10,2,6}->d_{3,7,2,6}, d_{7,10,2,8}->d_{3,7,2,8}, d_{7,10,2,9}->d_{3,7,2,9}, d_{7,10,2,11}->d_{3,7,2,11}, d_{7,10,3,4}->d_{3,7,4,10}, d_{7,10,3,5}->d_{3,7,5,10}, d_{7,10,3,6}->d_{3,7,6,10}, d_{7,10,3,8}->d_{3,7,8,10}, d_{7,10,3,9}->d_{3,7,9,10}, d_{7,10,3,11}->d_{3,7,10,11}, d_{7,10,4,5}->d_{3,7,4,5}, d_{7,10,4,6}->d_{3,7,4,6}, d_{7,10,4,8}->d_{3,7,4,8}, d_{7,10,4,9}->d_{3,7,4,9}, d_{7,10,4,11}->d_{3,7,4,11}, d_{7,10,5,6}->d_{3,7,5,6}, d_{7,10,5,8}->d_{3,7,5,8}, d_{7,10,5,9}->d_{3,7,5,9}, d_{7,10,5,11}->d_{3,7,5,11}, d_{7,10,6,8}->d_{3,7,6,8}, d_{7,10,6,9}->d_{3,7,6,9}, d_{7,10,6,11}->d_{3,7,6,11}, d_{7,10,8,9}->d_{3,7,8,9}, d_{7,10,8,11}->d_{3,7,8,11}, d_{7,10,9,11}->d_{3,7,9,11}, d_{7,11,0,3}->d_{7,11,0,10}, d_{7,11,0,10}->d_{7,11,0,3}, d_{7,11,1,3}->d_{7,11,1,10}, d_{7,11,1,10}->d_{7,11,1,3}, d_{7,11,2,3}->d_{7,11,2,10}, d_{7,11,2,10}->d_{7,11,2,3}, d_{7,11,3,4}->d_{7,11,4,10}, d_{7,11,3,5}->d_{7,11,5,10}, d_{7,11,3,6}->d_{7,11,6,10}, d_{7,11,3,8}->d_{7,11,8,10}, d_{7,11,3,9}->d_{7,11,9,10}, d_{7,11,4,10}->d_{7,11,3,4}, d_{7,11,5,10}->d_{7,11,3,5}, d_{7,11,6,10}->d_{7,11,3,6}, d_{7,11,8,10}->d_{7,11,3,8}, d_{7,11,9,10}->d_{7,11,3,9}, d_{8,9,0,3}->d_{8,9,0,10}, d_{8,9,0,10}->d_{8,9,0,3}, d_{8,9,1,3}->d_{8,9,1,10}, d_{8,9,1,10}->d_{8,9,1,3}, d_{8,9,2,3}->d_{8,9,2,10}, d_{8,9,2,10}->d_{8,9,2,3}, d_{8,9,3,4}->d_{8,9,4,10}, d_{8,9,3,5}->d_{8,9,5,10}, d_{8,9,3,6}->d_{8,9,6,10}, d_{8,9,3,7}->d_{8,9,7,10}, d_{8,9,3,11}->d_{8,9,10,11}, d_{8,9,4,10}->d_{8,9,3,4}, d_{8,9,5,10}->d_{8,9,3,5}, d_{8,9,6,10}->d_{8,9,3,6}, d_{8,9,7,10}->d_{8,9,3,7}, d_{8,9,10,11}->d_{8,9,3,11}, d_{8,10,0,1}->d_{3,8,0,1}, d_{8,10,0,2}->d_{3,8,0,2}, d_{8,10,0,3}->d_{3,8,0,10}, d_{8,10,0,4}->d_{3,8,0,4}, d_{8,10,0,5}->d_{3,8,0,5}, d_{8,10,0,6}->d_{3,8,0,6}, d_{8,10,0,7}->d_{3,8,0,7}, d_{8,10,0,9}->d_{3,8,0,9}, d_{8,10,0,11}->d_{3,8,0,11}, d_{8,10,1,2}->d_{3,8,1,2}, d_{8,10,1,3}->d_{3,8,1,10}, d_{8,10,1,4}->d_{3,8,1,4}, d_{8,10,1,5}->d_{3,8,1,5}, d_{8,10,1,6}->d_{3,8,1,6}, d_{8,10,1,7}->d_{3,8,1,7}, d_{8,10,1,9}->d_{3,8,1,9}, d_{8,10,1,11}->d_{3,8,1,11}, d_{8,10,2,3}->d_{3,8,2,10}, d_{8,10,2,4}->d_{3,8,2,4}, d_{8,10,2,5}->d_{3,8,2,5}, d_{8,10,2,6}->d_{3,8,2,6}, d_{8,10,2,7}->d_{3,8,2,7}, d_{8,10,2,9}->d_{3,8,2,9}, d_{8,10,2,11}->d_{3,8,2,11}, d_{8,10,3,4}->d_{3,8,4,10}, d_{8,10,3,5}->d_{3,8,5,10}, d_{8,10,3,6}->d_{3,8,6,10}, d_{8,10,3,7}->d_{3,8,7,10}, d_{8,10,3,9}->d_{3,8,9,10}, d_{8,10,3,11}->d_{3,8,10,11}, d_{8,10,4,5}->d_{3,8,4,5}, d_{8,10,4,6}->d_{3,8,4,6}, d_{8,10,4,7}->d_{3,8,4,7}, d_{8,10,4,9}->d_{3,8,4,9}, d_{8,10,4,11}->d_{3,8,4,11}, d_{8,10,5,6}->d_{3,8,5,6}, d_{8,10,5,7}->d_{3,8,5,7}, d_{8,10,5,9}->d_{3,8,5,9}, d_{8,10,5,11}->d_{3,8,5,11}, d_{8,10,6,7}->d_{3,8,6,7}, d_{8,10,6,9}->d_{3,8,6,9}, d_{8,10,6,11}->d_{3,8,6,11}, d_{8,10,7,9}->d_{3,8,7,9}, d_{8,10,7,11}->d_{3,8,7,11}, d_{8,10,9,11}->d_{3,8,9,11}, d_{8,11,0,3}->d_{8,11,0,10}, d_{8,11,0,10}->d_{8,11,0,3}, d_{8,11,1,3}->d_{8,11,1,10}, d_{8,11,1,10}->d_{8,11,1,3}, d_{8,11,2,3}->d_{8,11,2,10}, d_{8,11,2,10}->d_{8,11,2,3}, d_{8,11,3,4}->d_{8,11,4,10}, d_{8,11,3,5}->d_{8,11,5,10}, d_{8,11,3,6}->d_{8,11,6,10}, d_{8,11,3,7}->d_{8,11,7,10}, d_{8,11,3,9}->d_{8,11,9,10}, d_{8,11,4,10}->d_{8,11,3,4}, d_{8,11,5,10}->d_{8,11,3,5}, d_{8,11,6,10}->d_{8,11,3,6}, d_{8,11,7,10}->d_{8,11,3,7}, d_{8,11,9,10}->d_{8,11,3,9}, d_{9,10,0,1}->d_{3,9,0,1}, d_{9,10,0,2}->d_{3,9,0,2}, d_{9,10,0,3}->d_{3,9,0,10}, d_{9,10,0,4}->d_{3,9,0,4}, d_{9,10,0,5}->d_{3,9,0,5}, d_{9,10,0,6}->d_{3,9,0,6}, d_{9,10,0,7}->d_{3,9,0,7}, d_{9,10,0,8}->d_{3,9,0,8}, d_{9,10,0,11}->d_{3,9,0,11}, d_{9,10,1,2}->d_{3,9,1,2}, d_{9,10,1,3}->d_{3,9,1,10}, d_{9,10,1,4}->d_{3,9,1,4}, d_{9,10,1,5}->d_{3,9,1,5}, d_{9,10,1,6}->d_{3,9,1,6}, d_{9,10,1,7}->d_{3,9,1,7}, d_{9,10,1,8}->d_{3,9,1,8}, d_{9,10,1,11}->d_{3,9,1,11}, d_{9,10,2,3}->d_{3,9,2,10}, d_{9,10,2,4}->d_{3,9,2,4}, d_{9,10,2,5}->d_{3,9,2,5}, d_{9,10,2,6}->d_{3,9,2,6}, d_{9,10,2,7}->d_{3,9,2,7}, d_{9,10,2,8}->d_{3,9,2,8}, d_{9,10,2,11}->d_{3,9,2,11}, d_{9,10,3,4}->d_{3,9,4,10}, d_{9,10,3,5}->d_{3,9,5,10}, d_{9,10,3,6}->d_{3,9,6,10}, d_{9,10,3,7}->d_{3,9,7,10}, d_{9,10,3,8}->d_{3,9,8,10}, d_{9,10,3,11}->d_{3,9,10,11}, d_{9,10,4,5}->d_{3,9,4,5}, d_{9,10,4,6}->d_{3,9,4,6}, d_{9,10,4,7}->d_{3,9,4,7}, d_{9,10,4,8}->d_{3,9,4,8}, d_{9,10,4,11}->d_{3,9,4,11}, d_{9,10,5,6}->d_{3,9,5,6}, d_{9,10,5,7}->d_{3,9,5,7}, d_{9,10,5,8}->d_{3,9,5,8}, d_{9,10,5,11}->d_{3,9,5,11}, d_{9,10,6,7}->d_{3,9,6,7}, d_{9,10,6,8}->d_{3,9,6,8}, d_{9,10,6,11}->d_{3,9,6,11}, d_{9,10,7,8}->d_{3,9,7,8}, d_{9,10,7,11}->d_{3,9,7,11}, d_{9,10,8,11}->d_{3,9,8,11}, d_{9,11,0,3}->d_{9,11,0,10}, d_{9,11,0,10}->d_{9,11,0,3}, d_{9,11,1,3}->d_{9,11,1,10}, d_{9,11,1,10}->d_{9,11,1,3}, d_{9,11,2,3}->d_{9,11,2,10}, d_{9,11,2,10}->d_{9,11,2,3}, d_{9,11,3,4}->d_{9,11,4,10}, d_{9,11,3,5}->d_{9,11,5,10}, d_{9,11,3,6}->d_{9,11,6,10}, d_{9,11,3,7}->d_{9,11,7,10}, d_{9,11,3,8}->d_{9,11,8,10}, d_{9,11,4,10}->d_{9,11,3,4}, d_{9,11,5,10}->d_{9,11,3,5}, d_{9,11,6,10}->d_{9,11,3,6}, d_{9,11,7,10}->d_{9,11,3,7}, d_{9,11,8,10}->d_{9,11,3,8}, d_{10,11,0,1}->d_{3,11,0,1}, d_{10,11,0,2}->d_{3,11,0,2}, d_{10,11,0,3}->d_{3,11,0,10}, d_{10,11,0,4}->d_{3,11,0,4}, d_{10,11,0,5}->d_{3,11,0,5}, d_{10,11,0,6}->d_{3,11,0,6}, d_{10,11,0,7}->d_{3,11,0,7}, d_{10,11,0,8}->d_{3,11,0,8}, d_{10,11,0,9}->d_{3,11,0,9}, d_{10,11,1,2}->d_{3,11,1,2}, d_{10,11,1,3}->d_{3,11,1,10}, d_{10,11,1,4}->d_{3,11,1,4}, d_{10,11,1,5}->d_{3,11,1,5}, d_{10,11,1,6}->d_{3,11,1,6}, d_{10,11,1,7}->d_{3,11,1,7}, d_{10,11,1,8}->d_{3,11,1,8}, d_{10,11,1,9}->d_{3,11,1,9}, d_{10,11,2,3}->d_{3,11,2,10}, d_{10,11,2,4}->d_{3,11,2,4}, d_{10,11,2,5}->d_{3,11,2,5}, d_{10,11,2,6}->d_{3,11,2,6}, d_{10,11,2,7}->d_{3,11,2,7}, d_{10,11,2,8}->d_{3,11,2,8}, d_{10,11,2,9}->d_{3,11,2,9}, d_{10,11,3,4}->d_{3,11,4,10}, d_{10,11,3,5}->d_{3,11,5,10}, d_{10,11,3,6}->d_{3,11,6,10}, d_{10,11,3,7}->d_{3,11,7,10}, d_{10,11,3,8}->d_{3,11,8,10}, d_{10,11,3,9}->d_{3,11,9,10}, d_{10,11,4,5}->d_{3,11,4,5}, d_{10,11,4,6}->d_{3,11,4,6}, d_{10,11,4,7}->d_{3,11,4,7}, d_{10,11,4,8}->d_{3,11,4,8}, d_{10,11,4,9}->d_{3,11,4,9}, d_{10,11,5,6}->d_{3,11,5,6}, d_{10,11,5,7}->d_{3,11,5,7}, d_{10,11,5,8}->d_{3,11,5,8}, d_{10,11,5,9}->d_{3,11,5,9}, d_{10,11,6,7}->d_{3,11,6,7}, d_{10,11,6,8}->d_{3,11,6,8}, d_{10,11,6,9}->d_{3,11,6,9}, d_{10,11,7,8}->d_{3,11,7,8}, d_{10,11,7,9}->d_{3,11,7,9}, d_{10,11,8,9}->d_{3,11,8,9}

Permutation #9:
  Bonds: r_{0,3}->r_{0,11}, r_{0,11}->r_{0,3}, r_{1,3}->r_{1,11}, r_{1,11}->r_{1,3}, r_{2,3}->r_{2,11}, r_{2,11}->r_{2,3}, r_{3,4}->r_{4,11}, r_{3,5}->r_{5,11}, r_{3,6}->r_{6,11}, r_{3,7}->r_{7,11}, r_{3,8}->r_{8,11}, r_{3,9}->r_{9,11}, r_{3,10}->r_{10,11}, r_{4,11}->r_{3,4}, r_{5,11}->r_{3,5}, r_{6,11}->r_{3,6}, r_{7,11}->r_{3,7}, r_{8,11}->r_{3,8}, r_{9,11}->r_{3,9}, r_{10,11}->r_{3,10}
  Angles: theta^{0}_{1,3}->theta^{0}_{1,11}, theta^{0}_{1,11}->theta^{0}_{1,3}, theta^{0}_{2,3}->theta^{0}_{2,11}, theta^{0}_{2,11}->theta^{0}_{2,3}, theta^{0}_{3,4}->theta^{0}_{4,11}, theta^{0}_{3,5}->theta^{0}_{5,11}, theta^{0}_{3,6}->theta^{0}_{6,11}, theta^{0}_{3,7}->theta^{0}_{7,11}, theta^{0}_{3,8}->theta^{0}_{8,11}, theta^{0}_{3,9}->theta^{0}_{9,11}, theta^{0}_{3,10}->theta^{0}_{10,11}, theta^{0}_{4,11}->theta^{0}_{3,4}, theta^{0}_{5,11}->theta^{0}_{3,5}, theta^{0}_{6,11}->theta^{0}_{3,6}, theta^{0}_{7,11}->theta^{0}_{3,7}, theta^{0}_{8,11}->theta^{0}_{3,8}, theta^{0}_{9,11}->theta^{0}_{3,9}, theta^{0}_{10,11}->theta^{0}_{3,10}, theta^{1}_{0,3}->theta^{1}_{0,11}, theta^{1}_{0,11}->theta^{1}_{0,3}, theta^{1}_{2,3}->theta^{1}_{2,11}, theta^{1}_{2,11}->theta^{1}_{2,3}, theta^{1}_{3,4}->theta^{1}_{4,11}, theta^{1}_{3,5}->theta^{1}_{5,11}, theta^{1}_{3,6}->theta^{1}_{6,11}, theta^{1}_{3,7}->theta^{1}_{7,11}, theta^{1}_{3,8}->theta^{1}_{8,11}, theta^{1}_{3,9}->theta^{1}_{9,11}, theta^{1}_{3,10}->theta^{1}_{10,11}, theta^{1}_{4,11}->theta^{1}_{3,4}, theta^{1}_{5,11}->theta^{1}_{3,5}, theta^{1}_{6,11}->theta^{1}_{3,6}, theta^{1}_{7,11}->theta^{1}_{3,7}, theta^{1}_{8,11}->theta^{1}_{3,8}, theta^{1}_{9,11}->theta^{1}_{3,9}, theta^{1}_{10,11}->theta^{1}_{3,10}, theta^{2}_{0,3}->theta^{2}_{0,11}, theta^{2}_{0,11}->theta^{2}_{0,3}, theta^{2}_{1,3}->theta^{2}_{1,11}, theta^{2}_{1,11}->theta^{2}_{1,3}, theta^{2}_{3,4}->theta^{2}_{4,11}, theta^{2}_{3,5}->theta^{2}_{5,11}, theta^{2}_{3,6}->theta^{2}_{6,11}, theta^{2}_{3,7}->theta^{2}_{7,11}, theta^{2}_{3,8}->theta^{2}_{8,11}, theta^{2}_{3,9}->theta^{2}_{9,11}, theta^{2}_{3,10}->theta^{2}_{10,11}, theta^{2}_{4,11}->theta^{2}_{3,4}, theta^{2}_{5,11}->theta^{2}_{3,5}, theta^{2}_{6,11}->theta^{2}_{3,6}, theta^{2}_{7,11}->theta^{2}_{3,7}, theta^{2}_{8,11}->theta^{2}_{3,8}, theta^{2}_{9,11}->theta^{2}_{3,9}, theta^{2}_{10,11}->theta^{2}_{3,10}, theta^{3}_{0,1}->theta^{11}_{0,1}, theta^{3}_{0,2}->theta^{11}_{0,2}, theta^{3}_{0,4}->theta^{11}_{0,4}, theta^{3}_{0,5}->theta^{11}_{0,5}, theta^{3}_{0,6}->theta^{11}_{0,6}, theta^{3}_{0,7}->theta^{11}_{0,7}, theta^{3}_{0,8}->theta^{11}_{0,8}, theta^{3}_{0,9}->theta^{11}_{0,9}, theta^{3}_{0,10}->theta^{11}_{0,10}, theta^{3}_{0,11}->theta^{11}_{0,3}, theta^{3}_{1,2}->theta^{11}_{1,2}, theta^{3}_{1,4}->theta^{11}_{1,4}, theta^{3}_{1,5}->theta^{11}_{1,5}, theta^{3}_{1,6}->theta^{11}_{1,6}, theta^{3}_{1,7}->theta^{11}_{1,7}, theta^{3}_{1,8}->theta^{11}_{1,8}, theta^{3}_{1,9}->theta^{11}_{1,9}, theta^{3}_{1,10}->theta^{11}_{1,10}, theta^{3}_{1,11}->theta^{11}_{1,3}, theta^{3}_{2,4}->theta^{11}_{2,4}, theta^{3}_{2,5}->theta^{11}_{2,5}, theta^{3}_{2,6}->theta^{11}_{2,6}, theta^{3}_{2,7}->theta^{11}_{2,7}, theta^{3}_{2,8}->theta^{11}_{2,8}, theta^{3}_{2,9}->theta^{11}_{2,9}, theta^{3}_{2,10}->theta^{11}_{2,10}, theta^{3}_{2,11}->theta^{11}_{2,3}, theta^{3}_{4,5}->theta^{11}_{4,5}, theta^{3}_{4,6}->theta^{11}_{4,6}, theta^{3}_{4,7}->theta^{11}_{4,7}, theta^{3}_{4,8}->theta^{11}_{4,8}, theta^{3}_{4,9}->theta^{11}_{4,9}, theta^{3}_{4,10}->theta^{11}_{4,10}, theta^{3}_{4,11}->theta^{11}_{3,4}, theta^{3}_{5,6}->theta^{11}_{5,6}, theta^{3}_{5,7}->theta^{11}_{5,7}, theta^{3}_{5,8}->theta^{11}_{5,8}, theta^{3}_{5,9}->theta^{11}_{5,9}, theta^{3}_{5,10}->theta^{11}_{5,10}, theta^{3}_{5,11}->theta^{11}_{3,5}, theta^{3}_{6,7}->theta^{11}_{6,7}, theta^{3}_{6,8}->theta^{11}_{6,8}, theta^{3}_{6,9}->theta^{11}_{6,9}, theta^{3}_{6,10}->theta^{11}_{6,10}, theta^{3}_{6,11}->theta^{11}_{3,6}, theta^{3}_{7,8}->theta^{11}_{7,8}, theta^{3}_{7,9}->theta^{11}_{7,9}, theta^{3}_{7,10}->theta^{11}_{7,10}, theta^{3}_{7,11}->theta^{11}_{3,7}, theta^{3}_{8,9}->theta^{11}_{8,9}, theta^{3}_{8,10}->theta^{11}_{8,10}, theta^{3}_{8,11}->theta^{11}_{3,8}, theta^{3}_{9,10}->theta^{11}_{9,10}, theta^{3}_{9,11}->theta^{11}_{3,9}, theta^{3}_{10,11}->theta^{11}_{3,10}, theta^{4}_{0,3}->theta^{4}_{0,11}, theta^{4}_{0,11}->theta^{4}_{0,3}, theta^{4}_{1,3}->theta^{4}_{1,11}, theta^{4}_{1,11}->theta^{4}_{1,3}, theta^{4}_{2,3}->theta^{4}_{2,11}, theta^{4}_{2,11}->theta^{4}_{2,3}, theta^{4}_{3,5}->theta^{4}_{5,11}, theta^{4}_{3,6}->theta^{4}_{6,11}, theta^{4}_{3,7}->theta^{4}_{7,11}, theta^{4}_{3,8}->theta^{4}_{8,11}, theta^{4}_{3,9}->theta^{4}_{9,11}, theta^{4}_{3,10}->theta^{4}_{10,11}, theta^{4}_{5,11}->theta^{4}_{3,5}, theta^{4}_{6,11}->theta^{4}_{3,6}, theta^{4}_{7,11}->theta^{4}_{3,7}, theta^{4}_{8,11}->theta^{4}_{3,8}, theta^{4}_{9,11}->theta^{4}_{3,9}, theta^{4}_{10,11}->theta^{4}_{3,10}, theta^{5}_{0,3}->theta^{5}_{0,11}, theta^{5}_{0,11}->theta^{5}_{0,3}, theta^{5}_{1,3}->theta^{5}_{1,11}, theta^{5}_{1,11}->theta^{5}_{1,3}, theta^{5}_{2,3}->theta^{5}_{2,11}, theta^{5}_{2,11}->theta^{5}_{2,3}, theta^{5}_{3,4}->theta^{5}_{4,11}, theta^{5}_{3,6}->theta^{5}_{6,11}, theta^{5}_{3,7}->theta^{5}_{7,11}, theta^{5}_{3,8}->theta^{5}_{8,11}, theta^{5}_{3,9}->theta^{5}_{9,11}, theta^{5}_{3,10}->theta^{5}_{10,11}, theta^{5}_{4,11}->theta^{5}_{3,4}, theta^{5}_{6,11}->theta^{5}_{3,6}, theta^{5}_{7,11}->theta^{5}_{3,7}, theta^{5}_{8,11}->theta^{5}_{3,8}, theta^{5}_{9,11}->theta^{5}_{3,9}, theta^{5}_{10,11}->theta^{5}_{3,10}, theta^{6}_{0,3}->theta^{6}_{0,11}, theta^{6}_{0,11}->theta^{6}_{0,3}, theta^{6}_{1,3}->theta^{6}_{1,11}, theta^{6}_{1,11}->theta^{6}_{1,3}, theta^{6}_{2,3}->theta^{6}_{2,11}, theta^{6}_{2,11}->theta^{6}_{2,3}, theta^{6}_{3,4}->theta^{6}_{4,11}, theta^{6}_{3,5}->theta^{6}_{5,11}, theta^{6}_{3,7}->theta^{6}_{7,11}, theta^{6}_{3,8}->theta^{6}_{8,11}, theta^{6}_{3,9}->theta^{6}_{9,11}, theta^{6}_{3,10}->theta^{6}_{10,11}, theta^{6}_{4,11}->theta^{6}_{3,4}, theta^{6}_{5,11}->theta^{6}_{3,5}, theta^{6}_{7,11}->theta^{6}_{3,7}, theta^{6}_{8,11}->theta^{6}_{3,8}, theta^{6}_{9,11}->theta^{6}_{3,9}, theta^{6}_{10,11}->theta^{6}_{3,10}, theta^{7}_{0,3}->theta^{7}_{0,11}, theta^{7}_{0,11}->theta^{7}_{0,3}, theta^{7}_{1,3}->theta^{7}_{1,11}, theta^{7}_{1,11}->theta^{7}_{1,3}, theta^{7}_{2,3}->theta^{7}_{2,11}, theta^{7}_{2,11}->theta^{7}_{2,3}, theta^{7}_{3,4}->theta^{7}_{4,11}, theta^{7}_{3,5}->theta^{7}_{5,11}, theta^{7}_{3,6}->theta^{7}_{6,11}, theta^{7}_{3,8}->theta^{7}_{8,11}, theta^{7}_{3,9}->theta^{7}_{9,11}, theta^{7}_{3,10}->theta^{7}_{10,11}, theta^{7}_{4,11}->theta^{7}_{3,4}, theta^{7}_{5,11}->theta^{7}_{3,5}, theta^{7}_{6,11}->theta^{7}_{3,6}, theta^{7}_{8,11}->theta^{7}_{3,8}, theta^{7}_{9,11}->theta^{7}_{3,9}, theta^{7}_{10,11}->theta^{7}_{3,10}, theta^{8}_{0,3}->theta^{8}_{0,11}, theta^{8}_{0,11}->theta^{8}_{0,3}, theta^{8}_{1,3}->theta^{8}_{1,11}, theta^{8}_{1,11}->theta^{8}_{1,3}, theta^{8}_{2,3}->theta^{8}_{2,11}, theta^{8}_{2,11}->theta^{8}_{2,3}, theta^{8}_{3,4}->theta^{8}_{4,11}, theta^{8}_{3,5}->theta^{8}_{5,11}, theta^{8}_{3,6}->theta^{8}_{6,11}, theta^{8}_{3,7}->theta^{8}_{7,11}, theta^{8}_{3,9}->theta^{8}_{9,11}, theta^{8}_{3,10}->theta^{8}_{10,11}, theta^{8}_{4,11}->theta^{8}_{3,4}, theta^{8}_{5,11}->theta^{8}_{3,5}, theta^{8}_{6,11}->theta^{8}_{3,6}, theta^{8}_{7,11}->theta^{8}_{3,7}, theta^{8}_{9,11}->theta^{8}_{3,9}, theta^{8}_{10,11}->theta^{8}_{3,10}, theta^{9}_{0,3}->theta^{9}_{0,11}, theta^{9}_{0,11}->theta^{9}_{0,3}, theta^{9}_{1,3}->theta^{9}_{1,11}, theta^{9}_{1,11}->theta^{9}_{1,3}, theta^{9}_{2,3}->theta^{9}_{2,11}, theta^{9}_{2,11}->theta^{9}_{2,3}, theta^{9}_{3,4}->theta^{9}_{4,11}, theta^{9}_{3,5}->theta^{9}_{5,11}, theta^{9}_{3,6}->theta^{9}_{6,11}, theta^{9}_{3,7}->theta^{9}_{7,11}, theta^{9}_{3,8}->theta^{9}_{8,11}, theta^{9}_{3,10}->theta^{9}_{10,11}, theta^{9}_{4,11}->theta^{9}_{3,4}, theta^{9}_{5,11}->theta^{9}_{3,5}, theta^{9}_{6,11}->theta^{9}_{3,6}, theta^{9}_{7,11}->theta^{9}_{3,7}, theta^{9}_{8,11}->theta^{9}_{3,8}, theta^{9}_{10,11}->theta^{9}_{3,10}, theta^{10}_{0,3}->theta^{10}_{0,11}, theta^{10}_{0,11}->theta^{10}_{0,3}, theta^{10}_{1,3}->theta^{10}_{1,11}, theta^{10}_{1,11}->theta^{10}_{1,3}, theta^{10}_{2,3}->theta^{10}_{2,11}, theta^{10}_{2,11}->theta^{10}_{2,3}, theta^{10}_{3,4}->theta^{10}_{4,11}, theta^{10}_{3,5}->theta^{10}_{5,11}, theta^{10}_{3,6}->theta^{10}_{6,11}, theta^{10}_{3,7}->theta^{10}_{7,11}, theta^{10}_{3,8}->theta^{10}_{8,11}, theta^{10}_{3,9}->theta^{10}_{9,11}, theta^{10}_{4,11}->theta^{10}_{3,4}, theta^{10}_{5,11}->theta^{10}_{3,5}, theta^{10}_{6,11}->theta^{10}_{3,6}, theta^{10}_{7,11}->theta^{10}_{3,7}, theta^{10}_{8,11}->theta^{10}_{3,8}, theta^{10}_{9,11}->theta^{10}_{3,9}, theta^{11}_{0,1}->theta^{3}_{0,1}, theta^{11}_{0,2}->theta^{3}_{0,2}, theta^{11}_{0,3}->theta^{3}_{0,11}, theta^{11}_{0,4}->theta^{3}_{0,4}, theta^{11}_{0,5}->theta^{3}_{0,5}, theta^{11}_{0,6}->theta^{3}_{0,6}, theta^{11}_{0,7}->theta^{3}_{0,7}, theta^{11}_{0,8}->theta^{3}_{0,8}, theta^{11}_{0,9}->theta^{3}_{0,9}, theta^{11}_{0,10}->theta^{3}_{0,10}, theta^{11}_{1,2}->theta^{3}_{1,2}, theta^{11}_{1,3}->theta^{3}_{1,11}, theta^{11}_{1,4}->theta^{3}_{1,4}, theta^{11}_{1,5}->theta^{3}_{1,5}, theta^{11}_{1,6}->theta^{3}_{1,6}, theta^{11}_{1,7}->theta^{3}_{1,7}, theta^{11}_{1,8}->theta^{3}_{1,8}, theta^{11}_{1,9}->theta^{3}_{1,9}, theta^{11}_{1,10}->theta^{3}_{1,10}, theta^{11}_{2,3}->theta^{3}_{2,11}, theta^{11}_{2,4}->theta^{3}_{2,4}, theta^{11}_{2,5}->theta^{3}_{2,5}, theta^{11}_{2,6}->theta^{3}_{2,6}, theta^{11}_{2,7}->theta^{3}_{2,7}, theta^{11}_{2,8}->theta^{3}_{2,8}, theta^{11}_{2,9}->theta^{3}_{2,9}, theta^{11}_{2,10}->theta^{3}_{2,10}, theta^{11}_{3,4}->theta^{3}_{4,11}, theta^{11}_{3,5}->theta^{3}_{5,11}, theta^{11}_{3,6}->theta^{3}_{6,11}, theta^{11}_{3,7}->theta^{3}_{7,11}, theta^{11}_{3,8}->theta^{3}_{8,11}, theta^{11}_{3,9}->theta^{3}_{9,11}, theta^{11}_{3,10}->theta^{3}_{10,11}, theta^{11}_{4,5}->theta^{3}_{4,5}, theta^{11}_{4,6}->theta^{3}_{4,6}, theta^{11}_{4,7}->theta^{3}_{4,7}, theta^{11}_{4,8}->theta^{3}_{4,8}, theta^{11}_{4,9}->theta^{3}_{4,9}, theta^{11}_{4,10}->theta^{3}_{4,10}, theta^{11}_{5,6}->theta^{3}_{5,6}, theta^{11}_{5,7}->theta^{3}_{5,7}, theta^{11}_{5,8}->theta^{3}_{5,8}, theta^{11}_{5,9}->theta^{3}_{5,9}, theta^{11}_{5,10}->theta^{3}_{5,10}, theta^{11}_{6,7}->theta^{3}_{6,7}, theta^{11}_{6,8}->theta^{3}_{6,8}, theta^{11}_{6,9}->theta^{3}_{6,9}, theta^{11}_{6,10}->theta^{3}_{6,10}, theta^{11}_{7,8}->theta^{3}_{7,8}, theta^{11}_{7,9}->theta^{3}_{7,9}, theta^{11}_{7,10}->theta^{3}_{7,10}, theta^{11}_{8,9}->theta^{3}_{8,9}, theta^{11}_{8,10}->theta^{3}_{8,10}, theta^{11}_{9,10}->theta^{3}_{9,10}
  Dihedrals: d_{0,1,2,3}->d_{0,1,2,11}, d_{0,1,2,11}->d_{0,1,2,3}, d_{0,1,3,4}->d_{0,1,4,11}, d_{0,1,3,5}->d_{0,1,5,11}, d_{0,1,3,6}->d_{0,1,6,11}, d_{0,1,3,7}->d_{0,1,7,11}, d_{0,1,3,8}->d_{0,1,8,11}, d_{0,1,3,9}->d_{0,1,9,11}, d_{0,1,3,10}->d_{0,1,10,11}, d_{0,1,4,11}->d_{0,1,3,4}, d_{0,1,5,11}->d_{0,1,3,5}, d_{0,1,6,11}->d_{0,1,3,6}, d_{0,1,7,11}->d_{0,1,3,7}, d_{0,1,8,11}->d_{0,1,3,8}, d_{0,1,9,11}->d_{0,1,3,9}, d_{0,1,10,11}->d_{0,1,3,10}, d_{0,2,1,3}->d_{0,2,1,11}, d_{0,2,1,11}->d_{0,2,1,3}, d_{0,2,3,4}->d_{0,2,4,11}, d_{0,2,3,5}->d_{0,2,5,11}, d_{0,2,3,6}->d_{0,2,6,11}, d_{0,2,3,7}->d_{0,2,7,11}, d_{0,2,3,8}->d_{0,2,8,11}, d_{0,2,3,9}->d_{0,2,9,11}, d_{0,2,3,10}->d_{0,2,10,11}, d_{0,2,4,11}->d_{0,2,3,4}, d_{0,2,5,11}->d_{0,2,3,5}, d_{0,2,6,11}->d_{0,2,3,6}, d_{0,2,7,11}->d_{0,2,3,7}, d_{0,2,8,11}->d_{0,2,3,8}, d_{0,2,9,11}->d_{0,2,3,9}, d_{0,2,10,11}->d_{0,2,3,10}, d_{0,3,1,2}->d_{0,11,1,2}, d_{0,3,1,4}->d_{0,11,1,4}, d_{0,3,1,5}->d_{0,11,1,5}, d_{0,3,1,6}->d_{0,11,1,6}, d_{0,3,1,7}->d_{0,11,1,7}, d_{0,3,1,8}->d_{0,11,1,8}, d_{0,3,1,9}->d_{0,11,1,9}, d_{0,3,1,10}->d_{0,11,1,10}, d_{0,3,1,11}->d_{0,11,1,3}, d_{0,3,2,4}->d_{0,11,2,4}, d_{0,3,2,5}->d_{0,11,2,5}, d_{0,3,2,6}->d_{0,11,2,6}, d_{0,3,2,7}->d_{0,11,2,7}, d_{0,3,2,8}->d_{0,11,2,8}, d_{0,3,2,9}->d_{0,11,2,9}, d_{0,3,2,10}->d_{0,11,2,10}, d_{0,3,2,11}->d_{0,11,2,3}, d_{0,3,4,5}->d_{0,11,4,5}, d_{0,3,4,6}->d_{0,11,4,6}, d_{0,3,4,7}->d_{0,11,4,7}, d_{0,3,4,8}->d_{0,11,4,8}, d_{0,3,4,9}->d_{0,11,4,9}, d_{0,3,4,10}->d_{0,11,4,10}, d_{0,3,4,11}->d_{0,11,3,4}, d_{0,3,5,6}->d_{0,11,5,6}, d_{0,3,5,7}->d_{0,11,5,7}, d_{0,3,5,8}->d_{0,11,5,8}, d_{0,3,5,9}->d_{0,11,5,9}, d_{0,3,5,10}->d_{0,11,5,10}, d_{0,3,5,11}->d_{0,11,3,5}, d_{0,3,6,7}->d_{0,11,6,7}, d_{0,3,6,8}->d_{0,11,6,8}, d_{0,3,6,9}->d_{0,11,6,9}, d_{0,3,6,10}->d_{0,11,6,10}, d_{0,3,6,11}->d_{0,11,3,6}, d_{0,3,7,8}->d_{0,11,7,8}, d_{0,3,7,9}->d_{0,11,7,9}, d_{0,3,7,10}->d_{0,11,7,10}, d_{0,3,7,11}->d_{0,11,3,7}, d_{0,3,8,9}->d_{0,11,8,9}, d_{0,3,8,10}->d_{0,11,8,10}, d_{0,3,8,11}->d_{0,11,3,8}, d_{0,3,9,10}->d_{0,11,9,10}, d_{0,3,9,11}->d_{0,11,3,9}, d_{0,3,10,11}->d_{0,11,3,10}, d_{0,4,1,3}->d_{0,4,1,11}, d_{0,4,1,11}->d_{0,4,1,3}, d_{0,4,2,3}->d_{0,4,2,11}, d_{0,4,2,11}->d_{0,4,2,3}, d_{0,4,3,5}->d_{0,4,5,11}, d_{0,4,3,6}->d_{0,4,6,11}, d_{0,4,3,7}->d_{0,4,7,11}, d_{0,4,3,8}->d_{0,4,8,11}, d_{0,4,3,9}->d_{0,4,9,11}, d_{0,4,3,10}->d_{0,4,10,11}, d_{0,4,5,11}->d_{0,4,3,5}, d_{0,4,6,11}->d_{0,4,3,6}, d_{0,4,7,11}->d_{0,4,3,7}, d_{0,4,8,11}->d_{0,4,3,8}, d_{0,4,9,11}->d_{0,4,3,9}, d_{0,4,10,11}->d_{0,4,3,10}, d_{0,5,1,3}->d_{0,5,1,11}, d_{0,5,1,11}->d_{0,5,1,3}, d_{0,5,2,3}->d_{0,5,2,11}, d_{0,5,2,11}->d_{0,5,2,3}, d_{0,5,3,4}->d_{0,5,4,11}, d_{0,5,3,6}->d_{0,5,6,11}, d_{0,5,3,7}->d_{0,5,7,11}, d_{0,5,3,8}->d_{0,5,8,11}, d_{0,5,3,9}->d_{0,5,9,11}, d_{0,5,3,10}->d_{0,5,10,11}, d_{0,5,4,11}->d_{0,5,3,4}, d_{0,5,6,11}->d_{0,5,3,6}, d_{0,5,7,11}->d_{0,5,3,7}, d_{0,5,8,11}->d_{0,5,3,8}, d_{0,5,9,11}->d_{0,5,3,9}, d_{0,5,10,11}->d_{0,5,3,10}, d_{0,6,1,3}->d_{0,6,1,11}, d_{0,6,1,11}->d_{0,6,1,3}, d_{0,6,2,3}->d_{0,6,2,11}, d_{0,6,2,11}->d_{0,6,2,3}, d_{0,6,3,4}->d_{0,6,4,11}, d_{0,6,3,5}->d_{0,6,5,11}, d_{0,6,3,7}->d_{0,6,7,11}, d_{0,6,3,8}->d_{0,6,8,11}, d_{0,6,3,9}->d_{0,6,9,11}, d_{0,6,3,10}->d_{0,6,10,11}, d_{0,6,4,11}->d_{0,6,3,4}, d_{0,6,5,11}->d_{0,6,3,5}, d_{0,6,7,11}->d_{0,6,3,7}, d_{0,6,8,11}->d_{0,6,3,8}, d_{0,6,9,11}->d_{0,6,3,9}, d_{0,6,10,11}->d_{0,6,3,10}, d_{0,7,1,3}->d_{0,7,1,11}, d_{0,7,1,11}->d_{0,7,1,3}, d_{0,7,2,3}->d_{0,7,2,11}, d_{0,7,2,11}->d_{0,7,2,3}, d_{0,7,3,4}->d_{0,7,4,11}, d_{0,7,3,5}->d_{0,7,5,11}, d_{0,7,3,6}->d_{0,7,6,11}, d_{0,7,3,8}->d_{0,7,8,11}, d_{0,7,3,9}->d_{0,7,9,11}, d_{0,7,3,10}->d_{0,7,10,11}, d_{0,7,4,11}->d_{0,7,3,4}, d_{0,7,5,11}->d_{0,7,3,5}, d_{0,7,6,11}->d_{0,7,3,6}, d_{0,7,8,11}->d_{0,7,3,8}, d_{0,7,9,11}->d_{0,7,3,9}, d_{0,7,10,11}->d_{0,7,3,10}, d_{0,8,1,3}->d_{0,8,1,11}, d_{0,8,1,11}->d_{0,8,1,3}, d_{0,8,2,3}->d_{0,8,2,11}, d_{0,8,2,11}->d_{0,8,2,3}, d_{0,8,3,4}->d_{0,8,4,11}, d_{0,8,3,5}->d_{0,8,5,11}, d_{0,8,3,6}->d_{0,8,6,11}, d_{0,8,3,7}->d_{0,8,7,11}, d_{0,8,3,9}->d_{0,8,9,11}, d_{0,8,3,10}->d_{0,8,10,11}, d_{0,8,4,11}->d_{0,8,3,4}, d_{0,8,5,11}->d_{0,8,3,5}, d_{0,8,6,11}->d_{0,8,3,6}, d_{0,8,7,11}->d_{0,8,3,7}, d_{0,8,9,11}->d_{0,8,3,9}, d_{0,8,10,11}->d_{0,8,3,10}, d_{0,9,1,3}->d_{0,9,1,11}, d_{0,9,1,11}->d_{0,9,1,3}, d_{0,9,2,3}->d_{0,9,2,11}, d_{0,9,2,11}->d_{0,9,2,3}, d_{0,9,3,4}->d_{0,9,4,11}, d_{0,9,3,5}->d_{0,9,5,11}, d_{0,9,3,6}->d_{0,9,6,11}, d_{0,9,3,7}->d_{0,9,7,11}, d_{0,9,3,8}->d_{0,9,8,11}, d_{0,9,3,10}->d_{0,9,10,11}, d_{0,9,4,11}->d_{0,9,3,4}, d_{0,9,5,11}->d_{0,9,3,5}, d_{0,9,6,11}->d_{0,9,3,6}, d_{0,9,7,11}->d_{0,9,3,7}, d_{0,9,8,11}->d_{0,9,3,8}, d_{0,9,10,11}->d_{0,9,3,10}, d_{0,10,1,3}->d_{0,10,1,11}, d_{0,10,1,11}->d_{0,10,1,3}, d_{0,10,2,3}->d_{0,10,2,11}, d_{0,10,2,11}->d_{0,10,2,3}, d_{0,10,3,4}->d_{0,10,4,11}, d_{0,10,3,5}->d_{0,10,5,11}, d_{0,10,3,6}->d_{0,10,6,11}, d_{0,10,3,7}->d_{0,10,7,11}, d_{0,10,3,8}->d_{0,10,8,11}, d_{0,10,3,9}->d_{0,10,9,11}, d_{0,10,4,11}->d_{0,10,3,4}, d_{0,10,5,11}->d_{0,10,3,5}, d_{0,10,6,11}->d_{0,10,3,6}, d_{0,10,7,11}->d_{0,10,3,7}, d_{0,10,8,11}->d_{0,10,3,8}, d_{0,10,9,11}->d_{0,10,3,9}, d_{0,11,1,2}->d_{0,3,1,2}, d_{0,11,1,3}->d_{0,3,1,11}, d_{0,11,1,4}->d_{0,3,1,4}, d_{0,11,1,5}->d_{0,3,1,5}, d_{0,11,1,6}->d_{0,3,1,6}, d_{0,11,1,7}->d_{0,3,1,7}, d_{0,11,1,8}->d_{0,3,1,8}, d_{0,11,1,9}->d_{0,3,1,9}, d_{0,11,1,10}->d_{0,3,1,10}, d_{0,11,2,3}->d_{0,3,2,11}, d_{0,11,2,4}->d_{0,3,2,4}, d_{0,11,2,5}->d_{0,3,2,5}, d_{0,11,2,6}->d_{0,3,2,6}, d_{0,11,2,7}->d_{0,3,2,7}, d_{0,11,2,8}->d_{0,3,2,8}, d_{0,11,2,9}->d_{0,3,2,9}, d_{0,11,2,10}->d_{0,3,2,10}, d_{0,11,3,4}->d_{0,3,4,11}, d_{0,11,3,5}->d_{0,3,5,11}, d_{0,11,3,6}->d_{0,3,6,11}, d_{0,11,3,7}->d_{0,3,7,11}, d_{0,11,3,8}->d_{0,3,8,11}, d_{0,11,3,9}->d_{0,3,9,11}, d_{0,11,3,10}->d_{0,3,10,11}, d_{0,11,4,5}->d_{0,3,4,5}, d_{0,11,4,6}->d_{0,3,4,6}, d_{0,11,4,7}->d_{0,3,4,7}, d_{0,11,4,8}->d_{0,3,4,8}, d_{0,11,4,9}->d_{0,3,4,9}, d_{0,11,4,10}->d_{0,3,4,10}, d_{0,11,5,6}->d_{0,3,5,6}, d_{0,11,5,7}->d_{0,3,5,7}, d_{0,11,5,8}->d_{0,3,5,8}, d_{0,11,5,9}->d_{0,3,5,9}, d_{0,11,5,10}->d_{0,3,5,10}, d_{0,11,6,7}->d_{0,3,6,7}, d_{0,11,6,8}->d_{0,3,6,8}, d_{0,11,6,9}->d_{0,3,6,9}, d_{0,11,6,10}->d_{0,3,6,10}, d_{0,11,7,8}->d_{0,3,7,8}, d_{0,11,7,9}->d_{0,3,7,9}, d_{0,11,7,10}->d_{0,3,7,10}, d_{0,11,8,9}->d_{0,3,8,9}, d_{0,11,8,10}->d_{0,3,8,10}, d_{0,11,9,10}->d_{0,3,9,10}, d_{1,2,0,3}->d_{1,2,0,11}, d_{1,2,0,11}->d_{1,2,0,3}, d_{1,2,3,4}->d_{1,2,4,11}, d_{1,2,3,5}->d_{1,2,5,11}, d_{1,2,3,6}->d_{1,2,6,11}, d_{1,2,3,7}->d_{1,2,7,11}, d_{1,2,3,8}->d_{1,2,8,11}, d_{1,2,3,9}->d_{1,2,9,11}, d_{1,2,3,10}->d_{1,2,10,11}, d_{1,2,4,11}->d_{1,2,3,4}, d_{1,2,5,11}->d_{1,2,3,5}, d_{1,2,6,11}->d_{1,2,3,6}, d_{1,2,7,11}->d_{1,2,3,7}, d_{1,2,8,11}->d_{1,2,3,8}, d_{1,2,9,11}->d_{1,2,3,9}, d_{1,2,10,11}->d_{1,2,3,10}, d_{1,3,0,2}->d_{1,11,0,2}, d_{1,3,0,4}->d_{1,11,0,4}, d_{1,3,0,5}->d_{1,11,0,5}, d_{1,3,0,6}->d_{1,11,0,6}, d_{1,3,0,7}->d_{1,11,0,7}, d_{1,3,0,8}->d_{1,11,0,8}, d_{1,3,0,9}->d_{1,11,0,9}, d_{1,3,0,10}->d_{1,11,0,10}, d_{1,3,0,11}->d_{1,11,0,3}, d_{1,3,2,4}->d_{1,11,2,4}, d_{1,3,2,5}->d_{1,11,2,5}, d_{1,3,2,6}->d_{1,11,2,6}, d_{1,3,2,7}->d_{1,11,2,7}, d_{1,3,2,8}->d_{1,11,2,8}, d_{1,3,2,9}->d_{1,11,2,9}, d_{1,3,2,10}->d_{1,11,2,10}, d_{1,3,2,11}->d_{1,11,2,3}, d_{1,3,4,5}->d_{1,11,4,5}, d_{1,3,4,6}->d_{1,11,4,6}, d_{1,3,4,7}->d_{1,11,4,7}, d_{1,3,4,8}->d_{1,11,4,8}, d_{1,3,4,9}->d_{1,11,4,9}, d_{1,3,4,10}->d_{1,11,4,10}, d_{1,3,4,11}->d_{1,11,3,4}, d_{1,3,5,6}->d_{1,11,5,6}, d_{1,3,5,7}->d_{1,11,5,7}, d_{1,3,5,8}->d_{1,11,5,8}, d_{1,3,5,9}->d_{1,11,5,9}, d_{1,3,5,10}->d_{1,11,5,10}, d_{1,3,5,11}->d_{1,11,3,5}, d_{1,3,6,7}->d_{1,11,6,7}, d_{1,3,6,8}->d_{1,11,6,8}, d_{1,3,6,9}->d_{1,11,6,9}, d_{1,3,6,10}->d_{1,11,6,10}, d_{1,3,6,11}->d_{1,11,3,6}, d_{1,3,7,8}->d_{1,11,7,8}, d_{1,3,7,9}->d_{1,11,7,9}, d_{1,3,7,10}->d_{1,11,7,10}, d_{1,3,7,11}->d_{1,11,3,7}, d_{1,3,8,9}->d_{1,11,8,9}, d_{1,3,8,10}->d_{1,11,8,10}, d_{1,3,8,11}->d_{1,11,3,8}, d_{1,3,9,10}->d_{1,11,9,10}, d_{1,3,9,11}->d_{1,11,3,9}, d_{1,3,10,11}->d_{1,11,3,10}, d_{1,4,0,3}->d_{1,4,0,11}, d_{1,4,0,11}->d_{1,4,0,3}, d_{1,4,2,3}->d_{1,4,2,11}, d_{1,4,2,11}->d_{1,4,2,3}, d_{1,4,3,5}->d_{1,4,5,11}, d_{1,4,3,6}->d_{1,4,6,11}, d_{1,4,3,7}->d_{1,4,7,11}, d_{1,4,3,8}->d_{1,4,8,11}, d_{1,4,3,9}->d_{1,4,9,11}, d_{1,4,3,10}->d_{1,4,10,11}, d_{1,4,5,11}->d_{1,4,3,5}, d_{1,4,6,11}->d_{1,4,3,6}, d_{1,4,7,11}->d_{1,4,3,7}, d_{1,4,8,11}->d_{1,4,3,8}, d_{1,4,9,11}->d_{1,4,3,9}, d_{1,4,10,11}->d_{1,4,3,10}, d_{1,5,0,3}->d_{1,5,0,11}, d_{1,5,0,11}->d_{1,5,0,3}, d_{1,5,2,3}->d_{1,5,2,11}, d_{1,5,2,11}->d_{1,5,2,3}, d_{1,5,3,4}->d_{1,5,4,11}, d_{1,5,3,6}->d_{1,5,6,11}, d_{1,5,3,7}->d_{1,5,7,11}, d_{1,5,3,8}->d_{1,5,8,11}, d_{1,5,3,9}->d_{1,5,9,11}, d_{1,5,3,10}->d_{1,5,10,11}, d_{1,5,4,11}->d_{1,5,3,4}, d_{1,5,6,11}->d_{1,5,3,6}, d_{1,5,7,11}->d_{1,5,3,7}, d_{1,5,8,11}->d_{1,5,3,8}, d_{1,5,9,11}->d_{1,5,3,9}, d_{1,5,10,11}->d_{1,5,3,10}, d_{1,6,0,3}->d_{1,6,0,11}, d_{1,6,0,11}->d_{1,6,0,3}, d_{1,6,2,3}->d_{1,6,2,11}, d_{1,6,2,11}->d_{1,6,2,3}, d_{1,6,3,4}->d_{1,6,4,11}, d_{1,6,3,5}->d_{1,6,5,11}, d_{1,6,3,7}->d_{1,6,7,11}, d_{1,6,3,8}->d_{1,6,8,11}, d_{1,6,3,9}->d_{1,6,9,11}, d_{1,6,3,10}->d_{1,6,10,11}, d_{1,6,4,11}->d_{1,6,3,4}, d_{1,6,5,11}->d_{1,6,3,5}, d_{1,6,7,11}->d_{1,6,3,7}, d_{1,6,8,11}->d_{1,6,3,8}, d_{1,6,9,11}->d_{1,6,3,9}, d_{1,6,10,11}->d_{1,6,3,10}, d_{1,7,0,3}->d_{1,7,0,11}, d_{1,7,0,11}->d_{1,7,0,3}, d_{1,7,2,3}->d_{1,7,2,11}, d_{1,7,2,11}->d_{1,7,2,3}, d_{1,7,3,4}->d_{1,7,4,11}, d_{1,7,3,5}->d_{1,7,5,11}, d_{1,7,3,6}->d_{1,7,6,11}, d_{1,7,3,8}->d_{1,7,8,11}, d_{1,7,3,9}->d_{1,7,9,11}, d_{1,7,3,10}->d_{1,7,10,11}, d_{1,7,4,11}->d_{1,7,3,4}, d_{1,7,5,11}->d_{1,7,3,5}, d_{1,7,6,11}->d_{1,7,3,6}, d_{1,7,8,11}->d_{1,7,3,8}, d_{1,7,9,11}->d_{1,7,3,9}, d_{1,7,10,11}->d_{1,7,3,10}, d_{1,8,0,3}->d_{1,8,0,11}, d_{1,8,0,11}->d_{1,8,0,3}, d_{1,8,2,3}->d_{1,8,2,11}, d_{1,8,2,11}->d_{1,8,2,3}, d_{1,8,3,4}->d_{1,8,4,11}, d_{1,8,3,5}->d_{1,8,5,11}, d_{1,8,3,6}->d_{1,8,6,11}, d_{1,8,3,7}->d_{1,8,7,11}, d_{1,8,3,9}->d_{1,8,9,11}, d_{1,8,3,10}->d_{1,8,10,11}, d_{1,8,4,11}->d_{1,8,3,4}, d_{1,8,5,11}->d_{1,8,3,5}, d_{1,8,6,11}->d_{1,8,3,6}, d_{1,8,7,11}->d_{1,8,3,7}, d_{1,8,9,11}->d_{1,8,3,9}, d_{1,8,10,11}->d_{1,8,3,10}, d_{1,9,0,3}->d_{1,9,0,11}, d_{1,9,0,11}->d_{1,9,0,3}, d_{1,9,2,3}->d_{1,9,2,11}, d_{1,9,2,11}->d_{1,9,2,3}, d_{1,9,3,4}->d_{1,9,4,11}, d_{1,9,3,5}->d_{1,9,5,11}, d_{1,9,3,6}->d_{1,9,6,11}, d_{1,9,3,7}->d_{1,9,7,11}, d_{1,9,3,8}->d_{1,9,8,11}, d_{1,9,3,10}->d_{1,9,10,11}, d_{1,9,4,11}->d_{1,9,3,4}, d_{1,9,5,11}->d_{1,9,3,5}, d_{1,9,6,11}->d_{1,9,3,6}, d_{1,9,7,11}->d_{1,9,3,7}, d_{1,9,8,11}->d_{1,9,3,8}, d_{1,9,10,11}->d_{1,9,3,10}, d_{1,10,0,3}->d_{1,10,0,11}, d_{1,10,0,11}->d_{1,10,0,3}, d_{1,10,2,3}->d_{1,10,2,11}, d_{1,10,2,11}->d_{1,10,2,3}, d_{1,10,3,4}->d_{1,10,4,11}, d_{1,10,3,5}->d_{1,10,5,11}, d_{1,10,3,6}->d_{1,10,6,11}, d_{1,10,3,7}->d_{1,10,7,11}, d_{1,10,3,8}->d_{1,10,8,11}, d_{1,10,3,9}->d_{1,10,9,11}, d_{1,10,4,11}->d_{1,10,3,4}, d_{1,10,5,11}->d_{1,10,3,5}, d_{1,10,6,11}->d_{1,10,3,6}, d_{1,10,7,11}->d_{1,10,3,7}, d_{1,10,8,11}->d_{1,10,3,8}, d_{1,10,9,11}->d_{1,10,3,9}, d_{1,11,0,2}->d_{1,3,0,2}, d_{1,11,0,3}->d_{1,3,0,11}, d_{1,11,0,4}->d_{1,3,0,4}, d_{1,11,0,5}->d_{1,3,0,5}, d_{1,11,0,6}->d_{1,3,0,6}, d_{1,11,0,7}->d_{1,3,0,7}, d_{1,11,0,8}->d_{1,3,0,8}, d_{1,11,0,9}->d_{1,3,0,9}, d_{1,11,0,10}->d_{1,3,0,10}, d_{1,11,2,3}->d_{1,3,2,11}, d_{1,11,2,4}->d_{1,3,2,4}, d_{1,11,2,5}->d_{1,3,2,5}, d_{1,11,2,6}->d_{1,3,2,6}, d_{1,11,2,7}->d_{1,3,2,7}, d_{1,11,2,8}->d_{1,3,2,8}, d_{1,11,2,9}->d_{1,3,2,9}, d_{1,11,2,10}->d_{1,3,2,10}, d_{1,11,3,4}->d_{1,3,4,11}, d_{1,11,3,5}->d_{1,3,5,11}, d_{1,11,3,6}->d_{1,3,6,11}, d_{1,11,3,7}->d_{1,3,7,11}, d_{1,11,3,8}->d_{1,3,8,11}, d_{1,11,3,9}->d_{1,3,9,11}, d_{1,11,3,10}->d_{1,3,10,11}, d_{1,11,4,5}->d_{1,3,4,5}, d_{1,11,4,6}->d_{1,3,4,6}, d_{1,11,4,7}->d_{1,3,4,7}, d_{1,11,4,8}->d_{1,3,4,8}, d_{1,11,4,9}->d_{1,3,4,9}, d_{1,11,4,10}->d_{1,3,4,10}, d_{1,11,5,6}->d_{1,3,5,6}, d_{1,11,5,7}->d_{1,3,5,7}, d_{1,11,5,8}->d_{1,3,5,8}, d_{1,11,5,9}->d_{1,3,5,9}, d_{1,11,5,10}->d_{1,3,5,10}, d_{1,11,6,7}->d_{1,3,6,7}, d_{1,11,6,8}->d_{1,3,6,8}, d_{1,11,6,9}->d_{1,3,6,9}, d_{1,11,6,10}->d_{1,3,6,10}, d_{1,11,7,8}->d_{1,3,7,8}, d_{1,11,7,9}->d_{1,3,7,9}, d_{1,11,7,10}->d_{1,3,7,10}, d_{1,11,8,9}->d_{1,3,8,9}, d_{1,11,8,10}->d_{1,3,8,10}, d_{1,11,9,10}->d_{1,3,9,10}, d_{2,3,0,1}->d_{2,11,0,1}, d_{2,3,0,4}->d_{2,11,0,4}, d_{2,3,0,5}->d_{2,11,0,5}, d_{2,3,0,6}->d_{2,11,0,6}, d_{2,3,0,7}->d_{2,11,0,7}, d_{2,3,0,8}->d_{2,11,0,8}, d_{2,3,0,9}->d_{2,11,0,9}, d_{2,3,0,10}->d_{2,11,0,10}, d_{2,3,0,11}->d_{2,11,0,3}, d_{2,3,1,4}->d_{2,11,1,4}, d_{2,3,1,5}->d_{2,11,1,5}, d_{2,3,1,6}->d_{2,11,1,6}, d_{2,3,1,7}->d_{2,11,1,7}, d_{2,3,1,8}->d_{2,11,1,8}, d_{2,3,1,9}->d_{2,11,1,9}, d_{2,3,1,10}->d_{2,11,1,10}, d_{2,3,1,11}->d_{2,11,1,3}, d_{2,3,4,5}->d_{2,11,4,5}, d_{2,3,4,6}->d_{2,11,4,6}, d_{2,3,4,7}->d_{2,11,4,7}, d_{2,3,4,8}->d_{2,11,4,8}, d_{2,3,4,9}->d_{2,11,4,9}, d_{2,3,4,10}->d_{2,11,4,10}, d_{2,3,4,11}->d_{2,11,3,4}, d_{2,3,5,6}->d_{2,11,5,6}, d_{2,3,5,7}->d_{2,11,5,7}, d_{2,3,5,8}->d_{2,11,5,8}, d_{2,3,5,9}->d_{2,11,5,9}, d_{2,3,5,10}->d_{2,11,5,10}, d_{2,3,5,11}->d_{2,11,3,5}, d_{2,3,6,7}->d_{2,11,6,7}, d_{2,3,6,8}->d_{2,11,6,8}, d_{2,3,6,9}->d_{2,11,6,9}, d_{2,3,6,10}->d_{2,11,6,10}, d_{2,3,6,11}->d_{2,11,3,6}, d_{2,3,7,8}->d_{2,11,7,8}, d_{2,3,7,9}->d_{2,11,7,9}, d_{2,3,7,10}->d_{2,11,7,10}, d_{2,3,7,11}->d_{2,11,3,7}, d_{2,3,8,9}->d_{2,11,8,9}, d_{2,3,8,10}->d_{2,11,8,10}, d_{2,3,8,11}->d_{2,11,3,8}, d_{2,3,9,10}->d_{2,11,9,10}, d_{2,3,9,11}->d_{2,11,3,9}, d_{2,3,10,11}->d_{2,11,3,10}, d_{2,4,0,3}->d_{2,4,0,11}, d_{2,4,0,11}->d_{2,4,0,3}, d_{2,4,1,3}->d_{2,4,1,11}, d_{2,4,1,11}->d_{2,4,1,3}, d_{2,4,3,5}->d_{2,4,5,11}, d_{2,4,3,6}->d_{2,4,6,11}, d_{2,4,3,7}->d_{2,4,7,11}, d_{2,4,3,8}->d_{2,4,8,11}, d_{2,4,3,9}->d_{2,4,9,11}, d_{2,4,3,10}->d_{2,4,10,11}, d_{2,4,5,11}->d_{2,4,3,5}, d_{2,4,6,11}->d_{2,4,3,6}, d_{2,4,7,11}->d_{2,4,3,7}, d_{2,4,8,11}->d_{2,4,3,8}, d_{2,4,9,11}->d_{2,4,3,9}, d_{2,4,10,11}->d_{2,4,3,10}, d_{2,5,0,3}->d_{2,5,0,11}, d_{2,5,0,11}->d_{2,5,0,3}, d_{2,5,1,3}->d_{2,5,1,11}, d_{2,5,1,11}->d_{2,5,1,3}, d_{2,5,3,4}->d_{2,5,4,11}, d_{2,5,3,6}->d_{2,5,6,11}, d_{2,5,3,7}->d_{2,5,7,11}, d_{2,5,3,8}->d_{2,5,8,11}, d_{2,5,3,9}->d_{2,5,9,11}, d_{2,5,3,10}->d_{2,5,10,11}, d_{2,5,4,11}->d_{2,5,3,4}, d_{2,5,6,11}->d_{2,5,3,6}, d_{2,5,7,11}->d_{2,5,3,7}, d_{2,5,8,11}->d_{2,5,3,8}, d_{2,5,9,11}->d_{2,5,3,9}, d_{2,5,10,11}->d_{2,5,3,10}, d_{2,6,0,3}->d_{2,6,0,11}, d_{2,6,0,11}->d_{2,6,0,3}, d_{2,6,1,3}->d_{2,6,1,11}, d_{2,6,1,11}->d_{2,6,1,3}, d_{2,6,3,4}->d_{2,6,4,11}, d_{2,6,3,5}->d_{2,6,5,11}, d_{2,6,3,7}->d_{2,6,7,11}, d_{2,6,3,8}->d_{2,6,8,11}, d_{2,6,3,9}->d_{2,6,9,11}, d_{2,6,3,10}->d_{2,6,10,11}, d_{2,6,4,11}->d_{2,6,3,4}, d_{2,6,5,11}->d_{2,6,3,5}, d_{2,6,7,11}->d_{2,6,3,7}, d_{2,6,8,11}->d_{2,6,3,8}, d_{2,6,9,11}->d_{2,6,3,9}, d_{2,6,10,11}->d_{2,6,3,10}, d_{2,7,0,3}->d_{2,7,0,11}, d_{2,7,0,11}->d_{2,7,0,3}, d_{2,7,1,3}->d_{2,7,1,11}, d_{2,7,1,11}->d_{2,7,1,3}, d_{2,7,3,4}->d_{2,7,4,11}, d_{2,7,3,5}->d_{2,7,5,11}, d_{2,7,3,6}->d_{2,7,6,11}, d_{2,7,3,8}->d_{2,7,8,11}, d_{2,7,3,9}->d_{2,7,9,11}, d_{2,7,3,10}->d_{2,7,10,11}, d_{2,7,4,11}->d_{2,7,3,4}, d_{2,7,5,11}->d_{2,7,3,5}, d_{2,7,6,11}->d_{2,7,3,6}, d_{2,7,8,11}->d_{2,7,3,8}, d_{2,7,9,11}->d_{2,7,3,9}, d_{2,7,10,11}->d_{2,7,3,10}, d_{2,8,0,3}->d_{2,8,0,11}, d_{2,8,0,11}->d_{2,8,0,3}, d_{2,8,1,3}->d_{2,8,1,11}, d_{2,8,1,11}->d_{2,8,1,3}, d_{2,8,3,4}->d_{2,8,4,11}, d_{2,8,3,5}->d_{2,8,5,11}, d_{2,8,3,6}->d_{2,8,6,11}, d_{2,8,3,7}->d_{2,8,7,11}, d_{2,8,3,9}->d_{2,8,9,11}, d_{2,8,3,10}->d_{2,8,10,11}, d_{2,8,4,11}->d_{2,8,3,4}, d_{2,8,5,11}->d_{2,8,3,5}, d_{2,8,6,11}->d_{2,8,3,6}, d_{2,8,7,11}->d_{2,8,3,7}, d_{2,8,9,11}->d_{2,8,3,9}, d_{2,8,10,11}->d_{2,8,3,10}, d_{2,9,0,3}->d_{2,9,0,11}, d_{2,9,0,11}->d_{2,9,0,3}, d_{2,9,1,3}->d_{2,9,1,11}, d_{2,9,1,11}->d_{2,9,1,3}, d_{2,9,3,4}->d_{2,9,4,11}, d_{2,9,3,5}->d_{2,9,5,11}, d_{2,9,3,6}->d_{2,9,6,11}, d_{2,9,3,7}->d_{2,9,7,11}, d_{2,9,3,8}->d_{2,9,8,11}, d_{2,9,3,10}->d_{2,9,10,11}, d_{2,9,4,11}->d_{2,9,3,4}, d_{2,9,5,11}->d_{2,9,3,5}, d_{2,9,6,11}->d_{2,9,3,6}, d_{2,9,7,11}->d_{2,9,3,7}, d_{2,9,8,11}->d_{2,9,3,8}, d_{2,9,10,11}->d_{2,9,3,10}, d_{2,10,0,3}->d_{2,10,0,11}, d_{2,10,0,11}->d_{2,10,0,3}, d_{2,10,1,3}->d_{2,10,1,11}, d_{2,10,1,11}->d_{2,10,1,3}, d_{2,10,3,4}->d_{2,10,4,11}, d_{2,10,3,5}->d_{2,10,5,11}, d_{2,10,3,6}->d_{2,10,6,11}, d_{2,10,3,7}->d_{2,10,7,11}, d_{2,10,3,8}->d_{2,10,8,11}, d_{2,10,3,9}->d_{2,10,9,11}, d_{2,10,4,11}->d_{2,10,3,4}, d_{2,10,5,11}->d_{2,10,3,5}, d_{2,10,6,11}->d_{2,10,3,6}, d_{2,10,7,11}->d_{2,10,3,7}, d_{2,10,8,11}->d_{2,10,3,8}, d_{2,10,9,11}->d_{2,10,3,9}, d_{2,11,0,1}->d_{2,3,0,1}, d_{2,11,0,3}->d_{2,3,0,11}, d_{2,11,0,4}->d_{2,3,0,4}, d_{2,11,0,5}->d_{2,3,0,5}, d_{2,11,0,6}->d_{2,3,0,6}, d_{2,11,0,7}->d_{2,3,0,7}, d_{2,11,0,8}->d_{2,3,0,8}, d_{2,11,0,9}->d_{2,3,0,9}, d_{2,11,0,10}->d_{2,3,0,10}, d_{2,11,1,3}->d_{2,3,1,11}, d_{2,11,1,4}->d_{2,3,1,4}, d_{2,11,1,5}->d_{2,3,1,5}, d_{2,11,1,6}->d_{2,3,1,6}, d_{2,11,1,7}->d_{2,3,1,7}, d_{2,11,1,8}->d_{2,3,1,8}, d_{2,11,1,9}->d_{2,3,1,9}, d_{2,11,1,10}->d_{2,3,1,10}, d_{2,11,3,4}->d_{2,3,4,11}, d_{2,11,3,5}->d_{2,3,5,11}, d_{2,11,3,6}->d_{2,3,6,11}, d_{2,11,3,7}->d_{2,3,7,11}, d_{2,11,3,8}->d_{2,3,8,11}, d_{2,11,3,9}->d_{2,3,9,11}, d_{2,11,3,10}->d_{2,3,10,11}, d_{2,11,4,5}->d_{2,3,4,5}, d_{2,11,4,6}->d_{2,3,4,6}, d_{2,11,4,7}->d_{2,3,4,7}, d_{2,11,4,8}->d_{2,3,4,8}, d_{2,11,4,9}->d_{2,3,4,9}, d_{2,11,4,10}->d_{2,3,4,10}, d_{2,11,5,6}->d_{2,3,5,6}, d_{2,11,5,7}->d_{2,3,5,7}, d_{2,11,5,8}->d_{2,3,5,8}, d_{2,11,5,9}->d_{2,3,5,9}, d_{2,11,5,10}->d_{2,3,5,10}, d_{2,11,6,7}->d_{2,3,6,7}, d_{2,11,6,8}->d_{2,3,6,8}, d_{2,11,6,9}->d_{2,3,6,9}, d_{2,11,6,10}->d_{2,3,6,10}, d_{2,11,7,8}->d_{2,3,7,8}, d_{2,11,7,9}->d_{2,3,7,9}, d_{2,11,7,10}->d_{2,3,7,10}, d_{2,11,8,9}->d_{2,3,8,9}, d_{2,11,8,10}->d_{2,3,8,10}, d_{2,11,9,10}->d_{2,3,9,10}, d_{3,4,0,1}->d_{4,11,0,1}, d_{3,4,0,2}->d_{4,11,0,2}, d_{3,4,0,5}->d_{4,11,0,5}, d_{3,4,0,6}->d_{4,11,0,6}, d_{3,4,0,7}->d_{4,11,0,7}, d_{3,4,0,8}->d_{4,11,0,8}, d_{3,4,0,9}->d_{4,11,0,9}, d_{3,4,0,10}->d_{4,11,0,10}, d_{3,4,0,11}->d_{4,11,0,3}, d_{3,4,1,2}->d_{4,11,1,2}, d_{3,4,1,5}->d_{4,11,1,5}, d_{3,4,1,6}->d_{4,11,1,6}, d_{3,4,1,7}->d_{4,11,1,7}, d_{3,4,1,8}->d_{4,11,1,8}, d_{3,4,1,9}->d_{4,11,1,9}, d_{3,4,1,10}->d_{4,11,1,10}, d_{3,4,1,11}->d_{4,11,1,3}, d_{3,4,2,5}->d_{4,11,2,5}, d_{3,4,2,6}->d_{4,11,2,6}, d_{3,4,2,7}->d_{4,11,2,7}, d_{3,4,2,8}->d_{4,11,2,8}, d_{3,4,2,9}->d_{4,11,2,9}, d_{3,4,2,10}->d_{4,11,2,10}, d_{3,4,2,11}->d_{4,11,2,3}, d_{3,4,5,6}->d_{4,11,5,6}, d_{3,4,5,7}->d_{4,11,5,7}, d_{3,4,5,8}->d_{4,11,5,8}, d_{3,4,5,9}->d_{4,11,5,9}, d_{3,4,5,10}->d_{4,11,5,10}, d_{3,4,5,11}->d_{4,11,3,5}, d_{3,4,6,7}->d_{4,11,6,7}, d_{3,4,6,8}->d_{4,11,6,8}, d_{3,4,6,9}->d_{4,11,6,9}, d_{3,4,6,10}->d_{4,11,6,10}, d_{3,4,6,11}->d_{4,11,3,6}, d_{3,4,7,8}->d_{4,11,7,8}, d_{3,4,7,9}->d_{4,11,7,9}, d_{3,4,7,10}->d_{4,11,7,10}, d_{3,4,7,11}->d_{4,11,3,7}, d_{3,4,8,9}->d_{4,11,8,9}, d_{3,4,8,10}->d_{4,11,8,10}, d_{3,4,8,11}->d_{4,11,3,8}, d_{3,4,9,10}->d_{4,11,9,10}, d_{3,4,9,11}->d_{4,11,3,9}, d_{3,4,10,11}->d_{4,11,3,10}, d_{3,5,0,1}->d_{5,11,0,1}, d_{3,5,0,2}->d_{5,11,0,2}, d_{3,5,0,4}->d_{5,11,0,4}, d_{3,5,0,6}->d_{5,11,0,6}, d_{3,5,0,7}->d_{5,11,0,7}, d_{3,5,0,8}->d_{5,11,0,8}, d_{3,5,0,9}->d_{5,11,0,9}, d_{3,5,0,10}->d_{5,11,0,10}, d_{3,5,0,11}->d_{5,11,0,3}, d_{3,5,1,2}->d_{5,11,1,2}, d_{3,5,1,4}->d_{5,11,1,4}, d_{3,5,1,6}->d_{5,11,1,6}, d_{3,5,1,7}->d_{5,11,1,7}, d_{3,5,1,8}->d_{5,11,1,8}, d_{3,5,1,9}->d_{5,11,1,9}, d_{3,5,1,10}->d_{5,11,1,10}, d_{3,5,1,11}->d_{5,11,1,3}, d_{3,5,2,4}->d_{5,11,2,4}, d_{3,5,2,6}->d_{5,11,2,6}, d_{3,5,2,7}->d_{5,11,2,7}, d_{3,5,2,8}->d_{5,11,2,8}, d_{3,5,2,9}->d_{5,11,2,9}, d_{3,5,2,10}->d_{5,11,2,10}, d_{3,5,2,11}->d_{5,11,2,3}, d_{3,5,4,6}->d_{5,11,4,6}, d_{3,5,4,7}->d_{5,11,4,7}, d_{3,5,4,8}->d_{5,11,4,8}, d_{3,5,4,9}->d_{5,11,4,9}, d_{3,5,4,10}->d_{5,11,4,10}, d_{3,5,4,11}->d_{5,11,3,4}, d_{3,5,6,7}->d_{5,11,6,7}, d_{3,5,6,8}->d_{5,11,6,8}, d_{3,5,6,9}->d_{5,11,6,9}, d_{3,5,6,10}->d_{5,11,6,10}, d_{3,5,6,11}->d_{5,11,3,6}, d_{3,5,7,8}->d_{5,11,7,8}, d_{3,5,7,9}->d_{5,11,7,9}, d_{3,5,7,10}->d_{5,11,7,10}, d_{3,5,7,11}->d_{5,11,3,7}, d_{3,5,8,9}->d_{5,11,8,9}, d_{3,5,8,10}->d_{5,11,8,10}, d_{3,5,8,11}->d_{5,11,3,8}, d_{3,5,9,10}->d_{5,11,9,10}, d_{3,5,9,11}->d_{5,11,3,9}, d_{3,5,10,11}->d_{5,11,3,10}, d_{3,6,0,1}->d_{6,11,0,1}, d_{3,6,0,2}->d_{6,11,0,2}, d_{3,6,0,4}->d_{6,11,0,4}, d_{3,6,0,5}->d_{6,11,0,5}, d_{3,6,0,7}->d_{6,11,0,7}, d_{3,6,0,8}->d_{6,11,0,8}, d_{3,6,0,9}->d_{6,11,0,9}, d_{3,6,0,10}->d_{6,11,0,10}, d_{3,6,0,11}->d_{6,11,0,3}, d_{3,6,1,2}->d_{6,11,1,2}, d_{3,6,1,4}->d_{6,11,1,4}, d_{3,6,1,5}->d_{6,11,1,5}, d_{3,6,1,7}->d_{6,11,1,7}, d_{3,6,1,8}->d_{6,11,1,8}, d_{3,6,1,9}->d_{6,11,1,9}, d_{3,6,1,10}->d_{6,11,1,10}, d_{3,6,1,11}->d_{6,11,1,3}, d_{3,6,2,4}->d_{6,11,2,4}, d_{3,6,2,5}->d_{6,11,2,5}, d_{3,6,2,7}->d_{6,11,2,7}, d_{3,6,2,8}->d_{6,11,2,8}, d_{3,6,2,9}->d_{6,11,2,9}, d_{3,6,2,10}->d_{6,11,2,10}, d_{3,6,2,11}->d_{6,11,2,3}, d_{3,6,4,5}->d_{6,11,4,5}, d_{3,6,4,7}->d_{6,11,4,7}, d_{3,6,4,8}->d_{6,11,4,8}, d_{3,6,4,9}->d_{6,11,4,9}, d_{3,6,4,10}->d_{6,11,4,10}, d_{3,6,4,11}->d_{6,11,3,4}, d_{3,6,5,7}->d_{6,11,5,7}, d_{3,6,5,8}->d_{6,11,5,8}, d_{3,6,5,9}->d_{6,11,5,9}, d_{3,6,5,10}->d_{6,11,5,10}, d_{3,6,5,11}->d_{6,11,3,5}, d_{3,6,7,8}->d_{6,11,7,8}, d_{3,6,7,9}->d_{6,11,7,9}, d_{3,6,7,10}->d_{6,11,7,10}, d_{3,6,7,11}->d_{6,11,3,7}, d_{3,6,8,9}->d_{6,11,8,9}, d_{3,6,8,10}->d_{6,11,8,10}, d_{3,6,8,11}->d_{6,11,3,8}, d_{3,6,9,10}->d_{6,11,9,10}, d_{3,6,9,11}->d_{6,11,3,9}, d_{3,6,10,11}->d_{6,11,3,10}, d_{3,7,0,1}->d_{7,11,0,1}, d_{3,7,0,2}->d_{7,11,0,2}, d_{3,7,0,4}->d_{7,11,0,4}, d_{3,7,0,5}->d_{7,11,0,5}, d_{3,7,0,6}->d_{7,11,0,6}, d_{3,7,0,8}->d_{7,11,0,8}, d_{3,7,0,9}->d_{7,11,0,9}, d_{3,7,0,10}->d_{7,11,0,10}, d_{3,7,0,11}->d_{7,11,0,3}, d_{3,7,1,2}->d_{7,11,1,2}, d_{3,7,1,4}->d_{7,11,1,4}, d_{3,7,1,5}->d_{7,11,1,5}, d_{3,7,1,6}->d_{7,11,1,6}, d_{3,7,1,8}->d_{7,11,1,8}, d_{3,7,1,9}->d_{7,11,1,9}, d_{3,7,1,10}->d_{7,11,1,10}, d_{3,7,1,11}->d_{7,11,1,3}, d_{3,7,2,4}->d_{7,11,2,4}, d_{3,7,2,5}->d_{7,11,2,5}, d_{3,7,2,6}->d_{7,11,2,6}, d_{3,7,2,8}->d_{7,11,2,8}, d_{3,7,2,9}->d_{7,11,2,9}, d_{3,7,2,10}->d_{7,11,2,10}, d_{3,7,2,11}->d_{7,11,2,3}, d_{3,7,4,5}->d_{7,11,4,5}, d_{3,7,4,6}->d_{7,11,4,6}, d_{3,7,4,8}->d_{7,11,4,8}, d_{3,7,4,9}->d_{7,11,4,9}, d_{3,7,4,10}->d_{7,11,4,10}, d_{3,7,4,11}->d_{7,11,3,4}, d_{3,7,5,6}->d_{7,11,5,6}, d_{3,7,5,8}->d_{7,11,5,8}, d_{3,7,5,9}->d_{7,11,5,9}, d_{3,7,5,10}->d_{7,11,5,10}, d_{3,7,5,11}->d_{7,11,3,5}, d_{3,7,6,8}->d_{7,11,6,8}, d_{3,7,6,9}->d_{7,11,6,9}, d_{3,7,6,10}->d_{7,11,6,10}, d_{3,7,6,11}->d_{7,11,3,6}, d_{3,7,8,9}->d_{7,11,8,9}, d_{3,7,8,10}->d_{7,11,8,10}, d_{3,7,8,11}->d_{7,11,3,8}, d_{3,7,9,10}->d_{7,11,9,10}, d_{3,7,9,11}->d_{7,11,3,9}, d_{3,7,10,11}->d_{7,11,3,10}, d_{3,8,0,1}->d_{8,11,0,1}, d_{3,8,0,2}->d_{8,11,0,2}, d_{3,8,0,4}->d_{8,11,0,4}, d_{3,8,0,5}->d_{8,11,0,5}, d_{3,8,0,6}->d_{8,11,0,6}, d_{3,8,0,7}->d_{8,11,0,7}, d_{3,8,0,9}->d_{8,11,0,9}, d_{3,8,0,10}->d_{8,11,0,10}, d_{3,8,0,11}->d_{8,11,0,3}, d_{3,8,1,2}->d_{8,11,1,2}, d_{3,8,1,4}->d_{8,11,1,4}, d_{3,8,1,5}->d_{8,11,1,5}, d_{3,8,1,6}->d_{8,11,1,6}, d_{3,8,1,7}->d_{8,11,1,7}, d_{3,8,1,9}->d_{8,11,1,9}, d_{3,8,1,10}->d_{8,11,1,10}, d_{3,8,1,11}->d_{8,11,1,3}, d_{3,8,2,4}->d_{8,11,2,4}, d_{3,8,2,5}->d_{8,11,2,5}, d_{3,8,2,6}->d_{8,11,2,6}, d_{3,8,2,7}->d_{8,11,2,7}, d_{3,8,2,9}->d_{8,11,2,9}, d_{3,8,2,10}->d_{8,11,2,10}, d_{3,8,2,11}->d_{8,11,2,3}, d_{3,8,4,5}->d_{8,11,4,5}, d_{3,8,4,6}->d_{8,11,4,6}, d_{3,8,4,7}->d_{8,11,4,7}, d_{3,8,4,9}->d_{8,11,4,9}, d_{3,8,4,10}->d_{8,11,4,10}, d_{3,8,4,11}->d_{8,11,3,4}, d_{3,8,5,6}->d_{8,11,5,6}, d_{3,8,5,7}->d_{8,11,5,7}, d_{3,8,5,9}->d_{8,11,5,9}, d_{3,8,5,10}->d_{8,11,5,10}, d_{3,8,5,11}->d_{8,11,3,5}, d_{3,8,6,7}->d_{8,11,6,7}, d_{3,8,6,9}->d_{8,11,6,9}, d_{3,8,6,10}->d_{8,11,6,10}, d_{3,8,6,11}->d_{8,11,3,6}, d_{3,8,7,9}->d_{8,11,7,9}, d_{3,8,7,10}->d_{8,11,7,10}, d_{3,8,7,11}->d_{8,11,3,7}, d_{3,8,9,10}->d_{8,11,9,10}, d_{3,8,9,11}->d_{8,11,3,9}, d_{3,8,10,11}->d_{8,11,3,10}, d_{3,9,0,1}->d_{9,11,0,1}, d_{3,9,0,2}->d_{9,11,0,2}, d_{3,9,0,4}->d_{9,11,0,4}, d_{3,9,0,5}->d_{9,11,0,5}, d_{3,9,0,6}->d_{9,11,0,6}, d_{3,9,0,7}->d_{9,11,0,7}, d_{3,9,0,8}->d_{9,11,0,8}, d_{3,9,0,10}->d_{9,11,0,10}, d_{3,9,0,11}->d_{9,11,0,3}, d_{3,9,1,2}->d_{9,11,1,2}, d_{3,9,1,4}->d_{9,11,1,4}, d_{3,9,1,5}->d_{9,11,1,5}, d_{3,9,1,6}->d_{9,11,1,6}, d_{3,9,1,7}->d_{9,11,1,7}, d_{3,9,1,8}->d_{9,11,1,8}, d_{3,9,1,10}->d_{9,11,1,10}, d_{3,9,1,11}->d_{9,11,1,3}, d_{3,9,2,4}->d_{9,11,2,4}, d_{3,9,2,5}->d_{9,11,2,5}, d_{3,9,2,6}->d_{9,11,2,6}, d_{3,9,2,7}->d_{9,11,2,7}, d_{3,9,2,8}->d_{9,11,2,8}, d_{3,9,2,10}->d_{9,11,2,10}, d_{3,9,2,11}->d_{9,11,2,3}, d_{3,9,4,5}->d_{9,11,4,5}, d_{3,9,4,6}->d_{9,11,4,6}, d_{3,9,4,7}->d_{9,11,4,7}, d_{3,9,4,8}->d_{9,11,4,8}, d_{3,9,4,10}->d_{9,11,4,10}, d_{3,9,4,11}->d_{9,11,3,4}, d_{3,9,5,6}->d_{9,11,5,6}, d_{3,9,5,7}->d_{9,11,5,7}, d_{3,9,5,8}->d_{9,11,5,8}, d_{3,9,5,10}->d_{9,11,5,10}, d_{3,9,5,11}->d_{9,11,3,5}, d_{3,9,6,7}->d_{9,11,6,7}, d_{3,9,6,8}->d_{9,11,6,8}, d_{3,9,6,10}->d_{9,11,6,10}, d_{3,9,6,11}->d_{9,11,3,6}, d_{3,9,7,8}->d_{9,11,7,8}, d_{3,9,7,10}->d_{9,11,7,10}, d_{3,9,7,11}->d_{9,11,3,7}, d_{3,9,8,10}->d_{9,11,8,10}, d_{3,9,8,11}->d_{9,11,3,8}, d_{3,9,10,11}->d_{9,11,3,10}, d_{3,10,0,1}->d_{10,11,0,1}, d_{3,10,0,2}->d_{10,11,0,2}, d_{3,10,0,4}->d_{10,11,0,4}, d_{3,10,0,5}->d_{10,11,0,5}, d_{3,10,0,6}->d_{10,11,0,6}, d_{3,10,0,7}->d_{10,11,0,7}, d_{3,10,0,8}->d_{10,11,0,8}, d_{3,10,0,9}->d_{10,11,0,9}, d_{3,10,0,11}->d_{10,11,0,3}, d_{3,10,1,2}->d_{10,11,1,2}, d_{3,10,1,4}->d_{10,11,1,4}, d_{3,10,1,5}->d_{10,11,1,5}, d_{3,10,1,6}->d_{10,11,1,6}, d_{3,10,1,7}->d_{10,11,1,7}, d_{3,10,1,8}->d_{10,11,1,8}, d_{3,10,1,9}->d_{10,11,1,9}, d_{3,10,1,11}->d_{10,11,1,3}, d_{3,10,2,4}->d_{10,11,2,4}, d_{3,10,2,5}->d_{10,11,2,5}, d_{3,10,2,6}->d_{10,11,2,6}, d_{3,10,2,7}->d_{10,11,2,7}, d_{3,10,2,8}->d_{10,11,2,8}, d_{3,10,2,9}->d_{10,11,2,9}, d_{3,10,2,11}->d_{10,11,2,3}, d_{3,10,4,5}->d_{10,11,4,5}, d_{3,10,4,6}->d_{10,11,4,6}, d_{3,10,4,7}->d_{10,11,4,7}, d_{3,10,4,8}->d_{10,11,4,8}, d_{3,10,4,9}->d_{10,11,4,9}, d_{3,10,4,11}->d_{10,11,3,4}, d_{3,10,5,6}->d_{10,11,5,6}, d_{3,10,5,7}->d_{10,11,5,7}, d_{3,10,5,8}->d_{10,11,5,8}, d_{3,10,5,9}->d_{10,11,5,9}, d_{3,10,5,11}->d_{10,11,3,5}, d_{3,10,6,7}->d_{10,11,6,7}, d_{3,10,6,8}->d_{10,11,6,8}, d_{3,10,6,9}->d_{10,11,6,9}, d_{3,10,6,11}->d_{10,11,3,6}, d_{3,10,7,8}->d_{10,11,7,8}, d_{3,10,7,9}->d_{10,11,7,9}, d_{3,10,7,11}->d_{10,11,3,7}, d_{3,10,8,9}->d_{10,11,8,9}, d_{3,10,8,11}->d_{10,11,3,8}, d_{3,10,9,11}->d_{10,11,3,9}, d_{4,5,0,3}->d_{4,5,0,11}, d_{4,5,0,11}->d_{4,5,0,3}, d_{4,5,1,3}->d_{4,5,1,11}, d_{4,5,1,11}->d_{4,5,1,3}, d_{4,5,2,3}->d_{4,5,2,11}, d_{4,5,2,11}->d_{4,5,2,3}, d_{4,5,3,6}->d_{4,5,6,11}, d_{4,5,3,7}->d_{4,5,7,11}, d_{4,5,3,8}->d_{4,5,8,11}, d_{4,5,3,9}->d_{4,5,9,11}, d_{4,5,3,10}->d_{4,5,10,11}, d_{4,5,6,11}->d_{4,5,3,6}, d_{4,5,7,11}->d_{4,5,3,7}, d_{4,5,8,11}->d_{4,5,3,8}, d_{4,5,9,11}->d_{4,5,3,9}, d_{4,5,10,11}->d_{4,5,3,10}, d_{4,6,0,3}->d_{4,6,0,11}, d_{4,6,0,11}->d_{4,6,0,3}, d_{4,6,1,3}->d_{4,6,1,11}, d_{4,6,1,11}->d_{4,6,1,3}, d_{4,6,2,3}->d_{4,6,2,11}, d_{4,6,2,11}->d_{4,6,2,3}, d_{4,6,3,5}->d_{4,6,5,11}, d_{4,6,3,7}->d_{4,6,7,11}, d_{4,6,3,8}->d_{4,6,8,11}, d_{4,6,3,9}->d_{4,6,9,11}, d_{4,6,3,10}->d_{4,6,10,11}, d_{4,6,5,11}->d_{4,6,3,5}, d_{4,6,7,11}->d_{4,6,3,7}, d_{4,6,8,11}->d_{4,6,3,8}, d_{4,6,9,11}->d_{4,6,3,9}, d_{4,6,10,11}->d_{4,6,3,10}, d_{4,7,0,3}->d_{4,7,0,11}, d_{4,7,0,11}->d_{4,7,0,3}, d_{4,7,1,3}->d_{4,7,1,11}, d_{4,7,1,11}->d_{4,7,1,3}, d_{4,7,2,3}->d_{4,7,2,11}, d_{4,7,2,11}->d_{4,7,2,3}, d_{4,7,3,5}->d_{4,7,5,11}, d_{4,7,3,6}->d_{4,7,6,11}, d_{4,7,3,8}->d_{4,7,8,11}, d_{4,7,3,9}->d_{4,7,9,11}, d_{4,7,3,10}->d_{4,7,10,11}, d_{4,7,5,11}->d_{4,7,3,5}, d_{4,7,6,11}->d_{4,7,3,6}, d_{4,7,8,11}->d_{4,7,3,8}, d_{4,7,9,11}->d_{4,7,3,9}, d_{4,7,10,11}->d_{4,7,3,10}, d_{4,8,0,3}->d_{4,8,0,11}, d_{4,8,0,11}->d_{4,8,0,3}, d_{4,8,1,3}->d_{4,8,1,11}, d_{4,8,1,11}->d_{4,8,1,3}, d_{4,8,2,3}->d_{4,8,2,11}, d_{4,8,2,11}->d_{4,8,2,3}, d_{4,8,3,5}->d_{4,8,5,11}, d_{4,8,3,6}->d_{4,8,6,11}, d_{4,8,3,7}->d_{4,8,7,11}, d_{4,8,3,9}->d_{4,8,9,11}, d_{4,8,3,10}->d_{4,8,10,11}, d_{4,8,5,11}->d_{4,8,3,5}, d_{4,8,6,11}->d_{4,8,3,6}, d_{4,8,7,11}->d_{4,8,3,7}, d_{4,8,9,11}->d_{4,8,3,9}, d_{4,8,10,11}->d_{4,8,3,10}, d_{4,9,0,3}->d_{4,9,0,11}, d_{4,9,0,11}->d_{4,9,0,3}, d_{4,9,1,3}->d_{4,9,1,11}, d_{4,9,1,11}->d_{4,9,1,3}, d_{4,9,2,3}->d_{4,9,2,11}, d_{4,9,2,11}->d_{4,9,2,3}, d_{4,9,3,5}->d_{4,9,5,11}, d_{4,9,3,6}->d_{4,9,6,11}, d_{4,9,3,7}->d_{4,9,7,11}, d_{4,9,3,8}->d_{4,9,8,11}, d_{4,9,3,10}->d_{4,9,10,11}, d_{4,9,5,11}->d_{4,9,3,5}, d_{4,9,6,11}->d_{4,9,3,6}, d_{4,9,7,11}->d_{4,9,3,7}, d_{4,9,8,11}->d_{4,9,3,8}, d_{4,9,10,11}->d_{4,9,3,10}, d_{4,10,0,3}->d_{4,10,0,11}, d_{4,10,0,11}->d_{4,10,0,3}, d_{4,10,1,3}->d_{4,10,1,11}, d_{4,10,1,11}->d_{4,10,1,3}, d_{4,10,2,3}->d_{4,10,2,11}, d_{4,10,2,11}->d_{4,10,2,3}, d_{4,10,3,5}->d_{4,10,5,11}, d_{4,10,3,6}->d_{4,10,6,11}, d_{4,10,3,7}->d_{4,10,7,11}, d_{4,10,3,8}->d_{4,10,8,11}, d_{4,10,3,9}->d_{4,10,9,11}, d_{4,10,5,11}->d_{4,10,3,5}, d_{4,10,6,11}->d_{4,10,3,6}, d_{4,10,7,11}->d_{4,10,3,7}, d_{4,10,8,11}->d_{4,10,3,8}, d_{4,10,9,11}->d_{4,10,3,9}, d_{4,11,0,1}->d_{3,4,0,1}, d_{4,11,0,2}->d_{3,4,0,2}, d_{4,11,0,3}->d_{3,4,0,11}, d_{4,11,0,5}->d_{3,4,0,5}, d_{4,11,0,6}->d_{3,4,0,6}, d_{4,11,0,7}->d_{3,4,0,7}, d_{4,11,0,8}->d_{3,4,0,8}, d_{4,11,0,9}->d_{3,4,0,9}, d_{4,11,0,10}->d_{3,4,0,10}, d_{4,11,1,2}->d_{3,4,1,2}, d_{4,11,1,3}->d_{3,4,1,11}, d_{4,11,1,5}->d_{3,4,1,5}, d_{4,11,1,6}->d_{3,4,1,6}, d_{4,11,1,7}->d_{3,4,1,7}, d_{4,11,1,8}->d_{3,4,1,8}, d_{4,11,1,9}->d_{3,4,1,9}, d_{4,11,1,10}->d_{3,4,1,10}, d_{4,11,2,3}->d_{3,4,2,11}, d_{4,11,2,5}->d_{3,4,2,5}, d_{4,11,2,6}->d_{3,4,2,6}, d_{4,11,2,7}->d_{3,4,2,7}, d_{4,11,2,8}->d_{3,4,2,8}, d_{4,11,2,9}->d_{3,4,2,9}, d_{4,11,2,10}->d_{3,4,2,10}, d_{4,11,3,5}->d_{3,4,5,11}, d_{4,11,3,6}->d_{3,4,6,11}, d_{4,11,3,7}->d_{3,4,7,11}, d_{4,11,3,8}->d_{3,4,8,11}, d_{4,11,3,9}->d_{3,4,9,11}, d_{4,11,3,10}->d_{3,4,10,11}, d_{4,11,5,6}->d_{3,4,5,6}, d_{4,11,5,7}->d_{3,4,5,7}, d_{4,11,5,8}->d_{3,4,5,8}, d_{4,11,5,9}->d_{3,4,5,9}, d_{4,11,5,10}->d_{3,4,5,10}, d_{4,11,6,7}->d_{3,4,6,7}, d_{4,11,6,8}->d_{3,4,6,8}, d_{4,11,6,9}->d_{3,4,6,9}, d_{4,11,6,10}->d_{3,4,6,10}, d_{4,11,7,8}->d_{3,4,7,8}, d_{4,11,7,9}->d_{3,4,7,9}, d_{4,11,7,10}->d_{3,4,7,10}, d_{4,11,8,9}->d_{3,4,8,9}, d_{4,11,8,10}->d_{3,4,8,10}, d_{4,11,9,10}->d_{3,4,9,10}, d_{5,6,0,3}->d_{5,6,0,11}, d_{5,6,0,11}->d_{5,6,0,3}, d_{5,6,1,3}->d_{5,6,1,11}, d_{5,6,1,11}->d_{5,6,1,3}, d_{5,6,2,3}->d_{5,6,2,11}, d_{5,6,2,11}->d_{5,6,2,3}, d_{5,6,3,4}->d_{5,6,4,11}, d_{5,6,3,7}->d_{5,6,7,11}, d_{5,6,3,8}->d_{5,6,8,11}, d_{5,6,3,9}->d_{5,6,9,11}, d_{5,6,3,10}->d_{5,6,10,11}, d_{5,6,4,11}->d_{5,6,3,4}, d_{5,6,7,11}->d_{5,6,3,7}, d_{5,6,8,11}->d_{5,6,3,8}, d_{5,6,9,11}->d_{5,6,3,9}, d_{5,6,10,11}->d_{5,6,3,10}, d_{5,7,0,3}->d_{5,7,0,11}, d_{5,7,0,11}->d_{5,7,0,3}, d_{5,7,1,3}->d_{5,7,1,11}, d_{5,7,1,11}->d_{5,7,1,3}, d_{5,7,2,3}->d_{5,7,2,11}, d_{5,7,2,11}->d_{5,7,2,3}, d_{5,7,3,4}->d_{5,7,4,11}, d_{5,7,3,6}->d_{5,7,6,11}, d_{5,7,3,8}->d_{5,7,8,11}, d_{5,7,3,9}->d_{5,7,9,11}, d_{5,7,3,10}->d_{5,7,10,11}, d_{5,7,4,11}->d_{5,7,3,4}, d_{5,7,6,11}->d_{5,7,3,6}, d_{5,7,8,11}->d_{5,7,3,8}, d_{5,7,9,11}->d_{5,7,3,9}, d_{5,7,10,11}->d_{5,7,3,10}, d_{5,8,0,3}->d_{5,8,0,11}, d_{5,8,0,11}->d_{5,8,0,3}, d_{5,8,1,3}->d_{5,8,1,11}, d_{5,8,1,11}->d_{5,8,1,3}, d_{5,8,2,3}->d_{5,8,2,11}, d_{5,8,2,11}->d_{5,8,2,3}, d_{5,8,3,4}->d_{5,8,4,11}, d_{5,8,3,6}->d_{5,8,6,11}, d_{5,8,3,7}->d_{5,8,7,11}, d_{5,8,3,9}->d_{5,8,9,11}, d_{5,8,3,10}->d_{5,8,10,11}, d_{5,8,4,11}->d_{5,8,3,4}, d_{5,8,6,11}->d_{5,8,3,6}, d_{5,8,7,11}->d_{5,8,3,7}, d_{5,8,9,11}->d_{5,8,3,9}, d_{5,8,10,11}->d_{5,8,3,10}, d_{5,9,0,3}->d_{5,9,0,11}, d_{5,9,0,11}->d_{5,9,0,3}, d_{5,9,1,3}->d_{5,9,1,11}, d_{5,9,1,11}->d_{5,9,1,3}, d_{5,9,2,3}->d_{5,9,2,11}, d_{5,9,2,11}->d_{5,9,2,3}, d_{5,9,3,4}->d_{5,9,4,11}, d_{5,9,3,6}->d_{5,9,6,11}, d_{5,9,3,7}->d_{5,9,7,11}, d_{5,9,3,8}->d_{5,9,8,11}, d_{5,9,3,10}->d_{5,9,10,11}, d_{5,9,4,11}->d_{5,9,3,4}, d_{5,9,6,11}->d_{5,9,3,6}, d_{5,9,7,11}->d_{5,9,3,7}, d_{5,9,8,11}->d_{5,9,3,8}, d_{5,9,10,11}->d_{5,9,3,10}, d_{5,10,0,3}->d_{5,10,0,11}, d_{5,10,0,11}->d_{5,10,0,3}, d_{5,10,1,3}->d_{5,10,1,11}, d_{5,10,1,11}->d_{5,10,1,3}, d_{5,10,2,3}->d_{5,10,2,11}, d_{5,10,2,11}->d_{5,10,2,3}, d_{5,10,3,4}->d_{5,10,4,11}, d_{5,10,3,6}->d_{5,10,6,11}, d_{5,10,3,7}->d_{5,10,7,11}, d_{5,10,3,8}->d_{5,10,8,11}, d_{5,10,3,9}->d_{5,10,9,11}, d_{5,10,4,11}->d_{5,10,3,4}, d_{5,10,6,11}->d_{5,10,3,6}, d_{5,10,7,11}->d_{5,10,3,7}, d_{5,10,8,11}->d_{5,10,3,8}, d_{5,10,9,11}->d_{5,10,3,9}, d_{5,11,0,1}->d_{3,5,0,1}, d_{5,11,0,2}->d_{3,5,0,2}, d_{5,11,0,3}->d_{3,5,0,11}, d_{5,11,0,4}->d_{3,5,0,4}, d_{5,11,0,6}->d_{3,5,0,6}, d_{5,11,0,7}->d_{3,5,0,7}, d_{5,11,0,8}->d_{3,5,0,8}, d_{5,11,0,9}->d_{3,5,0,9}, d_{5,11,0,10}->d_{3,5,0,10}, d_{5,11,1,2}->d_{3,5,1,2}, d_{5,11,1,3}->d_{3,5,1,11}, d_{5,11,1,4}->d_{3,5,1,4}, d_{5,11,1,6}->d_{3,5,1,6}, d_{5,11,1,7}->d_{3,5,1,7}, d_{5,11,1,8}->d_{3,5,1,8}, d_{5,11,1,9}->d_{3,5,1,9}, d_{5,11,1,10}->d_{3,5,1,10}, d_{5,11,2,3}->d_{3,5,2,11}, d_{5,11,2,4}->d_{3,5,2,4}, d_{5,11,2,6}->d_{3,5,2,6}, d_{5,11,2,7}->d_{3,5,2,7}, d_{5,11,2,8}->d_{3,5,2,8}, d_{5,11,2,9}->d_{3,5,2,9}, d_{5,11,2,10}->d_{3,5,2,10}, d_{5,11,3,4}->d_{3,5,4,11}, d_{5,11,3,6}->d_{3,5,6,11}, d_{5,11,3,7}->d_{3,5,7,11}, d_{5,11,3,8}->d_{3,5,8,11}, d_{5,11,3,9}->d_{3,5,9,11}, d_{5,11,3,10}->d_{3,5,10,11}, d_{5,11,4,6}->d_{3,5,4,6}, d_{5,11,4,7}->d_{3,5,4,7}, d_{5,11,4,8}->d_{3,5,4,8}, d_{5,11,4,9}->d_{3,5,4,9}, d_{5,11,4,10}->d_{3,5,4,10}, d_{5,11,6,7}->d_{3,5,6,7}, d_{5,11,6,8}->d_{3,5,6,8}, d_{5,11,6,9}->d_{3,5,6,9}, d_{5,11,6,10}->d_{3,5,6,10}, d_{5,11,7,8}->d_{3,5,7,8}, d_{5,11,7,9}->d_{3,5,7,9}, d_{5,11,7,10}->d_{3,5,7,10}, d_{5,11,8,9}->d_{3,5,8,9}, d_{5,11,8,10}->d_{3,5,8,10}, d_{5,11,9,10}->d_{3,5,9,10}, d_{6,7,0,3}->d_{6,7,0,11}, d_{6,7,0,11}->d_{6,7,0,3}, d_{6,7,1,3}->d_{6,7,1,11}, d_{6,7,1,11}->d_{6,7,1,3}, d_{6,7,2,3}->d_{6,7,2,11}, d_{6,7,2,11}->d_{6,7,2,3}, d_{6,7,3,4}->d_{6,7,4,11}, d_{6,7,3,5}->d_{6,7,5,11}, d_{6,7,3,8}->d_{6,7,8,11}, d_{6,7,3,9}->d_{6,7,9,11}, d_{6,7,3,10}->d_{6,7,10,11}, d_{6,7,4,11}->d_{6,7,3,4}, d_{6,7,5,11}->d_{6,7,3,5}, d_{6,7,8,11}->d_{6,7,3,8}, d_{6,7,9,11}->d_{6,7,3,9}, d_{6,7,10,11}->d_{6,7,3,10}, d_{6,8,0,3}->d_{6,8,0,11}, d_{6,8,0,11}->d_{6,8,0,3}, d_{6,8,1,3}->d_{6,8,1,11}, d_{6,8,1,11}->d_{6,8,1,3}, d_{6,8,2,3}->d_{6,8,2,11}, d_{6,8,2,11}->d_{6,8,2,3}, d_{6,8,3,4}->d_{6,8,4,11}, d_{6,8,3,5}->d_{6,8,5,11}, d_{6,8,3,7}->d_{6,8,7,11}, d_{6,8,3,9}->d_{6,8,9,11}, d_{6,8,3,10}->d_{6,8,10,11}, d_{6,8,4,11}->d_{6,8,3,4}, d_{6,8,5,11}->d_{6,8,3,5}, d_{6,8,7,11}->d_{6,8,3,7}, d_{6,8,9,11}->d_{6,8,3,9}, d_{6,8,10,11}->d_{6,8,3,10}, d_{6,9,0,3}->d_{6,9,0,11}, d_{6,9,0,11}->d_{6,9,0,3}, d_{6,9,1,3}->d_{6,9,1,11}, d_{6,9,1,11}->d_{6,9,1,3}, d_{6,9,2,3}->d_{6,9,2,11}, d_{6,9,2,11}->d_{6,9,2,3}, d_{6,9,3,4}->d_{6,9,4,11}, d_{6,9,3,5}->d_{6,9,5,11}, d_{6,9,3,7}->d_{6,9,7,11}, d_{6,9,3,8}->d_{6,9,8,11}, d_{6,9,3,10}->d_{6,9,10,11}, d_{6,9,4,11}->d_{6,9,3,4}, d_{6,9,5,11}->d_{6,9,3,5}, d_{6,9,7,11}->d_{6,9,3,7}, d_{6,9,8,11}->d_{6,9,3,8}, d_{6,9,10,11}->d_{6,9,3,10}, d_{6,10,0,3}->d_{6,10,0,11}, d_{6,10,0,11}->d_{6,10,0,3}, d_{6,10,1,3}->d_{6,10,1,11}, d_{6,10,1,11}->d_{6,10,1,3}, d_{6,10,2,3}->d_{6,10,2,11}, d_{6,10,2,11}->d_{6,10,2,3}, d_{6,10,3,4}->d_{6,10,4,11}, d_{6,10,3,5}->d_{6,10,5,11}, d_{6,10,3,7}->d_{6,10,7,11}, d_{6,10,3,8}->d_{6,10,8,11}, d_{6,10,3,9}->d_{6,10,9,11}, d_{6,10,4,11}->d_{6,10,3,4}, d_{6,10,5,11}->d_{6,10,3,5}, d_{6,10,7,11}->d_{6,10,3,7}, d_{6,10,8,11}->d_{6,10,3,8}, d_{6,10,9,11}->d_{6,10,3,9}, d_{6,11,0,1}->d_{3,6,0,1}, d_{6,11,0,2}->d_{3,6,0,2}, d_{6,11,0,3}->d_{3,6,0,11}, d_{6,11,0,4}->d_{3,6,0,4}, d_{6,11,0,5}->d_{3,6,0,5}, d_{6,11,0,7}->d_{3,6,0,7}, d_{6,11,0,8}->d_{3,6,0,8}, d_{6,11,0,9}->d_{3,6,0,9}, d_{6,11,0,10}->d_{3,6,0,10}, d_{6,11,1,2}->d_{3,6,1,2}, d_{6,11,1,3}->d_{3,6,1,11}, d_{6,11,1,4}->d_{3,6,1,4}, d_{6,11,1,5}->d_{3,6,1,5}, d_{6,11,1,7}->d_{3,6,1,7}, d_{6,11,1,8}->d_{3,6,1,8}, d_{6,11,1,9}->d_{3,6,1,9}, d_{6,11,1,10}->d_{3,6,1,10}, d_{6,11,2,3}->d_{3,6,2,11}, d_{6,11,2,4}->d_{3,6,2,4}, d_{6,11,2,5}->d_{3,6,2,5}, d_{6,11,2,7}->d_{3,6,2,7}, d_{6,11,2,8}->d_{3,6,2,8}, d_{6,11,2,9}->d_{3,6,2,9}, d_{6,11,2,10}->d_{3,6,2,10}, d_{6,11,3,4}->d_{3,6,4,11}, d_{6,11,3,5}->d_{3,6,5,11}, d_{6,11,3,7}->d_{3,6,7,11}, d_{6,11,3,8}->d_{3,6,8,11}, d_{6,11,3,9}->d_{3,6,9,11}, d_{6,11,3,10}->d_{3,6,10,11}, d_{6,11,4,5}->d_{3,6,4,5}, d_{6,11,4,7}->d_{3,6,4,7}, d_{6,11,4,8}->d_{3,6,4,8}, d_{6,11,4,9}->d_{3,6,4,9}, d_{6,11,4,10}->d_{3,6,4,10}, d_{6,11,5,7}->d_{3,6,5,7}, d_{6,11,5,8}->d_{3,6,5,8}, d_{6,11,5,9}->d_{3,6,5,9}, d_{6,11,5,10}->d_{3,6,5,10}, d_{6,11,7,8}->d_{3,6,7,8}, d_{6,11,7,9}->d_{3,6,7,9}, d_{6,11,7,10}->d_{3,6,7,10}, d_{6,11,8,9}->d_{3,6,8,9}, d_{6,11,8,10}->d_{3,6,8,10}, d_{6,11,9,10}->d_{3,6,9,10}, d_{7,8,0,3}->d_{7,8,0,11}, d_{7,8,0,11}->d_{7,8,0,3}, d_{7,8,1,3}->d_{7,8,1,11}, d_{7,8,1,11}->d_{7,8,1,3}, d_{7,8,2,3}->d_{7,8,2,11}, d_{7,8,2,11}->d_{7,8,2,3}, d_{7,8,3,4}->d_{7,8,4,11}, d_{7,8,3,5}->d_{7,8,5,11}, d_{7,8,3,6}->d_{7,8,6,11}, d_{7,8,3,9}->d_{7,8,9,11}, d_{7,8,3,10}->d_{7,8,10,11}, d_{7,8,4,11}->d_{7,8,3,4}, d_{7,8,5,11}->d_{7,8,3,5}, d_{7,8,6,11}->d_{7,8,3,6}, d_{7,8,9,11}->d_{7,8,3,9}, d_{7,8,10,11}->d_{7,8,3,10}, d_{7,9,0,3}->d_{7,9,0,11}, d_{7,9,0,11}->d_{7,9,0,3}, d_{7,9,1,3}->d_{7,9,1,11}, d_{7,9,1,11}->d_{7,9,1,3}, d_{7,9,2,3}->d_{7,9,2,11}, d_{7,9,2,11}->d_{7,9,2,3}, d_{7,9,3,4}->d_{7,9,4,11}, d_{7,9,3,5}->d_{7,9,5,11}, d_{7,9,3,6}->d_{7,9,6,11}, d_{7,9,3,8}->d_{7,9,8,11}, d_{7,9,3,10}->d_{7,9,10,11}, d_{7,9,4,11}->d_{7,9,3,4}, d_{7,9,5,11}->d_{7,9,3,5}, d_{7,9,6,11}->d_{7,9,3,6}, d_{7,9,8,11}->d_{7,9,3,8}, d_{7,9,10,11}->d_{7,9,3,10}, d_{7,10,0,3}->d_{7,10,0,11}, d_{7,10,0,11}->d_{7,10,0,3}, d_{7,10,1,3}->d_{7,10,1,11}, d_{7,10,1,11}->d_{7,10,1,3}, d_{7,10,2,3}->d_{7,10,2,11}, d_{7,10,2,11}->d_{7,10,2,3}, d_{7,10,3,4}->d_{7,10,4,11}, d_{7,10,3,5}->d_{7,10,5,11}, d_{7,10,3,6}->d_{7,10,6,11}, d_{7,10,3,8}->d_{7,10,8,11}, d_{7,10,3,9}->d_{7,10,9,11}, d_{7,10,4,11}->d_{7,10,3,4}, d_{7,10,5,11}->d_{7,10,3,5}, d_{7,10,6,11}->d_{7,10,3,6}, d_{7,10,8,11}->d_{7,10,3,8}, d_{7,10,9,11}->d_{7,10,3,9}, d_{7,11,0,1}->d_{3,7,0,1}, d_{7,11,0,2}->d_{3,7,0,2}, d_{7,11,0,3}->d_{3,7,0,11}, d_{7,11,0,4}->d_{3,7,0,4}, d_{7,11,0,5}->d_{3,7,0,5}, d_{7,11,0,6}->d_{3,7,0,6}, d_{7,11,0,8}->d_{3,7,0,8}, d_{7,11,0,9}->d_{3,7,0,9}, d_{7,11,0,10}->d_{3,7,0,10}, d_{7,11,1,2}->d_{3,7,1,2}, d_{7,11,1,3}->d_{3,7,1,11}, d_{7,11,1,4}->d_{3,7,1,4}, d_{7,11,1,5}->d_{3,7,1,5}, d_{7,11,1,6}->d_{3,7,1,6}, d_{7,11,1,8}->d_{3,7,1,8}, d_{7,11,1,9}->d_{3,7,1,9}, d_{7,11,1,10}->d_{3,7,1,10}, d_{7,11,2,3}->d_{3,7,2,11}, d_{7,11,2,4}->d_{3,7,2,4}, d_{7,11,2,5}->d_{3,7,2,5}, d_{7,11,2,6}->d_{3,7,2,6}, d_{7,11,2,8}->d_{3,7,2,8}, d_{7,11,2,9}->d_{3,7,2,9}, d_{7,11,2,10}->d_{3,7,2,10}, d_{7,11,3,4}->d_{3,7,4,11}, d_{7,11,3,5}->d_{3,7,5,11}, d_{7,11,3,6}->d_{3,7,6,11}, d_{7,11,3,8}->d_{3,7,8,11}, d_{7,11,3,9}->d_{3,7,9,11}, d_{7,11,3,10}->d_{3,7,10,11}, d_{7,11,4,5}->d_{3,7,4,5}, d_{7,11,4,6}->d_{3,7,4,6}, d_{7,11,4,8}->d_{3,7,4,8}, d_{7,11,4,9}->d_{3,7,4,9}, d_{7,11,4,10}->d_{3,7,4,10}, d_{7,11,5,6}->d_{3,7,5,6}, d_{7,11,5,8}->d_{3,7,5,8}, d_{7,11,5,9}->d_{3,7,5,9}, d_{7,11,5,10}->d_{3,7,5,10}, d_{7,11,6,8}->d_{3,7,6,8}, d_{7,11,6,9}->d_{3,7,6,9}, d_{7,11,6,10}->d_{3,7,6,10}, d_{7,11,8,9}->d_{3,7,8,9}, d_{7,11,8,10}->d_{3,7,8,10}, d_{7,11,9,10}->d_{3,7,9,10}, d_{8,9,0,3}->d_{8,9,0,11}, d_{8,9,0,11}->d_{8,9,0,3}, d_{8,9,1,3}->d_{8,9,1,11}, d_{8,9,1,11}->d_{8,9,1,3}, d_{8,9,2,3}->d_{8,9,2,11}, d_{8,9,2,11}->d_{8,9,2,3}, d_{8,9,3,4}->d_{8,9,4,11}, d_{8,9,3,5}->d_{8,9,5,11}, d_{8,9,3,6}->d_{8,9,6,11}, d_{8,9,3,7}->d_{8,9,7,11}, d_{8,9,3,10}->d_{8,9,10,11}, d_{8,9,4,11}->d_{8,9,3,4}, d_{8,9,5,11}->d_{8,9,3,5}, d_{8,9,6,11}->d_{8,9,3,6}, d_{8,9,7,11}->d_{8,9,3,7}, d_{8,9,10,11}->d_{8,9,3,10}, d_{8,10,0,3}->d_{8,10,0,11}, d_{8,10,0,11}->d_{8,10,0,3}, d_{8,10,1,3}->d_{8,10,1,11}, d_{8,10,1,11}->d_{8,10,1,3}, d_{8,10,2,3}->d_{8,10,2,11}, d_{8,10,2,11}->d_{8,10,2,3}, d_{8,10,3,4}->d_{8,10,4,11}, d_{8,10,3,5}->d_{8,10,5,11}, d_{8,10,3,6}->d_{8,10,6,11}, d_{8,10,3,7}->d_{8,10,7,11}, d_{8,10,3,9}->d_{8,10,9,11}, d_{8,10,4,11}->d_{8,10,3,4}, d_{8,10,5,11}->d_{8,10,3,5}, d_{8,10,6,11}->d_{8,10,3,6}, d_{8,10,7,11}->d_{8,10,3,7}, d_{8,10,9,11}->d_{8,10,3,9}, d_{8,11,0,1}->d_{3,8,0,1}, d_{8,11,0,2}->d_{3,8,0,2}, d_{8,11,0,3}->d_{3,8,0,11}, d_{8,11,0,4}->d_{3,8,0,4}, d_{8,11,0,5}->d_{3,8,0,5}, d_{8,11,0,6}->d_{3,8,0,6}, d_{8,11,0,7}->d_{3,8,0,7}, d_{8,11,0,9}->d_{3,8,0,9}, d_{8,11,0,10}->d_{3,8,0,10}, d_{8,11,1,2}->d_{3,8,1,2}, d_{8,11,1,3}->d_{3,8,1,11}, d_{8,11,1,4}->d_{3,8,1,4}, d_{8,11,1,5}->d_{3,8,1,5}, d_{8,11,1,6}->d_{3,8,1,6}, d_{8,11,1,7}->d_{3,8,1,7}, d_{8,11,1,9}->d_{3,8,1,9}, d_{8,11,1,10}->d_{3,8,1,10}, d_{8,11,2,3}->d_{3,8,2,11}, d_{8,11,2,4}->d_{3,8,2,4}, d_{8,11,2,5}->d_{3,8,2,5}, d_{8,11,2,6}->d_{3,8,2,6}, d_{8,11,2,7}->d_{3,8,2,7}, d_{8,11,2,9}->d_{3,8,2,9}, d_{8,11,2,10}->d_{3,8,2,10}, d_{8,11,3,4}->d_{3,8,4,11}, d_{8,11,3,5}->d_{3,8,5,11}, d_{8,11,3,6}->d_{3,8,6,11}, d_{8,11,3,7}->d_{3,8,7,11}, d_{8,11,3,9}->d_{3,8,9,11}, d_{8,11,3,10}->d_{3,8,10,11}, d_{8,11,4,5}->d_{3,8,4,5}, d_{8,11,4,6}->d_{3,8,4,6}, d_{8,11,4,7}->d_{3,8,4,7}, d_{8,11,4,9}->d_{3,8,4,9}, d_{8,11,4,10}->d_{3,8,4,10}, d_{8,11,5,6}->d_{3,8,5,6}, d_{8,11,5,7}->d_{3,8,5,7}, d_{8,11,5,9}->d_{3,8,5,9}, d_{8,11,5,10}->d_{3,8,5,10}, d_{8,11,6,7}->d_{3,8,6,7}, d_{8,11,6,9}->d_{3,8,6,9}, d_{8,11,6,10}->d_{3,8,6,10}, d_{8,11,7,9}->d_{3,8,7,9}, d_{8,11,7,10}->d_{3,8,7,10}, d_{8,11,9,10}->d_{3,8,9,10}, d_{9,10,0,3}->d_{9,10,0,11}, d_{9,10,0,11}->d_{9,10,0,3}, d_{9,10,1,3}->d_{9,10,1,11}, d_{9,10,1,11}->d_{9,10,1,3}, d_{9,10,2,3}->d_{9,10,2,11}, d_{9,10,2,11}->d_{9,10,2,3}, d_{9,10,3,4}->d_{9,10,4,11}, d_{9,10,3,5}->d_{9,10,5,11}, d_{9,10,3,6}->d_{9,10,6,11}, d_{9,10,3,7}->d_{9,10,7,11}, d_{9,10,3,8}->d_{9,10,8,11}, d_{9,10,4,11}->d_{9,10,3,4}, d_{9,10,5,11}->d_{9,10,3,5}, d_{9,10,6,11}->d_{9,10,3,6}, d_{9,10,7,11}->d_{9,10,3,7}, d_{9,10,8,11}->d_{9,10,3,8}, d_{9,11,0,1}->d_{3,9,0,1}, d_{9,11,0,2}->d_{3,9,0,2}, d_{9,11,0,3}->d_{3,9,0,11}, d_{9,11,0,4}->d_{3,9,0,4}, d_{9,11,0,5}->d_{3,9,0,5}, d_{9,11,0,6}->d_{3,9,0,6}, d_{9,11,0,7}->d_{3,9,0,7}, d_{9,11,0,8}->d_{3,9,0,8}, d_{9,11,0,10}->d_{3,9,0,10}, d_{9,11,1,2}->d_{3,9,1,2}, d_{9,11,1,3}->d_{3,9,1,11}, d_{9,11,1,4}->d_{3,9,1,4}, d_{9,11,1,5}->d_{3,9,1,5}, d_{9,11,1,6}->d_{3,9,1,6}, d_{9,11,1,7}->d_{3,9,1,7}, d_{9,11,1,8}->d_{3,9,1,8}, d_{9,11,1,10}->d_{3,9,1,10}, d_{9,11,2,3}->d_{3,9,2,11}, d_{9,11,2,4}->d_{3,9,2,4}, d_{9,11,2,5}->d_{3,9,2,5}, d_{9,11,2,6}->d_{3,9,2,6}, d_{9,11,2,7}->d_{3,9,2,7}, d_{9,11,2,8}->d_{3,9,2,8}, d_{9,11,2,10}->d_{3,9,2,10}, d_{9,11,3,4}->d_{3,9,4,11}, d_{9,11,3,5}->d_{3,9,5,11}, d_{9,11,3,6}->d_{3,9,6,11}, d_{9,11,3,7}->d_{3,9,7,11}, d_{9,11,3,8}->d_{3,9,8,11}, d_{9,11,3,10}->d_{3,9,10,11}, d_{9,11,4,5}->d_{3,9,4,5}, d_{9,11,4,6}->d_{3,9,4,6}, d_{9,11,4,7}->d_{3,9,4,7}, d_{9,11,4,8}->d_{3,9,4,8}, d_{9,11,4,10}->d_{3,9,4,10}, d_{9,11,5,6}->d_{3,9,5,6}, d_{9,11,5,7}->d_{3,9,5,7}, d_{9,11,5,8}->d_{3,9,5,8}, d_{9,11,5,10}->d_{3,9,5,10}, d_{9,11,6,7}->d_{3,9,6,7}, d_{9,11,6,8}->d_{3,9,6,8}, d_{9,11,6,10}->d_{3,9,6,10}, d_{9,11,7,8}->d_{3,9,7,8}, d_{9,11,7,10}->d_{3,9,7,10}, d_{9,11,8,10}->d_{3,9,8,10}, d_{10,11,0,1}->d_{3,10,0,1}, d_{10,11,0,2}->d_{3,10,0,2}, d_{10,11,0,3}->d_{3,10,0,11}, d_{10,11,0,4}->d_{3,10,0,4}, d_{10,11,0,5}->d_{3,10,0,5}, d_{10,11,0,6}->d_{3,10,0,6}, d_{10,11,0,7}->d_{3,10,0,7}, d_{10,11,0,8}->d_{3,10,0,8}, d_{10,11,0,9}->d_{3,10,0,9}, d_{10,11,1,2}->d_{3,10,1,2}, d_{10,11,1,3}->d_{3,10,1,11}, d_{10,11,1,4}->d_{3,10,1,4}, d_{10,11,1,5}->d_{3,10,1,5}, d_{10,11,1,6}->d_{3,10,1,6}, d_{10,11,1,7}->d_{3,10,1,7}, d_{10,11,1,8}->d_{3,10,1,8}, d_{10,11,1,9}->d_{3,10,1,9}, d_{10,11,2,3}->d_{3,10,2,11}, d_{10,11,2,4}->d_{3,10,2,4}, d_{10,11,2,5}->d_{3,10,2,5}, d_{10,11,2,6}->d_{3,10,2,6}, d_{10,11,2,7}->d_{3,10,2,7}, d_{10,11,2,8}->d_{3,10,2,8}, d_{10,11,2,9}->d_{3,10,2,9}, d_{10,11,3,4}->d_{3,10,4,11}, d_{10,11,3,5}->d_{3,10,5,11}, d_{10,11,3,6}->d_{3,10,6,11}, d_{10,11,3,7}->d_{3,10,7,11}, d_{10,11,3,8}->d_{3,10,8,11}, d_{10,11,3,9}->d_{3,10,9,11}, d_{10,11,4,5}->d_{3,10,4,5}, d_{10,11,4,6}->d_{3,10,4,6}, d_{10,11,4,7}->d_{3,10,4,7}, d_{10,11,4,8}->d_{3,10,4,8}, d_{10,11,4,9}->d_{3,10,4,9}, d_{10,11,5,6}->d_{3,10,5,6}, d_{10,11,5,7}->d_{3,10,5,7}, d_{10,11,5,8}->d_{3,10,5,8}, d_{10,11,5,9}->d_{3,10,5,9}, d_{10,11,6,7}->d_{3,10,6,7}, d_{10,11,6,8}->d_{3,10,6,8}, d_{10,11,6,9}->d_{3,10,6,9}, d_{10,11,7,8}->d_{3,10,7,8}, d_{10,11,7,9}->d_{3,10,7,9}, d_{10,11,8,9}->d_{3,10,8,9}

[Block Interaction Graph IndependentMat] (Order1Count=3, 1=direct edge/correlated, 0=no direct edge)
     0  1  2 
 0:  1  1  0 
 1:  1  1  1 
 2:  0  1  1 
============== End of action and representation demo ===============

======== Console initialized successfully ===============

╔═══════════════════════════════════════════════════════════╗
║  FI Generator Console Status                              ║
╚═══════════════════════════════════════════════════════════╝
Current Order: 1
XYAmount (features): 66
Total MonomialSets: 3

Monomials by order:
  Order 1: 3 monomials (3 generators)

=== Order-1 Orbits (Order1Count=3) ===
FeatureAmount (bond+angle+dihedral): 66
  Bonds: 3, Angles: 0, Dihedrals: 0

  Block No.0 [order=1, terms=3] (Bond)
    features: 0, 1, 11

  Block No.1 [order=1, terms=27] (Bond)
    features: 2, 3, 4, 5, 6, 7, 8, 9, 10, 12, 13, 14, 15, 16, 17, 18, 19, 20, 21, 22, 23, 24, 25, 26, 27, 28, 29

  Block No.2 [order=1, terms=36] (Bond)
    features: 30, 31, 32, 33, 34, 35, 36, 37, 38, 39, 40, 41, 42, 43, 44, 45, 46, 47, 48, 49, 50, 51, 52, 53, 54, 55, 56, 57, 58, 59, 60, 61, 62, 63, 64, 65

============== End of console demo ===============

======== Generating polynomials from order 2 to 6 ===============

[Order 1]
  Current order: FI=3, PIP=0, Total=3
  Current lengths: FI=66, PIP=0, Total=66
  Cumulative: FI=3, PIP=0, Total=3
  Cumulative lengths: FI=66, PIP=0, Total=66

[Order 2] (Time: 0.000000000 s = 0ms)
  Current order: FI=8, PIP=6, Total=14
  Current lengths: FI=3534, PIP=888, Total=4422
  Cumulative: FI=11, PIP=6, Total=17
  Cumulative lengths: FI=3600, PIP=888, Total=4488

[Order 3] (Time: 0.030000000 s = 30ms)
  Current order: FI=25, PIP=34, Total=59
  Current lengths: FI=103503, PIP=46845, Total=150348
  Cumulative: FI=36, PIP=40, Total=76
  Cumulative lengths: FI=107103, PIP=47733, Total=154836

[Order 4] (Time: 0.860000000 s = 860ms)
  Current order: FI=79, PIP=174, Total=253
  Current lengths: FI=2145564, PIP=1312440, Total=3458004
  Cumulative: FI=115, PIP=214, Total=329
  Cumulative lengths: FI=2252667, PIP=1360173, Total=3612840

[Order 5] (Time: 16.160000000 s = 16s 160ms)
  Current order: FI=297, PIP=794, Total=1091
  Current lengths: FI=34952715, PIP=25562355, Total=60515070
  Cumulative: FI=412, PIP=1008, Total=1420
  Cumulative lengths: FI=37205382, PIP=26922528, Total=64127910

[Order 6] (Time: 695.230000000 s = 11m 35s 230ms)
  Current order: FI=1216, PIP=3635, Total=4851
  Current lengths: FI=462701448, PIP=396612546, Total=859313994
  Cumulative: FI=1628, PIP=4643, Total=6271
  Cumulative lengths: FI=499906830, PIP=423535074, Total=923441904

======== Generation complete ===============
