=== Dictionary contents ===
{
	generation: {
		MoleculeLabel: ["A",
			"A",
			"B",
			"B",
			"B",
			"B",
			"B",
			"B",
			"B"];
		AtomLabel: ["A",
			"A",
			"B",
			"B",
			"B",
			"B",
			"B",
			"B",
			"B"];
		MoleculeOfAtom: [1, 2, 3, 4, 5, 6, 7, 8, 9];
		Order: 7;
		Bond: true;
		Angle: false;
		Dihedral: false;
		SequencePriority: true;
		UseDoubleLinearSolver: true;
	};
	PrintSetting: {
		PrintSetting: "None";
		FIfileNamePrefix: "A2B7_FI.txt";
		NonFIfileNamePrefix: "A2B7_PIP.txt";
		PIPprintSetting: "None";
	};
}
=== End of dictionary ===


================= Parameter contents ==============
=== parameter ===
outputPath: /share/Hyper/experiments/generation_benchmark/A2B7/FIgenerator/output

--- generation ---
MoleculeLabel: A A B B B B B B B 
AtomLabel: A A B B B B B B B 
MoleculeOfAtom: 1 2 3 4 5 6 7 8 9 
Order: 7
Bond: true
Angle: false
Dihedral: false
SequencePriority: true
UseDoubleLinearSolver: true

--- PrintSetting ---
PrintSetting(raw): None
PrintSetting(enum): None
FIfileNamePrefix: A2B7_FI.txt
NonFIfileNamePrefix: A2B7_PIP.txt
PIPprintSetting(raw): None
PIPprintSetting(enum): None
FIfileName_fullPath: /share/Hyper/experiments/generation_benchmark/A2B7/FIgenerator/output/A2B7_FI.txt
NonFIfileName_fullPath: /share/Hyper/experiments/generation_benchmark/A2B7/FIgenerator/output/A2B7_PIP.txt
=== end ===
==================== End of parameter ===============

================= Check result =================
=== CheckDemo ===
MoleculeAmount = 9, Mkind = 2
  M[0] kind=0 <A>  (kind count = 2)
  M[1] kind=0 <A>  (kind count = 2)
  M[2] kind=1 <B>  (kind count = 7)
  M[3] kind=1 <B>  (kind count = 7)
  M[4] kind=1 <B>  (kind count = 7)
  M[5] kind=1 <B>  (kind count = 7)
  M[6] kind=1 <B>  (kind count = 7)
  M[7] kind=1 <B>  (kind count = 7)
  M[8] kind=1 <B>  (kind count = 7)
AtomAmount = 9, Akind = 2
  A[0] kind=0 <A>  belong to M[0] <A>
  A[1] kind=0 <A>  belong to M[1] <A>
  A[2] kind=1 <B>  belong to M[2] <B>
  A[3] kind=1 <B>  belong to M[3] <B>
  A[4] kind=1 <B>  belong to M[4] <B>
  A[5] kind=1 <B>  belong to M[5] <B>
  A[6] kind=1 <B>  belong to M[6] <B>
  A[7] kind=1 <B>  belong to M[7] <B>
  A[8] kind=1 <B>  belong to M[8] <B>
MaxAtomAmount = 1
Formula [Mkind(2) x Akind(2)]:
  Kind[0]:  AKind[0]=1  AKind[1]=0
  Kind[1]:  AKind[0]=0  AKind[1]=1
Matrix [MoleculeAmount(9) x MaxAtomAmount(1)]:
  M[0] kind=0 <A> atoms=1:  A[0]<A>
  M[1] kind=0 <A> atoms=1:  A[1]<A>
  M[2] kind=1 <B> atoms=1:  A[2]<B>
  M[3] kind=1 <B> atoms=1:  A[3]<B>
  M[4] kind=1 <B> atoms=1:  A[4]<B>
  M[5] kind=1 <B> atoms=1:  A[5]<B>
  M[6] kind=1 <B> atoms=1:  A[6]<B>
  M[7] kind=1 <B> atoms=1:  A[7]<B>
  M[8] kind=1 <B> atoms=1:  A[8]<B>
MaxAtomAmount = 1
Formula [Mkind(2) x Akind(2)]:
  Kind[0]:  AKind[0]=1  AKind[1]=0
  Kind[1]:  AKind[0]=0  AKind[1]=1
Matrix [MoleculeAmount(9) x MaxAtomAmount(1)]:
  M[0] kind=0 <A> atoms=1:  A[0]<A>
  M[1] kind=0 <A> atoms=1:  A[1]<A>
  M[2] kind=1 <B> atoms=1:  A[2]<B>
  M[3] kind=1 <B> atoms=1:  A[3]<B>
  M[4] kind=1 <B> atoms=1:  A[4]<B>
  M[5] kind=1 <B> atoms=1:  A[5]<B>
  M[6] kind=1 <B> atoms=1:  A[6]<B>
  M[7] kind=1 <B> atoms=1:  A[7]<B>
  M[8] kind=1 <B> atoms=1:  A[8]<B>
=== end CheckDemo ===
=== End of check ===

======== System Generator built successfully ===============
Order = 7, AtomAmount = 9, SwapAmount = 0, PermutationAmount = 7
SwapSet[0], length = 1
	(0, 1) 
SwapSet[1], length = 1
	(2, 3) 
SwapSet[2], length = 1
	(2, 4) 
SwapSet[3], length = 1
	(2, 5) 
SwapSet[4], length = 1
	(2, 6) 
SwapSet[5], length = 1
	(2, 7) 
SwapSet[6], length = 1
	(2, 8) 
============== End of system generator demo ===============

======== Action and Representation built successfully ===============
Order=7 AtomAmount=9 UseBond=1 UseAngle=0 UseDihedral=0
BondAmount=36 AngleAmount=252 DihedralAmount=756 FeatureAmount=36 PermutationAmount=7
Global Permutation block = [RPermutation, ThetaPermutation, DihedralPermutation]
[Bond local index]
  R[0] = (0,1)
  R[1] = (0,2)
  R[2] = (0,3)
  R[3] = (0,4)
  R[4] = (0,5)
  R[5] = (0,6)
  R[6] = (0,7)
  R[7] = (0,8)
  R[8] = (1,2)
  R[9] = (1,3)
  R[10] = (1,4)
  R[11] = (1,5)
  R[12] = (1,6)
  R[13] = (1,7)
  R[14] = (1,8)
  R[15] = (2,3)
  R[16] = (2,4)
  R[17] = (2,5)
  R[18] = (2,6)
  R[19] = (2,7)
  R[20] = (2,8)
  R[21] = (3,4)
  R[22] = (3,5)
  R[23] = (3,6)
  R[24] = (3,7)
  R[25] = (3,8)
  R[26] = (4,5)
  R[27] = (4,6)
  R[28] = (4,7)
  R[29] = (4,8)
  R[30] = (5,6)
  R[31] = (5,7)
  R[32] = (5,8)
  R[33] = (6,7)
  R[34] = (6,8)
  R[35] = (7,8)
[Angle local index]
  T[0] = <0,1,2> (global=36)
  T[1] = <0,1,3> (global=37)
  T[2] = <0,1,4> (global=38)
  T[3] = <0,1,5> (global=39)
  T[4] = <0,1,6> (global=40)
  T[5] = <0,1,7> (global=41)
  T[6] = <0,1,8> (global=42)
  T[7] = <0,2,3> (global=43)
  T[8] = <0,2,4> (global=44)
  T[9] = <0,2,5> (global=45)
  T[10] = <0,2,6> (global=46)
  T[11] = <0,2,7> (global=47)
  T[12] = <0,2,8> (global=48)
  T[13] = <0,3,4> (global=49)
  T[14] = <0,3,5> (global=50)
  T[15] = <0,3,6> (global=51)
  T[16] = <0,3,7> (global=52)
  T[17] = <0,3,8> (global=53)
  T[18] = <0,4,5> (global=54)
  T[19] = <0,4,6> (global=55)
  T[20] = <0,4,7> (global=56)
  T[21] = <0,4,8> (global=57)
  T[22] = <0,5,6> (global=58)
  T[23] = <0,5,7> (global=59)
  T[24] = <0,5,8> (global=60)
  T[25] = <0,6,7> (global=61)
  T[26] = <0,6,8> (global=62)
  T[27] = <0,7,8> (global=63)
  T[28] = <1,0,2> (global=64)
  T[29] = <1,0,3> (global=65)
  T[30] = <1,0,4> (global=66)
  T[31] = <1,0,5> (global=67)
  T[32] = <1,0,6> (global=68)
  T[33] = <1,0,7> (global=69)
  T[34] = <1,0,8> (global=70)
  T[35] = <1,2,3> (global=71)
  T[36] = <1,2,4> (global=72)
  T[37] = <1,2,5> (global=73)
  T[38] = <1,2,6> (global=74)
  T[39] = <1,2,7> (global=75)
  T[40] = <1,2,8> (global=76)
  T[41] = <1,3,4> (global=77)
  T[42] = <1,3,5> (global=78)
  T[43] = <1,3,6> (global=79)
  T[44] = <1,3,7> (global=80)
  T[45] = <1,3,8> (global=81)
  T[46] = <1,4,5> (global=82)
  T[47] = <1,4,6> (global=83)
  T[48] = <1,4,7> (global=84)
  T[49] = <1,4,8> (global=85)
  T[50] = <1,5,6> (global=86)
  T[51] = <1,5,7> (global=87)
  T[52] = <1,5,8> (global=88)
  T[53] = <1,6,7> (global=89)
  T[54] = <1,6,8> (global=90)
  T[55] = <1,7,8> (global=91)
  T[56] = <2,0,1> (global=92)
  T[57] = <2,0,3> (global=93)
  T[58] = <2,0,4> (global=94)
  T[59] = <2,0,5> (global=95)
  T[60] = <2,0,6> (global=96)
  T[61] = <2,0,7> (global=97)
  T[62] = <2,0,8> (global=98)
  T[63] = <2,1,3> (global=99)
  T[64] = <2,1,4> (global=100)
  T[65] = <2,1,5> (global=101)
  T[66] = <2,1,6> (global=102)
  T[67] = <2,1,7> (global=103)
  T[68] = <2,1,8> (global=104)
  T[69] = <2,3,4> (global=105)
  T[70] = <2,3,5> (global=106)
  T[71] = <2,3,6> (global=107)
  T[72] = <2,3,7> (global=108)
  T[73] = <2,3,8> (global=109)
  T[74] = <2,4,5> (global=110)
  T[75] = <2,4,6> (global=111)
  T[76] = <2,4,7> (global=112)
  T[77] = <2,4,8> (global=113)
  T[78] = <2,5,6> (global=114)
  T[79] = <2,5,7> (global=115)
  T[80] = <2,5,8> (global=116)
  T[81] = <2,6,7> (global=117)
  T[82] = <2,6,8> (global=118)
  T[83] = <2,7,8> (global=119)
  T[84] = <3,0,1> (global=120)
  T[85] = <3,0,2> (global=121)
  T[86] = <3,0,4> (global=122)
  T[87] = <3,0,5> (global=123)
  T[88] = <3,0,6> (global=124)
  T[89] = <3,0,7> (global=125)
  T[90] = <3,0,8> (global=126)
  T[91] = <3,1,2> (global=127)
  T[92] = <3,1,4> (global=128)
  T[93] = <3,1,5> (global=129)
  T[94] = <3,1,6> (global=130)
  T[95] = <3,1,7> (global=131)
  T[96] = <3,1,8> (global=132)
  T[97] = <3,2,4> (global=133)
  T[98] = <3,2,5> (global=134)
  T[99] = <3,2,6> (global=135)
  T[100] = <3,2,7> (global=136)
  T[101] = <3,2,8> (global=137)
  T[102] = <3,4,5> (global=138)
  T[103] = <3,4,6> (global=139)
  T[104] = <3,4,7> (global=140)
  T[105] = <3,4,8> (global=141)
  T[106] = <3,5,6> (global=142)
  T[107] = <3,5,7> (global=143)
  T[108] = <3,5,8> (global=144)
  T[109] = <3,6,7> (global=145)
  T[110] = <3,6,8> (global=146)
  T[111] = <3,7,8> (global=147)
  T[112] = <4,0,1> (global=148)
  T[113] = <4,0,2> (global=149)
  T[114] = <4,0,3> (global=150)
  T[115] = <4,0,5> (global=151)
  T[116] = <4,0,6> (global=152)
  T[117] = <4,0,7> (global=153)
  T[118] = <4,0,8> (global=154)
  T[119] = <4,1,2> (global=155)
  T[120] = <4,1,3> (global=156)
  T[121] = <4,1,5> (global=157)
  T[122] = <4,1,6> (global=158)
  T[123] = <4,1,7> (global=159)
  T[124] = <4,1,8> (global=160)
  T[125] = <4,2,3> (global=161)
  T[126] = <4,2,5> (global=162)
  T[127] = <4,2,6> (global=163)
  T[128] = <4,2,7> (global=164)
  T[129] = <4,2,8> (global=165)
  T[130] = <4,3,5> (global=166)
  T[131] = <4,3,6> (global=167)
  T[132] = <4,3,7> (global=168)
  T[133] = <4,3,8> (global=169)
  T[134] = <4,5,6> (global=170)
  T[135] = <4,5,7> (global=171)
  T[136] = <4,5,8> (global=172)
  T[137] = <4,6,7> (global=173)
  T[138] = <4,6,8> (global=174)
  T[139] = <4,7,8> (global=175)
  T[140] = <5,0,1> (global=176)
  T[141] = <5,0,2> (global=177)
  T[142] = <5,0,3> (global=178)
  T[143] = <5,0,4> (global=179)
  T[144] = <5,0,6> (global=180)
  T[145] = <5,0,7> (global=181)
  T[146] = <5,0,8> (global=182)
  T[147] = <5,1,2> (global=183)
  T[148] = <5,1,3> (global=184)
  T[149] = <5,1,4> (global=185)
  T[150] = <5,1,6> (global=186)
  T[151] = <5,1,7> (global=187)
  T[152] = <5,1,8> (global=188)
  T[153] = <5,2,3> (global=189)
  T[154] = <5,2,4> (global=190)
  T[155] = <5,2,6> (global=191)
  T[156] = <5,2,7> (global=192)
  T[157] = <5,2,8> (global=193)
  T[158] = <5,3,4> (global=194)
  T[159] = <5,3,6> (global=195)
  T[160] = <5,3,7> (global=196)
  T[161] = <5,3,8> (global=197)
  T[162] = <5,4,6> (global=198)
  T[163] = <5,4,7> (global=199)
  T[164] = <5,4,8> (global=200)
  T[165] = <5,6,7> (global=201)
  T[166] = <5,6,8> (global=202)
  T[167] = <5,7,8> (global=203)
  T[168] = <6,0,1> (global=204)
  T[169] = <6,0,2> (global=205)
  T[170] = <6,0,3> (global=206)
  T[171] = <6,0,4> (global=207)
  T[172] = <6,0,5> (global=208)
  T[173] = <6,0,7> (global=209)
  T[174] = <6,0,8> (global=210)
  T[175] = <6,1,2> (global=211)
  T[176] = <6,1,3> (global=212)
  T[177] = <6,1,4> (global=213)
  T[178] = <6,1,5> (global=214)
  T[179] = <6,1,7> (global=215)
  T[180] = <6,1,8> (global=216)
  T[181] = <6,2,3> (global=217)
  T[182] = <6,2,4> (global=218)
  T[183] = <6,2,5> (global=219)
  T[184] = <6,2,7> (global=220)
  T[185] = <6,2,8> (global=221)
  T[186] = <6,3,4> (global=222)
  T[187] = <6,3,5> (global=223)
  T[188] = <6,3,7> (global=224)
  T[189] = <6,3,8> (global=225)
  T[190] = <6,4,5> (global=226)
  T[191] = <6,4,7> (global=227)
  T[192] = <6,4,8> (global=228)
  T[193] = <6,5,7> (global=229)
  T[194] = <6,5,8> (global=230)
  T[195] = <6,7,8> (global=231)
  T[196] = <7,0,1> (global=232)
  T[197] = <7,0,2> (global=233)
  T[198] = <7,0,3> (global=234)
  T[199] = <7,0,4> (global=235)
  T[200] = <7,0,5> (global=236)
  T[201] = <7,0,6> (global=237)
  T[202] = <7,0,8> (global=238)
  T[203] = <7,1,2> (global=239)
  T[204] = <7,1,3> (global=240)
  T[205] = <7,1,4> (global=241)
  T[206] = <7,1,5> (global=242)
  T[207] = <7,1,6> (global=243)
  T[208] = <7,1,8> (global=244)
  T[209] = <7,2,3> (global=245)
  T[210] = <7,2,4> (global=246)
  T[211] = <7,2,5> (global=247)
  T[212] = <7,2,6> (global=248)
  T[213] = <7,2,8> (global=249)
  T[214] = <7,3,4> (global=250)
  T[215] = <7,3,5> (global=251)
  T[216] = <7,3,6> (global=252)
  T[217] = <7,3,8> (global=253)
  T[218] = <7,4,5> (global=254)
  T[219] = <7,4,6> (global=255)
  T[220] = <7,4,8> (global=256)
  T[221] = <7,5,6> (global=257)
  T[222] = <7,5,8> (global=258)
  T[223] = <7,6,8> (global=259)
  T[224] = <8,0,1> (global=260)
  T[225] = <8,0,2> (global=261)
  T[226] = <8,0,3> (global=262)
  T[227] = <8,0,4> (global=263)
  T[228] = <8,0,5> (global=264)
  T[229] = <8,0,6> (global=265)
  T[230] = <8,0,7> (global=266)
  T[231] = <8,1,2> (global=267)
  T[232] = <8,1,3> (global=268)
  T[233] = <8,1,4> (global=269)
  T[234] = <8,1,5> (global=270)
  T[235] = <8,1,6> (global=271)
  T[236] = <8,1,7> (global=272)
  T[237] = <8,2,3> (global=273)
  T[238] = <8,2,4> (global=274)
  T[239] = <8,2,5> (global=275)
  T[240] = <8,2,6> (global=276)
  T[241] = <8,2,7> (global=277)
  T[242] = <8,3,4> (global=278)
  T[243] = <8,3,5> (global=279)
  T[244] = <8,3,6> (global=280)
  T[245] = <8,3,7> (global=281)
  T[246] = <8,4,5> (global=282)
  T[247] = <8,4,6> (global=283)
  T[248] = <8,4,7> (global=284)
  T[249] = <8,5,6> (global=285)
  T[250] = <8,5,7> (global=286)
  T[251] = <8,6,7> (global=287)
[Dihedral local index]
  D[0] = center<0,1> endpoint<2,3> (global=36)
  D[1] = center<0,1> endpoint<2,4> (global=37)
  D[2] = center<0,1> endpoint<2,5> (global=38)
  D[3] = center<0,1> endpoint<2,6> (global=39)
  D[4] = center<0,1> endpoint<2,7> (global=40)
  D[5] = center<0,1> endpoint<2,8> (global=41)
  D[6] = center<0,1> endpoint<3,4> (global=42)
  D[7] = center<0,1> endpoint<3,5> (global=43)
  D[8] = center<0,1> endpoint<3,6> (global=44)
  D[9] = center<0,1> endpoint<3,7> (global=45)
  D[10] = center<0,1> endpoint<3,8> (global=46)
  D[11] = center<0,1> endpoint<4,5> (global=47)
  D[12] = center<0,1> endpoint<4,6> (global=48)
  D[13] = center<0,1> endpoint<4,7> (global=49)
  D[14] = center<0,1> endpoint<4,8> (global=50)
  D[15] = center<0,1> endpoint<5,6> (global=51)
  D[16] = center<0,1> endpoint<5,7> (global=52)
  D[17] = center<0,1> endpoint<5,8> (global=53)
  D[18] = center<0,1> endpoint<6,7> (global=54)
  D[19] = center<0,1> endpoint<6,8> (global=55)
  D[20] = center<0,1> endpoint<7,8> (global=56)
  D[21] = center<0,2> endpoint<1,3> (global=57)
  D[22] = center<0,2> endpoint<1,4> (global=58)
  D[23] = center<0,2> endpoint<1,5> (global=59)
  D[24] = center<0,2> endpoint<1,6> (global=60)
  D[25] = center<0,2> endpoint<1,7> (global=61)
  D[26] = center<0,2> endpoint<1,8> (global=62)
  D[27] = center<0,2> endpoint<3,4> (global=63)
  D[28] = center<0,2> endpoint<3,5> (global=64)
  D[29] = center<0,2> endpoint<3,6> (global=65)
  D[30] = center<0,2> endpoint<3,7> (global=66)
  D[31] = center<0,2> endpoint<3,8> (global=67)
  D[32] = center<0,2> endpoint<4,5> (global=68)
  D[33] = center<0,2> endpoint<4,6> (global=69)
  D[34] = center<0,2> endpoint<4,7> (global=70)
  D[35] = center<0,2> endpoint<4,8> (global=71)
  D[36] = center<0,2> endpoint<5,6> (global=72)
  D[37] = center<0,2> endpoint<5,7> (global=73)
  D[38] = center<0,2> endpoint<5,8> (global=74)
  D[39] = center<0,2> endpoint<6,7> (global=75)
  D[40] = center<0,2> endpoint<6,8> (global=76)
  D[41] = center<0,2> endpoint<7,8> (global=77)
  D[42] = center<0,3> endpoint<1,2> (global=78)
  D[43] = center<0,3> endpoint<1,4> (global=79)
  D[44] = center<0,3> endpoint<1,5> (global=80)
  D[45] = center<0,3> endpoint<1,6> (global=81)
  D[46] = center<0,3> endpoint<1,7> (global=82)
  D[47] = center<0,3> endpoint<1,8> (global=83)
  D[48] = center<0,3> endpoint<2,4> (global=84)
  D[49] = center<0,3> endpoint<2,5> (global=85)
  D[50] = center<0,3> endpoint<2,6> (global=86)
  D[51] = center<0,3> endpoint<2,7> (global=87)
  D[52] = center<0,3> endpoint<2,8> (global=88)
  D[53] = center<0,3> endpoint<4,5> (global=89)
  D[54] = center<0,3> endpoint<4,6> (global=90)
  D[55] = center<0,3> endpoint<4,7> (global=91)
  D[56] = center<0,3> endpoint<4,8> (global=92)
  D[57] = center<0,3> endpoint<5,6> (global=93)
  D[58] = center<0,3> endpoint<5,7> (global=94)
  D[59] = center<0,3> endpoint<5,8> (global=95)
  D[60] = center<0,3> endpoint<6,7> (global=96)
  D[61] = center<0,3> endpoint<6,8> (global=97)
  D[62] = center<0,3> endpoint<7,8> (global=98)
  D[63] = center<0,4> endpoint<1,2> (global=99)
  D[64] = center<0,4> endpoint<1,3> (global=100)
  D[65] = center<0,4> endpoint<1,5> (global=101)
  D[66] = center<0,4> endpoint<1,6> (global=102)
  D[67] = center<0,4> endpoint<1,7> (global=103)
  D[68] = center<0,4> endpoint<1,8> (global=104)
  D[69] = center<0,4> endpoint<2,3> (global=105)
  D[70] = center<0,4> endpoint<2,5> (global=106)
  D[71] = center<0,4> endpoint<2,6> (global=107)
  D[72] = center<0,4> endpoint<2,7> (global=108)
  D[73] = center<0,4> endpoint<2,8> (global=109)
  D[74] = center<0,4> endpoint<3,5> (global=110)
  D[75] = center<0,4> endpoint<3,6> (global=111)
  D[76] = center<0,4> endpoint<3,7> (global=112)
  D[77] = center<0,4> endpoint<3,8> (global=113)
  D[78] = center<0,4> endpoint<5,6> (global=114)
  D[79] = center<0,4> endpoint<5,7> (global=115)
  D[80] = center<0,4> endpoint<5,8> (global=116)
  D[81] = center<0,4> endpoint<6,7> (global=117)
  D[82] = center<0,4> endpoint<6,8> (global=118)
  D[83] = center<0,4> endpoint<7,8> (global=119)
  D[84] = center<0,5> endpoint<1,2> (global=120)
  D[85] = center<0,5> endpoint<1,3> (global=121)
  D[86] = center<0,5> endpoint<1,4> (global=122)
  D[87] = center<0,5> endpoint<1,6> (global=123)
  D[88] = center<0,5> endpoint<1,7> (global=124)
  D[89] = center<0,5> endpoint<1,8> (global=125)
  D[90] = center<0,5> endpoint<2,3> (global=126)
  D[91] = center<0,5> endpoint<2,4> (global=127)
  D[92] = center<0,5> endpoint<2,6> (global=128)
  D[93] = center<0,5> endpoint<2,7> (global=129)
  D[94] = center<0,5> endpoint<2,8> (global=130)
  D[95] = center<0,5> endpoint<3,4> (global=131)
  D[96] = center<0,5> endpoint<3,6> (global=132)
  D[97] = center<0,5> endpoint<3,7> (global=133)
  D[98] = center<0,5> endpoint<3,8> (global=134)
  D[99] = center<0,5> endpoint<4,6> (global=135)
  D[100] = center<0,5> endpoint<4,7> (global=136)
  D[101] = center<0,5> endpoint<4,8> (global=137)
  D[102] = center<0,5> endpoint<6,7> (global=138)
  D[103] = center<0,5> endpoint<6,8> (global=139)
  D[104] = center<0,5> endpoint<7,8> (global=140)
  D[105] = center<0,6> endpoint<1,2> (global=141)
  D[106] = center<0,6> endpoint<1,3> (global=142)
  D[107] = center<0,6> endpoint<1,4> (global=143)
  D[108] = center<0,6> endpoint<1,5> (global=144)
  D[109] = center<0,6> endpoint<1,7> (global=145)
  D[110] = center<0,6> endpoint<1,8> (global=146)
  D[111] = center<0,6> endpoint<2,3> (global=147)
  D[112] = center<0,6> endpoint<2,4> (global=148)
  D[113] = center<0,6> endpoint<2,5> (global=149)
  D[114] = center<0,6> endpoint<2,7> (global=150)
  D[115] = center<0,6> endpoint<2,8> (global=151)
  D[116] = center<0,6> endpoint<3,4> (global=152)
  D[117] = center<0,6> endpoint<3,5> (global=153)
  D[118] = center<0,6> endpoint<3,7> (global=154)
  D[119] = center<0,6> endpoint<3,8> (global=155)
  D[120] = center<0,6> endpoint<4,5> (global=156)
  D[121] = center<0,6> endpoint<4,7> (global=157)
  D[122] = center<0,6> endpoint<4,8> (global=158)
  D[123] = center<0,6> endpoint<5,7> (global=159)
  D[124] = center<0,6> endpoint<5,8> (global=160)
  D[125] = center<0,6> endpoint<7,8> (global=161)
  D[126] = center<0,7> endpoint<1,2> (global=162)
  D[127] = center<0,7> endpoint<1,3> (global=163)
  D[128] = center<0,7> endpoint<1,4> (global=164)
  D[129] = center<0,7> endpoint<1,5> (global=165)
  D[130] = center<0,7> endpoint<1,6> (global=166)
  D[131] = center<0,7> endpoint<1,8> (global=167)
  D[132] = center<0,7> endpoint<2,3> (global=168)
  D[133] = center<0,7> endpoint<2,4> (global=169)
  D[134] = center<0,7> endpoint<2,5> (global=170)
  D[135] = center<0,7> endpoint<2,6> (global=171)
  D[136] = center<0,7> endpoint<2,8> (global=172)
  D[137] = center<0,7> endpoint<3,4> (global=173)
  D[138] = center<0,7> endpoint<3,5> (global=174)
  D[139] = center<0,7> endpoint<3,6> (global=175)
  D[140] = center<0,7> endpoint<3,8> (global=176)
  D[141] = center<0,7> endpoint<4,5> (global=177)
  D[142] = center<0,7> endpoint<4,6> (global=178)
  D[143] = center<0,7> endpoint<4,8> (global=179)
  D[144] = center<0,7> endpoint<5,6> (global=180)
  D[145] = center<0,7> endpoint<5,8> (global=181)
  D[146] = center<0,7> endpoint<6,8> (global=182)
  D[147] = center<0,8> endpoint<1,2> (global=183)
  D[148] = center<0,8> endpoint<1,3> (global=184)
  D[149] = center<0,8> endpoint<1,4> (global=185)
  D[150] = center<0,8> endpoint<1,5> (global=186)
  D[151] = center<0,8> endpoint<1,6> (global=187)
  D[152] = center<0,8> endpoint<1,7> (global=188)
  D[153] = center<0,8> endpoint<2,3> (global=189)
  D[154] = center<0,8> endpoint<2,4> (global=190)
  D[155] = center<0,8> endpoint<2,5> (global=191)
  D[156] = center<0,8> endpoint<2,6> (global=192)
  D[157] = center<0,8> endpoint<2,7> (global=193)
  D[158] = center<0,8> endpoint<3,4> (global=194)
  D[159] = center<0,8> endpoint<3,5> (global=195)
  D[160] = center<0,8> endpoint<3,6> (global=196)
  D[161] = center<0,8> endpoint<3,7> (global=197)
  D[162] = center<0,8> endpoint<4,5> (global=198)
  D[163] = center<0,8> endpoint<4,6> (global=199)
  D[164] = center<0,8> endpoint<4,7> (global=200)
  D[165] = center<0,8> endpoint<5,6> (global=201)
  D[166] = center<0,8> endpoint<5,7> (global=202)
  D[167] = center<0,8> endpoint<6,7> (global=203)
  D[168] = center<1,2> endpoint<0,3> (global=204)
  D[169] = center<1,2> endpoint<0,4> (global=205)
  D[170] = center<1,2> endpoint<0,5> (global=206)
  D[171] = center<1,2> endpoint<0,6> (global=207)
  D[172] = center<1,2> endpoint<0,7> (global=208)
  D[173] = center<1,2> endpoint<0,8> (global=209)
  D[174] = center<1,2> endpoint<3,4> (global=210)
  D[175] = center<1,2> endpoint<3,5> (global=211)
  D[176] = center<1,2> endpoint<3,6> (global=212)
  D[177] = center<1,2> endpoint<3,7> (global=213)
  D[178] = center<1,2> endpoint<3,8> (global=214)
  D[179] = center<1,2> endpoint<4,5> (global=215)
  D[180] = center<1,2> endpoint<4,6> (global=216)
  D[181] = center<1,2> endpoint<4,7> (global=217)
  D[182] = center<1,2> endpoint<4,8> (global=218)
  D[183] = center<1,2> endpoint<5,6> (global=219)
  D[184] = center<1,2> endpoint<5,7> (global=220)
  D[185] = center<1,2> endpoint<5,8> (global=221)
  D[186] = center<1,2> endpoint<6,7> (global=222)
  D[187] = center<1,2> endpoint<6,8> (global=223)
  D[188] = center<1,2> endpoint<7,8> (global=224)
  D[189] = center<1,3> endpoint<0,2> (global=225)
  D[190] = center<1,3> endpoint<0,4> (global=226)
  D[191] = center<1,3> endpoint<0,5> (global=227)
  D[192] = center<1,3> endpoint<0,6> (global=228)
  D[193] = center<1,3> endpoint<0,7> (global=229)
  D[194] = center<1,3> endpoint<0,8> (global=230)
  D[195] = center<1,3> endpoint<2,4> (global=231)
  D[196] = center<1,3> endpoint<2,5> (global=232)
  D[197] = center<1,3> endpoint<2,6> (global=233)
  D[198] = center<1,3> endpoint<2,7> (global=234)
  D[199] = center<1,3> endpoint<2,8> (global=235)
  D[200] = center<1,3> endpoint<4,5> (global=236)
  D[201] = center<1,3> endpoint<4,6> (global=237)
  D[202] = center<1,3> endpoint<4,7> (global=238)
  D[203] = center<1,3> endpoint<4,8> (global=239)
  D[204] = center<1,3> endpoint<5,6> (global=240)
  D[205] = center<1,3> endpoint<5,7> (global=241)
  D[206] = center<1,3> endpoint<5,8> (global=242)
  D[207] = center<1,3> endpoint<6,7> (global=243)
  D[208] = center<1,3> endpoint<6,8> (global=244)
  D[209] = center<1,3> endpoint<7,8> (global=245)
  D[210] = center<1,4> endpoint<0,2> (global=246)
  D[211] = center<1,4> endpoint<0,3> (global=247)
  D[212] = center<1,4> endpoint<0,5> (global=248)
  D[213] = center<1,4> endpoint<0,6> (global=249)
  D[214] = center<1,4> endpoint<0,7> (global=250)
  D[215] = center<1,4> endpoint<0,8> (global=251)
  D[216] = center<1,4> endpoint<2,3> (global=252)
  D[217] = center<1,4> endpoint<2,5> (global=253)
  D[218] = center<1,4> endpoint<2,6> (global=254)
  D[219] = center<1,4> endpoint<2,7> (global=255)
  D[220] = center<1,4> endpoint<2,8> (global=256)
  D[221] = center<1,4> endpoint<3,5> (global=257)
  D[222] = center<1,4> endpoint<3,6> (global=258)
  D[223] = center<1,4> endpoint<3,7> (global=259)
  D[224] = center<1,4> endpoint<3,8> (global=260)
  D[225] = center<1,4> endpoint<5,6> (global=261)
  D[226] = center<1,4> endpoint<5,7> (global=262)
  D[227] = center<1,4> endpoint<5,8> (global=263)
  D[228] = center<1,4> endpoint<6,7> (global=264)
  D[229] = center<1,4> endpoint<6,8> (global=265)
  D[230] = center<1,4> endpoint<7,8> (global=266)
  D[231] = center<1,5> endpoint<0,2> (global=267)
  D[232] = center<1,5> endpoint<0,3> (global=268)
  D[233] = center<1,5> endpoint<0,4> (global=269)
  D[234] = center<1,5> endpoint<0,6> (global=270)
  D[235] = center<1,5> endpoint<0,7> (global=271)
  D[236] = center<1,5> endpoint<0,8> (global=272)
  D[237] = center<1,5> endpoint<2,3> (global=273)
  D[238] = center<1,5> endpoint<2,4> (global=274)
  D[239] = center<1,5> endpoint<2,6> (global=275)
  D[240] = center<1,5> endpoint<2,7> (global=276)
  D[241] = center<1,5> endpoint<2,8> (global=277)
  D[242] = center<1,5> endpoint<3,4> (global=278)
  D[243] = center<1,5> endpoint<3,6> (global=279)
  D[244] = center<1,5> endpoint<3,7> (global=280)
  D[245] = center<1,5> endpoint<3,8> (global=281)
  D[246] = center<1,5> endpoint<4,6> (global=282)
  D[247] = center<1,5> endpoint<4,7> (global=283)
  D[248] = center<1,5> endpoint<4,8> (global=284)
  D[249] = center<1,5> endpoint<6,7> (global=285)
  D[250] = center<1,5> endpoint<6,8> (global=286)
  D[251] = center<1,5> endpoint<7,8> (global=287)
  D[252] = center<1,6> endpoint<0,2> (global=288)
  D[253] = center<1,6> endpoint<0,3> (global=289)
  D[254] = center<1,6> endpoint<0,4> (global=290)
  D[255] = center<1,6> endpoint<0,5> (global=291)
  D[256] = center<1,6> endpoint<0,7> (global=292)
  D[257] = center<1,6> endpoint<0,8> (global=293)
  D[258] = center<1,6> endpoint<2,3> (global=294)
  D[259] = center<1,6> endpoint<2,4> (global=295)
  D[260] = center<1,6> endpoint<2,5> (global=296)
  D[261] = center<1,6> endpoint<2,7> (global=297)
  D[262] = center<1,6> endpoint<2,8> (global=298)
  D[263] = center<1,6> endpoint<3,4> (global=299)
  D[264] = center<1,6> endpoint<3,5> (global=300)
  D[265] = center<1,6> endpoint<3,7> (global=301)
  D[266] = center<1,6> endpoint<3,8> (global=302)
  D[267] = center<1,6> endpoint<4,5> (global=303)
  D[268] = center<1,6> endpoint<4,7> (global=304)
  D[269] = center<1,6> endpoint<4,8> (global=305)
  D[270] = center<1,6> endpoint<5,7> (global=306)
  D[271] = center<1,6> endpoint<5,8> (global=307)
  D[272] = center<1,6> endpoint<7,8> (global=308)
  D[273] = center<1,7> endpoint<0,2> (global=309)
  D[274] = center<1,7> endpoint<0,3> (global=310)
  D[275] = center<1,7> endpoint<0,4> (global=311)
  D[276] = center<1,7> endpoint<0,5> (global=312)
  D[277] = center<1,7> endpoint<0,6> (global=313)
  D[278] = center<1,7> endpoint<0,8> (global=314)
  D[279] = center<1,7> endpoint<2,3> (global=315)
  D[280] = center<1,7> endpoint<2,4> (global=316)
  D[281] = center<1,7> endpoint<2,5> (global=317)
  D[282] = center<1,7> endpoint<2,6> (global=318)
  D[283] = center<1,7> endpoint<2,8> (global=319)
  D[284] = center<1,7> endpoint<3,4> (global=320)
  D[285] = center<1,7> endpoint<3,5> (global=321)
  D[286] = center<1,7> endpoint<3,6> (global=322)
  D[287] = center<1,7> endpoint<3,8> (global=323)
  D[288] = center<1,7> endpoint<4,5> (global=324)
  D[289] = center<1,7> endpoint<4,6> (global=325)
  D[290] = center<1,7> endpoint<4,8> (global=326)
  D[291] = center<1,7> endpoint<5,6> (global=327)
  D[292] = center<1,7> endpoint<5,8> (global=328)
  D[293] = center<1,7> endpoint<6,8> (global=329)
  D[294] = center<1,8> endpoint<0,2> (global=330)
  D[295] = center<1,8> endpoint<0,3> (global=331)
  D[296] = center<1,8> endpoint<0,4> (global=332)
  D[297] = center<1,8> endpoint<0,5> (global=333)
  D[298] = center<1,8> endpoint<0,6> (global=334)
  D[299] = center<1,8> endpoint<0,7> (global=335)
  D[300] = center<1,8> endpoint<2,3> (global=336)
  D[301] = center<1,8> endpoint<2,4> (global=337)
  D[302] = center<1,8> endpoint<2,5> (global=338)
  D[303] = center<1,8> endpoint<2,6> (global=339)
  D[304] = center<1,8> endpoint<2,7> (global=340)
  D[305] = center<1,8> endpoint<3,4> (global=341)
  D[306] = center<1,8> endpoint<3,5> (global=342)
  D[307] = center<1,8> endpoint<3,6> (global=343)
  D[308] = center<1,8> endpoint<3,7> (global=344)
  D[309] = center<1,8> endpoint<4,5> (global=345)
  D[310] = center<1,8> endpoint<4,6> (global=346)
  D[311] = center<1,8> endpoint<4,7> (global=347)
  D[312] = center<1,8> endpoint<5,6> (global=348)
  D[313] = center<1,8> endpoint<5,7> (global=349)
  D[314] = center<1,8> endpoint<6,7> (global=350)
  D[315] = center<2,3> endpoint<0,1> (global=351)
  D[316] = center<2,3> endpoint<0,4> (global=352)
  D[317] = center<2,3> endpoint<0,5> (global=353)
  D[318] = center<2,3> endpoint<0,6> (global=354)
  D[319] = center<2,3> endpoint<0,7> (global=355)
  D[320] = center<2,3> endpoint<0,8> (global=356)
  D[321] = center<2,3> endpoint<1,4> (global=357)
  D[322] = center<2,3> endpoint<1,5> (global=358)
  D[323] = center<2,3> endpoint<1,6> (global=359)
  D[324] = center<2,3> endpoint<1,7> (global=360)
  D[325] = center<2,3> endpoint<1,8> (global=361)
  D[326] = center<2,3> endpoint<4,5> (global=362)
  D[327] = center<2,3> endpoint<4,6> (global=363)
  D[328] = center<2,3> endpoint<4,7> (global=364)
  D[329] = center<2,3> endpoint<4,8> (global=365)
  D[330] = center<2,3> endpoint<5,6> (global=366)
  D[331] = center<2,3> endpoint<5,7> (global=367)
  D[332] = center<2,3> endpoint<5,8> (global=368)
  D[333] = center<2,3> endpoint<6,7> (global=369)
  D[334] = center<2,3> endpoint<6,8> (global=370)
  D[335] = center<2,3> endpoint<7,8> (global=371)
  D[336] = center<2,4> endpoint<0,1> (global=372)
  D[337] = center<2,4> endpoint<0,3> (global=373)
  D[338] = center<2,4> endpoint<0,5> (global=374)
  D[339] = center<2,4> endpoint<0,6> (global=375)
  D[340] = center<2,4> endpoint<0,7> (global=376)
  D[341] = center<2,4> endpoint<0,8> (global=377)
  D[342] = center<2,4> endpoint<1,3> (global=378)
  D[343] = center<2,4> endpoint<1,5> (global=379)
  D[344] = center<2,4> endpoint<1,6> (global=380)
  D[345] = center<2,4> endpoint<1,7> (global=381)
  D[346] = center<2,4> endpoint<1,8> (global=382)
  D[347] = center<2,4> endpoint<3,5> (global=383)
  D[348] = center<2,4> endpoint<3,6> (global=384)
  D[349] = center<2,4> endpoint<3,7> (global=385)
  D[350] = center<2,4> endpoint<3,8> (global=386)
  D[351] = center<2,4> endpoint<5,6> (global=387)
  D[352] = center<2,4> endpoint<5,7> (global=388)
  D[353] = center<2,4> endpoint<5,8> (global=389)
  D[354] = center<2,4> endpoint<6,7> (global=390)
  D[355] = center<2,4> endpoint<6,8> (global=391)
  D[356] = center<2,4> endpoint<7,8> (global=392)
  D[357] = center<2,5> endpoint<0,1> (global=393)
  D[358] = center<2,5> endpoint<0,3> (global=394)
  D[359] = center<2,5> endpoint<0,4> (global=395)
  D[360] = center<2,5> endpoint<0,6> (global=396)
  D[361] = center<2,5> endpoint<0,7> (global=397)
  D[362] = center<2,5> endpoint<0,8> (global=398)
  D[363] = center<2,5> endpoint<1,3> (global=399)
  D[364] = center<2,5> endpoint<1,4> (global=400)
  D[365] = center<2,5> endpoint<1,6> (global=401)
  D[366] = center<2,5> endpoint<1,7> (global=402)
  D[367] = center<2,5> endpoint<1,8> (global=403)
  D[368] = center<2,5> endpoint<3,4> (global=404)
  D[369] = center<2,5> endpoint<3,6> (global=405)
  D[370] = center<2,5> endpoint<3,7> (global=406)
  D[371] = center<2,5> endpoint<3,8> (global=407)
  D[372] = center<2,5> endpoint<4,6> (global=408)
  D[373] = center<2,5> endpoint<4,7> (global=409)
  D[374] = center<2,5> endpoint<4,8> (global=410)
  D[375] = center<2,5> endpoint<6,7> (global=411)
  D[376] = center<2,5> endpoint<6,8> (global=412)
  D[377] = center<2,5> endpoint<7,8> (global=413)
  D[378] = center<2,6> endpoint<0,1> (global=414)
  D[379] = center<2,6> endpoint<0,3> (global=415)
  D[380] = center<2,6> endpoint<0,4> (global=416)
  D[381] = center<2,6> endpoint<0,5> (global=417)
  D[382] = center<2,6> endpoint<0,7> (global=418)
  D[383] = center<2,6> endpoint<0,8> (global=419)
  D[384] = center<2,6> endpoint<1,3> (global=420)
  D[385] = center<2,6> endpoint<1,4> (global=421)
  D[386] = center<2,6> endpoint<1,5> (global=422)
  D[387] = center<2,6> endpoint<1,7> (global=423)
  D[388] = center<2,6> endpoint<1,8> (global=424)
  D[389] = center<2,6> endpoint<3,4> (global=425)
  D[390] = center<2,6> endpoint<3,5> (global=426)
  D[391] = center<2,6> endpoint<3,7> (global=427)
  D[392] = center<2,6> endpoint<3,8> (global=428)
  D[393] = center<2,6> endpoint<4,5> (global=429)
  D[394] = center<2,6> endpoint<4,7> (global=430)
  D[395] = center<2,6> endpoint<4,8> (global=431)
  D[396] = center<2,6> endpoint<5,7> (global=432)
  D[397] = center<2,6> endpoint<5,8> (global=433)
  D[398] = center<2,6> endpoint<7,8> (global=434)
  D[399] = center<2,7> endpoint<0,1> (global=435)
  D[400] = center<2,7> endpoint<0,3> (global=436)
  D[401] = center<2,7> endpoint<0,4> (global=437)
  D[402] = center<2,7> endpoint<0,5> (global=438)
  D[403] = center<2,7> endpoint<0,6> (global=439)
  D[404] = center<2,7> endpoint<0,8> (global=440)
  D[405] = center<2,7> endpoint<1,3> (global=441)
  D[406] = center<2,7> endpoint<1,4> (global=442)
  D[407] = center<2,7> endpoint<1,5> (global=443)
  D[408] = center<2,7> endpoint<1,6> (global=444)
  D[409] = center<2,7> endpoint<1,8> (global=445)
  D[410] = center<2,7> endpoint<3,4> (global=446)
  D[411] = center<2,7> endpoint<3,5> (global=447)
  D[412] = center<2,7> endpoint<3,6> (global=448)
  D[413] = center<2,7> endpoint<3,8> (global=449)
  D[414] = center<2,7> endpoint<4,5> (global=450)
  D[415] = center<2,7> endpoint<4,6> (global=451)
  D[416] = center<2,7> endpoint<4,8> (global=452)
  D[417] = center<2,7> endpoint<5,6> (global=453)
  D[418] = center<2,7> endpoint<5,8> (global=454)
  D[419] = center<2,7> endpoint<6,8> (global=455)
  D[420] = center<2,8> endpoint<0,1> (global=456)
  D[421] = center<2,8> endpoint<0,3> (global=457)
  D[422] = center<2,8> endpoint<0,4> (global=458)
  D[423] = center<2,8> endpoint<0,5> (global=459)
  D[424] = center<2,8> endpoint<0,6> (global=460)
  D[425] = center<2,8> endpoint<0,7> (global=461)
  D[426] = center<2,8> endpoint<1,3> (global=462)
  D[427] = center<2,8> endpoint<1,4> (global=463)
  D[428] = center<2,8> endpoint<1,5> (global=464)
  D[429] = center<2,8> endpoint<1,6> (global=465)
  D[430] = center<2,8> endpoint<1,7> (global=466)
  D[431] = center<2,8> endpoint<3,4> (global=467)
  D[432] = center<2,8> endpoint<3,5> (global=468)
  D[433] = center<2,8> endpoint<3,6> (global=469)
  D[434] = center<2,8> endpoint<3,7> (global=470)
  D[435] = center<2,8> endpoint<4,5> (global=471)
  D[436] = center<2,8> endpoint<4,6> (global=472)
  D[437] = center<2,8> endpoint<4,7> (global=473)
  D[438] = center<2,8> endpoint<5,6> (global=474)
  D[439] = center<2,8> endpoint<5,7> (global=475)
  D[440] = center<2,8> endpoint<6,7> (global=476)
  D[441] = center<3,4> endpoint<0,1> (global=477)
  D[442] = center<3,4> endpoint<0,2> (global=478)
  D[443] = center<3,4> endpoint<0,5> (global=479)
  D[444] = center<3,4> endpoint<0,6> (global=480)
  D[445] = center<3,4> endpoint<0,7> (global=481)
  D[446] = center<3,4> endpoint<0,8> (global=482)
  D[447] = center<3,4> endpoint<1,2> (global=483)
  D[448] = center<3,4> endpoint<1,5> (global=484)
  D[449] = center<3,4> endpoint<1,6> (global=485)
  D[450] = center<3,4> endpoint<1,7> (global=486)
  D[451] = center<3,4> endpoint<1,8> (global=487)
  D[452] = center<3,4> endpoint<2,5> (global=488)
  D[453] = center<3,4> endpoint<2,6> (global=489)
  D[454] = center<3,4> endpoint<2,7> (global=490)
  D[455] = center<3,4> endpoint<2,8> (global=491)
  D[456] = center<3,4> endpoint<5,6> (global=492)
  D[457] = center<3,4> endpoint<5,7> (global=493)
  D[458] = center<3,4> endpoint<5,8> (global=494)
  D[459] = center<3,4> endpoint<6,7> (global=495)
  D[460] = center<3,4> endpoint<6,8> (global=496)
  D[461] = center<3,4> endpoint<7,8> (global=497)
  D[462] = center<3,5> endpoint<0,1> (global=498)
  D[463] = center<3,5> endpoint<0,2> (global=499)
  D[464] = center<3,5> endpoint<0,4> (global=500)
  D[465] = center<3,5> endpoint<0,6> (global=501)
  D[466] = center<3,5> endpoint<0,7> (global=502)
  D[467] = center<3,5> endpoint<0,8> (global=503)
  D[468] = center<3,5> endpoint<1,2> (global=504)
  D[469] = center<3,5> endpoint<1,4> (global=505)
  D[470] = center<3,5> endpoint<1,6> (global=506)
  D[471] = center<3,5> endpoint<1,7> (global=507)
  D[472] = center<3,5> endpoint<1,8> (global=508)
  D[473] = center<3,5> endpoint<2,4> (global=509)
  D[474] = center<3,5> endpoint<2,6> (global=510)
  D[475] = center<3,5> endpoint<2,7> (global=511)
  D[476] = center<3,5> endpoint<2,8> (global=512)
  D[477] = center<3,5> endpoint<4,6> (global=513)
  D[478] = center<3,5> endpoint<4,7> (global=514)
  D[479] = center<3,5> endpoint<4,8> (global=515)
  D[480] = center<3,5> endpoint<6,7> (global=516)
  D[481] = center<3,5> endpoint<6,8> (global=517)
  D[482] = center<3,5> endpoint<7,8> (global=518)
  D[483] = center<3,6> endpoint<0,1> (global=519)
  D[484] = center<3,6> endpoint<0,2> (global=520)
  D[485] = center<3,6> endpoint<0,4> (global=521)
  D[486] = center<3,6> endpoint<0,5> (global=522)
  D[487] = center<3,6> endpoint<0,7> (global=523)
  D[488] = center<3,6> endpoint<0,8> (global=524)
  D[489] = center<3,6> endpoint<1,2> (global=525)
  D[490] = center<3,6> endpoint<1,4> (global=526)
  D[491] = center<3,6> endpoint<1,5> (global=527)
  D[492] = center<3,6> endpoint<1,7> (global=528)
  D[493] = center<3,6> endpoint<1,8> (global=529)
  D[494] = center<3,6> endpoint<2,4> (global=530)
  D[495] = center<3,6> endpoint<2,5> (global=531)
  D[496] = center<3,6> endpoint<2,7> (global=532)
  D[497] = center<3,6> endpoint<2,8> (global=533)
  D[498] = center<3,6> endpoint<4,5> (global=534)
  D[499] = center<3,6> endpoint<4,7> (global=535)
  D[500] = center<3,6> endpoint<4,8> (global=536)
  D[501] = center<3,6> endpoint<5,7> (global=537)
  D[502] = center<3,6> endpoint<5,8> (global=538)
  D[503] = center<3,6> endpoint<7,8> (global=539)
  D[504] = center<3,7> endpoint<0,1> (global=540)
  D[505] = center<3,7> endpoint<0,2> (global=541)
  D[506] = center<3,7> endpoint<0,4> (global=542)
  D[507] = center<3,7> endpoint<0,5> (global=543)
  D[508] = center<3,7> endpoint<0,6> (global=544)
  D[509] = center<3,7> endpoint<0,8> (global=545)
  D[510] = center<3,7> endpoint<1,2> (global=546)
  D[511] = center<3,7> endpoint<1,4> (global=547)
  D[512] = center<3,7> endpoint<1,5> (global=548)
  D[513] = center<3,7> endpoint<1,6> (global=549)
  D[514] = center<3,7> endpoint<1,8> (global=550)
  D[515] = center<3,7> endpoint<2,4> (global=551)
  D[516] = center<3,7> endpoint<2,5> (global=552)
  D[517] = center<3,7> endpoint<2,6> (global=553)
  D[518] = center<3,7> endpoint<2,8> (global=554)
  D[519] = center<3,7> endpoint<4,5> (global=555)
  D[520] = center<3,7> endpoint<4,6> (global=556)
  D[521] = center<3,7> endpoint<4,8> (global=557)
  D[522] = center<3,7> endpoint<5,6> (global=558)
  D[523] = center<3,7> endpoint<5,8> (global=559)
  D[524] = center<3,7> endpoint<6,8> (global=560)
  D[525] = center<3,8> endpoint<0,1> (global=561)
  D[526] = center<3,8> endpoint<0,2> (global=562)
  D[527] = center<3,8> endpoint<0,4> (global=563)
  D[528] = center<3,8> endpoint<0,5> (global=564)
  D[529] = center<3,8> endpoint<0,6> (global=565)
  D[530] = center<3,8> endpoint<0,7> (global=566)
  D[531] = center<3,8> endpoint<1,2> (global=567)
  D[532] = center<3,8> endpoint<1,4> (global=568)
  D[533] = center<3,8> endpoint<1,5> (global=569)
  D[534] = center<3,8> endpoint<1,6> (global=570)
  D[535] = center<3,8> endpoint<1,7> (global=571)
  D[536] = center<3,8> endpoint<2,4> (global=572)
  D[537] = center<3,8> endpoint<2,5> (global=573)
  D[538] = center<3,8> endpoint<2,6> (global=574)
  D[539] = center<3,8> endpoint<2,7> (global=575)
  D[540] = center<3,8> endpoint<4,5> (global=576)
  D[541] = center<3,8> endpoint<4,6> (global=577)
  D[542] = center<3,8> endpoint<4,7> (global=578)
  D[543] = center<3,8> endpoint<5,6> (global=579)
  D[544] = center<3,8> endpoint<5,7> (global=580)
  D[545] = center<3,8> endpoint<6,7> (global=581)
  D[546] = center<4,5> endpoint<0,1> (global=582)
  D[547] = center<4,5> endpoint<0,2> (global=583)
  D[548] = center<4,5> endpoint<0,3> (global=584)
  D[549] = center<4,5> endpoint<0,6> (global=585)
  D[550] = center<4,5> endpoint<0,7> (global=586)
  D[551] = center<4,5> endpoint<0,8> (global=587)
  D[552] = center<4,5> endpoint<1,2> (global=588)
  D[553] = center<4,5> endpoint<1,3> (global=589)
  D[554] = center<4,5> endpoint<1,6> (global=590)
  D[555] = center<4,5> endpoint<1,7> (global=591)
  D[556] = center<4,5> endpoint<1,8> (global=592)
  D[557] = center<4,5> endpoint<2,3> (global=593)
  D[558] = center<4,5> endpoint<2,6> (global=594)
  D[559] = center<4,5> endpoint<2,7> (global=595)
  D[560] = center<4,5> endpoint<2,8> (global=596)
  D[561] = center<4,5> endpoint<3,6> (global=597)
  D[562] = center<4,5> endpoint<3,7> (global=598)
  D[563] = center<4,5> endpoint<3,8> (global=599)
  D[564] = center<4,5> endpoint<6,7> (global=600)
  D[565] = center<4,5> endpoint<6,8> (global=601)
  D[566] = center<4,5> endpoint<7,8> (global=602)
  D[567] = center<4,6> endpoint<0,1> (global=603)
  D[568] = center<4,6> endpoint<0,2> (global=604)
  D[569] = center<4,6> endpoint<0,3> (global=605)
  D[570] = center<4,6> endpoint<0,5> (global=606)
  D[571] = center<4,6> endpoint<0,7> (global=607)
  D[572] = center<4,6> endpoint<0,8> (global=608)
  D[573] = center<4,6> endpoint<1,2> (global=609)
  D[574] = center<4,6> endpoint<1,3> (global=610)
  D[575] = center<4,6> endpoint<1,5> (global=611)
  D[576] = center<4,6> endpoint<1,7> (global=612)
  D[577] = center<4,6> endpoint<1,8> (global=613)
  D[578] = center<4,6> endpoint<2,3> (global=614)
  D[579] = center<4,6> endpoint<2,5> (global=615)
  D[580] = center<4,6> endpoint<2,7> (global=616)
  D[581] = center<4,6> endpoint<2,8> (global=617)
  D[582] = center<4,6> endpoint<3,5> (global=618)
  D[583] = center<4,6> endpoint<3,7> (global=619)
  D[584] = center<4,6> endpoint<3,8> (global=620)
  D[585] = center<4,6> endpoint<5,7> (global=621)
  D[586] = center<4,6> endpoint<5,8> (global=622)
  D[587] = center<4,6> endpoint<7,8> (global=623)
  D[588] = center<4,7> endpoint<0,1> (global=624)
  D[589] = center<4,7> endpoint<0,2> (global=625)
  D[590] = center<4,7> endpoint<0,3> (global=626)
  D[591] = center<4,7> endpoint<0,5> (global=627)
  D[592] = center<4,7> endpoint<0,6> (global=628)
  D[593] = center<4,7> endpoint<0,8> (global=629)
  D[594] = center<4,7> endpoint<1,2> (global=630)
  D[595] = center<4,7> endpoint<1,3> (global=631)
  D[596] = center<4,7> endpoint<1,5> (global=632)
  D[597] = center<4,7> endpoint<1,6> (global=633)
  D[598] = center<4,7> endpoint<1,8> (global=634)
  D[599] = center<4,7> endpoint<2,3> (global=635)
  D[600] = center<4,7> endpoint<2,5> (global=636)
  D[601] = center<4,7> endpoint<2,6> (global=637)
  D[602] = center<4,7> endpoint<2,8> (global=638)
  D[603] = center<4,7> endpoint<3,5> (global=639)
  D[604] = center<4,7> endpoint<3,6> (global=640)
  D[605] = center<4,7> endpoint<3,8> (global=641)
  D[606] = center<4,7> endpoint<5,6> (global=642)
  D[607] = center<4,7> endpoint<5,8> (global=643)
  D[608] = center<4,7> endpoint<6,8> (global=644)
  D[609] = center<4,8> endpoint<0,1> (global=645)
  D[610] = center<4,8> endpoint<0,2> (global=646)
  D[611] = center<4,8> endpoint<0,3> (global=647)
  D[612] = center<4,8> endpoint<0,5> (global=648)
  D[613] = center<4,8> endpoint<0,6> (global=649)
  D[614] = center<4,8> endpoint<0,7> (global=650)
  D[615] = center<4,8> endpoint<1,2> (global=651)
  D[616] = center<4,8> endpoint<1,3> (global=652)
  D[617] = center<4,8> endpoint<1,5> (global=653)
  D[618] = center<4,8> endpoint<1,6> (global=654)
  D[619] = center<4,8> endpoint<1,7> (global=655)
  D[620] = center<4,8> endpoint<2,3> (global=656)
  D[621] = center<4,8> endpoint<2,5> (global=657)
  D[622] = center<4,8> endpoint<2,6> (global=658)
  D[623] = center<4,8> endpoint<2,7> (global=659)
  D[624] = center<4,8> endpoint<3,5> (global=660)
  D[625] = center<4,8> endpoint<3,6> (global=661)
  D[626] = center<4,8> endpoint<3,7> (global=662)
  D[627] = center<4,8> endpoint<5,6> (global=663)
  D[628] = center<4,8> endpoint<5,7> (global=664)
  D[629] = center<4,8> endpoint<6,7> (global=665)
  D[630] = center<5,6> endpoint<0,1> (global=666)
  D[631] = center<5,6> endpoint<0,2> (global=667)
  D[632] = center<5,6> endpoint<0,3> (global=668)
  D[633] = center<5,6> endpoint<0,4> (global=669)
  D[634] = center<5,6> endpoint<0,7> (global=670)
  D[635] = center<5,6> endpoint<0,8> (global=671)
  D[636] = center<5,6> endpoint<1,2> (global=672)
  D[637] = center<5,6> endpoint<1,3> (global=673)
  D[638] = center<5,6> endpoint<1,4> (global=674)
  D[639] = center<5,6> endpoint<1,7> (global=675)
  D[640] = center<5,6> endpoint<1,8> (global=676)
  D[641] = center<5,6> endpoint<2,3> (global=677)
  D[642] = center<5,6> endpoint<2,4> (global=678)
  D[643] = center<5,6> endpoint<2,7> (global=679)
  D[644] = center<5,6> endpoint<2,8> (global=680)
  D[645] = center<5,6> endpoint<3,4> (global=681)
  D[646] = center<5,6> endpoint<3,7> (global=682)
  D[647] = center<5,6> endpoint<3,8> (global=683)
  D[648] = center<5,6> endpoint<4,7> (global=684)
  D[649] = center<5,6> endpoint<4,8> (global=685)
  D[650] = center<5,6> endpoint<7,8> (global=686)
  D[651] = center<5,7> endpoint<0,1> (global=687)
  D[652] = center<5,7> endpoint<0,2> (global=688)
  D[653] = center<5,7> endpoint<0,3> (global=689)
  D[654] = center<5,7> endpoint<0,4> (global=690)
  D[655] = center<5,7> endpoint<0,6> (global=691)
  D[656] = center<5,7> endpoint<0,8> (global=692)
  D[657] = center<5,7> endpoint<1,2> (global=693)
  D[658] = center<5,7> endpoint<1,3> (global=694)
  D[659] = center<5,7> endpoint<1,4> (global=695)
  D[660] = center<5,7> endpoint<1,6> (global=696)
  D[661] = center<5,7> endpoint<1,8> (global=697)
  D[662] = center<5,7> endpoint<2,3> (global=698)
  D[663] = center<5,7> endpoint<2,4> (global=699)
  D[664] = center<5,7> endpoint<2,6> (global=700)
  D[665] = center<5,7> endpoint<2,8> (global=701)
  D[666] = center<5,7> endpoint<3,4> (global=702)
  D[667] = center<5,7> endpoint<3,6> (global=703)
  D[668] = center<5,7> endpoint<3,8> (global=704)
  D[669] = center<5,7> endpoint<4,6> (global=705)
  D[670] = center<5,7> endpoint<4,8> (global=706)
  D[671] = center<5,7> endpoint<6,8> (global=707)
  D[672] = center<5,8> endpoint<0,1> (global=708)
  D[673] = center<5,8> endpoint<0,2> (global=709)
  D[674] = center<5,8> endpoint<0,3> (global=710)
  D[675] = center<5,8> endpoint<0,4> (global=711)
  D[676] = center<5,8> endpoint<0,6> (global=712)
  D[677] = center<5,8> endpoint<0,7> (global=713)
  D[678] = center<5,8> endpoint<1,2> (global=714)
  D[679] = center<5,8> endpoint<1,3> (global=715)
  D[680] = center<5,8> endpoint<1,4> (global=716)
  D[681] = center<5,8> endpoint<1,6> (global=717)
  D[682] = center<5,8> endpoint<1,7> (global=718)
  D[683] = center<5,8> endpoint<2,3> (global=719)
  D[684] = center<5,8> endpoint<2,4> (global=720)
  D[685] = center<5,8> endpoint<2,6> (global=721)
  D[686] = center<5,8> endpoint<2,7> (global=722)
  D[687] = center<5,8> endpoint<3,4> (global=723)
  D[688] = center<5,8> endpoint<3,6> (global=724)
  D[689] = center<5,8> endpoint<3,7> (global=725)
  D[690] = center<5,8> endpoint<4,6> (global=726)
  D[691] = center<5,8> endpoint<4,7> (global=727)
  D[692] = center<5,8> endpoint<6,7> (global=728)
  D[693] = center<6,7> endpoint<0,1> (global=729)
  D[694] = center<6,7> endpoint<0,2> (global=730)
  D[695] = center<6,7> endpoint<0,3> (global=731)
  D[696] = center<6,7> endpoint<0,4> (global=732)
  D[697] = center<6,7> endpoint<0,5> (global=733)
  D[698] = center<6,7> endpoint<0,8> (global=734)
  D[699] = center<6,7> endpoint<1,2> (global=735)
  D[700] = center<6,7> endpoint<1,3> (global=736)
  D[701] = center<6,7> endpoint<1,4> (global=737)
  D[702] = center<6,7> endpoint<1,5> (global=738)
  D[703] = center<6,7> endpoint<1,8> (global=739)
  D[704] = center<6,7> endpoint<2,3> (global=740)
  D[705] = center<6,7> endpoint<2,4> (global=741)
  D[706] = center<6,7> endpoint<2,5> (global=742)
  D[707] = center<6,7> endpoint<2,8> (global=743)
  D[708] = center<6,7> endpoint<3,4> (global=744)
  D[709] = center<6,7> endpoint<3,5> (global=745)
  D[710] = center<6,7> endpoint<3,8> (global=746)
  D[711] = center<6,7> endpoint<4,5> (global=747)
  D[712] = center<6,7> endpoint<4,8> (global=748)
  D[713] = center<6,7> endpoint<5,8> (global=749)
  D[714] = center<6,8> endpoint<0,1> (global=750)
  D[715] = center<6,8> endpoint<0,2> (global=751)
  D[716] = center<6,8> endpoint<0,3> (global=752)
  D[717] = center<6,8> endpoint<0,4> (global=753)
  D[718] = center<6,8> endpoint<0,5> (global=754)
  D[719] = center<6,8> endpoint<0,7> (global=755)
  D[720] = center<6,8> endpoint<1,2> (global=756)
  D[721] = center<6,8> endpoint<1,3> (global=757)
  D[722] = center<6,8> endpoint<1,4> (global=758)
  D[723] = center<6,8> endpoint<1,5> (global=759)
  D[724] = center<6,8> endpoint<1,7> (global=760)
  D[725] = center<6,8> endpoint<2,3> (global=761)
  D[726] = center<6,8> endpoint<2,4> (global=762)
  D[727] = center<6,8> endpoint<2,5> (global=763)
  D[728] = center<6,8> endpoint<2,7> (global=764)
  D[729] = center<6,8> endpoint<3,4> (global=765)
  D[730] = center<6,8> endpoint<3,5> (global=766)
  D[731] = center<6,8> endpoint<3,7> (global=767)
  D[732] = center<6,8> endpoint<4,5> (global=768)
  D[733] = center<6,8> endpoint<4,7> (global=769)
  D[734] = center<6,8> endpoint<5,7> (global=770)
  D[735] = center<7,8> endpoint<0,1> (global=771)
  D[736] = center<7,8> endpoint<0,2> (global=772)
  D[737] = center<7,8> endpoint<0,3> (global=773)
  D[738] = center<7,8> endpoint<0,4> (global=774)
  D[739] = center<7,8> endpoint<0,5> (global=775)
  D[740] = center<7,8> endpoint<0,6> (global=776)
  D[741] = center<7,8> endpoint<1,2> (global=777)
  D[742] = center<7,8> endpoint<1,3> (global=778)
  D[743] = center<7,8> endpoint<1,4> (global=779)
  D[744] = center<7,8> endpoint<1,5> (global=780)
  D[745] = center<7,8> endpoint<1,6> (global=781)
  D[746] = center<7,8> endpoint<2,3> (global=782)
  D[747] = center<7,8> endpoint<2,4> (global=783)
  D[748] = center<7,8> endpoint<2,5> (global=784)
  D[749] = center<7,8> endpoint<2,6> (global=785)
  D[750] = center<7,8> endpoint<3,4> (global=786)
  D[751] = center<7,8> endpoint<3,5> (global=787)
  D[752] = center<7,8> endpoint<3,6> (global=788)
  D[753] = center<7,8> endpoint<4,5> (global=789)
  D[754] = center<7,8> endpoint<4,6> (global=790)
  D[755] = center<7,8> endpoint<5,6> (global=791)

[Permutation Matrices]
Total permutations: 7

Permutation #0:
  Bonds: r_{0,2}->r_{1,2}, r_{0,3}->r_{1,3}, r_{0,4}->r_{1,4}, r_{0,5}->r_{1,5}, r_{0,6}->r_{1,6}, r_{0,7}->r_{1,7}, r_{0,8}->r_{1,8}, r_{1,2}->r_{0,2}, r_{1,3}->r_{0,3}, r_{1,4}->r_{0,4}, r_{1,5}->r_{0,5}, r_{1,6}->r_{0,6}, r_{1,7}->r_{0,7}, r_{1,8}->r_{0,8}
  Angles: theta^{0}_{1,2}->theta^{1}_{0,2}, theta^{0}_{1,3}->theta^{1}_{0,3}, theta^{0}_{1,4}->theta^{1}_{0,4}, theta^{0}_{1,5}->theta^{1}_{0,5}, theta^{0}_{1,6}->theta^{1}_{0,6}, theta^{0}_{1,7}->theta^{1}_{0,7}, theta^{0}_{1,8}->theta^{1}_{0,8}, theta^{0}_{2,3}->theta^{1}_{2,3}, theta^{0}_{2,4}->theta^{1}_{2,4}, theta^{0}_{2,5}->theta^{1}_{2,5}, theta^{0}_{2,6}->theta^{1}_{2,6}, theta^{0}_{2,7}->theta^{1}_{2,7}, theta^{0}_{2,8}->theta^{1}_{2,8}, theta^{0}_{3,4}->theta^{1}_{3,4}, theta^{0}_{3,5}->theta^{1}_{3,5}, theta^{0}_{3,6}->theta^{1}_{3,6}, theta^{0}_{3,7}->theta^{1}_{3,7}, theta^{0}_{3,8}->theta^{1}_{3,8}, theta^{0}_{4,5}->theta^{1}_{4,5}, theta^{0}_{4,6}->theta^{1}_{4,6}, theta^{0}_{4,7}->theta^{1}_{4,7}, theta^{0}_{4,8}->theta^{1}_{4,8}, theta^{0}_{5,6}->theta^{1}_{5,6}, theta^{0}_{5,7}->theta^{1}_{5,7}, theta^{0}_{5,8}->theta^{1}_{5,8}, theta^{0}_{6,7}->theta^{1}_{6,7}, theta^{0}_{6,8}->theta^{1}_{6,8}, theta^{0}_{7,8}->theta^{1}_{7,8}, theta^{1}_{0,2}->theta^{0}_{1,2}, theta^{1}_{0,3}->theta^{0}_{1,3}, theta^{1}_{0,4}->theta^{0}_{1,4}, theta^{1}_{0,5}->theta^{0}_{1,5}, theta^{1}_{0,6}->theta^{0}_{1,6}, theta^{1}_{0,7}->theta^{0}_{1,7}, theta^{1}_{0,8}->theta^{0}_{1,8}, theta^{1}_{2,3}->theta^{0}_{2,3}, theta^{1}_{2,4}->theta^{0}_{2,4}, theta^{1}_{2,5}->theta^{0}_{2,5}, theta^{1}_{2,6}->theta^{0}_{2,6}, theta^{1}_{2,7}->theta^{0}_{2,7}, theta^{1}_{2,8}->theta^{0}_{2,8}, theta^{1}_{3,4}->theta^{0}_{3,4}, theta^{1}_{3,5}->theta^{0}_{3,5}, theta^{1}_{3,6}->theta^{0}_{3,6}, theta^{1}_{3,7}->theta^{0}_{3,7}, theta^{1}_{3,8}->theta^{0}_{3,8}, theta^{1}_{4,5}->theta^{0}_{4,5}, theta^{1}_{4,6}->theta^{0}_{4,6}, theta^{1}_{4,7}->theta^{0}_{4,7}, theta^{1}_{4,8}->theta^{0}_{4,8}, theta^{1}_{5,6}->theta^{0}_{5,6}, theta^{1}_{5,7}->theta^{0}_{5,7}, theta^{1}_{5,8}->theta^{0}_{5,8}, theta^{1}_{6,7}->theta^{0}_{6,7}, theta^{1}_{6,8}->theta^{0}_{6,8}, theta^{1}_{7,8}->theta^{0}_{7,8}, theta^{2}_{0,3}->theta^{2}_{1,3}, theta^{2}_{0,4}->theta^{2}_{1,4}, theta^{2}_{0,5}->theta^{2}_{1,5}, theta^{2}_{0,6}->theta^{2}_{1,6}, theta^{2}_{0,7}->theta^{2}_{1,7}, theta^{2}_{0,8}->theta^{2}_{1,8}, theta^{2}_{1,3}->theta^{2}_{0,3}, theta^{2}_{1,4}->theta^{2}_{0,4}, theta^{2}_{1,5}->theta^{2}_{0,5}, theta^{2}_{1,6}->theta^{2}_{0,6}, theta^{2}_{1,7}->theta^{2}_{0,7}, theta^{2}_{1,8}->theta^{2}_{0,8}, theta^{3}_{0,2}->theta^{3}_{1,2}, theta^{3}_{0,4}->theta^{3}_{1,4}, theta^{3}_{0,5}->theta^{3}_{1,5}, theta^{3}_{0,6}->theta^{3}_{1,6}, theta^{3}_{0,7}->theta^{3}_{1,7}, theta^{3}_{0,8}->theta^{3}_{1,8}, theta^{3}_{1,2}->theta^{3}_{0,2}, theta^{3}_{1,4}->theta^{3}_{0,4}, theta^{3}_{1,5}->theta^{3}_{0,5}, theta^{3}_{1,6}->theta^{3}_{0,6}, theta^{3}_{1,7}->theta^{3}_{0,7}, theta^{3}_{1,8}->theta^{3}_{0,8}, theta^{4}_{0,2}->theta^{4}_{1,2}, theta^{4}_{0,3}->theta^{4}_{1,3}, theta^{4}_{0,5}->theta^{4}_{1,5}, theta^{4}_{0,6}->theta^{4}_{1,6}, theta^{4}_{0,7}->theta^{4}_{1,7}, theta^{4}_{0,8}->theta^{4}_{1,8}, theta^{4}_{1,2}->theta^{4}_{0,2}, theta^{4}_{1,3}->theta^{4}_{0,3}, theta^{4}_{1,5}->theta^{4}_{0,5}, theta^{4}_{1,6}->theta^{4}_{0,6}, theta^{4}_{1,7}->theta^{4}_{0,7}, theta^{4}_{1,8}->theta^{4}_{0,8}, theta^{5}_{0,2}->theta^{5}_{1,2}, theta^{5}_{0,3}->theta^{5}_{1,3}, theta^{5}_{0,4}->theta^{5}_{1,4}, theta^{5}_{0,6}->theta^{5}_{1,6}, theta^{5}_{0,7}->theta^{5}_{1,7}, theta^{5}_{0,8}->theta^{5}_{1,8}, theta^{5}_{1,2}->theta^{5}_{0,2}, theta^{5}_{1,3}->theta^{5}_{0,3}, theta^{5}_{1,4}->theta^{5}_{0,4}, theta^{5}_{1,6}->theta^{5}_{0,6}, theta^{5}_{1,7}->theta^{5}_{0,7}, theta^{5}_{1,8}->theta^{5}_{0,8}, theta^{6}_{0,2}->theta^{6}_{1,2}, theta^{6}_{0,3}->theta^{6}_{1,3}, theta^{6}_{0,4}->theta^{6}_{1,4}, theta^{6}_{0,5}->theta^{6}_{1,5}, theta^{6}_{0,7}->theta^{6}_{1,7}, theta^{6}_{0,8}->theta^{6}_{1,8}, theta^{6}_{1,2}->theta^{6}_{0,2}, theta^{6}_{1,3}->theta^{6}_{0,3}, theta^{6}_{1,4}->theta^{6}_{0,4}, theta^{6}_{1,5}->theta^{6}_{0,5}, theta^{6}_{1,7}->theta^{6}_{0,7}, theta^{6}_{1,8}->theta^{6}_{0,8}, theta^{7}_{0,2}->theta^{7}_{1,2}, theta^{7}_{0,3}->theta^{7}_{1,3}, theta^{7}_{0,4}->theta^{7}_{1,4}, theta^{7}_{0,5}->theta^{7}_{1,5}, theta^{7}_{0,6}->theta^{7}_{1,6}, theta^{7}_{0,8}->theta^{7}_{1,8}, theta^{7}_{1,2}->theta^{7}_{0,2}, theta^{7}_{1,3}->theta^{7}_{0,3}, theta^{7}_{1,4}->theta^{7}_{0,4}, theta^{7}_{1,5}->theta^{7}_{0,5}, theta^{7}_{1,6}->theta^{7}_{0,6}, theta^{7}_{1,8}->theta^{7}_{0,8}, theta^{8}_{0,2}->theta^{8}_{1,2}, theta^{8}_{0,3}->theta^{8}_{1,3}, theta^{8}_{0,4}->theta^{8}_{1,4}, theta^{8}_{0,5}->theta^{8}_{1,5}, theta^{8}_{0,6}->theta^{8}_{1,6}, theta^{8}_{0,7}->theta^{8}_{1,7}, theta^{8}_{1,2}->theta^{8}_{0,2}, theta^{8}_{1,3}->theta^{8}_{0,3}, theta^{8}_{1,4}->theta^{8}_{0,4}, theta^{8}_{1,5}->theta^{8}_{0,5}, theta^{8}_{1,6}->theta^{8}_{0,6}, theta^{8}_{1,7}->theta^{8}_{0,7}
  Dihedrals: d_{0,2,1,3}->d_{1,2,0,3}, d_{0,2,1,4}->d_{1,2,0,4}, d_{0,2,1,5}->d_{1,2,0,5}, d_{0,2,1,6}->d_{1,2,0,6}, d_{0,2,1,7}->d_{1,2,0,7}, d_{0,2,1,8}->d_{1,2,0,8}, d_{0,2,3,4}->d_{1,2,3,4}, d_{0,2,3,5}->d_{1,2,3,5}, d_{0,2,3,6}->d_{1,2,3,6}, d_{0,2,3,7}->d_{1,2,3,7}, d_{0,2,3,8}->d_{1,2,3,8}, d_{0,2,4,5}->d_{1,2,4,5}, d_{0,2,4,6}->d_{1,2,4,6}, d_{0,2,4,7}->d_{1,2,4,7}, d_{0,2,4,8}->d_{1,2,4,8}, d_{0,2,5,6}->d_{1,2,5,6}, d_{0,2,5,7}->d_{1,2,5,7}, d_{0,2,5,8}->d_{1,2,5,8}, d_{0,2,6,7}->d_{1,2,6,7}, d_{0,2,6,8}->d_{1,2,6,8}, d_{0,2,7,8}->d_{1,2,7,8}, d_{0,3,1,2}->d_{1,3,0,2}, d_{0,3,1,4}->d_{1,3,0,4}, d_{0,3,1,5}->d_{1,3,0,5}, d_{0,3,1,6}->d_{1,3,0,6}, d_{0,3,1,7}->d_{1,3,0,7}, d_{0,3,1,8}->d_{1,3,0,8}, d_{0,3,2,4}->d_{1,3,2,4}, d_{0,3,2,5}->d_{1,3,2,5}, d_{0,3,2,6}->d_{1,3,2,6}, d_{0,3,2,7}->d_{1,3,2,7}, d_{0,3,2,8}->d_{1,3,2,8}, d_{0,3,4,5}->d_{1,3,4,5}, d_{0,3,4,6}->d_{1,3,4,6}, d_{0,3,4,7}->d_{1,3,4,7}, d_{0,3,4,8}->d_{1,3,4,8}, d_{0,3,5,6}->d_{1,3,5,6}, d_{0,3,5,7}->d_{1,3,5,7}, d_{0,3,5,8}->d_{1,3,5,8}, d_{0,3,6,7}->d_{1,3,6,7}, d_{0,3,6,8}->d_{1,3,6,8}, d_{0,3,7,8}->d_{1,3,7,8}, d_{0,4,1,2}->d_{1,4,0,2}, d_{0,4,1,3}->d_{1,4,0,3}, d_{0,4,1,5}->d_{1,4,0,5}, d_{0,4,1,6}->d_{1,4,0,6}, d_{0,4,1,7}->d_{1,4,0,7}, d_{0,4,1,8}->d_{1,4,0,8}, d_{0,4,2,3}->d_{1,4,2,3}, d_{0,4,2,5}->d_{1,4,2,5}, d_{0,4,2,6}->d_{1,4,2,6}, d_{0,4,2,7}->d_{1,4,2,7}, d_{0,4,2,8}->d_{1,4,2,8}, d_{0,4,3,5}->d_{1,4,3,5}, d_{0,4,3,6}->d_{1,4,3,6}, d_{0,4,3,7}->d_{1,4,3,7}, d_{0,4,3,8}->d_{1,4,3,8}, d_{0,4,5,6}->d_{1,4,5,6}, d_{0,4,5,7}->d_{1,4,5,7}, d_{0,4,5,8}->d_{1,4,5,8}, d_{0,4,6,7}->d_{1,4,6,7}, d_{0,4,6,8}->d_{1,4,6,8}, d_{0,4,7,8}->d_{1,4,7,8}, d_{0,5,1,2}->d_{1,5,0,2}, d_{0,5,1,3}->d_{1,5,0,3}, d_{0,5,1,4}->d_{1,5,0,4}, d_{0,5,1,6}->d_{1,5,0,6}, d_{0,5,1,7}->d_{1,5,0,7}, d_{0,5,1,8}->d_{1,5,0,8}, d_{0,5,2,3}->d_{1,5,2,3}, d_{0,5,2,4}->d_{1,5,2,4}, d_{0,5,2,6}->d_{1,5,2,6}, d_{0,5,2,7}->d_{1,5,2,7}, d_{0,5,2,8}->d_{1,5,2,8}, d_{0,5,3,4}->d_{1,5,3,4}, d_{0,5,3,6}->d_{1,5,3,6}, d_{0,5,3,7}->d_{1,5,3,7}, d_{0,5,3,8}->d_{1,5,3,8}, d_{0,5,4,6}->d_{1,5,4,6}, d_{0,5,4,7}->d_{1,5,4,7}, d_{0,5,4,8}->d_{1,5,4,8}, d_{0,5,6,7}->d_{1,5,6,7}, d_{0,5,6,8}->d_{1,5,6,8}, d_{0,5,7,8}->d_{1,5,7,8}, d_{0,6,1,2}->d_{1,6,0,2}, d_{0,6,1,3}->d_{1,6,0,3}, d_{0,6,1,4}->d_{1,6,0,4}, d_{0,6,1,5}->d_{1,6,0,5}, d_{0,6,1,7}->d_{1,6,0,7}, d_{0,6,1,8}->d_{1,6,0,8}, d_{0,6,2,3}->d_{1,6,2,3}, d_{0,6,2,4}->d_{1,6,2,4}, d_{0,6,2,5}->d_{1,6,2,5}, d_{0,6,2,7}->d_{1,6,2,7}, d_{0,6,2,8}->d_{1,6,2,8}, d_{0,6,3,4}->d_{1,6,3,4}, d_{0,6,3,5}->d_{1,6,3,5}, d_{0,6,3,7}->d_{1,6,3,7}, d_{0,6,3,8}->d_{1,6,3,8}, d_{0,6,4,5}->d_{1,6,4,5}, d_{0,6,4,7}->d_{1,6,4,7}, d_{0,6,4,8}->d_{1,6,4,8}, d_{0,6,5,7}->d_{1,6,5,7}, d_{0,6,5,8}->d_{1,6,5,8}, d_{0,6,7,8}->d_{1,6,7,8}, d_{0,7,1,2}->d_{1,7,0,2}, d_{0,7,1,3}->d_{1,7,0,3}, d_{0,7,1,4}->d_{1,7,0,4}, d_{0,7,1,5}->d_{1,7,0,5}, d_{0,7,1,6}->d_{1,7,0,6}, d_{0,7,1,8}->d_{1,7,0,8}, d_{0,7,2,3}->d_{1,7,2,3}, d_{0,7,2,4}->d_{1,7,2,4}, d_{0,7,2,5}->d_{1,7,2,5}, d_{0,7,2,6}->d_{1,7,2,6}, d_{0,7,2,8}->d_{1,7,2,8}, d_{0,7,3,4}->d_{1,7,3,4}, d_{0,7,3,5}->d_{1,7,3,5}, d_{0,7,3,6}->d_{1,7,3,6}, d_{0,7,3,8}->d_{1,7,3,8}, d_{0,7,4,5}->d_{1,7,4,5}, d_{0,7,4,6}->d_{1,7,4,6}, d_{0,7,4,8}->d_{1,7,4,8}, d_{0,7,5,6}->d_{1,7,5,6}, d_{0,7,5,8}->d_{1,7,5,8}, d_{0,7,6,8}->d_{1,7,6,8}, d_{0,8,1,2}->d_{1,8,0,2}, d_{0,8,1,3}->d_{1,8,0,3}, d_{0,8,1,4}->d_{1,8,0,4}, d_{0,8,1,5}->d_{1,8,0,5}, d_{0,8,1,6}->d_{1,8,0,6}, d_{0,8,1,7}->d_{1,8,0,7}, d_{0,8,2,3}->d_{1,8,2,3}, d_{0,8,2,4}->d_{1,8,2,4}, d_{0,8,2,5}->d_{1,8,2,5}, d_{0,8,2,6}->d_{1,8,2,6}, d_{0,8,2,7}->d_{1,8,2,7}, d_{0,8,3,4}->d_{1,8,3,4}, d_{0,8,3,5}->d_{1,8,3,5}, d_{0,8,3,6}->d_{1,8,3,6}, d_{0,8,3,7}->d_{1,8,3,7}, d_{0,8,4,5}->d_{1,8,4,5}, d_{0,8,4,6}->d_{1,8,4,6}, d_{0,8,4,7}->d_{1,8,4,7}, d_{0,8,5,6}->d_{1,8,5,6}, d_{0,8,5,7}->d_{1,8,5,7}, d_{0,8,6,7}->d_{1,8,6,7}, d_{1,2,0,3}->d_{0,2,1,3}, d_{1,2,0,4}->d_{0,2,1,4}, d_{1,2,0,5}->d_{0,2,1,5}, d_{1,2,0,6}->d_{0,2,1,6}, d_{1,2,0,7}->d_{0,2,1,7}, d_{1,2,0,8}->d_{0,2,1,8}, d_{1,2,3,4}->d_{0,2,3,4}, d_{1,2,3,5}->d_{0,2,3,5}, d_{1,2,3,6}->d_{0,2,3,6}, d_{1,2,3,7}->d_{0,2,3,7}, d_{1,2,3,8}->d_{0,2,3,8}, d_{1,2,4,5}->d_{0,2,4,5}, d_{1,2,4,6}->d_{0,2,4,6}, d_{1,2,4,7}->d_{0,2,4,7}, d_{1,2,4,8}->d_{0,2,4,8}, d_{1,2,5,6}->d_{0,2,5,6}, d_{1,2,5,7}->d_{0,2,5,7}, d_{1,2,5,8}->d_{0,2,5,8}, d_{1,2,6,7}->d_{0,2,6,7}, d_{1,2,6,8}->d_{0,2,6,8}, d_{1,2,7,8}->d_{0,2,7,8}, d_{1,3,0,2}->d_{0,3,1,2}, d_{1,3,0,4}->d_{0,3,1,4}, d_{1,3,0,5}->d_{0,3,1,5}, d_{1,3,0,6}->d_{0,3,1,6}, d_{1,3,0,7}->d_{0,3,1,7}, d_{1,3,0,8}->d_{0,3,1,8}, d_{1,3,2,4}->d_{0,3,2,4}, d_{1,3,2,5}->d_{0,3,2,5}, d_{1,3,2,6}->d_{0,3,2,6}, d_{1,3,2,7}->d_{0,3,2,7}, d_{1,3,2,8}->d_{0,3,2,8}, d_{1,3,4,5}->d_{0,3,4,5}, d_{1,3,4,6}->d_{0,3,4,6}, d_{1,3,4,7}->d_{0,3,4,7}, d_{1,3,4,8}->d_{0,3,4,8}, d_{1,3,5,6}->d_{0,3,5,6}, d_{1,3,5,7}->d_{0,3,5,7}, d_{1,3,5,8}->d_{0,3,5,8}, d_{1,3,6,7}->d_{0,3,6,7}, d_{1,3,6,8}->d_{0,3,6,8}, d_{1,3,7,8}->d_{0,3,7,8}, d_{1,4,0,2}->d_{0,4,1,2}, d_{1,4,0,3}->d_{0,4,1,3}, d_{1,4,0,5}->d_{0,4,1,5}, d_{1,4,0,6}->d_{0,4,1,6}, d_{1,4,0,7}->d_{0,4,1,7}, d_{1,4,0,8}->d_{0,4,1,8}, d_{1,4,2,3}->d_{0,4,2,3}, d_{1,4,2,5}->d_{0,4,2,5}, d_{1,4,2,6}->d_{0,4,2,6}, d_{1,4,2,7}->d_{0,4,2,7}, d_{1,4,2,8}->d_{0,4,2,8}, d_{1,4,3,5}->d_{0,4,3,5}, d_{1,4,3,6}->d_{0,4,3,6}, d_{1,4,3,7}->d_{0,4,3,7}, d_{1,4,3,8}->d_{0,4,3,8}, d_{1,4,5,6}->d_{0,4,5,6}, d_{1,4,5,7}->d_{0,4,5,7}, d_{1,4,5,8}->d_{0,4,5,8}, d_{1,4,6,7}->d_{0,4,6,7}, d_{1,4,6,8}->d_{0,4,6,8}, d_{1,4,7,8}->d_{0,4,7,8}, d_{1,5,0,2}->d_{0,5,1,2}, d_{1,5,0,3}->d_{0,5,1,3}, d_{1,5,0,4}->d_{0,5,1,4}, d_{1,5,0,6}->d_{0,5,1,6}, d_{1,5,0,7}->d_{0,5,1,7}, d_{1,5,0,8}->d_{0,5,1,8}, d_{1,5,2,3}->d_{0,5,2,3}, d_{1,5,2,4}->d_{0,5,2,4}, d_{1,5,2,6}->d_{0,5,2,6}, d_{1,5,2,7}->d_{0,5,2,7}, d_{1,5,2,8}->d_{0,5,2,8}, d_{1,5,3,4}->d_{0,5,3,4}, d_{1,5,3,6}->d_{0,5,3,6}, d_{1,5,3,7}->d_{0,5,3,7}, d_{1,5,3,8}->d_{0,5,3,8}, d_{1,5,4,6}->d_{0,5,4,6}, d_{1,5,4,7}->d_{0,5,4,7}, d_{1,5,4,8}->d_{0,5,4,8}, d_{1,5,6,7}->d_{0,5,6,7}, d_{1,5,6,8}->d_{0,5,6,8}, d_{1,5,7,8}->d_{0,5,7,8}, d_{1,6,0,2}->d_{0,6,1,2}, d_{1,6,0,3}->d_{0,6,1,3}, d_{1,6,0,4}->d_{0,6,1,4}, d_{1,6,0,5}->d_{0,6,1,5}, d_{1,6,0,7}->d_{0,6,1,7}, d_{1,6,0,8}->d_{0,6,1,8}, d_{1,6,2,3}->d_{0,6,2,3}, d_{1,6,2,4}->d_{0,6,2,4}, d_{1,6,2,5}->d_{0,6,2,5}, d_{1,6,2,7}->d_{0,6,2,7}, d_{1,6,2,8}->d_{0,6,2,8}, d_{1,6,3,4}->d_{0,6,3,4}, d_{1,6,3,5}->d_{0,6,3,5}, d_{1,6,3,7}->d_{0,6,3,7}, d_{1,6,3,8}->d_{0,6,3,8}, d_{1,6,4,5}->d_{0,6,4,5}, d_{1,6,4,7}->d_{0,6,4,7}, d_{1,6,4,8}->d_{0,6,4,8}, d_{1,6,5,7}->d_{0,6,5,7}, d_{1,6,5,8}->d_{0,6,5,8}, d_{1,6,7,8}->d_{0,6,7,8}, d_{1,7,0,2}->d_{0,7,1,2}, d_{1,7,0,3}->d_{0,7,1,3}, d_{1,7,0,4}->d_{0,7,1,4}, d_{1,7,0,5}->d_{0,7,1,5}, d_{1,7,0,6}->d_{0,7,1,6}, d_{1,7,0,8}->d_{0,7,1,8}, d_{1,7,2,3}->d_{0,7,2,3}, d_{1,7,2,4}->d_{0,7,2,4}, d_{1,7,2,5}->d_{0,7,2,5}, d_{1,7,2,6}->d_{0,7,2,6}, d_{1,7,2,8}->d_{0,7,2,8}, d_{1,7,3,4}->d_{0,7,3,4}, d_{1,7,3,5}->d_{0,7,3,5}, d_{1,7,3,6}->d_{0,7,3,6}, d_{1,7,3,8}->d_{0,7,3,8}, d_{1,7,4,5}->d_{0,7,4,5}, d_{1,7,4,6}->d_{0,7,4,6}, d_{1,7,4,8}->d_{0,7,4,8}, d_{1,7,5,6}->d_{0,7,5,6}, d_{1,7,5,8}->d_{0,7,5,8}, d_{1,7,6,8}->d_{0,7,6,8}, d_{1,8,0,2}->d_{0,8,1,2}, d_{1,8,0,3}->d_{0,8,1,3}, d_{1,8,0,4}->d_{0,8,1,4}, d_{1,8,0,5}->d_{0,8,1,5}, d_{1,8,0,6}->d_{0,8,1,6}, d_{1,8,0,7}->d_{0,8,1,7}, d_{1,8,2,3}->d_{0,8,2,3}, d_{1,8,2,4}->d_{0,8,2,4}, d_{1,8,2,5}->d_{0,8,2,5}, d_{1,8,2,6}->d_{0,8,2,6}, d_{1,8,2,7}->d_{0,8,2,7}, d_{1,8,3,4}->d_{0,8,3,4}, d_{1,8,3,5}->d_{0,8,3,5}, d_{1,8,3,6}->d_{0,8,3,6}, d_{1,8,3,7}->d_{0,8,3,7}, d_{1,8,4,5}->d_{0,8,4,5}, d_{1,8,4,6}->d_{0,8,4,6}, d_{1,8,4,7}->d_{0,8,4,7}, d_{1,8,5,6}->d_{0,8,5,6}, d_{1,8,5,7}->d_{0,8,5,7}, d_{1,8,6,7}->d_{0,8,6,7}, d_{2,3,0,4}->d_{2,3,1,4}, d_{2,3,0,5}->d_{2,3,1,5}, d_{2,3,0,6}->d_{2,3,1,6}, d_{2,3,0,7}->d_{2,3,1,7}, d_{2,3,0,8}->d_{2,3,1,8}, d_{2,3,1,4}->d_{2,3,0,4}, d_{2,3,1,5}->d_{2,3,0,5}, d_{2,3,1,6}->d_{2,3,0,6}, d_{2,3,1,7}->d_{2,3,0,7}, d_{2,3,1,8}->d_{2,3,0,8}, d_{2,4,0,3}->d_{2,4,1,3}, d_{2,4,0,5}->d_{2,4,1,5}, d_{2,4,0,6}->d_{2,4,1,6}, d_{2,4,0,7}->d_{2,4,1,7}, d_{2,4,0,8}->d_{2,4,1,8}, d_{2,4,1,3}->d_{2,4,0,3}, d_{2,4,1,5}->d_{2,4,0,5}, d_{2,4,1,6}->d_{2,4,0,6}, d_{2,4,1,7}->d_{2,4,0,7}, d_{2,4,1,8}->d_{2,4,0,8}, d_{2,5,0,3}->d_{2,5,1,3}, d_{2,5,0,4}->d_{2,5,1,4}, d_{2,5,0,6}->d_{2,5,1,6}, d_{2,5,0,7}->d_{2,5,1,7}, d_{2,5,0,8}->d_{2,5,1,8}, d_{2,5,1,3}->d_{2,5,0,3}, d_{2,5,1,4}->d_{2,5,0,4}, d_{2,5,1,6}->d_{2,5,0,6}, d_{2,5,1,7}->d_{2,5,0,7}, d_{2,5,1,8}->d_{2,5,0,8}, d_{2,6,0,3}->d_{2,6,1,3}, d_{2,6,0,4}->d_{2,6,1,4}, d_{2,6,0,5}->d_{2,6,1,5}, d_{2,6,0,7}->d_{2,6,1,7}, d_{2,6,0,8}->d_{2,6,1,8}, d_{2,6,1,3}->d_{2,6,0,3}, d_{2,6,1,4}->d_{2,6,0,4}, d_{2,6,1,5}->d_{2,6,0,5}, d_{2,6,1,7}->d_{2,6,0,7}, d_{2,6,1,8}->d_{2,6,0,8}, d_{2,7,0,3}->d_{2,7,1,3}, d_{2,7,0,4}->d_{2,7,1,4}, d_{2,7,0,5}->d_{2,7,1,5}, d_{2,7,0,6}->d_{2,7,1,6}, d_{2,7,0,8}->d_{2,7,1,8}, d_{2,7,1,3}->d_{2,7,0,3}, d_{2,7,1,4}->d_{2,7,0,4}, d_{2,7,1,5}->d_{2,7,0,5}, d_{2,7,1,6}->d_{2,7,0,6}, d_{2,7,1,8}->d_{2,7,0,8}, d_{2,8,0,3}->d_{2,8,1,3}, d_{2,8,0,4}->d_{2,8,1,4}, d_{2,8,0,5}->d_{2,8,1,5}, d_{2,8,0,6}->d_{2,8,1,6}, d_{2,8,0,7}->d_{2,8,1,7}, d_{2,8,1,3}->d_{2,8,0,3}, d_{2,8,1,4}->d_{2,8,0,4}, d_{2,8,1,5}->d_{2,8,0,5}, d_{2,8,1,6}->d_{2,8,0,6}, d_{2,8,1,7}->d_{2,8,0,7}, d_{3,4,0,2}->d_{3,4,1,2}, d_{3,4,0,5}->d_{3,4,1,5}, d_{3,4,0,6}->d_{3,4,1,6}, d_{3,4,0,7}->d_{3,4,1,7}, d_{3,4,0,8}->d_{3,4,1,8}, d_{3,4,1,2}->d_{3,4,0,2}, d_{3,4,1,5}->d_{3,4,0,5}, d_{3,4,1,6}->d_{3,4,0,6}, d_{3,4,1,7}->d_{3,4,0,7}, d_{3,4,1,8}->d_{3,4,0,8}, d_{3,5,0,2}->d_{3,5,1,2}, d_{3,5,0,4}->d_{3,5,1,4}, d_{3,5,0,6}->d_{3,5,1,6}, d_{3,5,0,7}->d_{3,5,1,7}, d_{3,5,0,8}->d_{3,5,1,8}, d_{3,5,1,2}->d_{3,5,0,2}, d_{3,5,1,4}->d_{3,5,0,4}, d_{3,5,1,6}->d_{3,5,0,6}, d_{3,5,1,7}->d_{3,5,0,7}, d_{3,5,1,8}->d_{3,5,0,8}, d_{3,6,0,2}->d_{3,6,1,2}, d_{3,6,0,4}->d_{3,6,1,4}, d_{3,6,0,5}->d_{3,6,1,5}, d_{3,6,0,7}->d_{3,6,1,7}, d_{3,6,0,8}->d_{3,6,1,8}, d_{3,6,1,2}->d_{3,6,0,2}, d_{3,6,1,4}->d_{3,6,0,4}, d_{3,6,1,5}->d_{3,6,0,5}, d_{3,6,1,7}->d_{3,6,0,7}, d_{3,6,1,8}->d_{3,6,0,8}, d_{3,7,0,2}->d_{3,7,1,2}, d_{3,7,0,4}->d_{3,7,1,4}, d_{3,7,0,5}->d_{3,7,1,5}, d_{3,7,0,6}->d_{3,7,1,6}, d_{3,7,0,8}->d_{3,7,1,8}, d_{3,7,1,2}->d_{3,7,0,2}, d_{3,7,1,4}->d_{3,7,0,4}, d_{3,7,1,5}->d_{3,7,0,5}, d_{3,7,1,6}->d_{3,7,0,6}, d_{3,7,1,8}->d_{3,7,0,8}, d_{3,8,0,2}->d_{3,8,1,2}, d_{3,8,0,4}->d_{3,8,1,4}, d_{3,8,0,5}->d_{3,8,1,5}, d_{3,8,0,6}->d_{3,8,1,6}, d_{3,8,0,7}->d_{3,8,1,7}, d_{3,8,1,2}->d_{3,8,0,2}, d_{3,8,1,4}->d_{3,8,0,4}, d_{3,8,1,5}->d_{3,8,0,5}, d_{3,8,1,6}->d_{3,8,0,6}, d_{3,8,1,7}->d_{3,8,0,7}, d_{4,5,0,2}->d_{4,5,1,2}, d_{4,5,0,3}->d_{4,5,1,3}, d_{4,5,0,6}->d_{4,5,1,6}, d_{4,5,0,7}->d_{4,5,1,7}, d_{4,5,0,8}->d_{4,5,1,8}, d_{4,5,1,2}->d_{4,5,0,2}, d_{4,5,1,3}->d_{4,5,0,3}, d_{4,5,1,6}->d_{4,5,0,6}, d_{4,5,1,7}->d_{4,5,0,7}, d_{4,5,1,8}->d_{4,5,0,8}, d_{4,6,0,2}->d_{4,6,1,2}, d_{4,6,0,3}->d_{4,6,1,3}, d_{4,6,0,5}->d_{4,6,1,5}, d_{4,6,0,7}->d_{4,6,1,7}, d_{4,6,0,8}->d_{4,6,1,8}, d_{4,6,1,2}->d_{4,6,0,2}, d_{4,6,1,3}->d_{4,6,0,3}, d_{4,6,1,5}->d_{4,6,0,5}, d_{4,6,1,7}->d_{4,6,0,7}, d_{4,6,1,8}->d_{4,6,0,8}, d_{4,7,0,2}->d_{4,7,1,2}, d_{4,7,0,3}->d_{4,7,1,3}, d_{4,7,0,5}->d_{4,7,1,5}, d_{4,7,0,6}->d_{4,7,1,6}, d_{4,7,0,8}->d_{4,7,1,8}, d_{4,7,1,2}->d_{4,7,0,2}, d_{4,7,1,3}->d_{4,7,0,3}, d_{4,7,1,5}->d_{4,7,0,5}, d_{4,7,1,6}->d_{4,7,0,6}, d_{4,7,1,8}->d_{4,7,0,8}, d_{4,8,0,2}->d_{4,8,1,2}, d_{4,8,0,3}->d_{4,8,1,3}, d_{4,8,0,5}->d_{4,8,1,5}, d_{4,8,0,6}->d_{4,8,1,6}, d_{4,8,0,7}->d_{4,8,1,7}, d_{4,8,1,2}->d_{4,8,0,2}, d_{4,8,1,3}->d_{4,8,0,3}, d_{4,8,1,5}->d_{4,8,0,5}, d_{4,8,1,6}->d_{4,8,0,6}, d_{4,8,1,7}->d_{4,8,0,7}, d_{5,6,0,2}->d_{5,6,1,2}, d_{5,6,0,3}->d_{5,6,1,3}, d_{5,6,0,4}->d_{5,6,1,4}, d_{5,6,0,7}->d_{5,6,1,7}, d_{5,6,0,8}->d_{5,6,1,8}, d_{5,6,1,2}->d_{5,6,0,2}, d_{5,6,1,3}->d_{5,6,0,3}, d_{5,6,1,4}->d_{5,6,0,4}, d_{5,6,1,7}->d_{5,6,0,7}, d_{5,6,1,8}->d_{5,6,0,8}, d_{5,7,0,2}->d_{5,7,1,2}, d_{5,7,0,3}->d_{5,7,1,3}, d_{5,7,0,4}->d_{5,7,1,4}, d_{5,7,0,6}->d_{5,7,1,6}, d_{5,7,0,8}->d_{5,7,1,8}, d_{5,7,1,2}->d_{5,7,0,2}, d_{5,7,1,3}->d_{5,7,0,3}, d_{5,7,1,4}->d_{5,7,0,4}, d_{5,7,1,6}->d_{5,7,0,6}, d_{5,7,1,8}->d_{5,7,0,8}, d_{5,8,0,2}->d_{5,8,1,2}, d_{5,8,0,3}->d_{5,8,1,3}, d_{5,8,0,4}->d_{5,8,1,4}, d_{5,8,0,6}->d_{5,8,1,6}, d_{5,8,0,7}->d_{5,8,1,7}, d_{5,8,1,2}->d_{5,8,0,2}, d_{5,8,1,3}->d_{5,8,0,3}, d_{5,8,1,4}->d_{5,8,0,4}, d_{5,8,1,6}->d_{5,8,0,6}, d_{5,8,1,7}->d_{5,8,0,7}, d_{6,7,0,2}->d_{6,7,1,2}, d_{6,7,0,3}->d_{6,7,1,3}, d_{6,7,0,4}->d_{6,7,1,4}, d_{6,7,0,5}->d_{6,7,1,5}, d_{6,7,0,8}->d_{6,7,1,8}, d_{6,7,1,2}->d_{6,7,0,2}, d_{6,7,1,3}->d_{6,7,0,3}, d_{6,7,1,4}->d_{6,7,0,4}, d_{6,7,1,5}->d_{6,7,0,5}, d_{6,7,1,8}->d_{6,7,0,8}, d_{6,8,0,2}->d_{6,8,1,2}, d_{6,8,0,3}->d_{6,8,1,3}, d_{6,8,0,4}->d_{6,8,1,4}, d_{6,8,0,5}->d_{6,8,1,5}, d_{6,8,0,7}->d_{6,8,1,7}, d_{6,8,1,2}->d_{6,8,0,2}, d_{6,8,1,3}->d_{6,8,0,3}, d_{6,8,1,4}->d_{6,8,0,4}, d_{6,8,1,5}->d_{6,8,0,5}, d_{6,8,1,7}->d_{6,8,0,7}, d_{7,8,0,2}->d_{7,8,1,2}, d_{7,8,0,3}->d_{7,8,1,3}, d_{7,8,0,4}->d_{7,8,1,4}, d_{7,8,0,5}->d_{7,8,1,5}, d_{7,8,0,6}->d_{7,8,1,6}, d_{7,8,1,2}->d_{7,8,0,2}, d_{7,8,1,3}->d_{7,8,0,3}, d_{7,8,1,4}->d_{7,8,0,4}, d_{7,8,1,5}->d_{7,8,0,5}, d_{7,8,1,6}->d_{7,8,0,6}

Permutation #1:
  Bonds: r_{0,2}->r_{0,3}, r_{0,3}->r_{0,2}, r_{1,2}->r_{1,3}, r_{1,3}->r_{1,2}, r_{2,4}->r_{3,4}, r_{2,5}->r_{3,5}, r_{2,6}->r_{3,6}, r_{2,7}->r_{3,7}, r_{2,8}->r_{3,8}, r_{3,4}->r_{2,4}, r_{3,5}->r_{2,5}, r_{3,6}->r_{2,6}, r_{3,7}->r_{2,7}, r_{3,8}->r_{2,8}
  Angles: theta^{0}_{1,2}->theta^{0}_{1,3}, theta^{0}_{1,3}->theta^{0}_{1,2}, theta^{0}_{2,4}->theta^{0}_{3,4}, theta^{0}_{2,5}->theta^{0}_{3,5}, theta^{0}_{2,6}->theta^{0}_{3,6}, theta^{0}_{2,7}->theta^{0}_{3,7}, theta^{0}_{2,8}->theta^{0}_{3,8}, theta^{0}_{3,4}->theta^{0}_{2,4}, theta^{0}_{3,5}->theta^{0}_{2,5}, theta^{0}_{3,6}->theta^{0}_{2,6}, theta^{0}_{3,7}->theta^{0}_{2,7}, theta^{0}_{3,8}->theta^{0}_{2,8}, theta^{1}_{0,2}->theta^{1}_{0,3}, theta^{1}_{0,3}->theta^{1}_{0,2}, theta^{1}_{2,4}->theta^{1}_{3,4}, theta^{1}_{2,5}->theta^{1}_{3,5}, theta^{1}_{2,6}->theta^{1}_{3,6}, theta^{1}_{2,7}->theta^{1}_{3,7}, theta^{1}_{2,8}->theta^{1}_{3,8}, theta^{1}_{3,4}->theta^{1}_{2,4}, theta^{1}_{3,5}->theta^{1}_{2,5}, theta^{1}_{3,6}->theta^{1}_{2,6}, theta^{1}_{3,7}->theta^{1}_{2,7}, theta^{1}_{3,8}->theta^{1}_{2,8}, theta^{2}_{0,1}->theta^{3}_{0,1}, theta^{2}_{0,3}->theta^{3}_{0,2}, theta^{2}_{0,4}->theta^{3}_{0,4}, theta^{2}_{0,5}->theta^{3}_{0,5}, theta^{2}_{0,6}->theta^{3}_{0,6}, theta^{2}_{0,7}->theta^{3}_{0,7}, theta^{2}_{0,8}->theta^{3}_{0,8}, theta^{2}_{1,3}->theta^{3}_{1,2}, theta^{2}_{1,4}->theta^{3}_{1,4}, theta^{2}_{1,5}->theta^{3}_{1,5}, theta^{2}_{1,6}->theta^{3}_{1,6}, theta^{2}_{1,7}->theta^{3}_{1,7}, theta^{2}_{1,8}->theta^{3}_{1,8}, theta^{2}_{3,4}->theta^{3}_{2,4}, theta^{2}_{3,5}->theta^{3}_{2,5}, theta^{2}_{3,6}->theta^{3}_{2,6}, theta^{2}_{3,7}->theta^{3}_{2,7}, theta^{2}_{3,8}->theta^{3}_{2,8}, theta^{2}_{4,5}->theta^{3}_{4,5}, theta^{2}_{4,6}->theta^{3}_{4,6}, theta^{2}_{4,7}->theta^{3}_{4,7}, theta^{2}_{4,8}->theta^{3}_{4,8}, theta^{2}_{5,6}->theta^{3}_{5,6}, theta^{2}_{5,7}->theta^{3}_{5,7}, theta^{2}_{5,8}->theta^{3}_{5,8}, theta^{2}_{6,7}->theta^{3}_{6,7}, theta^{2}_{6,8}->theta^{3}_{6,8}, theta^{2}_{7,8}->theta^{3}_{7,8}, theta^{3}_{0,1}->theta^{2}_{0,1}, theta^{3}_{0,2}->theta^{2}_{0,3}, theta^{3}_{0,4}->theta^{2}_{0,4}, theta^{3}_{0,5}->theta^{2}_{0,5}, theta^{3}_{0,6}->theta^{2}_{0,6}, theta^{3}_{0,7}->theta^{2}_{0,7}, theta^{3}_{0,8}->theta^{2}_{0,8}, theta^{3}_{1,2}->theta^{2}_{1,3}, theta^{3}_{1,4}->theta^{2}_{1,4}, theta^{3}_{1,5}->theta^{2}_{1,5}, theta^{3}_{1,6}->theta^{2}_{1,6}, theta^{3}_{1,7}->theta^{2}_{1,7}, theta^{3}_{1,8}->theta^{2}_{1,8}, theta^{3}_{2,4}->theta^{2}_{3,4}, theta^{3}_{2,5}->theta^{2}_{3,5}, theta^{3}_{2,6}->theta^{2}_{3,6}, theta^{3}_{2,7}->theta^{2}_{3,7}, theta^{3}_{2,8}->theta^{2}_{3,8}, theta^{3}_{4,5}->theta^{2}_{4,5}, theta^{3}_{4,6}->theta^{2}_{4,6}, theta^{3}_{4,7}->theta^{2}_{4,7}, theta^{3}_{4,8}->theta^{2}_{4,8}, theta^{3}_{5,6}->theta^{2}_{5,6}, theta^{3}_{5,7}->theta^{2}_{5,7}, theta^{3}_{5,8}->theta^{2}_{5,8}, theta^{3}_{6,7}->theta^{2}_{6,7}, theta^{3}_{6,8}->theta^{2}_{6,8}, theta^{3}_{7,8}->theta^{2}_{7,8}, theta^{4}_{0,2}->theta^{4}_{0,3}, theta^{4}_{0,3}->theta^{4}_{0,2}, theta^{4}_{1,2}->theta^{4}_{1,3}, theta^{4}_{1,3}->theta^{4}_{1,2}, theta^{4}_{2,5}->theta^{4}_{3,5}, theta^{4}_{2,6}->theta^{4}_{3,6}, theta^{4}_{2,7}->theta^{4}_{3,7}, theta^{4}_{2,8}->theta^{4}_{3,8}, theta^{4}_{3,5}->theta^{4}_{2,5}, theta^{4}_{3,6}->theta^{4}_{2,6}, theta^{4}_{3,7}->theta^{4}_{2,7}, theta^{4}_{3,8}->theta^{4}_{2,8}, theta^{5}_{0,2}->theta^{5}_{0,3}, theta^{5}_{0,3}->theta^{5}_{0,2}, theta^{5}_{1,2}->theta^{5}_{1,3}, theta^{5}_{1,3}->theta^{5}_{1,2}, theta^{5}_{2,4}->theta^{5}_{3,4}, theta^{5}_{2,6}->theta^{5}_{3,6}, theta^{5}_{2,7}->theta^{5}_{3,7}, theta^{5}_{2,8}->theta^{5}_{3,8}, theta^{5}_{3,4}->theta^{5}_{2,4}, theta^{5}_{3,6}->theta^{5}_{2,6}, theta^{5}_{3,7}->theta^{5}_{2,7}, theta^{5}_{3,8}->theta^{5}_{2,8}, theta^{6}_{0,2}->theta^{6}_{0,3}, theta^{6}_{0,3}->theta^{6}_{0,2}, theta^{6}_{1,2}->theta^{6}_{1,3}, theta^{6}_{1,3}->theta^{6}_{1,2}, theta^{6}_{2,4}->theta^{6}_{3,4}, theta^{6}_{2,5}->theta^{6}_{3,5}, theta^{6}_{2,7}->theta^{6}_{3,7}, theta^{6}_{2,8}->theta^{6}_{3,8}, theta^{6}_{3,4}->theta^{6}_{2,4}, theta^{6}_{3,5}->theta^{6}_{2,5}, theta^{6}_{3,7}->theta^{6}_{2,7}, theta^{6}_{3,8}->theta^{6}_{2,8}, theta^{7}_{0,2}->theta^{7}_{0,3}, theta^{7}_{0,3}->theta^{7}_{0,2}, theta^{7}_{1,2}->theta^{7}_{1,3}, theta^{7}_{1,3}->theta^{7}_{1,2}, theta^{7}_{2,4}->theta^{7}_{3,4}, theta^{7}_{2,5}->theta^{7}_{3,5}, theta^{7}_{2,6}->theta^{7}_{3,6}, theta^{7}_{2,8}->theta^{7}_{3,8}, theta^{7}_{3,4}->theta^{7}_{2,4}, theta^{7}_{3,5}->theta^{7}_{2,5}, theta^{7}_{3,6}->theta^{7}_{2,6}, theta^{7}_{3,8}->theta^{7}_{2,8}, theta^{8}_{0,2}->theta^{8}_{0,3}, theta^{8}_{0,3}->theta^{8}_{0,2}, theta^{8}_{1,2}->theta^{8}_{1,3}, theta^{8}_{1,3}->theta^{8}_{1,2}, theta^{8}_{2,4}->theta^{8}_{3,4}, theta^{8}_{2,5}->theta^{8}_{3,5}, theta^{8}_{2,6}->theta^{8}_{3,6}, theta^{8}_{2,7}->theta^{8}_{3,7}, theta^{8}_{3,4}->theta^{8}_{2,4}, theta^{8}_{3,5}->theta^{8}_{2,5}, theta^{8}_{3,6}->theta^{8}_{2,6}, theta^{8}_{3,7}->theta^{8}_{2,7}
  Dihedrals: d_{0,1,2,4}->d_{0,1,3,4}, d_{0,1,2,5}->d_{0,1,3,5}, d_{0,1,2,6}->d_{0,1,3,6}, d_{0,1,2,7}->d_{0,1,3,7}, d_{0,1,2,8}->d_{0,1,3,8}, d_{0,1,3,4}->d_{0,1,2,4}, d_{0,1,3,5}->d_{0,1,2,5}, d_{0,1,3,6}->d_{0,1,2,6}, d_{0,1,3,7}->d_{0,1,2,7}, d_{0,1,3,8}->d_{0,1,2,8}, d_{0,2,1,3}->d_{0,3,1,2}, d_{0,2,1,4}->d_{0,3,1,4}, d_{0,2,1,5}->d_{0,3,1,5}, d_{0,2,1,6}->d_{0,3,1,6}, d_{0,2,1,7}->d_{0,3,1,7}, d_{0,2,1,8}->d_{0,3,1,8}, d_{0,2,3,4}->d_{0,3,2,4}, d_{0,2,3,5}->d_{0,3,2,5}, d_{0,2,3,6}->d_{0,3,2,6}, d_{0,2,3,7}->d_{0,3,2,7}, d_{0,2,3,8}->d_{0,3,2,8}, d_{0,2,4,5}->d_{0,3,4,5}, d_{0,2,4,6}->d_{0,3,4,6}, d_{0,2,4,7}->d_{0,3,4,7}, d_{0,2,4,8}->d_{0,3,4,8}, d_{0,2,5,6}->d_{0,3,5,6}, d_{0,2,5,7}->d_{0,3,5,7}, d_{0,2,5,8}->d_{0,3,5,8}, d_{0,2,6,7}->d_{0,3,6,7}, d_{0,2,6,8}->d_{0,3,6,8}, d_{0,2,7,8}->d_{0,3,7,8}, d_{0,3,1,2}->d_{0,2,1,3}, d_{0,3,1,4}->d_{0,2,1,4}, d_{0,3,1,5}->d_{0,2,1,5}, d_{0,3,1,6}->d_{0,2,1,6}, d_{0,3,1,7}->d_{0,2,1,7}, d_{0,3,1,8}->d_{0,2,1,8}, d_{0,3,2,4}->d_{0,2,3,4}, d_{0,3,2,5}->d_{0,2,3,5}, d_{0,3,2,6}->d_{0,2,3,6}, d_{0,3,2,7}->d_{0,2,3,7}, d_{0,3,2,8}->d_{0,2,3,8}, d_{0,3,4,5}->d_{0,2,4,5}, d_{0,3,4,6}->d_{0,2,4,6}, d_{0,3,4,7}->d_{0,2,4,7}, d_{0,3,4,8}->d_{0,2,4,8}, d_{0,3,5,6}->d_{0,2,5,6}, d_{0,3,5,7}->d_{0,2,5,7}, d_{0,3,5,8}->d_{0,2,5,8}, d_{0,3,6,7}->d_{0,2,6,7}, d_{0,3,6,8}->d_{0,2,6,8}, d_{0,3,7,8}->d_{0,2,7,8}, d_{0,4,1,2}->d_{0,4,1,3}, d_{0,4,1,3}->d_{0,4,1,2}, d_{0,4,2,5}->d_{0,4,3,5}, d_{0,4,2,6}->d_{0,4,3,6}, d_{0,4,2,7}->d_{0,4,3,7}, d_{0,4,2,8}->d_{0,4,3,8}, d_{0,4,3,5}->d_{0,4,2,5}, d_{0,4,3,6}->d_{0,4,2,6}, d_{0,4,3,7}->d_{0,4,2,7}, d_{0,4,3,8}->d_{0,4,2,8}, d_{0,5,1,2}->d_{0,5,1,3}, d_{0,5,1,3}->d_{0,5,1,2}, d_{0,5,2,4}->d_{0,5,3,4}, d_{0,5,2,6}->d_{0,5,3,6}, d_{0,5,2,7}->d_{0,5,3,7}, d_{0,5,2,8}->d_{0,5,3,8}, d_{0,5,3,4}->d_{0,5,2,4}, d_{0,5,3,6}->d_{0,5,2,6}, d_{0,5,3,7}->d_{0,5,2,7}, d_{0,5,3,8}->d_{0,5,2,8}, d_{0,6,1,2}->d_{0,6,1,3}, d_{0,6,1,3}->d_{0,6,1,2}, d_{0,6,2,4}->d_{0,6,3,4}, d_{0,6,2,5}->d_{0,6,3,5}, d_{0,6,2,7}->d_{0,6,3,7}, d_{0,6,2,8}->d_{0,6,3,8}, d_{0,6,3,4}->d_{0,6,2,4}, d_{0,6,3,5}->d_{0,6,2,5}, d_{0,6,3,7}->d_{0,6,2,7}, d_{0,6,3,8}->d_{0,6,2,8}, d_{0,7,1,2}->d_{0,7,1,3}, d_{0,7,1,3}->d_{0,7,1,2}, d_{0,7,2,4}->d_{0,7,3,4}, d_{0,7,2,5}->d_{0,7,3,5}, d_{0,7,2,6}->d_{0,7,3,6}, d_{0,7,2,8}->d_{0,7,3,8}, d_{0,7,3,4}->d_{0,7,2,4}, d_{0,7,3,5}->d_{0,7,2,5}, d_{0,7,3,6}->d_{0,7,2,6}, d_{0,7,3,8}->d_{0,7,2,8}, d_{0,8,1,2}->d_{0,8,1,3}, d_{0,8,1,3}->d_{0,8,1,2}, d_{0,8,2,4}->d_{0,8,3,4}, d_{0,8,2,5}->d_{0,8,3,5}, d_{0,8,2,6}->d_{0,8,3,6}, d_{0,8,2,7}->d_{0,8,3,7}, d_{0,8,3,4}->d_{0,8,2,4}, d_{0,8,3,5}->d_{0,8,2,5}, d_{0,8,3,6}->d_{0,8,2,6}, d_{0,8,3,7}->d_{0,8,2,7}, d_{1,2,0,3}->d_{1,3,0,2}, d_{1,2,0,4}->d_{1,3,0,4}, d_{1,2,0,5}->d_{1,3,0,5}, d_{1,2,0,6}->d_{1,3,0,6}, d_{1,2,0,7}->d_{1,3,0,7}, d_{1,2,0,8}->d_{1,3,0,8}, d_{1,2,3,4}->d_{1,3,2,4}, d_{1,2,3,5}->d_{1,3,2,5}, d_{1,2,3,6}->d_{1,3,2,6}, d_{1,2,3,7}->d_{1,3,2,7}, d_{1,2,3,8}->d_{1,3,2,8}, d_{1,2,4,5}->d_{1,3,4,5}, d_{1,2,4,6}->d_{1,3,4,6}, d_{1,2,4,7}->d_{1,3,4,7}, d_{1,2,4,8}->d_{1,3,4,8}, d_{1,2,5,6}->d_{1,3,5,6}, d_{1,2,5,7}->d_{1,3,5,7}, d_{1,2,5,8}->d_{1,3,5,8}, d_{1,2,6,7}->d_{1,3,6,7}, d_{1,2,6,8}->d_{1,3,6,8}, d_{1,2,7,8}->d_{1,3,7,8}, d_{1,3,0,2}->d_{1,2,0,3}, d_{1,3,0,4}->d_{1,2,0,4}, d_{1,3,0,5}->d_{1,2,0,5}, d_{1,3,0,6}->d_{1,2,0,6}, d_{1,3,0,7}->d_{1,2,0,7}, d_{1,3,0,8}->d_{1,2,0,8}, d_{1,3,2,4}->d_{1,2,3,4}, d_{1,3,2,5}->d_{1,2,3,5}, d_{1,3,2,6}->d_{1,2,3,6}, d_{1,3,2,7}->d_{1,2,3,7}, d_{1,3,2,8}->d_{1,2,3,8}, d_{1,3,4,5}->d_{1,2,4,5}, d_{1,3,4,6}->d_{1,2,4,6}, d_{1,3,4,7}->d_{1,2,4,7}, d_{1,3,4,8}->d_{1,2,4,8}, d_{1,3,5,6}->d_{1,2,5,6}, d_{1,3,5,7}->d_{1,2,5,7}, d_{1,3,5,8}->d_{1,2,5,8}, d_{1,3,6,7}->d_{1,2,6,7}, d_{1,3,6,8}->d_{1,2,6,8}, d_{1,3,7,8}->d_{1,2,7,8}, d_{1,4,0,2}->d_{1,4,0,3}, d_{1,4,0,3}->d_{1,4,0,2}, d_{1,4,2,5}->d_{1,4,3,5}, d_{1,4,2,6}->d_{1,4,3,6}, d_{1,4,2,7}->d_{1,4,3,7}, d_{1,4,2,8}->d_{1,4,3,8}, d_{1,4,3,5}->d_{1,4,2,5}, d_{1,4,3,6}->d_{1,4,2,6}, d_{1,4,3,7}->d_{1,4,2,7}, d_{1,4,3,8}->d_{1,4,2,8}, d_{1,5,0,2}->d_{1,5,0,3}, d_{1,5,0,3}->d_{1,5,0,2}, d_{1,5,2,4}->d_{1,5,3,4}, d_{1,5,2,6}->d_{1,5,3,6}, d_{1,5,2,7}->d_{1,5,3,7}, d_{1,5,2,8}->d_{1,5,3,8}, d_{1,5,3,4}->d_{1,5,2,4}, d_{1,5,3,6}->d_{1,5,2,6}, d_{1,5,3,7}->d_{1,5,2,7}, d_{1,5,3,8}->d_{1,5,2,8}, d_{1,6,0,2}->d_{1,6,0,3}, d_{1,6,0,3}->d_{1,6,0,2}, d_{1,6,2,4}->d_{1,6,3,4}, d_{1,6,2,5}->d_{1,6,3,5}, d_{1,6,2,7}->d_{1,6,3,7}, d_{1,6,2,8}->d_{1,6,3,8}, d_{1,6,3,4}->d_{1,6,2,4}, d_{1,6,3,5}->d_{1,6,2,5}, d_{1,6,3,7}->d_{1,6,2,7}, d_{1,6,3,8}->d_{1,6,2,8}, d_{1,7,0,2}->d_{1,7,0,3}, d_{1,7,0,3}->d_{1,7,0,2}, d_{1,7,2,4}->d_{1,7,3,4}, d_{1,7,2,5}->d_{1,7,3,5}, d_{1,7,2,6}->d_{1,7,3,6}, d_{1,7,2,8}->d_{1,7,3,8}, d_{1,7,3,4}->d_{1,7,2,4}, d_{1,7,3,5}->d_{1,7,2,5}, d_{1,7,3,6}->d_{1,7,2,6}, d_{1,7,3,8}->d_{1,7,2,8}, d_{1,8,0,2}->d_{1,8,0,3}, d_{1,8,0,3}->d_{1,8,0,2}, d_{1,8,2,4}->d_{1,8,3,4}, d_{1,8,2,5}->d_{1,8,3,5}, d_{1,8,2,6}->d_{1,8,3,6}, d_{1,8,2,7}->d_{1,8,3,7}, d_{1,8,3,4}->d_{1,8,2,4}, d_{1,8,3,5}->d_{1,8,2,5}, d_{1,8,3,6}->d_{1,8,2,6}, d_{1,8,3,7}->d_{1,8,2,7}, d_{2,4,0,1}->d_{3,4,0,1}, d_{2,4,0,3}->d_{3,4,0,2}, d_{2,4,0,5}->d_{3,4,0,5}, d_{2,4,0,6}->d_{3,4,0,6}, d_{2,4,0,7}->d_{3,4,0,7}, d_{2,4,0,8}->d_{3,4,0,8}, d_{2,4,1,3}->d_{3,4,1,2}, d_{2,4,1,5}->d_{3,4,1,5}, d_{2,4,1,6}->d_{3,4,1,6}, d_{2,4,1,7}->d_{3,4,1,7}, d_{2,4,1,8}->d_{3,4,1,8}, d_{2,4,3,5}->d_{3,4,2,5}, d_{2,4,3,6}->d_{3,4,2,6}, d_{2,4,3,7}->d_{3,4,2,7}, d_{2,4,3,8}->d_{3,4,2,8}, d_{2,4,5,6}->d_{3,4,5,6}, d_{2,4,5,7}->d_{3,4,5,7}, d_{2,4,5,8}->d_{3,4,5,8}, d_{2,4,6,7}->d_{3,4,6,7}, d_{2,4,6,8}->d_{3,4,6,8}, d_{2,4,7,8}->d_{3,4,7,8}, d_{2,5,0,1}->d_{3,5,0,1}, d_{2,5,0,3}->d_{3,5,0,2}, d_{2,5,0,4}->d_{3,5,0,4}, d_{2,5,0,6}->d_{3,5,0,6}, d_{2,5,0,7}->d_{3,5,0,7}, d_{2,5,0,8}->d_{3,5,0,8}, d_{2,5,1,3}->d_{3,5,1,2}, d_{2,5,1,4}->d_{3,5,1,4}, d_{2,5,1,6}->d_{3,5,1,6}, d_{2,5,1,7}->d_{3,5,1,7}, d_{2,5,1,8}->d_{3,5,1,8}, d_{2,5,3,4}->d_{3,5,2,4}, d_{2,5,3,6}->d_{3,5,2,6}, d_{2,5,3,7}->d_{3,5,2,7}, d_{2,5,3,8}->d_{3,5,2,8}, d_{2,5,4,6}->d_{3,5,4,6}, d_{2,5,4,7}->d_{3,5,4,7}, d_{2,5,4,8}->d_{3,5,4,8}, d_{2,5,6,7}->d_{3,5,6,7}, d_{2,5,6,8}->d_{3,5,6,8}, d_{2,5,7,8}->d_{3,5,7,8}, d_{2,6,0,1}->d_{3,6,0,1}, d_{2,6,0,3}->d_{3,6,0,2}, d_{2,6,0,4}->d_{3,6,0,4}, d_{2,6,0,5}->d_{3,6,0,5}, d_{2,6,0,7}->d_{3,6,0,7}, d_{2,6,0,8}->d_{3,6,0,8}, d_{2,6,1,3}->d_{3,6,1,2}, d_{2,6,1,4}->d_{3,6,1,4}, d_{2,6,1,5}->d_{3,6,1,5}, d_{2,6,1,7}->d_{3,6,1,7}, d_{2,6,1,8}->d_{3,6,1,8}, d_{2,6,3,4}->d_{3,6,2,4}, d_{2,6,3,5}->d_{3,6,2,5}, d_{2,6,3,7}->d_{3,6,2,7}, d_{2,6,3,8}->d_{3,6,2,8}, d_{2,6,4,5}->d_{3,6,4,5}, d_{2,6,4,7}->d_{3,6,4,7}, d_{2,6,4,8}->d_{3,6,4,8}, d_{2,6,5,7}->d_{3,6,5,7}, d_{2,6,5,8}->d_{3,6,5,8}, d_{2,6,7,8}->d_{3,6,7,8}, d_{2,7,0,1}->d_{3,7,0,1}, d_{2,7,0,3}->d_{3,7,0,2}, d_{2,7,0,4}->d_{3,7,0,4}, d_{2,7,0,5}->d_{3,7,0,5}, d_{2,7,0,6}->d_{3,7,0,6}, d_{2,7,0,8}->d_{3,7,0,8}, d_{2,7,1,3}->d_{3,7,1,2}, d_{2,7,1,4}->d_{3,7,1,4}, d_{2,7,1,5}->d_{3,7,1,5}, d_{2,7,1,6}->d_{3,7,1,6}, d_{2,7,1,8}->d_{3,7,1,8}, d_{2,7,3,4}->d_{3,7,2,4}, d_{2,7,3,5}->d_{3,7,2,5}, d_{2,7,3,6}->d_{3,7,2,6}, d_{2,7,3,8}->d_{3,7,2,8}, d_{2,7,4,5}->d_{3,7,4,5}, d_{2,7,4,6}->d_{3,7,4,6}, d_{2,7,4,8}->d_{3,7,4,8}, d_{2,7,5,6}->d_{3,7,5,6}, d_{2,7,5,8}->d_{3,7,5,8}, d_{2,7,6,8}->d_{3,7,6,8}, d_{2,8,0,1}->d_{3,8,0,1}, d_{2,8,0,3}->d_{3,8,0,2}, d_{2,8,0,4}->d_{3,8,0,4}, d_{2,8,0,5}->d_{3,8,0,5}, d_{2,8,0,6}->d_{3,8,0,6}, d_{2,8,0,7}->d_{3,8,0,7}, d_{2,8,1,3}->d_{3,8,1,2}, d_{2,8,1,4}->d_{3,8,1,4}, d_{2,8,1,5}->d_{3,8,1,5}, d_{2,8,1,6}->d_{3,8,1,6}, d_{2,8,1,7}->d_{3,8,1,7}, d_{2,8,3,4}->d_{3,8,2,4}, d_{2,8,3,5}->d_{3,8,2,5}, d_{2,8,3,6}->d_{3,8,2,6}, d_{2,8,3,7}->d_{3,8,2,7}, d_{2,8,4,5}->d_{3,8,4,5}, d_{2,8,4,6}->d_{3,8,4,6}, d_{2,8,4,7}->d_{3,8,4,7}, d_{2,8,5,6}->d_{3,8,5,6}, d_{2,8,5,7}->d_{3,8,5,7}, d_{2,8,6,7}->d_{3,8,6,7}, d_{3,4,0,1}->d_{2,4,0,1}, d_{3,4,0,2}->d_{2,4,0,3}, d_{3,4,0,5}->d_{2,4,0,5}, d_{3,4,0,6}->d_{2,4,0,6}, d_{3,4,0,7}->d_{2,4,0,7}, d_{3,4,0,8}->d_{2,4,0,8}, d_{3,4,1,2}->d_{2,4,1,3}, d_{3,4,1,5}->d_{2,4,1,5}, d_{3,4,1,6}->d_{2,4,1,6}, d_{3,4,1,7}->d_{2,4,1,7}, d_{3,4,1,8}->d_{2,4,1,8}, d_{3,4,2,5}->d_{2,4,3,5}, d_{3,4,2,6}->d_{2,4,3,6}, d_{3,4,2,7}->d_{2,4,3,7}, d_{3,4,2,8}->d_{2,4,3,8}, d_{3,4,5,6}->d_{2,4,5,6}, d_{3,4,5,7}->d_{2,4,5,7}, d_{3,4,5,8}->d_{2,4,5,8}, d_{3,4,6,7}->d_{2,4,6,7}, d_{3,4,6,8}->d_{2,4,6,8}, d_{3,4,7,8}->d_{2,4,7,8}, d_{3,5,0,1}->d_{2,5,0,1}, d_{3,5,0,2}->d_{2,5,0,3}, d_{3,5,0,4}->d_{2,5,0,4}, d_{3,5,0,6}->d_{2,5,0,6}, d_{3,5,0,7}->d_{2,5,0,7}, d_{3,5,0,8}->d_{2,5,0,8}, d_{3,5,1,2}->d_{2,5,1,3}, d_{3,5,1,4}->d_{2,5,1,4}, d_{3,5,1,6}->d_{2,5,1,6}, d_{3,5,1,7}->d_{2,5,1,7}, d_{3,5,1,8}->d_{2,5,1,8}, d_{3,5,2,4}->d_{2,5,3,4}, d_{3,5,2,6}->d_{2,5,3,6}, d_{3,5,2,7}->d_{2,5,3,7}, d_{3,5,2,8}->d_{2,5,3,8}, d_{3,5,4,6}->d_{2,5,4,6}, d_{3,5,4,7}->d_{2,5,4,7}, d_{3,5,4,8}->d_{2,5,4,8}, d_{3,5,6,7}->d_{2,5,6,7}, d_{3,5,6,8}->d_{2,5,6,8}, d_{3,5,7,8}->d_{2,5,7,8}, d_{3,6,0,1}->d_{2,6,0,1}, d_{3,6,0,2}->d_{2,6,0,3}, d_{3,6,0,4}->d_{2,6,0,4}, d_{3,6,0,5}->d_{2,6,0,5}, d_{3,6,0,7}->d_{2,6,0,7}, d_{3,6,0,8}->d_{2,6,0,8}, d_{3,6,1,2}->d_{2,6,1,3}, d_{3,6,1,4}->d_{2,6,1,4}, d_{3,6,1,5}->d_{2,6,1,5}, d_{3,6,1,7}->d_{2,6,1,7}, d_{3,6,1,8}->d_{2,6,1,8}, d_{3,6,2,4}->d_{2,6,3,4}, d_{3,6,2,5}->d_{2,6,3,5}, d_{3,6,2,7}->d_{2,6,3,7}, d_{3,6,2,8}->d_{2,6,3,8}, d_{3,6,4,5}->d_{2,6,4,5}, d_{3,6,4,7}->d_{2,6,4,7}, d_{3,6,4,8}->d_{2,6,4,8}, d_{3,6,5,7}->d_{2,6,5,7}, d_{3,6,5,8}->d_{2,6,5,8}, d_{3,6,7,8}->d_{2,6,7,8}, d_{3,7,0,1}->d_{2,7,0,1}, d_{3,7,0,2}->d_{2,7,0,3}, d_{3,7,0,4}->d_{2,7,0,4}, d_{3,7,0,5}->d_{2,7,0,5}, d_{3,7,0,6}->d_{2,7,0,6}, d_{3,7,0,8}->d_{2,7,0,8}, d_{3,7,1,2}->d_{2,7,1,3}, d_{3,7,1,4}->d_{2,7,1,4}, d_{3,7,1,5}->d_{2,7,1,5}, d_{3,7,1,6}->d_{2,7,1,6}, d_{3,7,1,8}->d_{2,7,1,8}, d_{3,7,2,4}->d_{2,7,3,4}, d_{3,7,2,5}->d_{2,7,3,5}, d_{3,7,2,6}->d_{2,7,3,6}, d_{3,7,2,8}->d_{2,7,3,8}, d_{3,7,4,5}->d_{2,7,4,5}, d_{3,7,4,6}->d_{2,7,4,6}, d_{3,7,4,8}->d_{2,7,4,8}, d_{3,7,5,6}->d_{2,7,5,6}, d_{3,7,5,8}->d_{2,7,5,8}, d_{3,7,6,8}->d_{2,7,6,8}, d_{3,8,0,1}->d_{2,8,0,1}, d_{3,8,0,2}->d_{2,8,0,3}, d_{3,8,0,4}->d_{2,8,0,4}, d_{3,8,0,5}->d_{2,8,0,5}, d_{3,8,0,6}->d_{2,8,0,6}, d_{3,8,0,7}->d_{2,8,0,7}, d_{3,8,1,2}->d_{2,8,1,3}, d_{3,8,1,4}->d_{2,8,1,4}, d_{3,8,1,5}->d_{2,8,1,5}, d_{3,8,1,6}->d_{2,8,1,6}, d_{3,8,1,7}->d_{2,8,1,7}, d_{3,8,2,4}->d_{2,8,3,4}, d_{3,8,2,5}->d_{2,8,3,5}, d_{3,8,2,6}->d_{2,8,3,6}, d_{3,8,2,7}->d_{2,8,3,7}, d_{3,8,4,5}->d_{2,8,4,5}, d_{3,8,4,6}->d_{2,8,4,6}, d_{3,8,4,7}->d_{2,8,4,7}, d_{3,8,5,6}->d_{2,8,5,6}, d_{3,8,5,7}->d_{2,8,5,7}, d_{3,8,6,7}->d_{2,8,6,7}, d_{4,5,0,2}->d_{4,5,0,3}, d_{4,5,0,3}->d_{4,5,0,2}, d_{4,5,1,2}->d_{4,5,1,3}, d_{4,5,1,3}->d_{4,5,1,2}, d_{4,5,2,6}->d_{4,5,3,6}, d_{4,5,2,7}->d_{4,5,3,7}, d_{4,5,2,8}->d_{4,5,3,8}, d_{4,5,3,6}->d_{4,5,2,6}, d_{4,5,3,7}->d_{4,5,2,7}, d_{4,5,3,8}->d_{4,5,2,8}, d_{4,6,0,2}->d_{4,6,0,3}, d_{4,6,0,3}->d_{4,6,0,2}, d_{4,6,1,2}->d_{4,6,1,3}, d_{4,6,1,3}->d_{4,6,1,2}, d_{4,6,2,5}->d_{4,6,3,5}, d_{4,6,2,7}->d_{4,6,3,7}, d_{4,6,2,8}->d_{4,6,3,8}, d_{4,6,3,5}->d_{4,6,2,5}, d_{4,6,3,7}->d_{4,6,2,7}, d_{4,6,3,8}->d_{4,6,2,8}, d_{4,7,0,2}->d_{4,7,0,3}, d_{4,7,0,3}->d_{4,7,0,2}, d_{4,7,1,2}->d_{4,7,1,3}, d_{4,7,1,3}->d_{4,7,1,2}, d_{4,7,2,5}->d_{4,7,3,5}, d_{4,7,2,6}->d_{4,7,3,6}, d_{4,7,2,8}->d_{4,7,3,8}, d_{4,7,3,5}->d_{4,7,2,5}, d_{4,7,3,6}->d_{4,7,2,6}, d_{4,7,3,8}->d_{4,7,2,8}, d_{4,8,0,2}->d_{4,8,0,3}, d_{4,8,0,3}->d_{4,8,0,2}, d_{4,8,1,2}->d_{4,8,1,3}, d_{4,8,1,3}->d_{4,8,1,2}, d_{4,8,2,5}->d_{4,8,3,5}, d_{4,8,2,6}->d_{4,8,3,6}, d_{4,8,2,7}->d_{4,8,3,7}, d_{4,8,3,5}->d_{4,8,2,5}, d_{4,8,3,6}->d_{4,8,2,6}, d_{4,8,3,7}->d_{4,8,2,7}, d_{5,6,0,2}->d_{5,6,0,3}, d_{5,6,0,3}->d_{5,6,0,2}, d_{5,6,1,2}->d_{5,6,1,3}, d_{5,6,1,3}->d_{5,6,1,2}, d_{5,6,2,4}->d_{5,6,3,4}, d_{5,6,2,7}->d_{5,6,3,7}, d_{5,6,2,8}->d_{5,6,3,8}, d_{5,6,3,4}->d_{5,6,2,4}, d_{5,6,3,7}->d_{5,6,2,7}, d_{5,6,3,8}->d_{5,6,2,8}, d_{5,7,0,2}->d_{5,7,0,3}, d_{5,7,0,3}->d_{5,7,0,2}, d_{5,7,1,2}->d_{5,7,1,3}, d_{5,7,1,3}->d_{5,7,1,2}, d_{5,7,2,4}->d_{5,7,3,4}, d_{5,7,2,6}->d_{5,7,3,6}, d_{5,7,2,8}->d_{5,7,3,8}, d_{5,7,3,4}->d_{5,7,2,4}, d_{5,7,3,6}->d_{5,7,2,6}, d_{5,7,3,8}->d_{5,7,2,8}, d_{5,8,0,2}->d_{5,8,0,3}, d_{5,8,0,3}->d_{5,8,0,2}, d_{5,8,1,2}->d_{5,8,1,3}, d_{5,8,1,3}->d_{5,8,1,2}, d_{5,8,2,4}->d_{5,8,3,4}, d_{5,8,2,6}->d_{5,8,3,6}, d_{5,8,2,7}->d_{5,8,3,7}, d_{5,8,3,4}->d_{5,8,2,4}, d_{5,8,3,6}->d_{5,8,2,6}, d_{5,8,3,7}->d_{5,8,2,7}, d_{6,7,0,2}->d_{6,7,0,3}, d_{6,7,0,3}->d_{6,7,0,2}, d_{6,7,1,2}->d_{6,7,1,3}, d_{6,7,1,3}->d_{6,7,1,2}, d_{6,7,2,4}->d_{6,7,3,4}, d_{6,7,2,5}->d_{6,7,3,5}, d_{6,7,2,8}->d_{6,7,3,8}, d_{6,7,3,4}->d_{6,7,2,4}, d_{6,7,3,5}->d_{6,7,2,5}, d_{6,7,3,8}->d_{6,7,2,8}, d_{6,8,0,2}->d_{6,8,0,3}, d_{6,8,0,3}->d_{6,8,0,2}, d_{6,8,1,2}->d_{6,8,1,3}, d_{6,8,1,3}->d_{6,8,1,2}, d_{6,8,2,4}->d_{6,8,3,4}, d_{6,8,2,5}->d_{6,8,3,5}, d_{6,8,2,7}->d_{6,8,3,7}, d_{6,8,3,4}->d_{6,8,2,4}, d_{6,8,3,5}->d_{6,8,2,5}, d_{6,8,3,7}->d_{6,8,2,7}, d_{7,8,0,2}->d_{7,8,0,3}, d_{7,8,0,3}->d_{7,8,0,2}, d_{7,8,1,2}->d_{7,8,1,3}, d_{7,8,1,3}->d_{7,8,1,2}, d_{7,8,2,4}->d_{7,8,3,4}, d_{7,8,2,5}->d_{7,8,3,5}, d_{7,8,2,6}->d_{7,8,3,6}, d_{7,8,3,4}->d_{7,8,2,4}, d_{7,8,3,5}->d_{7,8,2,5}, d_{7,8,3,6}->d_{7,8,2,6}

Permutation #2:
  Bonds: r_{0,2}->r_{0,4}, r_{0,4}->r_{0,2}, r_{1,2}->r_{1,4}, r_{1,4}->r_{1,2}, r_{2,3}->r_{3,4}, r_{2,5}->r_{4,5}, r_{2,6}->r_{4,6}, r_{2,7}->r_{4,7}, r_{2,8}->r_{4,8}, r_{3,4}->r_{2,3}, r_{4,5}->r_{2,5}, r_{4,6}->r_{2,6}, r_{4,7}->r_{2,7}, r_{4,8}->r_{2,8}
  Angles: theta^{0}_{1,2}->theta^{0}_{1,4}, theta^{0}_{1,4}->theta^{0}_{1,2}, theta^{0}_{2,3}->theta^{0}_{3,4}, theta^{0}_{2,5}->theta^{0}_{4,5}, theta^{0}_{2,6}->theta^{0}_{4,6}, theta^{0}_{2,7}->theta^{0}_{4,7}, theta^{0}_{2,8}->theta^{0}_{4,8}, theta^{0}_{3,4}->theta^{0}_{2,3}, theta^{0}_{4,5}->theta^{0}_{2,5}, theta^{0}_{4,6}->theta^{0}_{2,6}, theta^{0}_{4,7}->theta^{0}_{2,7}, theta^{0}_{4,8}->theta^{0}_{2,8}, theta^{1}_{0,2}->theta^{1}_{0,4}, theta^{1}_{0,4}->theta^{1}_{0,2}, theta^{1}_{2,3}->theta^{1}_{3,4}, theta^{1}_{2,5}->theta^{1}_{4,5}, theta^{1}_{2,6}->theta^{1}_{4,6}, theta^{1}_{2,7}->theta^{1}_{4,7}, theta^{1}_{2,8}->theta^{1}_{4,8}, theta^{1}_{3,4}->theta^{1}_{2,3}, theta^{1}_{4,5}->theta^{1}_{2,5}, theta^{1}_{4,6}->theta^{1}_{2,6}, theta^{1}_{4,7}->theta^{1}_{2,7}, theta^{1}_{4,8}->theta^{1}_{2,8}, theta^{2}_{0,1}->theta^{4}_{0,1}, theta^{2}_{0,3}->theta^{4}_{0,3}, theta^{2}_{0,4}->theta^{4}_{0,2}, theta^{2}_{0,5}->theta^{4}_{0,5}, theta^{2}_{0,6}->theta^{4}_{0,6}, theta^{2}_{0,7}->theta^{4}_{0,7}, theta^{2}_{0,8}->theta^{4}_{0,8}, theta^{2}_{1,3}->theta^{4}_{1,3}, theta^{2}_{1,4}->theta^{4}_{1,2}, theta^{2}_{1,5}->theta^{4}_{1,5}, theta^{2}_{1,6}->theta^{4}_{1,6}, theta^{2}_{1,7}->theta^{4}_{1,7}, theta^{2}_{1,8}->theta^{4}_{1,8}, theta^{2}_{3,4}->theta^{4}_{2,3}, theta^{2}_{3,5}->theta^{4}_{3,5}, theta^{2}_{3,6}->theta^{4}_{3,6}, theta^{2}_{3,7}->theta^{4}_{3,7}, theta^{2}_{3,8}->theta^{4}_{3,8}, theta^{2}_{4,5}->theta^{4}_{2,5}, theta^{2}_{4,6}->theta^{4}_{2,6}, theta^{2}_{4,7}->theta^{4}_{2,7}, theta^{2}_{4,8}->theta^{4}_{2,8}, theta^{2}_{5,6}->theta^{4}_{5,6}, theta^{2}_{5,7}->theta^{4}_{5,7}, theta^{2}_{5,8}->theta^{4}_{5,8}, theta^{2}_{6,7}->theta^{4}_{6,7}, theta^{2}_{6,8}->theta^{4}_{6,8}, theta^{2}_{7,8}->theta^{4}_{7,8}, theta^{3}_{0,2}->theta^{3}_{0,4}, theta^{3}_{0,4}->theta^{3}_{0,2}, theta^{3}_{1,2}->theta^{3}_{1,4}, theta^{3}_{1,4}->theta^{3}_{1,2}, theta^{3}_{2,5}->theta^{3}_{4,5}, theta^{3}_{2,6}->theta^{3}_{4,6}, theta^{3}_{2,7}->theta^{3}_{4,7}, theta^{3}_{2,8}->theta^{3}_{4,8}, theta^{3}_{4,5}->theta^{3}_{2,5}, theta^{3}_{4,6}->theta^{3}_{2,6}, theta^{3}_{4,7}->theta^{3}_{2,7}, theta^{3}_{4,8}->theta^{3}_{2,8}, theta^{4}_{0,1}->theta^{2}_{0,1}, theta^{4}_{0,2}->theta^{2}_{0,4}, theta^{4}_{0,3}->theta^{2}_{0,3}, theta^{4}_{0,5}->theta^{2}_{0,5}, theta^{4}_{0,6}->theta^{2}_{0,6}, theta^{4}_{0,7}->theta^{2}_{0,7}, theta^{4}_{0,8}->theta^{2}_{0,8}, theta^{4}_{1,2}->theta^{2}_{1,4}, theta^{4}_{1,3}->theta^{2}_{1,3}, theta^{4}_{1,5}->theta^{2}_{1,5}, theta^{4}_{1,6}->theta^{2}_{1,6}, theta^{4}_{1,7}->theta^{2}_{1,7}, theta^{4}_{1,8}->theta^{2}_{1,8}, theta^{4}_{2,3}->theta^{2}_{3,4}, theta^{4}_{2,5}->theta^{2}_{4,5}, theta^{4}_{2,6}->theta^{2}_{4,6}, theta^{4}_{2,7}->theta^{2}_{4,7}, theta^{4}_{2,8}->theta^{2}_{4,8}, theta^{4}_{3,5}->theta^{2}_{3,5}, theta^{4}_{3,6}->theta^{2}_{3,6}, theta^{4}_{3,7}->theta^{2}_{3,7}, theta^{4}_{3,8}->theta^{2}_{3,8}, theta^{4}_{5,6}->theta^{2}_{5,6}, theta^{4}_{5,7}->theta^{2}_{5,7}, theta^{4}_{5,8}->theta^{2}_{5,8}, theta^{4}_{6,7}->theta^{2}_{6,7}, theta^{4}_{6,8}->theta^{2}_{6,8}, theta^{4}_{7,8}->theta^{2}_{7,8}, theta^{5}_{0,2}->theta^{5}_{0,4}, theta^{5}_{0,4}->theta^{5}_{0,2}, theta^{5}_{1,2}->theta^{5}_{1,4}, theta^{5}_{1,4}->theta^{5}_{1,2}, theta^{5}_{2,3}->theta^{5}_{3,4}, theta^{5}_{2,6}->theta^{5}_{4,6}, theta^{5}_{2,7}->theta^{5}_{4,7}, theta^{5}_{2,8}->theta^{5}_{4,8}, theta^{5}_{3,4}->theta^{5}_{2,3}, theta^{5}_{4,6}->theta^{5}_{2,6}, theta^{5}_{4,7}->theta^{5}_{2,7}, theta^{5}_{4,8}->theta^{5}_{2,8}, theta^{6}_{0,2}->theta^{6}_{0,4}, theta^{6}_{0,4}->theta^{6}_{0,2}, theta^{6}_{1,2}->theta^{6}_{1,4}, theta^{6}_{1,4}->theta^{6}_{1,2}, theta^{6}_{2,3}->theta^{6}_{3,4}, theta^{6}_{2,5}->theta^{6}_{4,5}, theta^{6}_{2,7}->theta^{6}_{4,7}, theta^{6}_{2,8}->theta^{6}_{4,8}, theta^{6}_{3,4}->theta^{6}_{2,3}, theta^{6}_{4,5}->theta^{6}_{2,5}, theta^{6}_{4,7}->theta^{6}_{2,7}, theta^{6}_{4,8}->theta^{6}_{2,8}, theta^{7}_{0,2}->theta^{7}_{0,4}, theta^{7}_{0,4}->theta^{7}_{0,2}, theta^{7}_{1,2}->theta^{7}_{1,4}, theta^{7}_{1,4}->theta^{7}_{1,2}, theta^{7}_{2,3}->theta^{7}_{3,4}, theta^{7}_{2,5}->theta^{7}_{4,5}, theta^{7}_{2,6}->theta^{7}_{4,6}, theta^{7}_{2,8}->theta^{7}_{4,8}, theta^{7}_{3,4}->theta^{7}_{2,3}, theta^{7}_{4,5}->theta^{7}_{2,5}, theta^{7}_{4,6}->theta^{7}_{2,6}, theta^{7}_{4,8}->theta^{7}_{2,8}, theta^{8}_{0,2}->theta^{8}_{0,4}, theta^{8}_{0,4}->theta^{8}_{0,2}, theta^{8}_{1,2}->theta^{8}_{1,4}, theta^{8}_{1,4}->theta^{8}_{1,2}, theta^{8}_{2,3}->theta^{8}_{3,4}, theta^{8}_{2,5}->theta^{8}_{4,5}, theta^{8}_{2,6}->theta^{8}_{4,6}, theta^{8}_{2,7}->theta^{8}_{4,7}, theta^{8}_{3,4}->theta^{8}_{2,3}, theta^{8}_{4,5}->theta^{8}_{2,5}, theta^{8}_{4,6}->theta^{8}_{2,6}, theta^{8}_{4,7}->theta^{8}_{2,7}
  Dihedrals: d_{0,1,2,3}->d_{0,1,3,4}, d_{0,1,2,5}->d_{0,1,4,5}, d_{0,1,2,6}->d_{0,1,4,6}, d_{0,1,2,7}->d_{0,1,4,7}, d_{0,1,2,8}->d_{0,1,4,8}, d_{0,1,3,4}->d_{0,1,2,3}, d_{0,1,4,5}->d_{0,1,2,5}, d_{0,1,4,6}->d_{0,1,2,6}, d_{0,1,4,7}->d_{0,1,2,7}, d_{0,1,4,8}->d_{0,1,2,8}, d_{0,2,1,3}->d_{0,4,1,3}, d_{0,2,1,4}->d_{0,4,1,2}, d_{0,2,1,5}->d_{0,4,1,5}, d_{0,2,1,6}->d_{0,4,1,6}, d_{0,2,1,7}->d_{0,4,1,7}, d_{0,2,1,8}->d_{0,4,1,8}, d_{0,2,3,4}->d_{0,4,2,3}, d_{0,2,3,5}->d_{0,4,3,5}, d_{0,2,3,6}->d_{0,4,3,6}, d_{0,2,3,7}->d_{0,4,3,7}, d_{0,2,3,8}->d_{0,4,3,8}, d_{0,2,4,5}->d_{0,4,2,5}, d_{0,2,4,6}->d_{0,4,2,6}, d_{0,2,4,7}->d_{0,4,2,7}, d_{0,2,4,8}->d_{0,4,2,8}, d_{0,2,5,6}->d_{0,4,5,6}, d_{0,2,5,7}->d_{0,4,5,7}, d_{0,2,5,8}->d_{0,4,5,8}, d_{0,2,6,7}->d_{0,4,6,7}, d_{0,2,6,8}->d_{0,4,6,8}, d_{0,2,7,8}->d_{0,4,7,8}, d_{0,3,1,2}->d_{0,3,1,4}, d_{0,3,1,4}->d_{0,3,1,2}, d_{0,3,2,5}->d_{0,3,4,5}, d_{0,3,2,6}->d_{0,3,4,6}, d_{0,3,2,7}->d_{0,3,4,7}, d_{0,3,2,8}->d_{0,3,4,8}, d_{0,3,4,5}->d_{0,3,2,5}, d_{0,3,4,6}->d_{0,3,2,6}, d_{0,3,4,7}->d_{0,3,2,7}, d_{0,3,4,8}->d_{0,3,2,8}, d_{0,4,1,2}->d_{0,2,1,4}, d_{0,4,1,3}->d_{0,2,1,3}, d_{0,4,1,5}->d_{0,2,1,5}, d_{0,4,1,6}->d_{0,2,1,6}, d_{0,4,1,7}->d_{0,2,1,7}, d_{0,4,1,8}->d_{0,2,1,8}, d_{0,4,2,3}->d_{0,2,3,4}, d_{0,4,2,5}->d_{0,2,4,5}, d_{0,4,2,6}->d_{0,2,4,6}, d_{0,4,2,7}->d_{0,2,4,7}, d_{0,4,2,8}->d_{0,2,4,8}, d_{0,4,3,5}->d_{0,2,3,5}, d_{0,4,3,6}->d_{0,2,3,6}, d_{0,4,3,7}->d_{0,2,3,7}, d_{0,4,3,8}->d_{0,2,3,8}, d_{0,4,5,6}->d_{0,2,5,6}, d_{0,4,5,7}->d_{0,2,5,7}, d_{0,4,5,8}->d_{0,2,5,8}, d_{0,4,6,7}->d_{0,2,6,7}, d_{0,4,6,8}->d_{0,2,6,8}, d_{0,4,7,8}->d_{0,2,7,8}, d_{0,5,1,2}->d_{0,5,1,4}, d_{0,5,1,4}->d_{0,5,1,2}, d_{0,5,2,3}->d_{0,5,3,4}, d_{0,5,2,6}->d_{0,5,4,6}, d_{0,5,2,7}->d_{0,5,4,7}, d_{0,5,2,8}->d_{0,5,4,8}, d_{0,5,3,4}->d_{0,5,2,3}, d_{0,5,4,6}->d_{0,5,2,6}, d_{0,5,4,7}->d_{0,5,2,7}, d_{0,5,4,8}->d_{0,5,2,8}, d_{0,6,1,2}->d_{0,6,1,4}, d_{0,6,1,4}->d_{0,6,1,2}, d_{0,6,2,3}->d_{0,6,3,4}, d_{0,6,2,5}->d_{0,6,4,5}, d_{0,6,2,7}->d_{0,6,4,7}, d_{0,6,2,8}->d_{0,6,4,8}, d_{0,6,3,4}->d_{0,6,2,3}, d_{0,6,4,5}->d_{0,6,2,5}, d_{0,6,4,7}->d_{0,6,2,7}, d_{0,6,4,8}->d_{0,6,2,8}, d_{0,7,1,2}->d_{0,7,1,4}, d_{0,7,1,4}->d_{0,7,1,2}, d_{0,7,2,3}->d_{0,7,3,4}, d_{0,7,2,5}->d_{0,7,4,5}, d_{0,7,2,6}->d_{0,7,4,6}, d_{0,7,2,8}->d_{0,7,4,8}, d_{0,7,3,4}->d_{0,7,2,3}, d_{0,7,4,5}->d_{0,7,2,5}, d_{0,7,4,6}->d_{0,7,2,6}, d_{0,7,4,8}->d_{0,7,2,8}, d_{0,8,1,2}->d_{0,8,1,4}, d_{0,8,1,4}->d_{0,8,1,2}, d_{0,8,2,3}->d_{0,8,3,4}, d_{0,8,2,5}->d_{0,8,4,5}, d_{0,8,2,6}->d_{0,8,4,6}, d_{0,8,2,7}->d_{0,8,4,7}, d_{0,8,3,4}->d_{0,8,2,3}, d_{0,8,4,5}->d_{0,8,2,5}, d_{0,8,4,6}->d_{0,8,2,6}, d_{0,8,4,7}->d_{0,8,2,7}, d_{1,2,0,3}->d_{1,4,0,3}, d_{1,2,0,4}->d_{1,4,0,2}, d_{1,2,0,5}->d_{1,4,0,5}, d_{1,2,0,6}->d_{1,4,0,6}, d_{1,2,0,7}->d_{1,4,0,7}, d_{1,2,0,8}->d_{1,4,0,8}, d_{1,2,3,4}->d_{1,4,2,3}, d_{1,2,3,5}->d_{1,4,3,5}, d_{1,2,3,6}->d_{1,4,3,6}, d_{1,2,3,7}->d_{1,4,3,7}, d_{1,2,3,8}->d_{1,4,3,8}, d_{1,2,4,5}->d_{1,4,2,5}, d_{1,2,4,6}->d_{1,4,2,6}, d_{1,2,4,7}->d_{1,4,2,7}, d_{1,2,4,8}->d_{1,4,2,8}, d_{1,2,5,6}->d_{1,4,5,6}, d_{1,2,5,7}->d_{1,4,5,7}, d_{1,2,5,8}->d_{1,4,5,8}, d_{1,2,6,7}->d_{1,4,6,7}, d_{1,2,6,8}->d_{1,4,6,8}, d_{1,2,7,8}->d_{1,4,7,8}, d_{1,3,0,2}->d_{1,3,0,4}, d_{1,3,0,4}->d_{1,3,0,2}, d_{1,3,2,5}->d_{1,3,4,5}, d_{1,3,2,6}->d_{1,3,4,6}, d_{1,3,2,7}->d_{1,3,4,7}, d_{1,3,2,8}->d_{1,3,4,8}, d_{1,3,4,5}->d_{1,3,2,5}, d_{1,3,4,6}->d_{1,3,2,6}, d_{1,3,4,7}->d_{1,3,2,7}, d_{1,3,4,8}->d_{1,3,2,8}, d_{1,4,0,2}->d_{1,2,0,4}, d_{1,4,0,3}->d_{1,2,0,3}, d_{1,4,0,5}->d_{1,2,0,5}, d_{1,4,0,6}->d_{1,2,0,6}, d_{1,4,0,7}->d_{1,2,0,7}, d_{1,4,0,8}->d_{1,2,0,8}, d_{1,4,2,3}->d_{1,2,3,4}, d_{1,4,2,5}->d_{1,2,4,5}, d_{1,4,2,6}->d_{1,2,4,6}, d_{1,4,2,7}->d_{1,2,4,7}, d_{1,4,2,8}->d_{1,2,4,8}, d_{1,4,3,5}->d_{1,2,3,5}, d_{1,4,3,6}->d_{1,2,3,6}, d_{1,4,3,7}->d_{1,2,3,7}, d_{1,4,3,8}->d_{1,2,3,8}, d_{1,4,5,6}->d_{1,2,5,6}, d_{1,4,5,7}->d_{1,2,5,7}, d_{1,4,5,8}->d_{1,2,5,8}, d_{1,4,6,7}->d_{1,2,6,7}, d_{1,4,6,8}->d_{1,2,6,8}, d_{1,4,7,8}->d_{1,2,7,8}, d_{1,5,0,2}->d_{1,5,0,4}, d_{1,5,0,4}->d_{1,5,0,2}, d_{1,5,2,3}->d_{1,5,3,4}, d_{1,5,2,6}->d_{1,5,4,6}, d_{1,5,2,7}->d_{1,5,4,7}, d_{1,5,2,8}->d_{1,5,4,8}, d_{1,5,3,4}->d_{1,5,2,3}, d_{1,5,4,6}->d_{1,5,2,6}, d_{1,5,4,7}->d_{1,5,2,7}, d_{1,5,4,8}->d_{1,5,2,8}, d_{1,6,0,2}->d_{1,6,0,4}, d_{1,6,0,4}->d_{1,6,0,2}, d_{1,6,2,3}->d_{1,6,3,4}, d_{1,6,2,5}->d_{1,6,4,5}, d_{1,6,2,7}->d_{1,6,4,7}, d_{1,6,2,8}->d_{1,6,4,8}, d_{1,6,3,4}->d_{1,6,2,3}, d_{1,6,4,5}->d_{1,6,2,5}, d_{1,6,4,7}->d_{1,6,2,7}, d_{1,6,4,8}->d_{1,6,2,8}, d_{1,7,0,2}->d_{1,7,0,4}, d_{1,7,0,4}->d_{1,7,0,2}, d_{1,7,2,3}->d_{1,7,3,4}, d_{1,7,2,5}->d_{1,7,4,5}, d_{1,7,2,6}->d_{1,7,4,6}, d_{1,7,2,8}->d_{1,7,4,8}, d_{1,7,3,4}->d_{1,7,2,3}, d_{1,7,4,5}->d_{1,7,2,5}, d_{1,7,4,6}->d_{1,7,2,6}, d_{1,7,4,8}->d_{1,7,2,8}, d_{1,8,0,2}->d_{1,8,0,4}, d_{1,8,0,4}->d_{1,8,0,2}, d_{1,8,2,3}->d_{1,8,3,4}, d_{1,8,2,5}->d_{1,8,4,5}, d_{1,8,2,6}->d_{1,8,4,6}, d_{1,8,2,7}->d_{1,8,4,7}, d_{1,8,3,4}->d_{1,8,2,3}, d_{1,8,4,5}->d_{1,8,2,5}, d_{1,8,4,6}->d_{1,8,2,6}, d_{1,8,4,7}->d_{1,8,2,7}, d_{2,3,0,1}->d_{3,4,0,1}, d_{2,3,0,4}->d_{3,4,0,2}, d_{2,3,0,5}->d_{3,4,0,5}, d_{2,3,0,6}->d_{3,4,0,6}, d_{2,3,0,7}->d_{3,4,0,7}, d_{2,3,0,8}->d_{3,4,0,8}, d_{2,3,1,4}->d_{3,4,1,2}, d_{2,3,1,5}->d_{3,4,1,5}, d_{2,3,1,6}->d_{3,4,1,6}, d_{2,3,1,7}->d_{3,4,1,7}, d_{2,3,1,8}->d_{3,4,1,8}, d_{2,3,4,5}->d_{3,4,2,5}, d_{2,3,4,6}->d_{3,4,2,6}, d_{2,3,4,7}->d_{3,4,2,7}, d_{2,3,4,8}->d_{3,4,2,8}, d_{2,3,5,6}->d_{3,4,5,6}, d_{2,3,5,7}->d_{3,4,5,7}, d_{2,3,5,8}->d_{3,4,5,8}, d_{2,3,6,7}->d_{3,4,6,7}, d_{2,3,6,8}->d_{3,4,6,8}, d_{2,3,7,8}->d_{3,4,7,8}, d_{2,5,0,1}->d_{4,5,0,1}, d_{2,5,0,3}->d_{4,5,0,3}, d_{2,5,0,4}->d_{4,5,0,2}, d_{2,5,0,6}->d_{4,5,0,6}, d_{2,5,0,7}->d_{4,5,0,7}, d_{2,5,0,8}->d_{4,5,0,8}, d_{2,5,1,3}->d_{4,5,1,3}, d_{2,5,1,4}->d_{4,5,1,2}, d_{2,5,1,6}->d_{4,5,1,6}, d_{2,5,1,7}->d_{4,5,1,7}, d_{2,5,1,8}->d_{4,5,1,8}, d_{2,5,3,4}->d_{4,5,2,3}, d_{2,5,3,6}->d_{4,5,3,6}, d_{2,5,3,7}->d_{4,5,3,7}, d_{2,5,3,8}->d_{4,5,3,8}, d_{2,5,4,6}->d_{4,5,2,6}, d_{2,5,4,7}->d_{4,5,2,7}, d_{2,5,4,8}->d_{4,5,2,8}, d_{2,5,6,7}->d_{4,5,6,7}, d_{2,5,6,8}->d_{4,5,6,8}, d_{2,5,7,8}->d_{4,5,7,8}, d_{2,6,0,1}->d_{4,6,0,1}, d_{2,6,0,3}->d_{4,6,0,3}, d_{2,6,0,4}->d_{4,6,0,2}, d_{2,6,0,5}->d_{4,6,0,5}, d_{2,6,0,7}->d_{4,6,0,7}, d_{2,6,0,8}->d_{4,6,0,8}, d_{2,6,1,3}->d_{4,6,1,3}, d_{2,6,1,4}->d_{4,6,1,2}, d_{2,6,1,5}->d_{4,6,1,5}, d_{2,6,1,7}->d_{4,6,1,7}, d_{2,6,1,8}->d_{4,6,1,8}, d_{2,6,3,4}->d_{4,6,2,3}, d_{2,6,3,5}->d_{4,6,3,5}, d_{2,6,3,7}->d_{4,6,3,7}, d_{2,6,3,8}->d_{4,6,3,8}, d_{2,6,4,5}->d_{4,6,2,5}, d_{2,6,4,7}->d_{4,6,2,7}, d_{2,6,4,8}->d_{4,6,2,8}, d_{2,6,5,7}->d_{4,6,5,7}, d_{2,6,5,8}->d_{4,6,5,8}, d_{2,6,7,8}->d_{4,6,7,8}, d_{2,7,0,1}->d_{4,7,0,1}, d_{2,7,0,3}->d_{4,7,0,3}, d_{2,7,0,4}->d_{4,7,0,2}, d_{2,7,0,5}->d_{4,7,0,5}, d_{2,7,0,6}->d_{4,7,0,6}, d_{2,7,0,8}->d_{4,7,0,8}, d_{2,7,1,3}->d_{4,7,1,3}, d_{2,7,1,4}->d_{4,7,1,2}, d_{2,7,1,5}->d_{4,7,1,5}, d_{2,7,1,6}->d_{4,7,1,6}, d_{2,7,1,8}->d_{4,7,1,8}, d_{2,7,3,4}->d_{4,7,2,3}, d_{2,7,3,5}->d_{4,7,3,5}, d_{2,7,3,6}->d_{4,7,3,6}, d_{2,7,3,8}->d_{4,7,3,8}, d_{2,7,4,5}->d_{4,7,2,5}, d_{2,7,4,6}->d_{4,7,2,6}, d_{2,7,4,8}->d_{4,7,2,8}, d_{2,7,5,6}->d_{4,7,5,6}, d_{2,7,5,8}->d_{4,7,5,8}, d_{2,7,6,8}->d_{4,7,6,8}, d_{2,8,0,1}->d_{4,8,0,1}, d_{2,8,0,3}->d_{4,8,0,3}, d_{2,8,0,4}->d_{4,8,0,2}, d_{2,8,0,5}->d_{4,8,0,5}, d_{2,8,0,6}->d_{4,8,0,6}, d_{2,8,0,7}->d_{4,8,0,7}, d_{2,8,1,3}->d_{4,8,1,3}, d_{2,8,1,4}->d_{4,8,1,2}, d_{2,8,1,5}->d_{4,8,1,5}, d_{2,8,1,6}->d_{4,8,1,6}, d_{2,8,1,7}->d_{4,8,1,7}, d_{2,8,3,4}->d_{4,8,2,3}, d_{2,8,3,5}->d_{4,8,3,5}, d_{2,8,3,6}->d_{4,8,3,6}, d_{2,8,3,7}->d_{4,8,3,7}, d_{2,8,4,5}->d_{4,8,2,5}, d_{2,8,4,6}->d_{4,8,2,6}, d_{2,8,4,7}->d_{4,8,2,7}, d_{2,8,5,6}->d_{4,8,5,6}, d_{2,8,5,7}->d_{4,8,5,7}, d_{2,8,6,7}->d_{4,8,6,7}, d_{3,4,0,1}->d_{2,3,0,1}, d_{3,4,0,2}->d_{2,3,0,4}, d_{3,4,0,5}->d_{2,3,0,5}, d_{3,4,0,6}->d_{2,3,0,6}, d_{3,4,0,7}->d_{2,3,0,7}, d_{3,4,0,8}->d_{2,3,0,8}, d_{3,4,1,2}->d_{2,3,1,4}, d_{3,4,1,5}->d_{2,3,1,5}, d_{3,4,1,6}->d_{2,3,1,6}, d_{3,4,1,7}->d_{2,3,1,7}, d_{3,4,1,8}->d_{2,3,1,8}, d_{3,4,2,5}->d_{2,3,4,5}, d_{3,4,2,6}->d_{2,3,4,6}, d_{3,4,2,7}->d_{2,3,4,7}, d_{3,4,2,8}->d_{2,3,4,8}, d_{3,4,5,6}->d_{2,3,5,6}, d_{3,4,5,7}->d_{2,3,5,7}, d_{3,4,5,8}->d_{2,3,5,8}, d_{3,4,6,7}->d_{2,3,6,7}, d_{3,4,6,8}->d_{2,3,6,8}, d_{3,4,7,8}->d_{2,3,7,8}, d_{3,5,0,2}->d_{3,5,0,4}, d_{3,5,0,4}->d_{3,5,0,2}, d_{3,5,1,2}->d_{3,5,1,4}, d_{3,5,1,4}->d_{3,5,1,2}, d_{3,5,2,6}->d_{3,5,4,6}, d_{3,5,2,7}->d_{3,5,4,7}, d_{3,5,2,8}->d_{3,5,4,8}, d_{3,5,4,6}->d_{3,5,2,6}, d_{3,5,4,7}->d_{3,5,2,7}, d_{3,5,4,8}->d_{3,5,2,8}, d_{3,6,0,2}->d_{3,6,0,4}, d_{3,6,0,4}->d_{3,6,0,2}, d_{3,6,1,2}->d_{3,6,1,4}, d_{3,6,1,4}->d_{3,6,1,2}, d_{3,6,2,5}->d_{3,6,4,5}, d_{3,6,2,7}->d_{3,6,4,7}, d_{3,6,2,8}->d_{3,6,4,8}, d_{3,6,4,5}->d_{3,6,2,5}, d_{3,6,4,7}->d_{3,6,2,7}, d_{3,6,4,8}->d_{3,6,2,8}, d_{3,7,0,2}->d_{3,7,0,4}, d_{3,7,0,4}->d_{3,7,0,2}, d_{3,7,1,2}->d_{3,7,1,4}, d_{3,7,1,4}->d_{3,7,1,2}, d_{3,7,2,5}->d_{3,7,4,5}, d_{3,7,2,6}->d_{3,7,4,6}, d_{3,7,2,8}->d_{3,7,4,8}, d_{3,7,4,5}->d_{3,7,2,5}, d_{3,7,4,6}->d_{3,7,2,6}, d_{3,7,4,8}->d_{3,7,2,8}, d_{3,8,0,2}->d_{3,8,0,4}, d_{3,8,0,4}->d_{3,8,0,2}, d_{3,8,1,2}->d_{3,8,1,4}, d_{3,8,1,4}->d_{3,8,1,2}, d_{3,8,2,5}->d_{3,8,4,5}, d_{3,8,2,6}->d_{3,8,4,6}, d_{3,8,2,7}->d_{3,8,4,7}, d_{3,8,4,5}->d_{3,8,2,5}, d_{3,8,4,6}->d_{3,8,2,6}, d_{3,8,4,7}->d_{3,8,2,7}, d_{4,5,0,1}->d_{2,5,0,1}, d_{4,5,0,2}->d_{2,5,0,4}, d_{4,5,0,3}->d_{2,5,0,3}, d_{4,5,0,6}->d_{2,5,0,6}, d_{4,5,0,7}->d_{2,5,0,7}, d_{4,5,0,8}->d_{2,5,0,8}, d_{4,5,1,2}->d_{2,5,1,4}, d_{4,5,1,3}->d_{2,5,1,3}, d_{4,5,1,6}->d_{2,5,1,6}, d_{4,5,1,7}->d_{2,5,1,7}, d_{4,5,1,8}->d_{2,5,1,8}, d_{4,5,2,3}->d_{2,5,3,4}, d_{4,5,2,6}->d_{2,5,4,6}, d_{4,5,2,7}->d_{2,5,4,7}, d_{4,5,2,8}->d_{2,5,4,8}, d_{4,5,3,6}->d_{2,5,3,6}, d_{4,5,3,7}->d_{2,5,3,7}, d_{4,5,3,8}->d_{2,5,3,8}, d_{4,5,6,7}->d_{2,5,6,7}, d_{4,5,6,8}->d_{2,5,6,8}, d_{4,5,7,8}->d_{2,5,7,8}, d_{4,6,0,1}->d_{2,6,0,1}, d_{4,6,0,2}->d_{2,6,0,4}, d_{4,6,0,3}->d_{2,6,0,3}, d_{4,6,0,5}->d_{2,6,0,5}, d_{4,6,0,7}->d_{2,6,0,7}, d_{4,6,0,8}->d_{2,6,0,8}, d_{4,6,1,2}->d_{2,6,1,4}, d_{4,6,1,3}->d_{2,6,1,3}, d_{4,6,1,5}->d_{2,6,1,5}, d_{4,6,1,7}->d_{2,6,1,7}, d_{4,6,1,8}->d_{2,6,1,8}, d_{4,6,2,3}->d_{2,6,3,4}, d_{4,6,2,5}->d_{2,6,4,5}, d_{4,6,2,7}->d_{2,6,4,7}, d_{4,6,2,8}->d_{2,6,4,8}, d_{4,6,3,5}->d_{2,6,3,5}, d_{4,6,3,7}->d_{2,6,3,7}, d_{4,6,3,8}->d_{2,6,3,8}, d_{4,6,5,7}->d_{2,6,5,7}, d_{4,6,5,8}->d_{2,6,5,8}, d_{4,6,7,8}->d_{2,6,7,8}, d_{4,7,0,1}->d_{2,7,0,1}, d_{4,7,0,2}->d_{2,7,0,4}, d_{4,7,0,3}->d_{2,7,0,3}, d_{4,7,0,5}->d_{2,7,0,5}, d_{4,7,0,6}->d_{2,7,0,6}, d_{4,7,0,8}->d_{2,7,0,8}, d_{4,7,1,2}->d_{2,7,1,4}, d_{4,7,1,3}->d_{2,7,1,3}, d_{4,7,1,5}->d_{2,7,1,5}, d_{4,7,1,6}->d_{2,7,1,6}, d_{4,7,1,8}->d_{2,7,1,8}, d_{4,7,2,3}->d_{2,7,3,4}, d_{4,7,2,5}->d_{2,7,4,5}, d_{4,7,2,6}->d_{2,7,4,6}, d_{4,7,2,8}->d_{2,7,4,8}, d_{4,7,3,5}->d_{2,7,3,5}, d_{4,7,3,6}->d_{2,7,3,6}, d_{4,7,3,8}->d_{2,7,3,8}, d_{4,7,5,6}->d_{2,7,5,6}, d_{4,7,5,8}->d_{2,7,5,8}, d_{4,7,6,8}->d_{2,7,6,8}, d_{4,8,0,1}->d_{2,8,0,1}, d_{4,8,0,2}->d_{2,8,0,4}, d_{4,8,0,3}->d_{2,8,0,3}, d_{4,8,0,5}->d_{2,8,0,5}, d_{4,8,0,6}->d_{2,8,0,6}, d_{4,8,0,7}->d_{2,8,0,7}, d_{4,8,1,2}->d_{2,8,1,4}, d_{4,8,1,3}->d_{2,8,1,3}, d_{4,8,1,5}->d_{2,8,1,5}, d_{4,8,1,6}->d_{2,8,1,6}, d_{4,8,1,7}->d_{2,8,1,7}, d_{4,8,2,3}->d_{2,8,3,4}, d_{4,8,2,5}->d_{2,8,4,5}, d_{4,8,2,6}->d_{2,8,4,6}, d_{4,8,2,7}->d_{2,8,4,7}, d_{4,8,3,5}->d_{2,8,3,5}, d_{4,8,3,6}->d_{2,8,3,6}, d_{4,8,3,7}->d_{2,8,3,7}, d_{4,8,5,6}->d_{2,8,5,6}, d_{4,8,5,7}->d_{2,8,5,7}, d_{4,8,6,7}->d_{2,8,6,7}, d_{5,6,0,2}->d_{5,6,0,4}, d_{5,6,0,4}->d_{5,6,0,2}, d_{5,6,1,2}->d_{5,6,1,4}, d_{5,6,1,4}->d_{5,6,1,2}, d_{5,6,2,3}->d_{5,6,3,4}, d_{5,6,2,7}->d_{5,6,4,7}, d_{5,6,2,8}->d_{5,6,4,8}, d_{5,6,3,4}->d_{5,6,2,3}, d_{5,6,4,7}->d_{5,6,2,7}, d_{5,6,4,8}->d_{5,6,2,8}, d_{5,7,0,2}->d_{5,7,0,4}, d_{5,7,0,4}->d_{5,7,0,2}, d_{5,7,1,2}->d_{5,7,1,4}, d_{5,7,1,4}->d_{5,7,1,2}, d_{5,7,2,3}->d_{5,7,3,4}, d_{5,7,2,6}->d_{5,7,4,6}, d_{5,7,2,8}->d_{5,7,4,8}, d_{5,7,3,4}->d_{5,7,2,3}, d_{5,7,4,6}->d_{5,7,2,6}, d_{5,7,4,8}->d_{5,7,2,8}, d_{5,8,0,2}->d_{5,8,0,4}, d_{5,8,0,4}->d_{5,8,0,2}, d_{5,8,1,2}->d_{5,8,1,4}, d_{5,8,1,4}->d_{5,8,1,2}, d_{5,8,2,3}->d_{5,8,3,4}, d_{5,8,2,6}->d_{5,8,4,6}, d_{5,8,2,7}->d_{5,8,4,7}, d_{5,8,3,4}->d_{5,8,2,3}, d_{5,8,4,6}->d_{5,8,2,6}, d_{5,8,4,7}->d_{5,8,2,7}, d_{6,7,0,2}->d_{6,7,0,4}, d_{6,7,0,4}->d_{6,7,0,2}, d_{6,7,1,2}->d_{6,7,1,4}, d_{6,7,1,4}->d_{6,7,1,2}, d_{6,7,2,3}->d_{6,7,3,4}, d_{6,7,2,5}->d_{6,7,4,5}, d_{6,7,2,8}->d_{6,7,4,8}, d_{6,7,3,4}->d_{6,7,2,3}, d_{6,7,4,5}->d_{6,7,2,5}, d_{6,7,4,8}->d_{6,7,2,8}, d_{6,8,0,2}->d_{6,8,0,4}, d_{6,8,0,4}->d_{6,8,0,2}, d_{6,8,1,2}->d_{6,8,1,4}, d_{6,8,1,4}->d_{6,8,1,2}, d_{6,8,2,3}->d_{6,8,3,4}, d_{6,8,2,5}->d_{6,8,4,5}, d_{6,8,2,7}->d_{6,8,4,7}, d_{6,8,3,4}->d_{6,8,2,3}, d_{6,8,4,5}->d_{6,8,2,5}, d_{6,8,4,7}->d_{6,8,2,7}, d_{7,8,0,2}->d_{7,8,0,4}, d_{7,8,0,4}->d_{7,8,0,2}, d_{7,8,1,2}->d_{7,8,1,4}, d_{7,8,1,4}->d_{7,8,1,2}, d_{7,8,2,3}->d_{7,8,3,4}, d_{7,8,2,5}->d_{7,8,4,5}, d_{7,8,2,6}->d_{7,8,4,6}, d_{7,8,3,4}->d_{7,8,2,3}, d_{7,8,4,5}->d_{7,8,2,5}, d_{7,8,4,6}->d_{7,8,2,6}

Permutation #3:
  Bonds: r_{0,2}->r_{0,5}, r_{0,5}->r_{0,2}, r_{1,2}->r_{1,5}, r_{1,5}->r_{1,2}, r_{2,3}->r_{3,5}, r_{2,4}->r_{4,5}, r_{2,6}->r_{5,6}, r_{2,7}->r_{5,7}, r_{2,8}->r_{5,8}, r_{3,5}->r_{2,3}, r_{4,5}->r_{2,4}, r_{5,6}->r_{2,6}, r_{5,7}->r_{2,7}, r_{5,8}->r_{2,8}
  Angles: theta^{0}_{1,2}->theta^{0}_{1,5}, theta^{0}_{1,5}->theta^{0}_{1,2}, theta^{0}_{2,3}->theta^{0}_{3,5}, theta^{0}_{2,4}->theta^{0}_{4,5}, theta^{0}_{2,6}->theta^{0}_{5,6}, theta^{0}_{2,7}->theta^{0}_{5,7}, theta^{0}_{2,8}->theta^{0}_{5,8}, theta^{0}_{3,5}->theta^{0}_{2,3}, theta^{0}_{4,5}->theta^{0}_{2,4}, theta^{0}_{5,6}->theta^{0}_{2,6}, theta^{0}_{5,7}->theta^{0}_{2,7}, theta^{0}_{5,8}->theta^{0}_{2,8}, theta^{1}_{0,2}->theta^{1}_{0,5}, theta^{1}_{0,5}->theta^{1}_{0,2}, theta^{1}_{2,3}->theta^{1}_{3,5}, theta^{1}_{2,4}->theta^{1}_{4,5}, theta^{1}_{2,6}->theta^{1}_{5,6}, theta^{1}_{2,7}->theta^{1}_{5,7}, theta^{1}_{2,8}->theta^{1}_{5,8}, theta^{1}_{3,5}->theta^{1}_{2,3}, theta^{1}_{4,5}->theta^{1}_{2,4}, theta^{1}_{5,6}->theta^{1}_{2,6}, theta^{1}_{5,7}->theta^{1}_{2,7}, theta^{1}_{5,8}->theta^{1}_{2,8}, theta^{2}_{0,1}->theta^{5}_{0,1}, theta^{2}_{0,3}->theta^{5}_{0,3}, theta^{2}_{0,4}->theta^{5}_{0,4}, theta^{2}_{0,5}->theta^{5}_{0,2}, theta^{2}_{0,6}->theta^{5}_{0,6}, theta^{2}_{0,7}->theta^{5}_{0,7}, theta^{2}_{0,8}->theta^{5}_{0,8}, theta^{2}_{1,3}->theta^{5}_{1,3}, theta^{2}_{1,4}->theta^{5}_{1,4}, theta^{2}_{1,5}->theta^{5}_{1,2}, theta^{2}_{1,6}->theta^{5}_{1,6}, theta^{2}_{1,7}->theta^{5}_{1,7}, theta^{2}_{1,8}->theta^{5}_{1,8}, theta^{2}_{3,4}->theta^{5}_{3,4}, theta^{2}_{3,5}->theta^{5}_{2,3}, theta^{2}_{3,6}->theta^{5}_{3,6}, theta^{2}_{3,7}->theta^{5}_{3,7}, theta^{2}_{3,8}->theta^{5}_{3,8}, theta^{2}_{4,5}->theta^{5}_{2,4}, theta^{2}_{4,6}->theta^{5}_{4,6}, theta^{2}_{4,7}->theta^{5}_{4,7}, theta^{2}_{4,8}->theta^{5}_{4,8}, theta^{2}_{5,6}->theta^{5}_{2,6}, theta^{2}_{5,7}->theta^{5}_{2,7}, theta^{2}_{5,8}->theta^{5}_{2,8}, theta^{2}_{6,7}->theta^{5}_{6,7}, theta^{2}_{6,8}->theta^{5}_{6,8}, theta^{2}_{7,8}->theta^{5}_{7,8}, theta^{3}_{0,2}->theta^{3}_{0,5}, theta^{3}_{0,5}->theta^{3}_{0,2}, theta^{3}_{1,2}->theta^{3}_{1,5}, theta^{3}_{1,5}->theta^{3}_{1,2}, theta^{3}_{2,4}->theta^{3}_{4,5}, theta^{3}_{2,6}->theta^{3}_{5,6}, theta^{3}_{2,7}->theta^{3}_{5,7}, theta^{3}_{2,8}->theta^{3}_{5,8}, theta^{3}_{4,5}->theta^{3}_{2,4}, theta^{3}_{5,6}->theta^{3}_{2,6}, theta^{3}_{5,7}->theta^{3}_{2,7}, theta^{3}_{5,8}->theta^{3}_{2,8}, theta^{4}_{0,2}->theta^{4}_{0,5}, theta^{4}_{0,5}->theta^{4}_{0,2}, theta^{4}_{1,2}->theta^{4}_{1,5}, theta^{4}_{1,5}->theta^{4}_{1,2}, theta^{4}_{2,3}->theta^{4}_{3,5}, theta^{4}_{2,6}->theta^{4}_{5,6}, theta^{4}_{2,7}->theta^{4}_{5,7}, theta^{4}_{2,8}->theta^{4}_{5,8}, theta^{4}_{3,5}->theta^{4}_{2,3}, theta^{4}_{5,6}->theta^{4}_{2,6}, theta^{4}_{5,7}->theta^{4}_{2,7}, theta^{4}_{5,8}->theta^{4}_{2,8}, theta^{5}_{0,1}->theta^{2}_{0,1}, theta^{5}_{0,2}->theta^{2}_{0,5}, theta^{5}_{0,3}->theta^{2}_{0,3}, theta^{5}_{0,4}->theta^{2}_{0,4}, theta^{5}_{0,6}->theta^{2}_{0,6}, theta^{5}_{0,7}->theta^{2}_{0,7}, theta^{5}_{0,8}->theta^{2}_{0,8}, theta^{5}_{1,2}->theta^{2}_{1,5}, theta^{5}_{1,3}->theta^{2}_{1,3}, theta^{5}_{1,4}->theta^{2}_{1,4}, theta^{5}_{1,6}->theta^{2}_{1,6}, theta^{5}_{1,7}->theta^{2}_{1,7}, theta^{5}_{1,8}->theta^{2}_{1,8}, theta^{5}_{2,3}->theta^{2}_{3,5}, theta^{5}_{2,4}->theta^{2}_{4,5}, theta^{5}_{2,6}->theta^{2}_{5,6}, theta^{5}_{2,7}->theta^{2}_{5,7}, theta^{5}_{2,8}->theta^{2}_{5,8}, theta^{5}_{3,4}->theta^{2}_{3,4}, theta^{5}_{3,6}->theta^{2}_{3,6}, theta^{5}_{3,7}->theta^{2}_{3,7}, theta^{5}_{3,8}->theta^{2}_{3,8}, theta^{5}_{4,6}->theta^{2}_{4,6}, theta^{5}_{4,7}->theta^{2}_{4,7}, theta^{5}_{4,8}->theta^{2}_{4,8}, theta^{5}_{6,7}->theta^{2}_{6,7}, theta^{5}_{6,8}->theta^{2}_{6,8}, theta^{5}_{7,8}->theta^{2}_{7,8}, theta^{6}_{0,2}->theta^{6}_{0,5}, theta^{6}_{0,5}->theta^{6}_{0,2}, theta^{6}_{1,2}->theta^{6}_{1,5}, theta^{6}_{1,5}->theta^{6}_{1,2}, theta^{6}_{2,3}->theta^{6}_{3,5}, theta^{6}_{2,4}->theta^{6}_{4,5}, theta^{6}_{2,7}->theta^{6}_{5,7}, theta^{6}_{2,8}->theta^{6}_{5,8}, theta^{6}_{3,5}->theta^{6}_{2,3}, theta^{6}_{4,5}->theta^{6}_{2,4}, theta^{6}_{5,7}->theta^{6}_{2,7}, theta^{6}_{5,8}->theta^{6}_{2,8}, theta^{7}_{0,2}->theta^{7}_{0,5}, theta^{7}_{0,5}->theta^{7}_{0,2}, theta^{7}_{1,2}->theta^{7}_{1,5}, theta^{7}_{1,5}->theta^{7}_{1,2}, theta^{7}_{2,3}->theta^{7}_{3,5}, theta^{7}_{2,4}->theta^{7}_{4,5}, theta^{7}_{2,6}->theta^{7}_{5,6}, theta^{7}_{2,8}->theta^{7}_{5,8}, theta^{7}_{3,5}->theta^{7}_{2,3}, theta^{7}_{4,5}->theta^{7}_{2,4}, theta^{7}_{5,6}->theta^{7}_{2,6}, theta^{7}_{5,8}->theta^{7}_{2,8}, theta^{8}_{0,2}->theta^{8}_{0,5}, theta^{8}_{0,5}->theta^{8}_{0,2}, theta^{8}_{1,2}->theta^{8}_{1,5}, theta^{8}_{1,5}->theta^{8}_{1,2}, theta^{8}_{2,3}->theta^{8}_{3,5}, theta^{8}_{2,4}->theta^{8}_{4,5}, theta^{8}_{2,6}->theta^{8}_{5,6}, theta^{8}_{2,7}->theta^{8}_{5,7}, theta^{8}_{3,5}->theta^{8}_{2,3}, theta^{8}_{4,5}->theta^{8}_{2,4}, theta^{8}_{5,6}->theta^{8}_{2,6}, theta^{8}_{5,7}->theta^{8}_{2,7}
  Dihedrals: d_{0,1,2,3}->d_{0,1,3,5}, d_{0,1,2,4}->d_{0,1,4,5}, d_{0,1,2,6}->d_{0,1,5,6}, d_{0,1,2,7}->d_{0,1,5,7}, d_{0,1,2,8}->d_{0,1,5,8}, d_{0,1,3,5}->d_{0,1,2,3}, d_{0,1,4,5}->d_{0,1,2,4}, d_{0,1,5,6}->d_{0,1,2,6}, d_{0,1,5,7}->d_{0,1,2,7}, d_{0,1,5,8}->d_{0,1,2,8}, d_{0,2,1,3}->d_{0,5,1,3}, d_{0,2,1,4}->d_{0,5,1,4}, d_{0,2,1,5}->d_{0,5,1,2}, d_{0,2,1,6}->d_{0,5,1,6}, d_{0,2,1,7}->d_{0,5,1,7}, d_{0,2,1,8}->d_{0,5,1,8}, d_{0,2,3,4}->d_{0,5,3,4}, d_{0,2,3,5}->d_{0,5,2,3}, d_{0,2,3,6}->d_{0,5,3,6}, d_{0,2,3,7}->d_{0,5,3,7}, d_{0,2,3,8}->d_{0,5,3,8}, d_{0,2,4,5}->d_{0,5,2,4}, d_{0,2,4,6}->d_{0,5,4,6}, d_{0,2,4,7}->d_{0,5,4,7}, d_{0,2,4,8}->d_{0,5,4,8}, d_{0,2,5,6}->d_{0,5,2,6}, d_{0,2,5,7}->d_{0,5,2,7}, d_{0,2,5,8}->d_{0,5,2,8}, d_{0,2,6,7}->d_{0,5,6,7}, d_{0,2,6,8}->d_{0,5,6,8}, d_{0,2,7,8}->d_{0,5,7,8}, d_{0,3,1,2}->d_{0,3,1,5}, d_{0,3,1,5}->d_{0,3,1,2}, d_{0,3,2,4}->d_{0,3,4,5}, d_{0,3,2,6}->d_{0,3,5,6}, d_{0,3,2,7}->d_{0,3,5,7}, d_{0,3,2,8}->d_{0,3,5,8}, d_{0,3,4,5}->d_{0,3,2,4}, d_{0,3,5,6}->d_{0,3,2,6}, d_{0,3,5,7}->d_{0,3,2,7}, d_{0,3,5,8}->d_{0,3,2,8}, d_{0,4,1,2}->d_{0,4,1,5}, d_{0,4,1,5}->d_{0,4,1,2}, d_{0,4,2,3}->d_{0,4,3,5}, d_{0,4,2,6}->d_{0,4,5,6}, d_{0,4,2,7}->d_{0,4,5,7}, d_{0,4,2,8}->d_{0,4,5,8}, d_{0,4,3,5}->d_{0,4,2,3}, d_{0,4,5,6}->d_{0,4,2,6}, d_{0,4,5,7}->d_{0,4,2,7}, d_{0,4,5,8}->d_{0,4,2,8}, d_{0,5,1,2}->d_{0,2,1,5}, d_{0,5,1,3}->d_{0,2,1,3}, d_{0,5,1,4}->d_{0,2,1,4}, d_{0,5,1,6}->d_{0,2,1,6}, d_{0,5,1,7}->d_{0,2,1,7}, d_{0,5,1,8}->d_{0,2,1,8}, d_{0,5,2,3}->d_{0,2,3,5}, d_{0,5,2,4}->d_{0,2,4,5}, d_{0,5,2,6}->d_{0,2,5,6}, d_{0,5,2,7}->d_{0,2,5,7}, d_{0,5,2,8}->d_{0,2,5,8}, d_{0,5,3,4}->d_{0,2,3,4}, d_{0,5,3,6}->d_{0,2,3,6}, d_{0,5,3,7}->d_{0,2,3,7}, d_{0,5,3,8}->d_{0,2,3,8}, d_{0,5,4,6}->d_{0,2,4,6}, d_{0,5,4,7}->d_{0,2,4,7}, d_{0,5,4,8}->d_{0,2,4,8}, d_{0,5,6,7}->d_{0,2,6,7}, d_{0,5,6,8}->d_{0,2,6,8}, d_{0,5,7,8}->d_{0,2,7,8}, d_{0,6,1,2}->d_{0,6,1,5}, d_{0,6,1,5}->d_{0,6,1,2}, d_{0,6,2,3}->d_{0,6,3,5}, d_{0,6,2,4}->d_{0,6,4,5}, d_{0,6,2,7}->d_{0,6,5,7}, d_{0,6,2,8}->d_{0,6,5,8}, d_{0,6,3,5}->d_{0,6,2,3}, d_{0,6,4,5}->d_{0,6,2,4}, d_{0,6,5,7}->d_{0,6,2,7}, d_{0,6,5,8}->d_{0,6,2,8}, d_{0,7,1,2}->d_{0,7,1,5}, d_{0,7,1,5}->d_{0,7,1,2}, d_{0,7,2,3}->d_{0,7,3,5}, d_{0,7,2,4}->d_{0,7,4,5}, d_{0,7,2,6}->d_{0,7,5,6}, d_{0,7,2,8}->d_{0,7,5,8}, d_{0,7,3,5}->d_{0,7,2,3}, d_{0,7,4,5}->d_{0,7,2,4}, d_{0,7,5,6}->d_{0,7,2,6}, d_{0,7,5,8}->d_{0,7,2,8}, d_{0,8,1,2}->d_{0,8,1,5}, d_{0,8,1,5}->d_{0,8,1,2}, d_{0,8,2,3}->d_{0,8,3,5}, d_{0,8,2,4}->d_{0,8,4,5}, d_{0,8,2,6}->d_{0,8,5,6}, d_{0,8,2,7}->d_{0,8,5,7}, d_{0,8,3,5}->d_{0,8,2,3}, d_{0,8,4,5}->d_{0,8,2,4}, d_{0,8,5,6}->d_{0,8,2,6}, d_{0,8,5,7}->d_{0,8,2,7}, d_{1,2,0,3}->d_{1,5,0,3}, d_{1,2,0,4}->d_{1,5,0,4}, d_{1,2,0,5}->d_{1,5,0,2}, d_{1,2,0,6}->d_{1,5,0,6}, d_{1,2,0,7}->d_{1,5,0,7}, d_{1,2,0,8}->d_{1,5,0,8}, d_{1,2,3,4}->d_{1,5,3,4}, d_{1,2,3,5}->d_{1,5,2,3}, d_{1,2,3,6}->d_{1,5,3,6}, d_{1,2,3,7}->d_{1,5,3,7}, d_{1,2,3,8}->d_{1,5,3,8}, d_{1,2,4,5}->d_{1,5,2,4}, d_{1,2,4,6}->d_{1,5,4,6}, d_{1,2,4,7}->d_{1,5,4,7}, d_{1,2,4,8}->d_{1,5,4,8}, d_{1,2,5,6}->d_{1,5,2,6}, d_{1,2,5,7}->d_{1,5,2,7}, d_{1,2,5,8}->d_{1,5,2,8}, d_{1,2,6,7}->d_{1,5,6,7}, d_{1,2,6,8}->d_{1,5,6,8}, d_{1,2,7,8}->d_{1,5,7,8}, d_{1,3,0,2}->d_{1,3,0,5}, d_{1,3,0,5}->d_{1,3,0,2}, d_{1,3,2,4}->d_{1,3,4,5}, d_{1,3,2,6}->d_{1,3,5,6}, d_{1,3,2,7}->d_{1,3,5,7}, d_{1,3,2,8}->d_{1,3,5,8}, d_{1,3,4,5}->d_{1,3,2,4}, d_{1,3,5,6}->d_{1,3,2,6}, d_{1,3,5,7}->d_{1,3,2,7}, d_{1,3,5,8}->d_{1,3,2,8}, d_{1,4,0,2}->d_{1,4,0,5}, d_{1,4,0,5}->d_{1,4,0,2}, d_{1,4,2,3}->d_{1,4,3,5}, d_{1,4,2,6}->d_{1,4,5,6}, d_{1,4,2,7}->d_{1,4,5,7}, d_{1,4,2,8}->d_{1,4,5,8}, d_{1,4,3,5}->d_{1,4,2,3}, d_{1,4,5,6}->d_{1,4,2,6}, d_{1,4,5,7}->d_{1,4,2,7}, d_{1,4,5,8}->d_{1,4,2,8}, d_{1,5,0,2}->d_{1,2,0,5}, d_{1,5,0,3}->d_{1,2,0,3}, d_{1,5,0,4}->d_{1,2,0,4}, d_{1,5,0,6}->d_{1,2,0,6}, d_{1,5,0,7}->d_{1,2,0,7}, d_{1,5,0,8}->d_{1,2,0,8}, d_{1,5,2,3}->d_{1,2,3,5}, d_{1,5,2,4}->d_{1,2,4,5}, d_{1,5,2,6}->d_{1,2,5,6}, d_{1,5,2,7}->d_{1,2,5,7}, d_{1,5,2,8}->d_{1,2,5,8}, d_{1,5,3,4}->d_{1,2,3,4}, d_{1,5,3,6}->d_{1,2,3,6}, d_{1,5,3,7}->d_{1,2,3,7}, d_{1,5,3,8}->d_{1,2,3,8}, d_{1,5,4,6}->d_{1,2,4,6}, d_{1,5,4,7}->d_{1,2,4,7}, d_{1,5,4,8}->d_{1,2,4,8}, d_{1,5,6,7}->d_{1,2,6,7}, d_{1,5,6,8}->d_{1,2,6,8}, d_{1,5,7,8}->d_{1,2,7,8}, d_{1,6,0,2}->d_{1,6,0,5}, d_{1,6,0,5}->d_{1,6,0,2}, d_{1,6,2,3}->d_{1,6,3,5}, d_{1,6,2,4}->d_{1,6,4,5}, d_{1,6,2,7}->d_{1,6,5,7}, d_{1,6,2,8}->d_{1,6,5,8}, d_{1,6,3,5}->d_{1,6,2,3}, d_{1,6,4,5}->d_{1,6,2,4}, d_{1,6,5,7}->d_{1,6,2,7}, d_{1,6,5,8}->d_{1,6,2,8}, d_{1,7,0,2}->d_{1,7,0,5}, d_{1,7,0,5}->d_{1,7,0,2}, d_{1,7,2,3}->d_{1,7,3,5}, d_{1,7,2,4}->d_{1,7,4,5}, d_{1,7,2,6}->d_{1,7,5,6}, d_{1,7,2,8}->d_{1,7,5,8}, d_{1,7,3,5}->d_{1,7,2,3}, d_{1,7,4,5}->d_{1,7,2,4}, d_{1,7,5,6}->d_{1,7,2,6}, d_{1,7,5,8}->d_{1,7,2,8}, d_{1,8,0,2}->d_{1,8,0,5}, d_{1,8,0,5}->d_{1,8,0,2}, d_{1,8,2,3}->d_{1,8,3,5}, d_{1,8,2,4}->d_{1,8,4,5}, d_{1,8,2,6}->d_{1,8,5,6}, d_{1,8,2,7}->d_{1,8,5,7}, d_{1,8,3,5}->d_{1,8,2,3}, d_{1,8,4,5}->d_{1,8,2,4}, d_{1,8,5,6}->d_{1,8,2,6}, d_{1,8,5,7}->d_{1,8,2,7}, d_{2,3,0,1}->d_{3,5,0,1}, d_{2,3,0,4}->d_{3,5,0,4}, d_{2,3,0,5}->d_{3,5,0,2}, d_{2,3,0,6}->d_{3,5,0,6}, d_{2,3,0,7}->d_{3,5,0,7}, d_{2,3,0,8}->d_{3,5,0,8}, d_{2,3,1,4}->d_{3,5,1,4}, d_{2,3,1,5}->d_{3,5,1,2}, d_{2,3,1,6}->d_{3,5,1,6}, d_{2,3,1,7}->d_{3,5,1,7}, d_{2,3,1,8}->d_{3,5,1,8}, d_{2,3,4,5}->d_{3,5,2,4}, d_{2,3,4,6}->d_{3,5,4,6}, d_{2,3,4,7}->d_{3,5,4,7}, d_{2,3,4,8}->d_{3,5,4,8}, d_{2,3,5,6}->d_{3,5,2,6}, d_{2,3,5,7}->d_{3,5,2,7}, d_{2,3,5,8}->d_{3,5,2,8}, d_{2,3,6,7}->d_{3,5,6,7}, d_{2,3,6,8}->d_{3,5,6,8}, d_{2,3,7,8}->d_{3,5,7,8}, d_{2,4,0,1}->d_{4,5,0,1}, d_{2,4,0,3}->d_{4,5,0,3}, d_{2,4,0,5}->d_{4,5,0,2}, d_{2,4,0,6}->d_{4,5,0,6}, d_{2,4,0,7}->d_{4,5,0,7}, d_{2,4,0,8}->d_{4,5,0,8}, d_{2,4,1,3}->d_{4,5,1,3}, d_{2,4,1,5}->d_{4,5,1,2}, d_{2,4,1,6}->d_{4,5,1,6}, d_{2,4,1,7}->d_{4,5,1,7}, d_{2,4,1,8}->d_{4,5,1,8}, d_{2,4,3,5}->d_{4,5,2,3}, d_{2,4,3,6}->d_{4,5,3,6}, d_{2,4,3,7}->d_{4,5,3,7}, d_{2,4,3,8}->d_{4,5,3,8}, d_{2,4,5,6}->d_{4,5,2,6}, d_{2,4,5,7}->d_{4,5,2,7}, d_{2,4,5,8}->d_{4,5,2,8}, d_{2,4,6,7}->d_{4,5,6,7}, d_{2,4,6,8}->d_{4,5,6,8}, d_{2,4,7,8}->d_{4,5,7,8}, d_{2,6,0,1}->d_{5,6,0,1}, d_{2,6,0,3}->d_{5,6,0,3}, d_{2,6,0,4}->d_{5,6,0,4}, d_{2,6,0,5}->d_{5,6,0,2}, d_{2,6,0,7}->d_{5,6,0,7}, d_{2,6,0,8}->d_{5,6,0,8}, d_{2,6,1,3}->d_{5,6,1,3}, d_{2,6,1,4}->d_{5,6,1,4}, d_{2,6,1,5}->d_{5,6,1,2}, d_{2,6,1,7}->d_{5,6,1,7}, d_{2,6,1,8}->d_{5,6,1,8}, d_{2,6,3,4}->d_{5,6,3,4}, d_{2,6,3,5}->d_{5,6,2,3}, d_{2,6,3,7}->d_{5,6,3,7}, d_{2,6,3,8}->d_{5,6,3,8}, d_{2,6,4,5}->d_{5,6,2,4}, d_{2,6,4,7}->d_{5,6,4,7}, d_{2,6,4,8}->d_{5,6,4,8}, d_{2,6,5,7}->d_{5,6,2,7}, d_{2,6,5,8}->d_{5,6,2,8}, d_{2,6,7,8}->d_{5,6,7,8}, d_{2,7,0,1}->d_{5,7,0,1}, d_{2,7,0,3}->d_{5,7,0,3}, d_{2,7,0,4}->d_{5,7,0,4}, d_{2,7,0,5}->d_{5,7,0,2}, d_{2,7,0,6}->d_{5,7,0,6}, d_{2,7,0,8}->d_{5,7,0,8}, d_{2,7,1,3}->d_{5,7,1,3}, d_{2,7,1,4}->d_{5,7,1,4}, d_{2,7,1,5}->d_{5,7,1,2}, d_{2,7,1,6}->d_{5,7,1,6}, d_{2,7,1,8}->d_{5,7,1,8}, d_{2,7,3,4}->d_{5,7,3,4}, d_{2,7,3,5}->d_{5,7,2,3}, d_{2,7,3,6}->d_{5,7,3,6}, d_{2,7,3,8}->d_{5,7,3,8}, d_{2,7,4,5}->d_{5,7,2,4}, d_{2,7,4,6}->d_{5,7,4,6}, d_{2,7,4,8}->d_{5,7,4,8}, d_{2,7,5,6}->d_{5,7,2,6}, d_{2,7,5,8}->d_{5,7,2,8}, d_{2,7,6,8}->d_{5,7,6,8}, d_{2,8,0,1}->d_{5,8,0,1}, d_{2,8,0,3}->d_{5,8,0,3}, d_{2,8,0,4}->d_{5,8,0,4}, d_{2,8,0,5}->d_{5,8,0,2}, d_{2,8,0,6}->d_{5,8,0,6}, d_{2,8,0,7}->d_{5,8,0,7}, d_{2,8,1,3}->d_{5,8,1,3}, d_{2,8,1,4}->d_{5,8,1,4}, d_{2,8,1,5}->d_{5,8,1,2}, d_{2,8,1,6}->d_{5,8,1,6}, d_{2,8,1,7}->d_{5,8,1,7}, d_{2,8,3,4}->d_{5,8,3,4}, d_{2,8,3,5}->d_{5,8,2,3}, d_{2,8,3,6}->d_{5,8,3,6}, d_{2,8,3,7}->d_{5,8,3,7}, d_{2,8,4,5}->d_{5,8,2,4}, d_{2,8,4,6}->d_{5,8,4,6}, d_{2,8,4,7}->d_{5,8,4,7}, d_{2,8,5,6}->d_{5,8,2,6}, d_{2,8,5,7}->d_{5,8,2,7}, d_{2,8,6,7}->d_{5,8,6,7}, d_{3,4,0,2}->d_{3,4,0,5}, d_{3,4,0,5}->d_{3,4,0,2}, d_{3,4,1,2}->d_{3,4,1,5}, d_{3,4,1,5}->d_{3,4,1,2}, d_{3,4,2,6}->d_{3,4,5,6}, d_{3,4,2,7}->d_{3,4,5,7}, d_{3,4,2,8}->d_{3,4,5,8}, d_{3,4,5,6}->d_{3,4,2,6}, d_{3,4,5,7}->d_{3,4,2,7}, d_{3,4,5,8}->d_{3,4,2,8}, d_{3,5,0,1}->d_{2,3,0,1}, d_{3,5,0,2}->d_{2,3,0,5}, d_{3,5,0,4}->d_{2,3,0,4}, d_{3,5,0,6}->d_{2,3,0,6}, d_{3,5,0,7}->d_{2,3,0,7}, d_{3,5,0,8}->d_{2,3,0,8}, d_{3,5,1,2}->d_{2,3,1,5}, d_{3,5,1,4}->d_{2,3,1,4}, d_{3,5,1,6}->d_{2,3,1,6}, d_{3,5,1,7}->d_{2,3,1,7}, d_{3,5,1,8}->d_{2,3,1,8}, d_{3,5,2,4}->d_{2,3,4,5}, d_{3,5,2,6}->d_{2,3,5,6}, d_{3,5,2,7}->d_{2,3,5,7}, d_{3,5,2,8}->d_{2,3,5,8}, d_{3,5,4,6}->d_{2,3,4,6}, d_{3,5,4,7}->d_{2,3,4,7}, d_{3,5,4,8}->d_{2,3,4,8}, d_{3,5,6,7}->d_{2,3,6,7}, d_{3,5,6,8}->d_{2,3,6,8}, d_{3,5,7,8}->d_{2,3,7,8}, d_{3,6,0,2}->d_{3,6,0,5}, d_{3,6,0,5}->d_{3,6,0,2}, d_{3,6,1,2}->d_{3,6,1,5}, d_{3,6,1,5}->d_{3,6,1,2}, d_{3,6,2,4}->d_{3,6,4,5}, d_{3,6,2,7}->d_{3,6,5,7}, d_{3,6,2,8}->d_{3,6,5,8}, d_{3,6,4,5}->d_{3,6,2,4}, d_{3,6,5,7}->d_{3,6,2,7}, d_{3,6,5,8}->d_{3,6,2,8}, d_{3,7,0,2}->d_{3,7,0,5}, d_{3,7,0,5}->d_{3,7,0,2}, d_{3,7,1,2}->d_{3,7,1,5}, d_{3,7,1,5}->d_{3,7,1,2}, d_{3,7,2,4}->d_{3,7,4,5}, d_{3,7,2,6}->d_{3,7,5,6}, d_{3,7,2,8}->d_{3,7,5,8}, d_{3,7,4,5}->d_{3,7,2,4}, d_{3,7,5,6}->d_{3,7,2,6}, d_{3,7,5,8}->d_{3,7,2,8}, d_{3,8,0,2}->d_{3,8,0,5}, d_{3,8,0,5}->d_{3,8,0,2}, d_{3,8,1,2}->d_{3,8,1,5}, d_{3,8,1,5}->d_{3,8,1,2}, d_{3,8,2,4}->d_{3,8,4,5}, d_{3,8,2,6}->d_{3,8,5,6}, d_{3,8,2,7}->d_{3,8,5,7}, d_{3,8,4,5}->d_{3,8,2,4}, d_{3,8,5,6}->d_{3,8,2,6}, d_{3,8,5,7}->d_{3,8,2,7}, d_{4,5,0,1}->d_{2,4,0,1}, d_{4,5,0,2}->d_{2,4,0,5}, d_{4,5,0,3}->d_{2,4,0,3}, d_{4,5,0,6}->d_{2,4,0,6}, d_{4,5,0,7}->d_{2,4,0,7}, d_{4,5,0,8}->d_{2,4,0,8}, d_{4,5,1,2}->d_{2,4,1,5}, d_{4,5,1,3}->d_{2,4,1,3}, d_{4,5,1,6}->d_{2,4,1,6}, d_{4,5,1,7}->d_{2,4,1,7}, d_{4,5,1,8}->d_{2,4,1,8}, d_{4,5,2,3}->d_{2,4,3,5}, d_{4,5,2,6}->d_{2,4,5,6}, d_{4,5,2,7}->d_{2,4,5,7}, d_{4,5,2,8}->d_{2,4,5,8}, d_{4,5,3,6}->d_{2,4,3,6}, d_{4,5,3,7}->d_{2,4,3,7}, d_{4,5,3,8}->d_{2,4,3,8}, d_{4,5,6,7}->d_{2,4,6,7}, d_{4,5,6,8}->d_{2,4,6,8}, d_{4,5,7,8}->d_{2,4,7,8}, d_{4,6,0,2}->d_{4,6,0,5}, d_{4,6,0,5}->d_{4,6,0,2}, d_{4,6,1,2}->d_{4,6,1,5}, d_{4,6,1,5}->d_{4,6,1,2}, d_{4,6,2,3}->d_{4,6,3,5}, d_{4,6,2,7}->d_{4,6,5,7}, d_{4,6,2,8}->d_{4,6,5,8}, d_{4,6,3,5}->d_{4,6,2,3}, d_{4,6,5,7}->d_{4,6,2,7}, d_{4,6,5,8}->d_{4,6,2,8}, d_{4,7,0,2}->d_{4,7,0,5}, d_{4,7,0,5}->d_{4,7,0,2}, d_{4,7,1,2}->d_{4,7,1,5}, d_{4,7,1,5}->d_{4,7,1,2}, d_{4,7,2,3}->d_{4,7,3,5}, d_{4,7,2,6}->d_{4,7,5,6}, d_{4,7,2,8}->d_{4,7,5,8}, d_{4,7,3,5}->d_{4,7,2,3}, d_{4,7,5,6}->d_{4,7,2,6}, d_{4,7,5,8}->d_{4,7,2,8}, d_{4,8,0,2}->d_{4,8,0,5}, d_{4,8,0,5}->d_{4,8,0,2}, d_{4,8,1,2}->d_{4,8,1,5}, d_{4,8,1,5}->d_{4,8,1,2}, d_{4,8,2,3}->d_{4,8,3,5}, d_{4,8,2,6}->d_{4,8,5,6}, d_{4,8,2,7}->d_{4,8,5,7}, d_{4,8,3,5}->d_{4,8,2,3}, d_{4,8,5,6}->d_{4,8,2,6}, d_{4,8,5,7}->d_{4,8,2,7}, d_{5,6,0,1}->d_{2,6,0,1}, d_{5,6,0,2}->d_{2,6,0,5}, d_{5,6,0,3}->d_{2,6,0,3}, d_{5,6,0,4}->d_{2,6,0,4}, d_{5,6,0,7}->d_{2,6,0,7}, d_{5,6,0,8}->d_{2,6,0,8}, d_{5,6,1,2}->d_{2,6,1,5}, d_{5,6,1,3}->d_{2,6,1,3}, d_{5,6,1,4}->d_{2,6,1,4}, d_{5,6,1,7}->d_{2,6,1,7}, d_{5,6,1,8}->d_{2,6,1,8}, d_{5,6,2,3}->d_{2,6,3,5}, d_{5,6,2,4}->d_{2,6,4,5}, d_{5,6,2,7}->d_{2,6,5,7}, d_{5,6,2,8}->d_{2,6,5,8}, d_{5,6,3,4}->d_{2,6,3,4}, d_{5,6,3,7}->d_{2,6,3,7}, d_{5,6,3,8}->d_{2,6,3,8}, d_{5,6,4,7}->d_{2,6,4,7}, d_{5,6,4,8}->d_{2,6,4,8}, d_{5,6,7,8}->d_{2,6,7,8}, d_{5,7,0,1}->d_{2,7,0,1}, d_{5,7,0,2}->d_{2,7,0,5}, d_{5,7,0,3}->d_{2,7,0,3}, d_{5,7,0,4}->d_{2,7,0,4}, d_{5,7,0,6}->d_{2,7,0,6}, d_{5,7,0,8}->d_{2,7,0,8}, d_{5,7,1,2}->d_{2,7,1,5}, d_{5,7,1,3}->d_{2,7,1,3}, d_{5,7,1,4}->d_{2,7,1,4}, d_{5,7,1,6}->d_{2,7,1,6}, d_{5,7,1,8}->d_{2,7,1,8}, d_{5,7,2,3}->d_{2,7,3,5}, d_{5,7,2,4}->d_{2,7,4,5}, d_{5,7,2,6}->d_{2,7,5,6}, d_{5,7,2,8}->d_{2,7,5,8}, d_{5,7,3,4}->d_{2,7,3,4}, d_{5,7,3,6}->d_{2,7,3,6}, d_{5,7,3,8}->d_{2,7,3,8}, d_{5,7,4,6}->d_{2,7,4,6}, d_{5,7,4,8}->d_{2,7,4,8}, d_{5,7,6,8}->d_{2,7,6,8}, d_{5,8,0,1}->d_{2,8,0,1}, d_{5,8,0,2}->d_{2,8,0,5}, d_{5,8,0,3}->d_{2,8,0,3}, d_{5,8,0,4}->d_{2,8,0,4}, d_{5,8,0,6}->d_{2,8,0,6}, d_{5,8,0,7}->d_{2,8,0,7}, d_{5,8,1,2}->d_{2,8,1,5}, d_{5,8,1,3}->d_{2,8,1,3}, d_{5,8,1,4}->d_{2,8,1,4}, d_{5,8,1,6}->d_{2,8,1,6}, d_{5,8,1,7}->d_{2,8,1,7}, d_{5,8,2,3}->d_{2,8,3,5}, d_{5,8,2,4}->d_{2,8,4,5}, d_{5,8,2,6}->d_{2,8,5,6}, d_{5,8,2,7}->d_{2,8,5,7}, d_{5,8,3,4}->d_{2,8,3,4}, d_{5,8,3,6}->d_{2,8,3,6}, d_{5,8,3,7}->d_{2,8,3,7}, d_{5,8,4,6}->d_{2,8,4,6}, d_{5,8,4,7}->d_{2,8,4,7}, d_{5,8,6,7}->d_{2,8,6,7}, d_{6,7,0,2}->d_{6,7,0,5}, d_{6,7,0,5}->d_{6,7,0,2}, d_{6,7,1,2}->d_{6,7,1,5}, d_{6,7,1,5}->d_{6,7,1,2}, d_{6,7,2,3}->d_{6,7,3,5}, d_{6,7,2,4}->d_{6,7,4,5}, d_{6,7,2,8}->d_{6,7,5,8}, d_{6,7,3,5}->d_{6,7,2,3}, d_{6,7,4,5}->d_{6,7,2,4}, d_{6,7,5,8}->d_{6,7,2,8}, d_{6,8,0,2}->d_{6,8,0,5}, d_{6,8,0,5}->d_{6,8,0,2}, d_{6,8,1,2}->d_{6,8,1,5}, d_{6,8,1,5}->d_{6,8,1,2}, d_{6,8,2,3}->d_{6,8,3,5}, d_{6,8,2,4}->d_{6,8,4,5}, d_{6,8,2,7}->d_{6,8,5,7}, d_{6,8,3,5}->d_{6,8,2,3}, d_{6,8,4,5}->d_{6,8,2,4}, d_{6,8,5,7}->d_{6,8,2,7}, d_{7,8,0,2}->d_{7,8,0,5}, d_{7,8,0,5}->d_{7,8,0,2}, d_{7,8,1,2}->d_{7,8,1,5}, d_{7,8,1,5}->d_{7,8,1,2}, d_{7,8,2,3}->d_{7,8,3,5}, d_{7,8,2,4}->d_{7,8,4,5}, d_{7,8,2,6}->d_{7,8,5,6}, d_{7,8,3,5}->d_{7,8,2,3}, d_{7,8,4,5}->d_{7,8,2,4}, d_{7,8,5,6}->d_{7,8,2,6}

Permutation #4:
  Bonds: r_{0,2}->r_{0,6}, r_{0,6}->r_{0,2}, r_{1,2}->r_{1,6}, r_{1,6}->r_{1,2}, r_{2,3}->r_{3,6}, r_{2,4}->r_{4,6}, r_{2,5}->r_{5,6}, r_{2,7}->r_{6,7}, r_{2,8}->r_{6,8}, r_{3,6}->r_{2,3}, r_{4,6}->r_{2,4}, r_{5,6}->r_{2,5}, r_{6,7}->r_{2,7}, r_{6,8}->r_{2,8}
  Angles: theta^{0}_{1,2}->theta^{0}_{1,6}, theta^{0}_{1,6}->theta^{0}_{1,2}, theta^{0}_{2,3}->theta^{0}_{3,6}, theta^{0}_{2,4}->theta^{0}_{4,6}, theta^{0}_{2,5}->theta^{0}_{5,6}, theta^{0}_{2,7}->theta^{0}_{6,7}, theta^{0}_{2,8}->theta^{0}_{6,8}, theta^{0}_{3,6}->theta^{0}_{2,3}, theta^{0}_{4,6}->theta^{0}_{2,4}, theta^{0}_{5,6}->theta^{0}_{2,5}, theta^{0}_{6,7}->theta^{0}_{2,7}, theta^{0}_{6,8}->theta^{0}_{2,8}, theta^{1}_{0,2}->theta^{1}_{0,6}, theta^{1}_{0,6}->theta^{1}_{0,2}, theta^{1}_{2,3}->theta^{1}_{3,6}, theta^{1}_{2,4}->theta^{1}_{4,6}, theta^{1}_{2,5}->theta^{1}_{5,6}, theta^{1}_{2,7}->theta^{1}_{6,7}, theta^{1}_{2,8}->theta^{1}_{6,8}, theta^{1}_{3,6}->theta^{1}_{2,3}, theta^{1}_{4,6}->theta^{1}_{2,4}, theta^{1}_{5,6}->theta^{1}_{2,5}, theta^{1}_{6,7}->theta^{1}_{2,7}, theta^{1}_{6,8}->theta^{1}_{2,8}, theta^{2}_{0,1}->theta^{6}_{0,1}, theta^{2}_{0,3}->theta^{6}_{0,3}, theta^{2}_{0,4}->theta^{6}_{0,4}, theta^{2}_{0,5}->theta^{6}_{0,5}, theta^{2}_{0,6}->theta^{6}_{0,2}, theta^{2}_{0,7}->theta^{6}_{0,7}, theta^{2}_{0,8}->theta^{6}_{0,8}, theta^{2}_{1,3}->theta^{6}_{1,3}, theta^{2}_{1,4}->theta^{6}_{1,4}, theta^{2}_{1,5}->theta^{6}_{1,5}, theta^{2}_{1,6}->theta^{6}_{1,2}, theta^{2}_{1,7}->theta^{6}_{1,7}, theta^{2}_{1,8}->theta^{6}_{1,8}, theta^{2}_{3,4}->theta^{6}_{3,4}, theta^{2}_{3,5}->theta^{6}_{3,5}, theta^{2}_{3,6}->theta^{6}_{2,3}, theta^{2}_{3,7}->theta^{6}_{3,7}, theta^{2}_{3,8}->theta^{6}_{3,8}, theta^{2}_{4,5}->theta^{6}_{4,5}, theta^{2}_{4,6}->theta^{6}_{2,4}, theta^{2}_{4,7}->theta^{6}_{4,7}, theta^{2}_{4,8}->theta^{6}_{4,8}, theta^{2}_{5,6}->theta^{6}_{2,5}, theta^{2}_{5,7}->theta^{6}_{5,7}, theta^{2}_{5,8}->theta^{6}_{5,8}, theta^{2}_{6,7}->theta^{6}_{2,7}, theta^{2}_{6,8}->theta^{6}_{2,8}, theta^{2}_{7,8}->theta^{6}_{7,8}, theta^{3}_{0,2}->theta^{3}_{0,6}, theta^{3}_{0,6}->theta^{3}_{0,2}, theta^{3}_{1,2}->theta^{3}_{1,6}, theta^{3}_{1,6}->theta^{3}_{1,2}, theta^{3}_{2,4}->theta^{3}_{4,6}, theta^{3}_{2,5}->theta^{3}_{5,6}, theta^{3}_{2,7}->theta^{3}_{6,7}, theta^{3}_{2,8}->theta^{3}_{6,8}, theta^{3}_{4,6}->theta^{3}_{2,4}, theta^{3}_{5,6}->theta^{3}_{2,5}, theta^{3}_{6,7}->theta^{3}_{2,7}, theta^{3}_{6,8}->theta^{3}_{2,8}, theta^{4}_{0,2}->theta^{4}_{0,6}, theta^{4}_{0,6}->theta^{4}_{0,2}, theta^{4}_{1,2}->theta^{4}_{1,6}, theta^{4}_{1,6}->theta^{4}_{1,2}, theta^{4}_{2,3}->theta^{4}_{3,6}, theta^{4}_{2,5}->theta^{4}_{5,6}, theta^{4}_{2,7}->theta^{4}_{6,7}, theta^{4}_{2,8}->theta^{4}_{6,8}, theta^{4}_{3,6}->theta^{4}_{2,3}, theta^{4}_{5,6}->theta^{4}_{2,5}, theta^{4}_{6,7}->theta^{4}_{2,7}, theta^{4}_{6,8}->theta^{4}_{2,8}, theta^{5}_{0,2}->theta^{5}_{0,6}, theta^{5}_{0,6}->theta^{5}_{0,2}, theta^{5}_{1,2}->theta^{5}_{1,6}, theta^{5}_{1,6}->theta^{5}_{1,2}, theta^{5}_{2,3}->theta^{5}_{3,6}, theta^{5}_{2,4}->theta^{5}_{4,6}, theta^{5}_{2,7}->theta^{5}_{6,7}, theta^{5}_{2,8}->theta^{5}_{6,8}, theta^{5}_{3,6}->theta^{5}_{2,3}, theta^{5}_{4,6}->theta^{5}_{2,4}, theta^{5}_{6,7}->theta^{5}_{2,7}, theta^{5}_{6,8}->theta^{5}_{2,8}, theta^{6}_{0,1}->theta^{2}_{0,1}, theta^{6}_{0,2}->theta^{2}_{0,6}, theta^{6}_{0,3}->theta^{2}_{0,3}, theta^{6}_{0,4}->theta^{2}_{0,4}, theta^{6}_{0,5}->theta^{2}_{0,5}, theta^{6}_{0,7}->theta^{2}_{0,7}, theta^{6}_{0,8}->theta^{2}_{0,8}, theta^{6}_{1,2}->theta^{2}_{1,6}, theta^{6}_{1,3}->theta^{2}_{1,3}, theta^{6}_{1,4}->theta^{2}_{1,4}, theta^{6}_{1,5}->theta^{2}_{1,5}, theta^{6}_{1,7}->theta^{2}_{1,7}, theta^{6}_{1,8}->theta^{2}_{1,8}, theta^{6}_{2,3}->theta^{2}_{3,6}, theta^{6}_{2,4}->theta^{2}_{4,6}, theta^{6}_{2,5}->theta^{2}_{5,6}, theta^{6}_{2,7}->theta^{2}_{6,7}, theta^{6}_{2,8}->theta^{2}_{6,8}, theta^{6}_{3,4}->theta^{2}_{3,4}, theta^{6}_{3,5}->theta^{2}_{3,5}, theta^{6}_{3,7}->theta^{2}_{3,7}, theta^{6}_{3,8}->theta^{2}_{3,8}, theta^{6}_{4,5}->theta^{2}_{4,5}, theta^{6}_{4,7}->theta^{2}_{4,7}, theta^{6}_{4,8}->theta^{2}_{4,8}, theta^{6}_{5,7}->theta^{2}_{5,7}, theta^{6}_{5,8}->theta^{2}_{5,8}, theta^{6}_{7,8}->theta^{2}_{7,8}, theta^{7}_{0,2}->theta^{7}_{0,6}, theta^{7}_{0,6}->theta^{7}_{0,2}, theta^{7}_{1,2}->theta^{7}_{1,6}, theta^{7}_{1,6}->theta^{7}_{1,2}, theta^{7}_{2,3}->theta^{7}_{3,6}, theta^{7}_{2,4}->theta^{7}_{4,6}, theta^{7}_{2,5}->theta^{7}_{5,6}, theta^{7}_{2,8}->theta^{7}_{6,8}, theta^{7}_{3,6}->theta^{7}_{2,3}, theta^{7}_{4,6}->theta^{7}_{2,4}, theta^{7}_{5,6}->theta^{7}_{2,5}, theta^{7}_{6,8}->theta^{7}_{2,8}, theta^{8}_{0,2}->theta^{8}_{0,6}, theta^{8}_{0,6}->theta^{8}_{0,2}, theta^{8}_{1,2}->theta^{8}_{1,6}, theta^{8}_{1,6}->theta^{8}_{1,2}, theta^{8}_{2,3}->theta^{8}_{3,6}, theta^{8}_{2,4}->theta^{8}_{4,6}, theta^{8}_{2,5}->theta^{8}_{5,6}, theta^{8}_{2,7}->theta^{8}_{6,7}, theta^{8}_{3,6}->theta^{8}_{2,3}, theta^{8}_{4,6}->theta^{8}_{2,4}, theta^{8}_{5,6}->theta^{8}_{2,5}, theta^{8}_{6,7}->theta^{8}_{2,7}
  Dihedrals: d_{0,1,2,3}->d_{0,1,3,6}, d_{0,1,2,4}->d_{0,1,4,6}, d_{0,1,2,5}->d_{0,1,5,6}, d_{0,1,2,7}->d_{0,1,6,7}, d_{0,1,2,8}->d_{0,1,6,8}, d_{0,1,3,6}->d_{0,1,2,3}, d_{0,1,4,6}->d_{0,1,2,4}, d_{0,1,5,6}->d_{0,1,2,5}, d_{0,1,6,7}->d_{0,1,2,7}, d_{0,1,6,8}->d_{0,1,2,8}, d_{0,2,1,3}->d_{0,6,1,3}, d_{0,2,1,4}->d_{0,6,1,4}, d_{0,2,1,5}->d_{0,6,1,5}, d_{0,2,1,6}->d_{0,6,1,2}, d_{0,2,1,7}->d_{0,6,1,7}, d_{0,2,1,8}->d_{0,6,1,8}, d_{0,2,3,4}->d_{0,6,3,4}, d_{0,2,3,5}->d_{0,6,3,5}, d_{0,2,3,6}->d_{0,6,2,3}, d_{0,2,3,7}->d_{0,6,3,7}, d_{0,2,3,8}->d_{0,6,3,8}, d_{0,2,4,5}->d_{0,6,4,5}, d_{0,2,4,6}->d_{0,6,2,4}, d_{0,2,4,7}->d_{0,6,4,7}, d_{0,2,4,8}->d_{0,6,4,8}, d_{0,2,5,6}->d_{0,6,2,5}, d_{0,2,5,7}->d_{0,6,5,7}, d_{0,2,5,8}->d_{0,6,5,8}, d_{0,2,6,7}->d_{0,6,2,7}, d_{0,2,6,8}->d_{0,6,2,8}, d_{0,2,7,8}->d_{0,6,7,8}, d_{0,3,1,2}->d_{0,3,1,6}, d_{0,3,1,6}->d_{0,3,1,2}, d_{0,3,2,4}->d_{0,3,4,6}, d_{0,3,2,5}->d_{0,3,5,6}, d_{0,3,2,7}->d_{0,3,6,7}, d_{0,3,2,8}->d_{0,3,6,8}, d_{0,3,4,6}->d_{0,3,2,4}, d_{0,3,5,6}->d_{0,3,2,5}, d_{0,3,6,7}->d_{0,3,2,7}, d_{0,3,6,8}->d_{0,3,2,8}, d_{0,4,1,2}->d_{0,4,1,6}, d_{0,4,1,6}->d_{0,4,1,2}, d_{0,4,2,3}->d_{0,4,3,6}, d_{0,4,2,5}->d_{0,4,5,6}, d_{0,4,2,7}->d_{0,4,6,7}, d_{0,4,2,8}->d_{0,4,6,8}, d_{0,4,3,6}->d_{0,4,2,3}, d_{0,4,5,6}->d_{0,4,2,5}, d_{0,4,6,7}->d_{0,4,2,7}, d_{0,4,6,8}->d_{0,4,2,8}, d_{0,5,1,2}->d_{0,5,1,6}, d_{0,5,1,6}->d_{0,5,1,2}, d_{0,5,2,3}->d_{0,5,3,6}, d_{0,5,2,4}->d_{0,5,4,6}, d_{0,5,2,7}->d_{0,5,6,7}, d_{0,5,2,8}->d_{0,5,6,8}, d_{0,5,3,6}->d_{0,5,2,3}, d_{0,5,4,6}->d_{0,5,2,4}, d_{0,5,6,7}->d_{0,5,2,7}, d_{0,5,6,8}->d_{0,5,2,8}, d_{0,6,1,2}->d_{0,2,1,6}, d_{0,6,1,3}->d_{0,2,1,3}, d_{0,6,1,4}->d_{0,2,1,4}, d_{0,6,1,5}->d_{0,2,1,5}, d_{0,6,1,7}->d_{0,2,1,7}, d_{0,6,1,8}->d_{0,2,1,8}, d_{0,6,2,3}->d_{0,2,3,6}, d_{0,6,2,4}->d_{0,2,4,6}, d_{0,6,2,5}->d_{0,2,5,6}, d_{0,6,2,7}->d_{0,2,6,7}, d_{0,6,2,8}->d_{0,2,6,8}, d_{0,6,3,4}->d_{0,2,3,4}, d_{0,6,3,5}->d_{0,2,3,5}, d_{0,6,3,7}->d_{0,2,3,7}, d_{0,6,3,8}->d_{0,2,3,8}, d_{0,6,4,5}->d_{0,2,4,5}, d_{0,6,4,7}->d_{0,2,4,7}, d_{0,6,4,8}->d_{0,2,4,8}, d_{0,6,5,7}->d_{0,2,5,7}, d_{0,6,5,8}->d_{0,2,5,8}, d_{0,6,7,8}->d_{0,2,7,8}, d_{0,7,1,2}->d_{0,7,1,6}, d_{0,7,1,6}->d_{0,7,1,2}, d_{0,7,2,3}->d_{0,7,3,6}, d_{0,7,2,4}->d_{0,7,4,6}, d_{0,7,2,5}->d_{0,7,5,6}, d_{0,7,2,8}->d_{0,7,6,8}, d_{0,7,3,6}->d_{0,7,2,3}, d_{0,7,4,6}->d_{0,7,2,4}, d_{0,7,5,6}->d_{0,7,2,5}, d_{0,7,6,8}->d_{0,7,2,8}, d_{0,8,1,2}->d_{0,8,1,6}, d_{0,8,1,6}->d_{0,8,1,2}, d_{0,8,2,3}->d_{0,8,3,6}, d_{0,8,2,4}->d_{0,8,4,6}, d_{0,8,2,5}->d_{0,8,5,6}, d_{0,8,2,7}->d_{0,8,6,7}, d_{0,8,3,6}->d_{0,8,2,3}, d_{0,8,4,6}->d_{0,8,2,4}, d_{0,8,5,6}->d_{0,8,2,5}, d_{0,8,6,7}->d_{0,8,2,7}, d_{1,2,0,3}->d_{1,6,0,3}, d_{1,2,0,4}->d_{1,6,0,4}, d_{1,2,0,5}->d_{1,6,0,5}, d_{1,2,0,6}->d_{1,6,0,2}, d_{1,2,0,7}->d_{1,6,0,7}, d_{1,2,0,8}->d_{1,6,0,8}, d_{1,2,3,4}->d_{1,6,3,4}, d_{1,2,3,5}->d_{1,6,3,5}, d_{1,2,3,6}->d_{1,6,2,3}, d_{1,2,3,7}->d_{1,6,3,7}, d_{1,2,3,8}->d_{1,6,3,8}, d_{1,2,4,5}->d_{1,6,4,5}, d_{1,2,4,6}->d_{1,6,2,4}, d_{1,2,4,7}->d_{1,6,4,7}, d_{1,2,4,8}->d_{1,6,4,8}, d_{1,2,5,6}->d_{1,6,2,5}, d_{1,2,5,7}->d_{1,6,5,7}, d_{1,2,5,8}->d_{1,6,5,8}, d_{1,2,6,7}->d_{1,6,2,7}, d_{1,2,6,8}->d_{1,6,2,8}, d_{1,2,7,8}->d_{1,6,7,8}, d_{1,3,0,2}->d_{1,3,0,6}, d_{1,3,0,6}->d_{1,3,0,2}, d_{1,3,2,4}->d_{1,3,4,6}, d_{1,3,2,5}->d_{1,3,5,6}, d_{1,3,2,7}->d_{1,3,6,7}, d_{1,3,2,8}->d_{1,3,6,8}, d_{1,3,4,6}->d_{1,3,2,4}, d_{1,3,5,6}->d_{1,3,2,5}, d_{1,3,6,7}->d_{1,3,2,7}, d_{1,3,6,8}->d_{1,3,2,8}, d_{1,4,0,2}->d_{1,4,0,6}, d_{1,4,0,6}->d_{1,4,0,2}, d_{1,4,2,3}->d_{1,4,3,6}, d_{1,4,2,5}->d_{1,4,5,6}, d_{1,4,2,7}->d_{1,4,6,7}, d_{1,4,2,8}->d_{1,4,6,8}, d_{1,4,3,6}->d_{1,4,2,3}, d_{1,4,5,6}->d_{1,4,2,5}, d_{1,4,6,7}->d_{1,4,2,7}, d_{1,4,6,8}->d_{1,4,2,8}, d_{1,5,0,2}->d_{1,5,0,6}, d_{1,5,0,6}->d_{1,5,0,2}, d_{1,5,2,3}->d_{1,5,3,6}, d_{1,5,2,4}->d_{1,5,4,6}, d_{1,5,2,7}->d_{1,5,6,7}, d_{1,5,2,8}->d_{1,5,6,8}, d_{1,5,3,6}->d_{1,5,2,3}, d_{1,5,4,6}->d_{1,5,2,4}, d_{1,5,6,7}->d_{1,5,2,7}, d_{1,5,6,8}->d_{1,5,2,8}, d_{1,6,0,2}->d_{1,2,0,6}, d_{1,6,0,3}->d_{1,2,0,3}, d_{1,6,0,4}->d_{1,2,0,4}, d_{1,6,0,5}->d_{1,2,0,5}, d_{1,6,0,7}->d_{1,2,0,7}, d_{1,6,0,8}->d_{1,2,0,8}, d_{1,6,2,3}->d_{1,2,3,6}, d_{1,6,2,4}->d_{1,2,4,6}, d_{1,6,2,5}->d_{1,2,5,6}, d_{1,6,2,7}->d_{1,2,6,7}, d_{1,6,2,8}->d_{1,2,6,8}, d_{1,6,3,4}->d_{1,2,3,4}, d_{1,6,3,5}->d_{1,2,3,5}, d_{1,6,3,7}->d_{1,2,3,7}, d_{1,6,3,8}->d_{1,2,3,8}, d_{1,6,4,5}->d_{1,2,4,5}, d_{1,6,4,7}->d_{1,2,4,7}, d_{1,6,4,8}->d_{1,2,4,8}, d_{1,6,5,7}->d_{1,2,5,7}, d_{1,6,5,8}->d_{1,2,5,8}, d_{1,6,7,8}->d_{1,2,7,8}, d_{1,7,0,2}->d_{1,7,0,6}, d_{1,7,0,6}->d_{1,7,0,2}, d_{1,7,2,3}->d_{1,7,3,6}, d_{1,7,2,4}->d_{1,7,4,6}, d_{1,7,2,5}->d_{1,7,5,6}, d_{1,7,2,8}->d_{1,7,6,8}, d_{1,7,3,6}->d_{1,7,2,3}, d_{1,7,4,6}->d_{1,7,2,4}, d_{1,7,5,6}->d_{1,7,2,5}, d_{1,7,6,8}->d_{1,7,2,8}, d_{1,8,0,2}->d_{1,8,0,6}, d_{1,8,0,6}->d_{1,8,0,2}, d_{1,8,2,3}->d_{1,8,3,6}, d_{1,8,2,4}->d_{1,8,4,6}, d_{1,8,2,5}->d_{1,8,5,6}, d_{1,8,2,7}->d_{1,8,6,7}, d_{1,8,3,6}->d_{1,8,2,3}, d_{1,8,4,6}->d_{1,8,2,4}, d_{1,8,5,6}->d_{1,8,2,5}, d_{1,8,6,7}->d_{1,8,2,7}, d_{2,3,0,1}->d_{3,6,0,1}, d_{2,3,0,4}->d_{3,6,0,4}, d_{2,3,0,5}->d_{3,6,0,5}, d_{2,3,0,6}->d_{3,6,0,2}, d_{2,3,0,7}->d_{3,6,0,7}, d_{2,3,0,8}->d_{3,6,0,8}, d_{2,3,1,4}->d_{3,6,1,4}, d_{2,3,1,5}->d_{3,6,1,5}, d_{2,3,1,6}->d_{3,6,1,2}, d_{2,3,1,7}->d_{3,6,1,7}, d_{2,3,1,8}->d_{3,6,1,8}, d_{2,3,4,5}->d_{3,6,4,5}, d_{2,3,4,6}->d_{3,6,2,4}, d_{2,3,4,7}->d_{3,6,4,7}, d_{2,3,4,8}->d_{3,6,4,8}, d_{2,3,5,6}->d_{3,6,2,5}, d_{2,3,5,7}->d_{3,6,5,7}, d_{2,3,5,8}->d_{3,6,5,8}, d_{2,3,6,7}->d_{3,6,2,7}, d_{2,3,6,8}->d_{3,6,2,8}, d_{2,3,7,8}->d_{3,6,7,8}, d_{2,4,0,1}->d_{4,6,0,1}, d_{2,4,0,3}->d_{4,6,0,3}, d_{2,4,0,5}->d_{4,6,0,5}, d_{2,4,0,6}->d_{4,6,0,2}, d_{2,4,0,7}->d_{4,6,0,7}, d_{2,4,0,8}->d_{4,6,0,8}, d_{2,4,1,3}->d_{4,6,1,3}, d_{2,4,1,5}->d_{4,6,1,5}, d_{2,4,1,6}->d_{4,6,1,2}, d_{2,4,1,7}->d_{4,6,1,7}, d_{2,4,1,8}->d_{4,6,1,8}, d_{2,4,3,5}->d_{4,6,3,5}, d_{2,4,3,6}->d_{4,6,2,3}, d_{2,4,3,7}->d_{4,6,3,7}, d_{2,4,3,8}->d_{4,6,3,8}, d_{2,4,5,6}->d_{4,6,2,5}, d_{2,4,5,7}->d_{4,6,5,7}, d_{2,4,5,8}->d_{4,6,5,8}, d_{2,4,6,7}->d_{4,6,2,7}, d_{2,4,6,8}->d_{4,6,2,8}, d_{2,4,7,8}->d_{4,6,7,8}, d_{2,5,0,1}->d_{5,6,0,1}, d_{2,5,0,3}->d_{5,6,0,3}, d_{2,5,0,4}->d_{5,6,0,4}, d_{2,5,0,6}->d_{5,6,0,2}, d_{2,5,0,7}->d_{5,6,0,7}, d_{2,5,0,8}->d_{5,6,0,8}, d_{2,5,1,3}->d_{5,6,1,3}, d_{2,5,1,4}->d_{5,6,1,4}, d_{2,5,1,6}->d_{5,6,1,2}, d_{2,5,1,7}->d_{5,6,1,7}, d_{2,5,1,8}->d_{5,6,1,8}, d_{2,5,3,4}->d_{5,6,3,4}, d_{2,5,3,6}->d_{5,6,2,3}, d_{2,5,3,7}->d_{5,6,3,7}, d_{2,5,3,8}->d_{5,6,3,8}, d_{2,5,4,6}->d_{5,6,2,4}, d_{2,5,4,7}->d_{5,6,4,7}, d_{2,5,4,8}->d_{5,6,4,8}, d_{2,5,6,7}->d_{5,6,2,7}, d_{2,5,6,8}->d_{5,6,2,8}, d_{2,5,7,8}->d_{5,6,7,8}, d_{2,7,0,1}->d_{6,7,0,1}, d_{2,7,0,3}->d_{6,7,0,3}, d_{2,7,0,4}->d_{6,7,0,4}, d_{2,7,0,5}->d_{6,7,0,5}, d_{2,7,0,6}->d_{6,7,0,2}, d_{2,7,0,8}->d_{6,7,0,8}, d_{2,7,1,3}->d_{6,7,1,3}, d_{2,7,1,4}->d_{6,7,1,4}, d_{2,7,1,5}->d_{6,7,1,5}, d_{2,7,1,6}->d_{6,7,1,2}, d_{2,7,1,8}->d_{6,7,1,8}, d_{2,7,3,4}->d_{6,7,3,4}, d_{2,7,3,5}->d_{6,7,3,5}, d_{2,7,3,6}->d_{6,7,2,3}, d_{2,7,3,8}->d_{6,7,3,8}, d_{2,7,4,5}->d_{6,7,4,5}, d_{2,7,4,6}->d_{6,7,2,4}, d_{2,7,4,8}->d_{6,7,4,8}, d_{2,7,5,6}->d_{6,7,2,5}, d_{2,7,5,8}->d_{6,7,5,8}, d_{2,7,6,8}->d_{6,7,2,8}, d_{2,8,0,1}->d_{6,8,0,1}, d_{2,8,0,3}->d_{6,8,0,3}, d_{2,8,0,4}->d_{6,8,0,4}, d_{2,8,0,5}->d_{6,8,0,5}, d_{2,8,0,6}->d_{6,8,0,2}, d_{2,8,0,7}->d_{6,8,0,7}, d_{2,8,1,3}->d_{6,8,1,3}, d_{2,8,1,4}->d_{6,8,1,4}, d_{2,8,1,5}->d_{6,8,1,5}, d_{2,8,1,6}->d_{6,8,1,2}, d_{2,8,1,7}->d_{6,8,1,7}, d_{2,8,3,4}->d_{6,8,3,4}, d_{2,8,3,5}->d_{6,8,3,5}, d_{2,8,3,6}->d_{6,8,2,3}, d_{2,8,3,7}->d_{6,8,3,7}, d_{2,8,4,5}->d_{6,8,4,5}, d_{2,8,4,6}->d_{6,8,2,4}, d_{2,8,4,7}->d_{6,8,4,7}, d_{2,8,5,6}->d_{6,8,2,5}, d_{2,8,5,7}->d_{6,8,5,7}, d_{2,8,6,7}->d_{6,8,2,7}, d_{3,4,0,2}->d_{3,4,0,6}, d_{3,4,0,6}->d_{3,4,0,2}, d_{3,4,1,2}->d_{3,4,1,6}, d_{3,4,1,6}->d_{3,4,1,2}, d_{3,4,2,5}->d_{3,4,5,6}, d_{3,4,2,7}->d_{3,4,6,7}, d_{3,4,2,8}->d_{3,4,6,8}, d_{3,4,5,6}->d_{3,4,2,5}, d_{3,4,6,7}->d_{3,4,2,7}, d_{3,4,6,8}->d_{3,4,2,8}, d_{3,5,0,2}->d_{3,5,0,6}, d_{3,5,0,6}->d_{3,5,0,2}, d_{3,5,1,2}->d_{3,5,1,6}, d_{3,5,1,6}->d_{3,5,1,2}, d_{3,5,2,4}->d_{3,5,4,6}, d_{3,5,2,7}->d_{3,5,6,7}, d_{3,5,2,8}->d_{3,5,6,8}, d_{3,5,4,6}->d_{3,5,2,4}, d_{3,5,6,7}->d_{3,5,2,7}, d_{3,5,6,8}->d_{3,5,2,8}, d_{3,6,0,1}->d_{2,3,0,1}, d_{3,6,0,2}->d_{2,3,0,6}, d_{3,6,0,4}->d_{2,3,0,4}, d_{3,6,0,5}->d_{2,3,0,5}, d_{3,6,0,7}->d_{2,3,0,7}, d_{3,6,0,8}->d_{2,3,0,8}, d_{3,6,1,2}->d_{2,3,1,6}, d_{3,6,1,4}->d_{2,3,1,4}, d_{3,6,1,5}->d_{2,3,1,5}, d_{3,6,1,7}->d_{2,3,1,7}, d_{3,6,1,8}->d_{2,3,1,8}, d_{3,6,2,4}->d_{2,3,4,6}, d_{3,6,2,5}->d_{2,3,5,6}, d_{3,6,2,7}->d_{2,3,6,7}, d_{3,6,2,8}->d_{2,3,6,8}, d_{3,6,4,5}->d_{2,3,4,5}, d_{3,6,4,7}->d_{2,3,4,7}, d_{3,6,4,8}->d_{2,3,4,8}, d_{3,6,5,7}->d_{2,3,5,7}, d_{3,6,5,8}->d_{2,3,5,8}, d_{3,6,7,8}->d_{2,3,7,8}, d_{3,7,0,2}->d_{3,7,0,6}, d_{3,7,0,6}->d_{3,7,0,2}, d_{3,7,1,2}->d_{3,7,1,6}, d_{3,7,1,6}->d_{3,7,1,2}, d_{3,7,2,4}->d_{3,7,4,6}, d_{3,7,2,5}->d_{3,7,5,6}, d_{3,7,2,8}->d_{3,7,6,8}, d_{3,7,4,6}->d_{3,7,2,4}, d_{3,7,5,6}->d_{3,7,2,5}, d_{3,7,6,8}->d_{3,7,2,8}, d_{3,8,0,2}->d_{3,8,0,6}, d_{3,8,0,6}->d_{3,8,0,2}, d_{3,8,1,2}->d_{3,8,1,6}, d_{3,8,1,6}->d_{3,8,1,2}, d_{3,8,2,4}->d_{3,8,4,6}, d_{3,8,2,5}->d_{3,8,5,6}, d_{3,8,2,7}->d_{3,8,6,7}, d_{3,8,4,6}->d_{3,8,2,4}, d_{3,8,5,6}->d_{3,8,2,5}, d_{3,8,6,7}->d_{3,8,2,7}, d_{4,5,0,2}->d_{4,5,0,6}, d_{4,5,0,6}->d_{4,5,0,2}, d_{4,5,1,2}->d_{4,5,1,6}, d_{4,5,1,6}->d_{4,5,1,2}, d_{4,5,2,3}->d_{4,5,3,6}, d_{4,5,2,7}->d_{4,5,6,7}, d_{4,5,2,8}->d_{4,5,6,8}, d_{4,5,3,6}->d_{4,5,2,3}, d_{4,5,6,7}->d_{4,5,2,7}, d_{4,5,6,8}->d_{4,5,2,8}, d_{4,6,0,1}->d_{2,4,0,1}, d_{4,6,0,2}->d_{2,4,0,6}, d_{4,6,0,3}->d_{2,4,0,3}, d_{4,6,0,5}->d_{2,4,0,5}, d_{4,6,0,7}->d_{2,4,0,7}, d_{4,6,0,8}->d_{2,4,0,8}, d_{4,6,1,2}->d_{2,4,1,6}, d_{4,6,1,3}->d_{2,4,1,3}, d_{4,6,1,5}->d_{2,4,1,5}, d_{4,6,1,7}->d_{2,4,1,7}, d_{4,6,1,8}->d_{2,4,1,8}, d_{4,6,2,3}->d_{2,4,3,6}, d_{4,6,2,5}->d_{2,4,5,6}, d_{4,6,2,7}->d_{2,4,6,7}, d_{4,6,2,8}->d_{2,4,6,8}, d_{4,6,3,5}->d_{2,4,3,5}, d_{4,6,3,7}->d_{2,4,3,7}, d_{4,6,3,8}->d_{2,4,3,8}, d_{4,6,5,7}->d_{2,4,5,7}, d_{4,6,5,8}->d_{2,4,5,8}, d_{4,6,7,8}->d_{2,4,7,8}, d_{4,7,0,2}->d_{4,7,0,6}, d_{4,7,0,6}->d_{4,7,0,2}, d_{4,7,1,2}->d_{4,7,1,6}, d_{4,7,1,6}->d_{4,7,1,2}, d_{4,7,2,3}->d_{4,7,3,6}, d_{4,7,2,5}->d_{4,7,5,6}, d_{4,7,2,8}->d_{4,7,6,8}, d_{4,7,3,6}->d_{4,7,2,3}, d_{4,7,5,6}->d_{4,7,2,5}, d_{4,7,6,8}->d_{4,7,2,8}, d_{4,8,0,2}->d_{4,8,0,6}, d_{4,8,0,6}->d_{4,8,0,2}, d_{4,8,1,2}->d_{4,8,1,6}, d_{4,8,1,6}->d_{4,8,1,2}, d_{4,8,2,3}->d_{4,8,3,6}, d_{4,8,2,5}->d_{4,8,5,6}, d_{4,8,2,7}->d_{4,8,6,7}, d_{4,8,3,6}->d_{4,8,2,3}, d_{4,8,5,6}->d_{4,8,2,5}, d_{4,8,6,7}->d_{4,8,2,7}, d_{5,6,0,1}->d_{2,5,0,1}, d_{5,6,0,2}->d_{2,5,0,6}, d_{5,6,0,3}->d_{2,5,0,3}, d_{5,6,0,4}->d_{2,5,0,4}, d_{5,6,0,7}->d_{2,5,0,7}, d_{5,6,0,8}->d_{2,5,0,8}, d_{5,6,1,2}->d_{2,5,1,6}, d_{5,6,1,3}->d_{2,5,1,3}, d_{5,6,1,4}->d_{2,5,1,4}, d_{5,6,1,7}->d_{2,5,1,7}, d_{5,6,1,8}->d_{2,5,1,8}, d_{5,6,2,3}->d_{2,5,3,6}, d_{5,6,2,4}->d_{2,5,4,6}, d_{5,6,2,7}->d_{2,5,6,7}, d_{5,6,2,8}->d_{2,5,6,8}, d_{5,6,3,4}->d_{2,5,3,4}, d_{5,6,3,7}->d_{2,5,3,7}, d_{5,6,3,8}->d_{2,5,3,8}, d_{5,6,4,7}->d_{2,5,4,7}, d_{5,6,4,8}->d_{2,5,4,8}, d_{5,6,7,8}->d_{2,5,7,8}, d_{5,7,0,2}->d_{5,7,0,6}, d_{5,7,0,6}->d_{5,7,0,2}, d_{5,7,1,2}->d_{5,7,1,6}, d_{5,7,1,6}->d_{5,7,1,2}, d_{5,7,2,3}->d_{5,7,3,6}, d_{5,7,2,4}->d_{5,7,4,6}, d_{5,7,2,8}->d_{5,7,6,8}, d_{5,7,3,6}->d_{5,7,2,3}, d_{5,7,4,6}->d_{5,7,2,4}, d_{5,7,6,8}->d_{5,7,2,8}, d_{5,8,0,2}->d_{5,8,0,6}, d_{5,8,0,6}->d_{5,8,0,2}, d_{5,8,1,2}->d_{5,8,1,6}, d_{5,8,1,6}->d_{5,8,1,2}, d_{5,8,2,3}->d_{5,8,3,6}, d_{5,8,2,4}->d_{5,8,4,6}, d_{5,8,2,7}->d_{5,8,6,7}, d_{5,8,3,6}->d_{5,8,2,3}, d_{5,8,4,6}->d_{5,8,2,4}, d_{5,8,6,7}->d_{5,8,2,7}, d_{6,7,0,1}->d_{2,7,0,1}, d_{6,7,0,2}->d_{2,7,0,6}, d_{6,7,0,3}->d_{2,7,0,3}, d_{6,7,0,4}->d_{2,7,0,4}, d_{6,7,0,5}->d_{2,7,0,5}, d_{6,7,0,8}->d_{2,7,0,8}, d_{6,7,1,2}->d_{2,7,1,6}, d_{6,7,1,3}->d_{2,7,1,3}, d_{6,7,1,4}->d_{2,7,1,4}, d_{6,7,1,5}->d_{2,7,1,5}, d_{6,7,1,8}->d_{2,7,1,8}, d_{6,7,2,3}->d_{2,7,3,6}, d_{6,7,2,4}->d_{2,7,4,6}, d_{6,7,2,5}->d_{2,7,5,6}, d_{6,7,2,8}->d_{2,7,6,8}, d_{6,7,3,4}->d_{2,7,3,4}, d_{6,7,3,5}->d_{2,7,3,5}, d_{6,7,3,8}->d_{2,7,3,8}, d_{6,7,4,5}->d_{2,7,4,5}, d_{6,7,4,8}->d_{2,7,4,8}, d_{6,7,5,8}->d_{2,7,5,8}, d_{6,8,0,1}->d_{2,8,0,1}, d_{6,8,0,2}->d_{2,8,0,6}, d_{6,8,0,3}->d_{2,8,0,3}, d_{6,8,0,4}->d_{2,8,0,4}, d_{6,8,0,5}->d_{2,8,0,5}, d_{6,8,0,7}->d_{2,8,0,7}, d_{6,8,1,2}->d_{2,8,1,6}, d_{6,8,1,3}->d_{2,8,1,3}, d_{6,8,1,4}->d_{2,8,1,4}, d_{6,8,1,5}->d_{2,8,1,5}, d_{6,8,1,7}->d_{2,8,1,7}, d_{6,8,2,3}->d_{2,8,3,6}, d_{6,8,2,4}->d_{2,8,4,6}, d_{6,8,2,5}->d_{2,8,5,6}, d_{6,8,2,7}->d_{2,8,6,7}, d_{6,8,3,4}->d_{2,8,3,4}, d_{6,8,3,5}->d_{2,8,3,5}, d_{6,8,3,7}->d_{2,8,3,7}, d_{6,8,4,5}->d_{2,8,4,5}, d_{6,8,4,7}->d_{2,8,4,7}, d_{6,8,5,7}->d_{2,8,5,7}, d_{7,8,0,2}->d_{7,8,0,6}, d_{7,8,0,6}->d_{7,8,0,2}, d_{7,8,1,2}->d_{7,8,1,6}, d_{7,8,1,6}->d_{7,8,1,2}, d_{7,8,2,3}->d_{7,8,3,6}, d_{7,8,2,4}->d_{7,8,4,6}, d_{7,8,2,5}->d_{7,8,5,6}, d_{7,8,3,6}->d_{7,8,2,3}, d_{7,8,4,6}->d_{7,8,2,4}, d_{7,8,5,6}->d_{7,8,2,5}

Permutation #5:
  Bonds: r_{0,2}->r_{0,7}, r_{0,7}->r_{0,2}, r_{1,2}->r_{1,7}, r_{1,7}->r_{1,2}, r_{2,3}->r_{3,7}, r_{2,4}->r_{4,7}, r_{2,5}->r_{5,7}, r_{2,6}->r_{6,7}, r_{2,8}->r_{7,8}, r_{3,7}->r_{2,3}, r_{4,7}->r_{2,4}, r_{5,7}->r_{2,5}, r_{6,7}->r_{2,6}, r_{7,8}->r_{2,8}
  Angles: theta^{0}_{1,2}->theta^{0}_{1,7}, theta^{0}_{1,7}->theta^{0}_{1,2}, theta^{0}_{2,3}->theta^{0}_{3,7}, theta^{0}_{2,4}->theta^{0}_{4,7}, theta^{0}_{2,5}->theta^{0}_{5,7}, theta^{0}_{2,6}->theta^{0}_{6,7}, theta^{0}_{2,8}->theta^{0}_{7,8}, theta^{0}_{3,7}->theta^{0}_{2,3}, theta^{0}_{4,7}->theta^{0}_{2,4}, theta^{0}_{5,7}->theta^{0}_{2,5}, theta^{0}_{6,7}->theta^{0}_{2,6}, theta^{0}_{7,8}->theta^{0}_{2,8}, theta^{1}_{0,2}->theta^{1}_{0,7}, theta^{1}_{0,7}->theta^{1}_{0,2}, theta^{1}_{2,3}->theta^{1}_{3,7}, theta^{1}_{2,4}->theta^{1}_{4,7}, theta^{1}_{2,5}->theta^{1}_{5,7}, theta^{1}_{2,6}->theta^{1}_{6,7}, theta^{1}_{2,8}->theta^{1}_{7,8}, theta^{1}_{3,7}->theta^{1}_{2,3}, theta^{1}_{4,7}->theta^{1}_{2,4}, theta^{1}_{5,7}->theta^{1}_{2,5}, theta^{1}_{6,7}->theta^{1}_{2,6}, theta^{1}_{7,8}->theta^{1}_{2,8}, theta^{2}_{0,1}->theta^{7}_{0,1}, theta^{2}_{0,3}->theta^{7}_{0,3}, theta^{2}_{0,4}->theta^{7}_{0,4}, theta^{2}_{0,5}->theta^{7}_{0,5}, theta^{2}_{0,6}->theta^{7}_{0,6}, theta^{2}_{0,7}->theta^{7}_{0,2}, theta^{2}_{0,8}->theta^{7}_{0,8}, theta^{2}_{1,3}->theta^{7}_{1,3}, theta^{2}_{1,4}->theta^{7}_{1,4}, theta^{2}_{1,5}->theta^{7}_{1,5}, theta^{2}_{1,6}->theta^{7}_{1,6}, theta^{2}_{1,7}->theta^{7}_{1,2}, theta^{2}_{1,8}->theta^{7}_{1,8}, theta^{2}_{3,4}->theta^{7}_{3,4}, theta^{2}_{3,5}->theta^{7}_{3,5}, theta^{2}_{3,6}->theta^{7}_{3,6}, theta^{2}_{3,7}->theta^{7}_{2,3}, theta^{2}_{3,8}->theta^{7}_{3,8}, theta^{2}_{4,5}->theta^{7}_{4,5}, theta^{2}_{4,6}->theta^{7}_{4,6}, theta^{2}_{4,7}->theta^{7}_{2,4}, theta^{2}_{4,8}->theta^{7}_{4,8}, theta^{2}_{5,6}->theta^{7}_{5,6}, theta^{2}_{5,7}->theta^{7}_{2,5}, theta^{2}_{5,8}->theta^{7}_{5,8}, theta^{2}_{6,7}->theta^{7}_{2,6}, theta^{2}_{6,8}->theta^{7}_{6,8}, theta^{2}_{7,8}->theta^{7}_{2,8}, theta^{3}_{0,2}->theta^{3}_{0,7}, theta^{3}_{0,7}->theta^{3}_{0,2}, theta^{3}_{1,2}->theta^{3}_{1,7}, theta^{3}_{1,7}->theta^{3}_{1,2}, theta^{3}_{2,4}->theta^{3}_{4,7}, theta^{3}_{2,5}->theta^{3}_{5,7}, theta^{3}_{2,6}->theta^{3}_{6,7}, theta^{3}_{2,8}->theta^{3}_{7,8}, theta^{3}_{4,7}->theta^{3}_{2,4}, theta^{3}_{5,7}->theta^{3}_{2,5}, theta^{3}_{6,7}->theta^{3}_{2,6}, theta^{3}_{7,8}->theta^{3}_{2,8}, theta^{4}_{0,2}->theta^{4}_{0,7}, theta^{4}_{0,7}->theta^{4}_{0,2}, theta^{4}_{1,2}->theta^{4}_{1,7}, theta^{4}_{1,7}->theta^{4}_{1,2}, theta^{4}_{2,3}->theta^{4}_{3,7}, theta^{4}_{2,5}->theta^{4}_{5,7}, theta^{4}_{2,6}->theta^{4}_{6,7}, theta^{4}_{2,8}->theta^{4}_{7,8}, theta^{4}_{3,7}->theta^{4}_{2,3}, theta^{4}_{5,7}->theta^{4}_{2,5}, theta^{4}_{6,7}->theta^{4}_{2,6}, theta^{4}_{7,8}->theta^{4}_{2,8}, theta^{5}_{0,2}->theta^{5}_{0,7}, theta^{5}_{0,7}->theta^{5}_{0,2}, theta^{5}_{1,2}->theta^{5}_{1,7}, theta^{5}_{1,7}->theta^{5}_{1,2}, theta^{5}_{2,3}->theta^{5}_{3,7}, theta^{5}_{2,4}->theta^{5}_{4,7}, theta^{5}_{2,6}->theta^{5}_{6,7}, theta^{5}_{2,8}->theta^{5}_{7,8}, theta^{5}_{3,7}->theta^{5}_{2,3}, theta^{5}_{4,7}->theta^{5}_{2,4}, theta^{5}_{6,7}->theta^{5}_{2,6}, theta^{5}_{7,8}->theta^{5}_{2,8}, theta^{6}_{0,2}->theta^{6}_{0,7}, theta^{6}_{0,7}->theta^{6}_{0,2}, theta^{6}_{1,2}->theta^{6}_{1,7}, theta^{6}_{1,7}->theta^{6}_{1,2}, theta^{6}_{2,3}->theta^{6}_{3,7}, theta^{6}_{2,4}->theta^{6}_{4,7}, theta^{6}_{2,5}->theta^{6}_{5,7}, theta^{6}_{2,8}->theta^{6}_{7,8}, theta^{6}_{3,7}->theta^{6}_{2,3}, theta^{6}_{4,7}->theta^{6}_{2,4}, theta^{6}_{5,7}->theta^{6}_{2,5}, theta^{6}_{7,8}->theta^{6}_{2,8}, theta^{7}_{0,1}->theta^{2}_{0,1}, theta^{7}_{0,2}->theta^{2}_{0,7}, theta^{7}_{0,3}->theta^{2}_{0,3}, theta^{7}_{0,4}->theta^{2}_{0,4}, theta^{7}_{0,5}->theta^{2}_{0,5}, theta^{7}_{0,6}->theta^{2}_{0,6}, theta^{7}_{0,8}->theta^{2}_{0,8}, theta^{7}_{1,2}->theta^{2}_{1,7}, theta^{7}_{1,3}->theta^{2}_{1,3}, theta^{7}_{1,4}->theta^{2}_{1,4}, theta^{7}_{1,5}->theta^{2}_{1,5}, theta^{7}_{1,6}->theta^{2}_{1,6}, theta^{7}_{1,8}->theta^{2}_{1,8}, theta^{7}_{2,3}->theta^{2}_{3,7}, theta^{7}_{2,4}->theta^{2}_{4,7}, theta^{7}_{2,5}->theta^{2}_{5,7}, theta^{7}_{2,6}->theta^{2}_{6,7}, theta^{7}_{2,8}->theta^{2}_{7,8}, theta^{7}_{3,4}->theta^{2}_{3,4}, theta^{7}_{3,5}->theta^{2}_{3,5}, theta^{7}_{3,6}->theta^{2}_{3,6}, theta^{7}_{3,8}->theta^{2}_{3,8}, theta^{7}_{4,5}->theta^{2}_{4,5}, theta^{7}_{4,6}->theta^{2}_{4,6}, theta^{7}_{4,8}->theta^{2}_{4,8}, theta^{7}_{5,6}->theta^{2}_{5,6}, theta^{7}_{5,8}->theta^{2}_{5,8}, theta^{7}_{6,8}->theta^{2}_{6,8}, theta^{8}_{0,2}->theta^{8}_{0,7}, theta^{8}_{0,7}->theta^{8}_{0,2}, theta^{8}_{1,2}->theta^{8}_{1,7}, theta^{8}_{1,7}->theta^{8}_{1,2}, theta^{8}_{2,3}->theta^{8}_{3,7}, theta^{8}_{2,4}->theta^{8}_{4,7}, theta^{8}_{2,5}->theta^{8}_{5,7}, theta^{8}_{2,6}->theta^{8}_{6,7}, theta^{8}_{3,7}->theta^{8}_{2,3}, theta^{8}_{4,7}->theta^{8}_{2,4}, theta^{8}_{5,7}->theta^{8}_{2,5}, theta^{8}_{6,7}->theta^{8}_{2,6}
  Dihedrals: d_{0,1,2,3}->d_{0,1,3,7}, d_{0,1,2,4}->d_{0,1,4,7}, d_{0,1,2,5}->d_{0,1,5,7}, d_{0,1,2,6}->d_{0,1,6,7}, d_{0,1,2,8}->d_{0,1,7,8}, d_{0,1,3,7}->d_{0,1,2,3}, d_{0,1,4,7}->d_{0,1,2,4}, d_{0,1,5,7}->d_{0,1,2,5}, d_{0,1,6,7}->d_{0,1,2,6}, d_{0,1,7,8}->d_{0,1,2,8}, d_{0,2,1,3}->d_{0,7,1,3}, d_{0,2,1,4}->d_{0,7,1,4}, d_{0,2,1,5}->d_{0,7,1,5}, d_{0,2,1,6}->d_{0,7,1,6}, d_{0,2,1,7}->d_{0,7,1,2}, d_{0,2,1,8}->d_{0,7,1,8}, d_{0,2,3,4}->d_{0,7,3,4}, d_{0,2,3,5}->d_{0,7,3,5}, d_{0,2,3,6}->d_{0,7,3,6}, d_{0,2,3,7}->d_{0,7,2,3}, d_{0,2,3,8}->d_{0,7,3,8}, d_{0,2,4,5}->d_{0,7,4,5}, d_{0,2,4,6}->d_{0,7,4,6}, d_{0,2,4,7}->d_{0,7,2,4}, d_{0,2,4,8}->d_{0,7,4,8}, d_{0,2,5,6}->d_{0,7,5,6}, d_{0,2,5,7}->d_{0,7,2,5}, d_{0,2,5,8}->d_{0,7,5,8}, d_{0,2,6,7}->d_{0,7,2,6}, d_{0,2,6,8}->d_{0,7,6,8}, d_{0,2,7,8}->d_{0,7,2,8}, d_{0,3,1,2}->d_{0,3,1,7}, d_{0,3,1,7}->d_{0,3,1,2}, d_{0,3,2,4}->d_{0,3,4,7}, d_{0,3,2,5}->d_{0,3,5,7}, d_{0,3,2,6}->d_{0,3,6,7}, d_{0,3,2,8}->d_{0,3,7,8}, d_{0,3,4,7}->d_{0,3,2,4}, d_{0,3,5,7}->d_{0,3,2,5}, d_{0,3,6,7}->d_{0,3,2,6}, d_{0,3,7,8}->d_{0,3,2,8}, d_{0,4,1,2}->d_{0,4,1,7}, d_{0,4,1,7}->d_{0,4,1,2}, d_{0,4,2,3}->d_{0,4,3,7}, d_{0,4,2,5}->d_{0,4,5,7}, d_{0,4,2,6}->d_{0,4,6,7}, d_{0,4,2,8}->d_{0,4,7,8}, d_{0,4,3,7}->d_{0,4,2,3}, d_{0,4,5,7}->d_{0,4,2,5}, d_{0,4,6,7}->d_{0,4,2,6}, d_{0,4,7,8}->d_{0,4,2,8}, d_{0,5,1,2}->d_{0,5,1,7}, d_{0,5,1,7}->d_{0,5,1,2}, d_{0,5,2,3}->d_{0,5,3,7}, d_{0,5,2,4}->d_{0,5,4,7}, d_{0,5,2,6}->d_{0,5,6,7}, d_{0,5,2,8}->d_{0,5,7,8}, d_{0,5,3,7}->d_{0,5,2,3}, d_{0,5,4,7}->d_{0,5,2,4}, d_{0,5,6,7}->d_{0,5,2,6}, d_{0,5,7,8}->d_{0,5,2,8}, d_{0,6,1,2}->d_{0,6,1,7}, d_{0,6,1,7}->d_{0,6,1,2}, d_{0,6,2,3}->d_{0,6,3,7}, d_{0,6,2,4}->d_{0,6,4,7}, d_{0,6,2,5}->d_{0,6,5,7}, d_{0,6,2,8}->d_{0,6,7,8}, d_{0,6,3,7}->d_{0,6,2,3}, d_{0,6,4,7}->d_{0,6,2,4}, d_{0,6,5,7}->d_{0,6,2,5}, d_{0,6,7,8}->d_{0,6,2,8}, d_{0,7,1,2}->d_{0,2,1,7}, d_{0,7,1,3}->d_{0,2,1,3}, d_{0,7,1,4}->d_{0,2,1,4}, d_{0,7,1,5}->d_{0,2,1,5}, d_{0,7,1,6}->d_{0,2,1,6}, d_{0,7,1,8}->d_{0,2,1,8}, d_{0,7,2,3}->d_{0,2,3,7}, d_{0,7,2,4}->d_{0,2,4,7}, d_{0,7,2,5}->d_{0,2,5,7}, d_{0,7,2,6}->d_{0,2,6,7}, d_{0,7,2,8}->d_{0,2,7,8}, d_{0,7,3,4}->d_{0,2,3,4}, d_{0,7,3,5}->d_{0,2,3,5}, d_{0,7,3,6}->d_{0,2,3,6}, d_{0,7,3,8}->d_{0,2,3,8}, d_{0,7,4,5}->d_{0,2,4,5}, d_{0,7,4,6}->d_{0,2,4,6}, d_{0,7,4,8}->d_{0,2,4,8}, d_{0,7,5,6}->d_{0,2,5,6}, d_{0,7,5,8}->d_{0,2,5,8}, d_{0,7,6,8}->d_{0,2,6,8}, d_{0,8,1,2}->d_{0,8,1,7}, d_{0,8,1,7}->d_{0,8,1,2}, d_{0,8,2,3}->d_{0,8,3,7}, d_{0,8,2,4}->d_{0,8,4,7}, d_{0,8,2,5}->d_{0,8,5,7}, d_{0,8,2,6}->d_{0,8,6,7}, d_{0,8,3,7}->d_{0,8,2,3}, d_{0,8,4,7}->d_{0,8,2,4}, d_{0,8,5,7}->d_{0,8,2,5}, d_{0,8,6,7}->d_{0,8,2,6}, d_{1,2,0,3}->d_{1,7,0,3}, d_{1,2,0,4}->d_{1,7,0,4}, d_{1,2,0,5}->d_{1,7,0,5}, d_{1,2,0,6}->d_{1,7,0,6}, d_{1,2,0,7}->d_{1,7,0,2}, d_{1,2,0,8}->d_{1,7,0,8}, d_{1,2,3,4}->d_{1,7,3,4}, d_{1,2,3,5}->d_{1,7,3,5}, d_{1,2,3,6}->d_{1,7,3,6}, d_{1,2,3,7}->d_{1,7,2,3}, d_{1,2,3,8}->d_{1,7,3,8}, d_{1,2,4,5}->d_{1,7,4,5}, d_{1,2,4,6}->d_{1,7,4,6}, d_{1,2,4,7}->d_{1,7,2,4}, d_{1,2,4,8}->d_{1,7,4,8}, d_{1,2,5,6}->d_{1,7,5,6}, d_{1,2,5,7}->d_{1,7,2,5}, d_{1,2,5,8}->d_{1,7,5,8}, d_{1,2,6,7}->d_{1,7,2,6}, d_{1,2,6,8}->d_{1,7,6,8}, d_{1,2,7,8}->d_{1,7,2,8}, d_{1,3,0,2}->d_{1,3,0,7}, d_{1,3,0,7}->d_{1,3,0,2}, d_{1,3,2,4}->d_{1,3,4,7}, d_{1,3,2,5}->d_{1,3,5,7}, d_{1,3,2,6}->d_{1,3,6,7}, d_{1,3,2,8}->d_{1,3,7,8}, d_{1,3,4,7}->d_{1,3,2,4}, d_{1,3,5,7}->d_{1,3,2,5}, d_{1,3,6,7}->d_{1,3,2,6}, d_{1,3,7,8}->d_{1,3,2,8}, d_{1,4,0,2}->d_{1,4,0,7}, d_{1,4,0,7}->d_{1,4,0,2}, d_{1,4,2,3}->d_{1,4,3,7}, d_{1,4,2,5}->d_{1,4,5,7}, d_{1,4,2,6}->d_{1,4,6,7}, d_{1,4,2,8}->d_{1,4,7,8}, d_{1,4,3,7}->d_{1,4,2,3}, d_{1,4,5,7}->d_{1,4,2,5}, d_{1,4,6,7}->d_{1,4,2,6}, d_{1,4,7,8}->d_{1,4,2,8}, d_{1,5,0,2}->d_{1,5,0,7}, d_{1,5,0,7}->d_{1,5,0,2}, d_{1,5,2,3}->d_{1,5,3,7}, d_{1,5,2,4}->d_{1,5,4,7}, d_{1,5,2,6}->d_{1,5,6,7}, d_{1,5,2,8}->d_{1,5,7,8}, d_{1,5,3,7}->d_{1,5,2,3}, d_{1,5,4,7}->d_{1,5,2,4}, d_{1,5,6,7}->d_{1,5,2,6}, d_{1,5,7,8}->d_{1,5,2,8}, d_{1,6,0,2}->d_{1,6,0,7}, d_{1,6,0,7}->d_{1,6,0,2}, d_{1,6,2,3}->d_{1,6,3,7}, d_{1,6,2,4}->d_{1,6,4,7}, d_{1,6,2,5}->d_{1,6,5,7}, d_{1,6,2,8}->d_{1,6,7,8}, d_{1,6,3,7}->d_{1,6,2,3}, d_{1,6,4,7}->d_{1,6,2,4}, d_{1,6,5,7}->d_{1,6,2,5}, d_{1,6,7,8}->d_{1,6,2,8}, d_{1,7,0,2}->d_{1,2,0,7}, d_{1,7,0,3}->d_{1,2,0,3}, d_{1,7,0,4}->d_{1,2,0,4}, d_{1,7,0,5}->d_{1,2,0,5}, d_{1,7,0,6}->d_{1,2,0,6}, d_{1,7,0,8}->d_{1,2,0,8}, d_{1,7,2,3}->d_{1,2,3,7}, d_{1,7,2,4}->d_{1,2,4,7}, d_{1,7,2,5}->d_{1,2,5,7}, d_{1,7,2,6}->d_{1,2,6,7}, d_{1,7,2,8}->d_{1,2,7,8}, d_{1,7,3,4}->d_{1,2,3,4}, d_{1,7,3,5}->d_{1,2,3,5}, d_{1,7,3,6}->d_{1,2,3,6}, d_{1,7,3,8}->d_{1,2,3,8}, d_{1,7,4,5}->d_{1,2,4,5}, d_{1,7,4,6}->d_{1,2,4,6}, d_{1,7,4,8}->d_{1,2,4,8}, d_{1,7,5,6}->d_{1,2,5,6}, d_{1,7,5,8}->d_{1,2,5,8}, d_{1,7,6,8}->d_{1,2,6,8}, d_{1,8,0,2}->d_{1,8,0,7}, d_{1,8,0,7}->d_{1,8,0,2}, d_{1,8,2,3}->d_{1,8,3,7}, d_{1,8,2,4}->d_{1,8,4,7}, d_{1,8,2,5}->d_{1,8,5,7}, d_{1,8,2,6}->d_{1,8,6,7}, d_{1,8,3,7}->d_{1,8,2,3}, d_{1,8,4,7}->d_{1,8,2,4}, d_{1,8,5,7}->d_{1,8,2,5}, d_{1,8,6,7}->d_{1,8,2,6}, d_{2,3,0,1}->d_{3,7,0,1}, d_{2,3,0,4}->d_{3,7,0,4}, d_{2,3,0,5}->d_{3,7,0,5}, d_{2,3,0,6}->d_{3,7,0,6}, d_{2,3,0,7}->d_{3,7,0,2}, d_{2,3,0,8}->d_{3,7,0,8}, d_{2,3,1,4}->d_{3,7,1,4}, d_{2,3,1,5}->d_{3,7,1,5}, d_{2,3,1,6}->d_{3,7,1,6}, d_{2,3,1,7}->d_{3,7,1,2}, d_{2,3,1,8}->d_{3,7,1,8}, d_{2,3,4,5}->d_{3,7,4,5}, d_{2,3,4,6}->d_{3,7,4,6}, d_{2,3,4,7}->d_{3,7,2,4}, d_{2,3,4,8}->d_{3,7,4,8}, d_{2,3,5,6}->d_{3,7,5,6}, d_{2,3,5,7}->d_{3,7,2,5}, d_{2,3,5,8}->d_{3,7,5,8}, d_{2,3,6,7}->d_{3,7,2,6}, d_{2,3,6,8}->d_{3,7,6,8}, d_{2,3,7,8}->d_{3,7,2,8}, d_{2,4,0,1}->d_{4,7,0,1}, d_{2,4,0,3}->d_{4,7,0,3}, d_{2,4,0,5}->d_{4,7,0,5}, d_{2,4,0,6}->d_{4,7,0,6}, d_{2,4,0,7}->d_{4,7,0,2}, d_{2,4,0,8}->d_{4,7,0,8}, d_{2,4,1,3}->d_{4,7,1,3}, d_{2,4,1,5}->d_{4,7,1,5}, d_{2,4,1,6}->d_{4,7,1,6}, d_{2,4,1,7}->d_{4,7,1,2}, d_{2,4,1,8}->d_{4,7,1,8}, d_{2,4,3,5}->d_{4,7,3,5}, d_{2,4,3,6}->d_{4,7,3,6}, d_{2,4,3,7}->d_{4,7,2,3}, d_{2,4,3,8}->d_{4,7,3,8}, d_{2,4,5,6}->d_{4,7,5,6}, d_{2,4,5,7}->d_{4,7,2,5}, d_{2,4,5,8}->d_{4,7,5,8}, d_{2,4,6,7}->d_{4,7,2,6}, d_{2,4,6,8}->d_{4,7,6,8}, d_{2,4,7,8}->d_{4,7,2,8}, d_{2,5,0,1}->d_{5,7,0,1}, d_{2,5,0,3}->d_{5,7,0,3}, d_{2,5,0,4}->d_{5,7,0,4}, d_{2,5,0,6}->d_{5,7,0,6}, d_{2,5,0,7}->d_{5,7,0,2}, d_{2,5,0,8}->d_{5,7,0,8}, d_{2,5,1,3}->d_{5,7,1,3}, d_{2,5,1,4}->d_{5,7,1,4}, d_{2,5,1,6}->d_{5,7,1,6}, d_{2,5,1,7}->d_{5,7,1,2}, d_{2,5,1,8}->d_{5,7,1,8}, d_{2,5,3,4}->d_{5,7,3,4}, d_{2,5,3,6}->d_{5,7,3,6}, d_{2,5,3,7}->d_{5,7,2,3}, d_{2,5,3,8}->d_{5,7,3,8}, d_{2,5,4,6}->d_{5,7,4,6}, d_{2,5,4,7}->d_{5,7,2,4}, d_{2,5,4,8}->d_{5,7,4,8}, d_{2,5,6,7}->d_{5,7,2,6}, d_{2,5,6,8}->d_{5,7,6,8}, d_{2,5,7,8}->d_{5,7,2,8}, d_{2,6,0,1}->d_{6,7,0,1}, d_{2,6,0,3}->d_{6,7,0,3}, d_{2,6,0,4}->d_{6,7,0,4}, d_{2,6,0,5}->d_{6,7,0,5}, d_{2,6,0,7}->d_{6,7,0,2}, d_{2,6,0,8}->d_{6,7,0,8}, d_{2,6,1,3}->d_{6,7,1,3}, d_{2,6,1,4}->d_{6,7,1,4}, d_{2,6,1,5}->d_{6,7,1,5}, d_{2,6,1,7}->d_{6,7,1,2}, d_{2,6,1,8}->d_{6,7,1,8}, d_{2,6,3,4}->d_{6,7,3,4}, d_{2,6,3,5}->d_{6,7,3,5}, d_{2,6,3,7}->d_{6,7,2,3}, d_{2,6,3,8}->d_{6,7,3,8}, d_{2,6,4,5}->d_{6,7,4,5}, d_{2,6,4,7}->d_{6,7,2,4}, d_{2,6,4,8}->d_{6,7,4,8}, d_{2,6,5,7}->d_{6,7,2,5}, d_{2,6,5,8}->d_{6,7,5,8}, d_{2,6,7,8}->d_{6,7,2,8}, d_{2,8,0,1}->d_{7,8,0,1}, d_{2,8,0,3}->d_{7,8,0,3}, d_{2,8,0,4}->d_{7,8,0,4}, d_{2,8,0,5}->d_{7,8,0,5}, d_{2,8,0,6}->d_{7,8,0,6}, d_{2,8,0,7}->d_{7,8,0,2}, d_{2,8,1,3}->d_{7,8,1,3}, d_{2,8,1,4}->d_{7,8,1,4}, d_{2,8,1,5}->d_{7,8,1,5}, d_{2,8,1,6}->d_{7,8,1,6}, d_{2,8,1,7}->d_{7,8,1,2}, d_{2,8,3,4}->d_{7,8,3,4}, d_{2,8,3,5}->d_{7,8,3,5}, d_{2,8,3,6}->d_{7,8,3,6}, d_{2,8,3,7}->d_{7,8,2,3}, d_{2,8,4,5}->d_{7,8,4,5}, d_{2,8,4,6}->d_{7,8,4,6}, d_{2,8,4,7}->d_{7,8,2,4}, d_{2,8,5,6}->d_{7,8,5,6}, d_{2,8,5,7}->d_{7,8,2,5}, d_{2,8,6,7}->d_{7,8,2,6}, d_{3,4,0,2}->d_{3,4,0,7}, d_{3,4,0,7}->d_{3,4,0,2}, d_{3,4,1,2}->d_{3,4,1,7}, d_{3,4,1,7}->d_{3,4,1,2}, d_{3,4,2,5}->d_{3,4,5,7}, d_{3,4,2,6}->d_{3,4,6,7}, d_{3,4,2,8}->d_{3,4,7,8}, d_{3,4,5,7}->d_{3,4,2,5}, d_{3,4,6,7}->d_{3,4,2,6}, d_{3,4,7,8}->d_{3,4,2,8}, d_{3,5,0,2}->d_{3,5,0,7}, d_{3,5,0,7}->d_{3,5,0,2}, d_{3,5,1,2}->d_{3,5,1,7}, d_{3,5,1,7}->d_{3,5,1,2}, d_{3,5,2,4}->d_{3,5,4,7}, d_{3,5,2,6}->d_{3,5,6,7}, d_{3,5,2,8}->d_{3,5,7,8}, d_{3,5,4,7}->d_{3,5,2,4}, d_{3,5,6,7}->d_{3,5,2,6}, d_{3,5,7,8}->d_{3,5,2,8}, d_{3,6,0,2}->d_{3,6,0,7}, d_{3,6,0,7}->d_{3,6,0,2}, d_{3,6,1,2}->d_{3,6,1,7}, d_{3,6,1,7}->d_{3,6,1,2}, d_{3,6,2,4}->d_{3,6,4,7}, d_{3,6,2,5}->d_{3,6,5,7}, d_{3,6,2,8}->d_{3,6,7,8}, d_{3,6,4,7}->d_{3,6,2,4}, d_{3,6,5,7}->d_{3,6,2,5}, d_{3,6,7,8}->d_{3,6,2,8}, d_{3,7,0,1}->d_{2,3,0,1}, d_{3,7,0,2}->d_{2,3,0,7}, d_{3,7,0,4}->d_{2,3,0,4}, d_{3,7,0,5}->d_{2,3,0,5}, d_{3,7,0,6}->d_{2,3,0,6}, d_{3,7,0,8}->d_{2,3,0,8}, d_{3,7,1,2}->d_{2,3,1,7}, d_{3,7,1,4}->d_{2,3,1,4}, d_{3,7,1,5}->d_{2,3,1,5}, d_{3,7,1,6}->d_{2,3,1,6}, d_{3,7,1,8}->d_{2,3,1,8}, d_{3,7,2,4}->d_{2,3,4,7}, d_{3,7,2,5}->d_{2,3,5,7}, d_{3,7,2,6}->d_{2,3,6,7}, d_{3,7,2,8}->d_{2,3,7,8}, d_{3,7,4,5}->d_{2,3,4,5}, d_{3,7,4,6}->d_{2,3,4,6}, d_{3,7,4,8}->d_{2,3,4,8}, d_{3,7,5,6}->d_{2,3,5,6}, d_{3,7,5,8}->d_{2,3,5,8}, d_{3,7,6,8}->d_{2,3,6,8}, d_{3,8,0,2}->d_{3,8,0,7}, d_{3,8,0,7}->d_{3,8,0,2}, d_{3,8,1,2}->d_{3,8,1,7}, d_{3,8,1,7}->d_{3,8,1,2}, d_{3,8,2,4}->d_{3,8,4,7}, d_{3,8,2,5}->d_{3,8,5,7}, d_{3,8,2,6}->d_{3,8,6,7}, d_{3,8,4,7}->d_{3,8,2,4}, d_{3,8,5,7}->d_{3,8,2,5}, d_{3,8,6,7}->d_{3,8,2,6}, d_{4,5,0,2}->d_{4,5,0,7}, d_{4,5,0,7}->d_{4,5,0,2}, d_{4,5,1,2}->d_{4,5,1,7}, d_{4,5,1,7}->d_{4,5,1,2}, d_{4,5,2,3}->d_{4,5,3,7}, d_{4,5,2,6}->d_{4,5,6,7}, d_{4,5,2,8}->d_{4,5,7,8}, d_{4,5,3,7}->d_{4,5,2,3}, d_{4,5,6,7}->d_{4,5,2,6}, d_{4,5,7,8}->d_{4,5,2,8}, d_{4,6,0,2}->d_{4,6,0,7}, d_{4,6,0,7}->d_{4,6,0,2}, d_{4,6,1,2}->d_{4,6,1,7}, d_{4,6,1,7}->d_{4,6,1,2}, d_{4,6,2,3}->d_{4,6,3,7}, d_{4,6,2,5}->d_{4,6,5,7}, d_{4,6,2,8}->d_{4,6,7,8}, d_{4,6,3,7}->d_{4,6,2,3}, d_{4,6,5,7}->d_{4,6,2,5}, d_{4,6,7,8}->d_{4,6,2,8}, d_{4,7,0,1}->d_{2,4,0,1}, d_{4,7,0,2}->d_{2,4,0,7}, d_{4,7,0,3}->d_{2,4,0,3}, d_{4,7,0,5}->d_{2,4,0,5}, d_{4,7,0,6}->d_{2,4,0,6}, d_{4,7,0,8}->d_{2,4,0,8}, d_{4,7,1,2}->d_{2,4,1,7}, d_{4,7,1,3}->d_{2,4,1,3}, d_{4,7,1,5}->d_{2,4,1,5}, d_{4,7,1,6}->d_{2,4,1,6}, d_{4,7,1,8}->d_{2,4,1,8}, d_{4,7,2,3}->d_{2,4,3,7}, d_{4,7,2,5}->d_{2,4,5,7}, d_{4,7,2,6}->d_{2,4,6,7}, d_{4,7,2,8}->d_{2,4,7,8}, d_{4,7,3,5}->d_{2,4,3,5}, d_{4,7,3,6}->d_{2,4,3,6}, d_{4,7,3,8}->d_{2,4,3,8}, d_{4,7,5,6}->d_{2,4,5,6}, d_{4,7,5,8}->d_{2,4,5,8}, d_{4,7,6,8}->d_{2,4,6,8}, d_{4,8,0,2}->d_{4,8,0,7}, d_{4,8,0,7}->d_{4,8,0,2}, d_{4,8,1,2}->d_{4,8,1,7}, d_{4,8,1,7}->d_{4,8,1,2}, d_{4,8,2,3}->d_{4,8,3,7}, d_{4,8,2,5}->d_{4,8,5,7}, d_{4,8,2,6}->d_{4,8,6,7}, d_{4,8,3,7}->d_{4,8,2,3}, d_{4,8,5,7}->d_{4,8,2,5}, d_{4,8,6,7}->d_{4,8,2,6}, d_{5,6,0,2}->d_{5,6,0,7}, d_{5,6,0,7}->d_{5,6,0,2}, d_{5,6,1,2}->d_{5,6,1,7}, d_{5,6,1,7}->d_{5,6,1,2}, d_{5,6,2,3}->d_{5,6,3,7}, d_{5,6,2,4}->d_{5,6,4,7}, d_{5,6,2,8}->d_{5,6,7,8}, d_{5,6,3,7}->d_{5,6,2,3}, d_{5,6,4,7}->d_{5,6,2,4}, d_{5,6,7,8}->d_{5,6,2,8}, d_{5,7,0,1}->d_{2,5,0,1}, d_{5,7,0,2}->d_{2,5,0,7}, d_{5,7,0,3}->d_{2,5,0,3}, d_{5,7,0,4}->d_{2,5,0,4}, d_{5,7,0,6}->d_{2,5,0,6}, d_{5,7,0,8}->d_{2,5,0,8}, d_{5,7,1,2}->d_{2,5,1,7}, d_{5,7,1,3}->d_{2,5,1,3}, d_{5,7,1,4}->d_{2,5,1,4}, d_{5,7,1,6}->d_{2,5,1,6}, d_{5,7,1,8}->d_{2,5,1,8}, d_{5,7,2,3}->d_{2,5,3,7}, d_{5,7,2,4}->d_{2,5,4,7}, d_{5,7,2,6}->d_{2,5,6,7}, d_{5,7,2,8}->d_{2,5,7,8}, d_{5,7,3,4}->d_{2,5,3,4}, d_{5,7,3,6}->d_{2,5,3,6}, d_{5,7,3,8}->d_{2,5,3,8}, d_{5,7,4,6}->d_{2,5,4,6}, d_{5,7,4,8}->d_{2,5,4,8}, d_{5,7,6,8}->d_{2,5,6,8}, d_{5,8,0,2}->d_{5,8,0,7}, d_{5,8,0,7}->d_{5,8,0,2}, d_{5,8,1,2}->d_{5,8,1,7}, d_{5,8,1,7}->d_{5,8,1,2}, d_{5,8,2,3}->d_{5,8,3,7}, d_{5,8,2,4}->d_{5,8,4,7}, d_{5,8,2,6}->d_{5,8,6,7}, d_{5,8,3,7}->d_{5,8,2,3}, d_{5,8,4,7}->d_{5,8,2,4}, d_{5,8,6,7}->d_{5,8,2,6}, d_{6,7,0,1}->d_{2,6,0,1}, d_{6,7,0,2}->d_{2,6,0,7}, d_{6,7,0,3}->d_{2,6,0,3}, d_{6,7,0,4}->d_{2,6,0,4}, d_{6,7,0,5}->d_{2,6,0,5}, d_{6,7,0,8}->d_{2,6,0,8}, d_{6,7,1,2}->d_{2,6,1,7}, d_{6,7,1,3}->d_{2,6,1,3}, d_{6,7,1,4}->d_{2,6,1,4}, d_{6,7,1,5}->d_{2,6,1,5}, d_{6,7,1,8}->d_{2,6,1,8}, d_{6,7,2,3}->d_{2,6,3,7}, d_{6,7,2,4}->d_{2,6,4,7}, d_{6,7,2,5}->d_{2,6,5,7}, d_{6,7,2,8}->d_{2,6,7,8}, d_{6,7,3,4}->d_{2,6,3,4}, d_{6,7,3,5}->d_{2,6,3,5}, d_{6,7,3,8}->d_{2,6,3,8}, d_{6,7,4,5}->d_{2,6,4,5}, d_{6,7,4,8}->d_{2,6,4,8}, d_{6,7,5,8}->d_{2,6,5,8}, d_{6,8,0,2}->d_{6,8,0,7}, d_{6,8,0,7}->d_{6,8,0,2}, d_{6,8,1,2}->d_{6,8,1,7}, d_{6,8,1,7}->d_{6,8,1,2}, d_{6,8,2,3}->d_{6,8,3,7}, d_{6,8,2,4}->d_{6,8,4,7}, d_{6,8,2,5}->d_{6,8,5,7}, d_{6,8,3,7}->d_{6,8,2,3}, d_{6,8,4,7}->d_{6,8,2,4}, d_{6,8,5,7}->d_{6,8,2,5}, d_{7,8,0,1}->d_{2,8,0,1}, d_{7,8,0,2}->d_{2,8,0,7}, d_{7,8,0,3}->d_{2,8,0,3}, d_{7,8,0,4}->d_{2,8,0,4}, d_{7,8,0,5}->d_{2,8,0,5}, d_{7,8,0,6}->d_{2,8,0,6}, d_{7,8,1,2}->d_{2,8,1,7}, d_{7,8,1,3}->d_{2,8,1,3}, d_{7,8,1,4}->d_{2,8,1,4}, d_{7,8,1,5}->d_{2,8,1,5}, d_{7,8,1,6}->d_{2,8,1,6}, d_{7,8,2,3}->d_{2,8,3,7}, d_{7,8,2,4}->d_{2,8,4,7}, d_{7,8,2,5}->d_{2,8,5,7}, d_{7,8,2,6}->d_{2,8,6,7}, d_{7,8,3,4}->d_{2,8,3,4}, d_{7,8,3,5}->d_{2,8,3,5}, d_{7,8,3,6}->d_{2,8,3,6}, d_{7,8,4,5}->d_{2,8,4,5}, d_{7,8,4,6}->d_{2,8,4,6}, d_{7,8,5,6}->d_{2,8,5,6}

Permutation #6:
  Bonds: r_{0,2}->r_{0,8}, r_{0,8}->r_{0,2}, r_{1,2}->r_{1,8}, r_{1,8}->r_{1,2}, r_{2,3}->r_{3,8}, r_{2,4}->r_{4,8}, r_{2,5}->r_{5,8}, r_{2,6}->r_{6,8}, r_{2,7}->r_{7,8}, r_{3,8}->r_{2,3}, r_{4,8}->r_{2,4}, r_{5,8}->r_{2,5}, r_{6,8}->r_{2,6}, r_{7,8}->r_{2,7}
  Angles: theta^{0}_{1,2}->theta^{0}_{1,8}, theta^{0}_{1,8}->theta^{0}_{1,2}, theta^{0}_{2,3}->theta^{0}_{3,8}, theta^{0}_{2,4}->theta^{0}_{4,8}, theta^{0}_{2,5}->theta^{0}_{5,8}, theta^{0}_{2,6}->theta^{0}_{6,8}, theta^{0}_{2,7}->theta^{0}_{7,8}, theta^{0}_{3,8}->theta^{0}_{2,3}, theta^{0}_{4,8}->theta^{0}_{2,4}, theta^{0}_{5,8}->theta^{0}_{2,5}, theta^{0}_{6,8}->theta^{0}_{2,6}, theta^{0}_{7,8}->theta^{0}_{2,7}, theta^{1}_{0,2}->theta^{1}_{0,8}, theta^{1}_{0,8}->theta^{1}_{0,2}, theta^{1}_{2,3}->theta^{1}_{3,8}, theta^{1}_{2,4}->theta^{1}_{4,8}, theta^{1}_{2,5}->theta^{1}_{5,8}, theta^{1}_{2,6}->theta^{1}_{6,8}, theta^{1}_{2,7}->theta^{1}_{7,8}, theta^{1}_{3,8}->theta^{1}_{2,3}, theta^{1}_{4,8}->theta^{1}_{2,4}, theta^{1}_{5,8}->theta^{1}_{2,5}, theta^{1}_{6,8}->theta^{1}_{2,6}, theta^{1}_{7,8}->theta^{1}_{2,7}, theta^{2}_{0,1}->theta^{8}_{0,1}, theta^{2}_{0,3}->theta^{8}_{0,3}, theta^{2}_{0,4}->theta^{8}_{0,4}, theta^{2}_{0,5}->theta^{8}_{0,5}, theta^{2}_{0,6}->theta^{8}_{0,6}, theta^{2}_{0,7}->theta^{8}_{0,7}, theta^{2}_{0,8}->theta^{8}_{0,2}, theta^{2}_{1,3}->theta^{8}_{1,3}, theta^{2}_{1,4}->theta^{8}_{1,4}, theta^{2}_{1,5}->theta^{8}_{1,5}, theta^{2}_{1,6}->theta^{8}_{1,6}, theta^{2}_{1,7}->theta^{8}_{1,7}, theta^{2}_{1,8}->theta^{8}_{1,2}, theta^{2}_{3,4}->theta^{8}_{3,4}, theta^{2}_{3,5}->theta^{8}_{3,5}, theta^{2}_{3,6}->theta^{8}_{3,6}, theta^{2}_{3,7}->theta^{8}_{3,7}, theta^{2}_{3,8}->theta^{8}_{2,3}, theta^{2}_{4,5}->theta^{8}_{4,5}, theta^{2}_{4,6}->theta^{8}_{4,6}, theta^{2}_{4,7}->theta^{8}_{4,7}, theta^{2}_{4,8}->theta^{8}_{2,4}, theta^{2}_{5,6}->theta^{8}_{5,6}, theta^{2}_{5,7}->theta^{8}_{5,7}, theta^{2}_{5,8}->theta^{8}_{2,5}, theta^{2}_{6,7}->theta^{8}_{6,7}, theta^{2}_{6,8}->theta^{8}_{2,6}, theta^{2}_{7,8}->theta^{8}_{2,7}, theta^{3}_{0,2}->theta^{3}_{0,8}, theta^{3}_{0,8}->theta^{3}_{0,2}, theta^{3}_{1,2}->theta^{3}_{1,8}, theta^{3}_{1,8}->theta^{3}_{1,2}, theta^{3}_{2,4}->theta^{3}_{4,8}, theta^{3}_{2,5}->theta^{3}_{5,8}, theta^{3}_{2,6}->theta^{3}_{6,8}, theta^{3}_{2,7}->theta^{3}_{7,8}, theta^{3}_{4,8}->theta^{3}_{2,4}, theta^{3}_{5,8}->theta^{3}_{2,5}, theta^{3}_{6,8}->theta^{3}_{2,6}, theta^{3}_{7,8}->theta^{3}_{2,7}, theta^{4}_{0,2}->theta^{4}_{0,8}, theta^{4}_{0,8}->theta^{4}_{0,2}, theta^{4}_{1,2}->theta^{4}_{1,8}, theta^{4}_{1,8}->theta^{4}_{1,2}, theta^{4}_{2,3}->theta^{4}_{3,8}, theta^{4}_{2,5}->theta^{4}_{5,8}, theta^{4}_{2,6}->theta^{4}_{6,8}, theta^{4}_{2,7}->theta^{4}_{7,8}, theta^{4}_{3,8}->theta^{4}_{2,3}, theta^{4}_{5,8}->theta^{4}_{2,5}, theta^{4}_{6,8}->theta^{4}_{2,6}, theta^{4}_{7,8}->theta^{4}_{2,7}, theta^{5}_{0,2}->theta^{5}_{0,8}, theta^{5}_{0,8}->theta^{5}_{0,2}, theta^{5}_{1,2}->theta^{5}_{1,8}, theta^{5}_{1,8}->theta^{5}_{1,2}, theta^{5}_{2,3}->theta^{5}_{3,8}, theta^{5}_{2,4}->theta^{5}_{4,8}, theta^{5}_{2,6}->theta^{5}_{6,8}, theta^{5}_{2,7}->theta^{5}_{7,8}, theta^{5}_{3,8}->theta^{5}_{2,3}, theta^{5}_{4,8}->theta^{5}_{2,4}, theta^{5}_{6,8}->theta^{5}_{2,6}, theta^{5}_{7,8}->theta^{5}_{2,7}, theta^{6}_{0,2}->theta^{6}_{0,8}, theta^{6}_{0,8}->theta^{6}_{0,2}, theta^{6}_{1,2}->theta^{6}_{1,8}, theta^{6}_{1,8}->theta^{6}_{1,2}, theta^{6}_{2,3}->theta^{6}_{3,8}, theta^{6}_{2,4}->theta^{6}_{4,8}, theta^{6}_{2,5}->theta^{6}_{5,8}, theta^{6}_{2,7}->theta^{6}_{7,8}, theta^{6}_{3,8}->theta^{6}_{2,3}, theta^{6}_{4,8}->theta^{6}_{2,4}, theta^{6}_{5,8}->theta^{6}_{2,5}, theta^{6}_{7,8}->theta^{6}_{2,7}, theta^{7}_{0,2}->theta^{7}_{0,8}, theta^{7}_{0,8}->theta^{7}_{0,2}, theta^{7}_{1,2}->theta^{7}_{1,8}, theta^{7}_{1,8}->theta^{7}_{1,2}, theta^{7}_{2,3}->theta^{7}_{3,8}, theta^{7}_{2,4}->theta^{7}_{4,8}, theta^{7}_{2,5}->theta^{7}_{5,8}, theta^{7}_{2,6}->theta^{7}_{6,8}, theta^{7}_{3,8}->theta^{7}_{2,3}, theta^{7}_{4,8}->theta^{7}_{2,4}, theta^{7}_{5,8}->theta^{7}_{2,5}, theta^{7}_{6,8}->theta^{7}_{2,6}, theta^{8}_{0,1}->theta^{2}_{0,1}, theta^{8}_{0,2}->theta^{2}_{0,8}, theta^{8}_{0,3}->theta^{2}_{0,3}, theta^{8}_{0,4}->theta^{2}_{0,4}, theta^{8}_{0,5}->theta^{2}_{0,5}, theta^{8}_{0,6}->theta^{2}_{0,6}, theta^{8}_{0,7}->theta^{2}_{0,7}, theta^{8}_{1,2}->theta^{2}_{1,8}, theta^{8}_{1,3}->theta^{2}_{1,3}, theta^{8}_{1,4}->theta^{2}_{1,4}, theta^{8}_{1,5}->theta^{2}_{1,5}, theta^{8}_{1,6}->theta^{2}_{1,6}, theta^{8}_{1,7}->theta^{2}_{1,7}, theta^{8}_{2,3}->theta^{2}_{3,8}, theta^{8}_{2,4}->theta^{2}_{4,8}, theta^{8}_{2,5}->theta^{2}_{5,8}, theta^{8}_{2,6}->theta^{2}_{6,8}, theta^{8}_{2,7}->theta^{2}_{7,8}, theta^{8}_{3,4}->theta^{2}_{3,4}, theta^{8}_{3,5}->theta^{2}_{3,5}, theta^{8}_{3,6}->theta^{2}_{3,6}, theta^{8}_{3,7}->theta^{2}_{3,7}, theta^{8}_{4,5}->theta^{2}_{4,5}, theta^{8}_{4,6}->theta^{2}_{4,6}, theta^{8}_{4,7}->theta^{2}_{4,7}, theta^{8}_{5,6}->theta^{2}_{5,6}, theta^{8}_{5,7}->theta^{2}_{5,7}, theta^{8}_{6,7}->theta^{2}_{6,7}
  Dihedrals: d_{0,1,2,3}->d_{0,1,3,8}, d_{0,1,2,4}->d_{0,1,4,8}, d_{0,1,2,5}->d_{0,1,5,8}, d_{0,1,2,6}->d_{0,1,6,8}, d_{0,1,2,7}->d_{0,1,7,8}, d_{0,1,3,8}->d_{0,1,2,3}, d_{0,1,4,8}->d_{0,1,2,4}, d_{0,1,5,8}->d_{0,1,2,5}, d_{0,1,6,8}->d_{0,1,2,6}, d_{0,1,7,8}->d_{0,1,2,7}, d_{0,2,1,3}->d_{0,8,1,3}, d_{0,2,1,4}->d_{0,8,1,4}, d_{0,2,1,5}->d_{0,8,1,5}, d_{0,2,1,6}->d_{0,8,1,6}, d_{0,2,1,7}->d_{0,8,1,7}, d_{0,2,1,8}->d_{0,8,1,2}, d_{0,2,3,4}->d_{0,8,3,4}, d_{0,2,3,5}->d_{0,8,3,5}, d_{0,2,3,6}->d_{0,8,3,6}, d_{0,2,3,7}->d_{0,8,3,7}, d_{0,2,3,8}->d_{0,8,2,3}, d_{0,2,4,5}->d_{0,8,4,5}, d_{0,2,4,6}->d_{0,8,4,6}, d_{0,2,4,7}->d_{0,8,4,7}, d_{0,2,4,8}->d_{0,8,2,4}, d_{0,2,5,6}->d_{0,8,5,6}, d_{0,2,5,7}->d_{0,8,5,7}, d_{0,2,5,8}->d_{0,8,2,5}, d_{0,2,6,7}->d_{0,8,6,7}, d_{0,2,6,8}->d_{0,8,2,6}, d_{0,2,7,8}->d_{0,8,2,7}, d_{0,3,1,2}->d_{0,3,1,8}, d_{0,3,1,8}->d_{0,3,1,2}, d_{0,3,2,4}->d_{0,3,4,8}, d_{0,3,2,5}->d_{0,3,5,8}, d_{0,3,2,6}->d_{0,3,6,8}, d_{0,3,2,7}->d_{0,3,7,8}, d_{0,3,4,8}->d_{0,3,2,4}, d_{0,3,5,8}->d_{0,3,2,5}, d_{0,3,6,8}->d_{0,3,2,6}, d_{0,3,7,8}->d_{0,3,2,7}, d_{0,4,1,2}->d_{0,4,1,8}, d_{0,4,1,8}->d_{0,4,1,2}, d_{0,4,2,3}->d_{0,4,3,8}, d_{0,4,2,5}->d_{0,4,5,8}, d_{0,4,2,6}->d_{0,4,6,8}, d_{0,4,2,7}->d_{0,4,7,8}, d_{0,4,3,8}->d_{0,4,2,3}, d_{0,4,5,8}->d_{0,4,2,5}, d_{0,4,6,8}->d_{0,4,2,6}, d_{0,4,7,8}->d_{0,4,2,7}, d_{0,5,1,2}->d_{0,5,1,8}, d_{0,5,1,8}->d_{0,5,1,2}, d_{0,5,2,3}->d_{0,5,3,8}, d_{0,5,2,4}->d_{0,5,4,8}, d_{0,5,2,6}->d_{0,5,6,8}, d_{0,5,2,7}->d_{0,5,7,8}, d_{0,5,3,8}->d_{0,5,2,3}, d_{0,5,4,8}->d_{0,5,2,4}, d_{0,5,6,8}->d_{0,5,2,6}, d_{0,5,7,8}->d_{0,5,2,7}, d_{0,6,1,2}->d_{0,6,1,8}, d_{0,6,1,8}->d_{0,6,1,2}, d_{0,6,2,3}->d_{0,6,3,8}, d_{0,6,2,4}->d_{0,6,4,8}, d_{0,6,2,5}->d_{0,6,5,8}, d_{0,6,2,7}->d_{0,6,7,8}, d_{0,6,3,8}->d_{0,6,2,3}, d_{0,6,4,8}->d_{0,6,2,4}, d_{0,6,5,8}->d_{0,6,2,5}, d_{0,6,7,8}->d_{0,6,2,7}, d_{0,7,1,2}->d_{0,7,1,8}, d_{0,7,1,8}->d_{0,7,1,2}, d_{0,7,2,3}->d_{0,7,3,8}, d_{0,7,2,4}->d_{0,7,4,8}, d_{0,7,2,5}->d_{0,7,5,8}, d_{0,7,2,6}->d_{0,7,6,8}, d_{0,7,3,8}->d_{0,7,2,3}, d_{0,7,4,8}->d_{0,7,2,4}, d_{0,7,5,8}->d_{0,7,2,5}, d_{0,7,6,8}->d_{0,7,2,6}, d_{0,8,1,2}->d_{0,2,1,8}, d_{0,8,1,3}->d_{0,2,1,3}, d_{0,8,1,4}->d_{0,2,1,4}, d_{0,8,1,5}->d_{0,2,1,5}, d_{0,8,1,6}->d_{0,2,1,6}, d_{0,8,1,7}->d_{0,2,1,7}, d_{0,8,2,3}->d_{0,2,3,8}, d_{0,8,2,4}->d_{0,2,4,8}, d_{0,8,2,5}->d_{0,2,5,8}, d_{0,8,2,6}->d_{0,2,6,8}, d_{0,8,2,7}->d_{0,2,7,8}, d_{0,8,3,4}->d_{0,2,3,4}, d_{0,8,3,5}->d_{0,2,3,5}, d_{0,8,3,6}->d_{0,2,3,6}, d_{0,8,3,7}->d_{0,2,3,7}, d_{0,8,4,5}->d_{0,2,4,5}, d_{0,8,4,6}->d_{0,2,4,6}, d_{0,8,4,7}->d_{0,2,4,7}, d_{0,8,5,6}->d_{0,2,5,6}, d_{0,8,5,7}->d_{0,2,5,7}, d_{0,8,6,7}->d_{0,2,6,7}, d_{1,2,0,3}->d_{1,8,0,3}, d_{1,2,0,4}->d_{1,8,0,4}, d_{1,2,0,5}->d_{1,8,0,5}, d_{1,2,0,6}->d_{1,8,0,6}, d_{1,2,0,7}->d_{1,8,0,7}, d_{1,2,0,8}->d_{1,8,0,2}, d_{1,2,3,4}->d_{1,8,3,4}, d_{1,2,3,5}->d_{1,8,3,5}, d_{1,2,3,6}->d_{1,8,3,6}, d_{1,2,3,7}->d_{1,8,3,7}, d_{1,2,3,8}->d_{1,8,2,3}, d_{1,2,4,5}->d_{1,8,4,5}, d_{1,2,4,6}->d_{1,8,4,6}, d_{1,2,4,7}->d_{1,8,4,7}, d_{1,2,4,8}->d_{1,8,2,4}, d_{1,2,5,6}->d_{1,8,5,6}, d_{1,2,5,7}->d_{1,8,5,7}, d_{1,2,5,8}->d_{1,8,2,5}, d_{1,2,6,7}->d_{1,8,6,7}, d_{1,2,6,8}->d_{1,8,2,6}, d_{1,2,7,8}->d_{1,8,2,7}, d_{1,3,0,2}->d_{1,3,0,8}, d_{1,3,0,8}->d_{1,3,0,2}, d_{1,3,2,4}->d_{1,3,4,8}, d_{1,3,2,5}->d_{1,3,5,8}, d_{1,3,2,6}->d_{1,3,6,8}, d_{1,3,2,7}->d_{1,3,7,8}, d_{1,3,4,8}->d_{1,3,2,4}, d_{1,3,5,8}->d_{1,3,2,5}, d_{1,3,6,8}->d_{1,3,2,6}, d_{1,3,7,8}->d_{1,3,2,7}, d_{1,4,0,2}->d_{1,4,0,8}, d_{1,4,0,8}->d_{1,4,0,2}, d_{1,4,2,3}->d_{1,4,3,8}, d_{1,4,2,5}->d_{1,4,5,8}, d_{1,4,2,6}->d_{1,4,6,8}, d_{1,4,2,7}->d_{1,4,7,8}, d_{1,4,3,8}->d_{1,4,2,3}, d_{1,4,5,8}->d_{1,4,2,5}, d_{1,4,6,8}->d_{1,4,2,6}, d_{1,4,7,8}->d_{1,4,2,7}, d_{1,5,0,2}->d_{1,5,0,8}, d_{1,5,0,8}->d_{1,5,0,2}, d_{1,5,2,3}->d_{1,5,3,8}, d_{1,5,2,4}->d_{1,5,4,8}, d_{1,5,2,6}->d_{1,5,6,8}, d_{1,5,2,7}->d_{1,5,7,8}, d_{1,5,3,8}->d_{1,5,2,3}, d_{1,5,4,8}->d_{1,5,2,4}, d_{1,5,6,8}->d_{1,5,2,6}, d_{1,5,7,8}->d_{1,5,2,7}, d_{1,6,0,2}->d_{1,6,0,8}, d_{1,6,0,8}->d_{1,6,0,2}, d_{1,6,2,3}->d_{1,6,3,8}, d_{1,6,2,4}->d_{1,6,4,8}, d_{1,6,2,5}->d_{1,6,5,8}, d_{1,6,2,7}->d_{1,6,7,8}, d_{1,6,3,8}->d_{1,6,2,3}, d_{1,6,4,8}->d_{1,6,2,4}, d_{1,6,5,8}->d_{1,6,2,5}, d_{1,6,7,8}->d_{1,6,2,7}, d_{1,7,0,2}->d_{1,7,0,8}, d_{1,7,0,8}->d_{1,7,0,2}, d_{1,7,2,3}->d_{1,7,3,8}, d_{1,7,2,4}->d_{1,7,4,8}, d_{1,7,2,5}->d_{1,7,5,8}, d_{1,7,2,6}->d_{1,7,6,8}, d_{1,7,3,8}->d_{1,7,2,3}, d_{1,7,4,8}->d_{1,7,2,4}, d_{1,7,5,8}->d_{1,7,2,5}, d_{1,7,6,8}->d_{1,7,2,6}, d_{1,8,0,2}->d_{1,2,0,8}, d_{1,8,0,3}->d_{1,2,0,3}, d_{1,8,0,4}->d_{1,2,0,4}, d_{1,8,0,5}->d_{1,2,0,5}, d_{1,8,0,6}->d_{1,2,0,6}, d_{1,8,0,7}->d_{1,2,0,7}, d_{1,8,2,3}->d_{1,2,3,8}, d_{1,8,2,4}->d_{1,2,4,8}, d_{1,8,2,5}->d_{1,2,5,8}, d_{1,8,2,6}->d_{1,2,6,8}, d_{1,8,2,7}->d_{1,2,7,8}, d_{1,8,3,4}->d_{1,2,3,4}, d_{1,8,3,5}->d_{1,2,3,5}, d_{1,8,3,6}->d_{1,2,3,6}, d_{1,8,3,7}->d_{1,2,3,7}, d_{1,8,4,5}->d_{1,2,4,5}, d_{1,8,4,6}->d_{1,2,4,6}, d_{1,8,4,7}->d_{1,2,4,7}, d_{1,8,5,6}->d_{1,2,5,6}, d_{1,8,5,7}->d_{1,2,5,7}, d_{1,8,6,7}->d_{1,2,6,7}, d_{2,3,0,1}->d_{3,8,0,1}, d_{2,3,0,4}->d_{3,8,0,4}, d_{2,3,0,5}->d_{3,8,0,5}, d_{2,3,0,6}->d_{3,8,0,6}, d_{2,3,0,7}->d_{3,8,0,7}, d_{2,3,0,8}->d_{3,8,0,2}, d_{2,3,1,4}->d_{3,8,1,4}, d_{2,3,1,5}->d_{3,8,1,5}, d_{2,3,1,6}->d_{3,8,1,6}, d_{2,3,1,7}->d_{3,8,1,7}, d_{2,3,1,8}->d_{3,8,1,2}, d_{2,3,4,5}->d_{3,8,4,5}, d_{2,3,4,6}->d_{3,8,4,6}, d_{2,3,4,7}->d_{3,8,4,7}, d_{2,3,4,8}->d_{3,8,2,4}, d_{2,3,5,6}->d_{3,8,5,6}, d_{2,3,5,7}->d_{3,8,5,7}, d_{2,3,5,8}->d_{3,8,2,5}, d_{2,3,6,7}->d_{3,8,6,7}, d_{2,3,6,8}->d_{3,8,2,6}, d_{2,3,7,8}->d_{3,8,2,7}, d_{2,4,0,1}->d_{4,8,0,1}, d_{2,4,0,3}->d_{4,8,0,3}, d_{2,4,0,5}->d_{4,8,0,5}, d_{2,4,0,6}->d_{4,8,0,6}, d_{2,4,0,7}->d_{4,8,0,7}, d_{2,4,0,8}->d_{4,8,0,2}, d_{2,4,1,3}->d_{4,8,1,3}, d_{2,4,1,5}->d_{4,8,1,5}, d_{2,4,1,6}->d_{4,8,1,6}, d_{2,4,1,7}->d_{4,8,1,7}, d_{2,4,1,8}->d_{4,8,1,2}, d_{2,4,3,5}->d_{4,8,3,5}, d_{2,4,3,6}->d_{4,8,3,6}, d_{2,4,3,7}->d_{4,8,3,7}, d_{2,4,3,8}->d_{4,8,2,3}, d_{2,4,5,6}->d_{4,8,5,6}, d_{2,4,5,7}->d_{4,8,5,7}, d_{2,4,5,8}->d_{4,8,2,5}, d_{2,4,6,7}->d_{4,8,6,7}, d_{2,4,6,8}->d_{4,8,2,6}, d_{2,4,7,8}->d_{4,8,2,7}, d_{2,5,0,1}->d_{5,8,0,1}, d_{2,5,0,3}->d_{5,8,0,3}, d_{2,5,0,4}->d_{5,8,0,4}, d_{2,5,0,6}->d_{5,8,0,6}, d_{2,5,0,7}->d_{5,8,0,7}, d_{2,5,0,8}->d_{5,8,0,2}, d_{2,5,1,3}->d_{5,8,1,3}, d_{2,5,1,4}->d_{5,8,1,4}, d_{2,5,1,6}->d_{5,8,1,6}, d_{2,5,1,7}->d_{5,8,1,7}, d_{2,5,1,8}->d_{5,8,1,2}, d_{2,5,3,4}->d_{5,8,3,4}, d_{2,5,3,6}->d_{5,8,3,6}, d_{2,5,3,7}->d_{5,8,3,7}, d_{2,5,3,8}->d_{5,8,2,3}, d_{2,5,4,6}->d_{5,8,4,6}, d_{2,5,4,7}->d_{5,8,4,7}, d_{2,5,4,8}->d_{5,8,2,4}, d_{2,5,6,7}->d_{5,8,6,7}, d_{2,5,6,8}->d_{5,8,2,6}, d_{2,5,7,8}->d_{5,8,2,7}, d_{2,6,0,1}->d_{6,8,0,1}, d_{2,6,0,3}->d_{6,8,0,3}, d_{2,6,0,4}->d_{6,8,0,4}, d_{2,6,0,5}->d_{6,8,0,5}, d_{2,6,0,7}->d_{6,8,0,7}, d_{2,6,0,8}->d_{6,8,0,2}, d_{2,6,1,3}->d_{6,8,1,3}, d_{2,6,1,4}->d_{6,8,1,4}, d_{2,6,1,5}->d_{6,8,1,5}, d_{2,6,1,7}->d_{6,8,1,7}, d_{2,6,1,8}->d_{6,8,1,2}, d_{2,6,3,4}->d_{6,8,3,4}, d_{2,6,3,5}->d_{6,8,3,5}, d_{2,6,3,7}->d_{6,8,3,7}, d_{2,6,3,8}->d_{6,8,2,3}, d_{2,6,4,5}->d_{6,8,4,5}, d_{2,6,4,7}->d_{6,8,4,7}, d_{2,6,4,8}->d_{6,8,2,4}, d_{2,6,5,7}->d_{6,8,5,7}, d_{2,6,5,8}->d_{6,8,2,5}, d_{2,6,7,8}->d_{6,8,2,7}, d_{2,7,0,1}->d_{7,8,0,1}, d_{2,7,0,3}->d_{7,8,0,3}, d_{2,7,0,4}->d_{7,8,0,4}, d_{2,7,0,5}->d_{7,8,0,5}, d_{2,7,0,6}->d_{7,8,0,6}, d_{2,7,0,8}->d_{7,8,0,2}, d_{2,7,1,3}->d_{7,8,1,3}, d_{2,7,1,4}->d_{7,8,1,4}, d_{2,7,1,5}->d_{7,8,1,5}, d_{2,7,1,6}->d_{7,8,1,6}, d_{2,7,1,8}->d_{7,8,1,2}, d_{2,7,3,4}->d_{7,8,3,4}, d_{2,7,3,5}->d_{7,8,3,5}, d_{2,7,3,6}->d_{7,8,3,6}, d_{2,7,3,8}->d_{7,8,2,3}, d_{2,7,4,5}->d_{7,8,4,5}, d_{2,7,4,6}->d_{7,8,4,6}, d_{2,7,4,8}->d_{7,8,2,4}, d_{2,7,5,6}->d_{7,8,5,6}, d_{2,7,5,8}->d_{7,8,2,5}, d_{2,7,6,8}->d_{7,8,2,6}, d_{3,4,0,2}->d_{3,4,0,8}, d_{3,4,0,8}->d_{3,4,0,2}, d_{3,4,1,2}->d_{3,4,1,8}, d_{3,4,1,8}->d_{3,4,1,2}, d_{3,4,2,5}->d_{3,4,5,8}, d_{3,4,2,6}->d_{3,4,6,8}, d_{3,4,2,7}->d_{3,4,7,8}, d_{3,4,5,8}->d_{3,4,2,5}, d_{3,4,6,8}->d_{3,4,2,6}, d_{3,4,7,8}->d_{3,4,2,7}, d_{3,5,0,2}->d_{3,5,0,8}, d_{3,5,0,8}->d_{3,5,0,2}, d_{3,5,1,2}->d_{3,5,1,8}, d_{3,5,1,8}->d_{3,5,1,2}, d_{3,5,2,4}->d_{3,5,4,8}, d_{3,5,2,6}->d_{3,5,6,8}, d_{3,5,2,7}->d_{3,5,7,8}, d_{3,5,4,8}->d_{3,5,2,4}, d_{3,5,6,8}->d_{3,5,2,6}, d_{3,5,7,8}->d_{3,5,2,7}, d_{3,6,0,2}->d_{3,6,0,8}, d_{3,6,0,8}->d_{3,6,0,2}, d_{3,6,1,2}->d_{3,6,1,8}, d_{3,6,1,8}->d_{3,6,1,2}, d_{3,6,2,4}->d_{3,6,4,8}, d_{3,6,2,5}->d_{3,6,5,8}, d_{3,6,2,7}->d_{3,6,7,8}, d_{3,6,4,8}->d_{3,6,2,4}, d_{3,6,5,8}->d_{3,6,2,5}, d_{3,6,7,8}->d_{3,6,2,7}, d_{3,7,0,2}->d_{3,7,0,8}, d_{3,7,0,8}->d_{3,7,0,2}, d_{3,7,1,2}->d_{3,7,1,8}, d_{3,7,1,8}->d_{3,7,1,2}, d_{3,7,2,4}->d_{3,7,4,8}, d_{3,7,2,5}->d_{3,7,5,8}, d_{3,7,2,6}->d_{3,7,6,8}, d_{3,7,4,8}->d_{3,7,2,4}, d_{3,7,5,8}->d_{3,7,2,5}, d_{3,7,6,8}->d_{3,7,2,6}, d_{3,8,0,1}->d_{2,3,0,1}, d_{3,8,0,2}->d_{2,3,0,8}, d_{3,8,0,4}->d_{2,3,0,4}, d_{3,8,0,5}->d_{2,3,0,5}, d_{3,8,0,6}->d_{2,3,0,6}, d_{3,8,0,7}->d_{2,3,0,7}, d_{3,8,1,2}->d_{2,3,1,8}, d_{3,8,1,4}->d_{2,3,1,4}, d_{3,8,1,5}->d_{2,3,1,5}, d_{3,8,1,6}->d_{2,3,1,6}, d_{3,8,1,7}->d_{2,3,1,7}, d_{3,8,2,4}->d_{2,3,4,8}, d_{3,8,2,5}->d_{2,3,5,8}, d_{3,8,2,6}->d_{2,3,6,8}, d_{3,8,2,7}->d_{2,3,7,8}, d_{3,8,4,5}->d_{2,3,4,5}, d_{3,8,4,6}->d_{2,3,4,6}, d_{3,8,4,7}->d_{2,3,4,7}, d_{3,8,5,6}->d_{2,3,5,6}, d_{3,8,5,7}->d_{2,3,5,7}, d_{3,8,6,7}->d_{2,3,6,7}, d_{4,5,0,2}->d_{4,5,0,8}, d_{4,5,0,8}->d_{4,5,0,2}, d_{4,5,1,2}->d_{4,5,1,8}, d_{4,5,1,8}->d_{4,5,1,2}, d_{4,5,2,3}->d_{4,5,3,8}, d_{4,5,2,6}->d_{4,5,6,8}, d_{4,5,2,7}->d_{4,5,7,8}, d_{4,5,3,8}->d_{4,5,2,3}, d_{4,5,6,8}->d_{4,5,2,6}, d_{4,5,7,8}->d_{4,5,2,7}, d_{4,6,0,2}->d_{4,6,0,8}, d_{4,6,0,8}->d_{4,6,0,2}, d_{4,6,1,2}->d_{4,6,1,8}, d_{4,6,1,8}->d_{4,6,1,2}, d_{4,6,2,3}->d_{4,6,3,8}, d_{4,6,2,5}->d_{4,6,5,8}, d_{4,6,2,7}->d_{4,6,7,8}, d_{4,6,3,8}->d_{4,6,2,3}, d_{4,6,5,8}->d_{4,6,2,5}, d_{4,6,7,8}->d_{4,6,2,7}, d_{4,7,0,2}->d_{4,7,0,8}, d_{4,7,0,8}->d_{4,7,0,2}, d_{4,7,1,2}->d_{4,7,1,8}, d_{4,7,1,8}->d_{4,7,1,2}, d_{4,7,2,3}->d_{4,7,3,8}, d_{4,7,2,5}->d_{4,7,5,8}, d_{4,7,2,6}->d_{4,7,6,8}, d_{4,7,3,8}->d_{4,7,2,3}, d_{4,7,5,8}->d_{4,7,2,5}, d_{4,7,6,8}->d_{4,7,2,6}, d_{4,8,0,1}->d_{2,4,0,1}, d_{4,8,0,2}->d_{2,4,0,8}, d_{4,8,0,3}->d_{2,4,0,3}, d_{4,8,0,5}->d_{2,4,0,5}, d_{4,8,0,6}->d_{2,4,0,6}, d_{4,8,0,7}->d_{2,4,0,7}, d_{4,8,1,2}->d_{2,4,1,8}, d_{4,8,1,3}->d_{2,4,1,3}, d_{4,8,1,5}->d_{2,4,1,5}, d_{4,8,1,6}->d_{2,4,1,6}, d_{4,8,1,7}->d_{2,4,1,7}, d_{4,8,2,3}->d_{2,4,3,8}, d_{4,8,2,5}->d_{2,4,5,8}, d_{4,8,2,6}->d_{2,4,6,8}, d_{4,8,2,7}->d_{2,4,7,8}, d_{4,8,3,5}->d_{2,4,3,5}, d_{4,8,3,6}->d_{2,4,3,6}, d_{4,8,3,7}->d_{2,4,3,7}, d_{4,8,5,6}->d_{2,4,5,6}, d_{4,8,5,7}->d_{2,4,5,7}, d_{4,8,6,7}->d_{2,4,6,7}, d_{5,6,0,2}->d_{5,6,0,8}, d_{5,6,0,8}->d_{5,6,0,2}, d_{5,6,1,2}->d_{5,6,1,8}, d_{5,6,1,8}->d_{5,6,1,2}, d_{5,6,2,3}->d_{5,6,3,8}, d_{5,6,2,4}->d_{5,6,4,8}, d_{5,6,2,7}->d_{5,6,7,8}, d_{5,6,3,8}->d_{5,6,2,3}, d_{5,6,4,8}->d_{5,6,2,4}, d_{5,6,7,8}->d_{5,6,2,7}, d_{5,7,0,2}->d_{5,7,0,8}, d_{5,7,0,8}->d_{5,7,0,2}, d_{5,7,1,2}->d_{5,7,1,8}, d_{5,7,1,8}->d_{5,7,1,2}, d_{5,7,2,3}->d_{5,7,3,8}, d_{5,7,2,4}->d_{5,7,4,8}, d_{5,7,2,6}->d_{5,7,6,8}, d_{5,7,3,8}->d_{5,7,2,3}, d_{5,7,4,8}->d_{5,7,2,4}, d_{5,7,6,8}->d_{5,7,2,6}, d_{5,8,0,1}->d_{2,5,0,1}, d_{5,8,0,2}->d_{2,5,0,8}, d_{5,8,0,3}->d_{2,5,0,3}, d_{5,8,0,4}->d_{2,5,0,4}, d_{5,8,0,6}->d_{2,5,0,6}, d_{5,8,0,7}->d_{2,5,0,7}, d_{5,8,1,2}->d_{2,5,1,8}, d_{5,8,1,3}->d_{2,5,1,3}, d_{5,8,1,4}->d_{2,5,1,4}, d_{5,8,1,6}->d_{2,5,1,6}, d_{5,8,1,7}->d_{2,5,1,7}, d_{5,8,2,3}->d_{2,5,3,8}, d_{5,8,2,4}->d_{2,5,4,8}, d_{5,8,2,6}->d_{2,5,6,8}, d_{5,8,2,7}->d_{2,5,7,8}, d_{5,8,3,4}->d_{2,5,3,4}, d_{5,8,3,6}->d_{2,5,3,6}, d_{5,8,3,7}->d_{2,5,3,7}, d_{5,8,4,6}->d_{2,5,4,6}, d_{5,8,4,7}->d_{2,5,4,7}, d_{5,8,6,7}->d_{2,5,6,7}, d_{6,7,0,2}->d_{6,7,0,8}, d_{6,7,0,8}->d_{6,7,0,2}, d_{6,7,1,2}->d_{6,7,1,8}, d_{6,7,1,8}->d_{6,7,1,2}, d_{6,7,2,3}->d_{6,7,3,8}, d_{6,7,2,4}->d_{6,7,4,8}, d_{6,7,2,5}->d_{6,7,5,8}, d_{6,7,3,8}->d_{6,7,2,3}, d_{6,7,4,8}->d_{6,7,2,4}, d_{6,7,5,8}->d_{6,7,2,5}, d_{6,8,0,1}->d_{2,6,0,1}, d_{6,8,0,2}->d_{2,6,0,8}, d_{6,8,0,3}->d_{2,6,0,3}, d_{6,8,0,4}->d_{2,6,0,4}, d_{6,8,0,5}->d_{2,6,0,5}, d_{6,8,0,7}->d_{2,6,0,7}, d_{6,8,1,2}->d_{2,6,1,8}, d_{6,8,1,3}->d_{2,6,1,3}, d_{6,8,1,4}->d_{2,6,1,4}, d_{6,8,1,5}->d_{2,6,1,5}, d_{6,8,1,7}->d_{2,6,1,7}, d_{6,8,2,3}->d_{2,6,3,8}, d_{6,8,2,4}->d_{2,6,4,8}, d_{6,8,2,5}->d_{2,6,5,8}, d_{6,8,2,7}->d_{2,6,7,8}, d_{6,8,3,4}->d_{2,6,3,4}, d_{6,8,3,5}->d_{2,6,3,5}, d_{6,8,3,7}->d_{2,6,3,7}, d_{6,8,4,5}->d_{2,6,4,5}, d_{6,8,4,7}->d_{2,6,4,7}, d_{6,8,5,7}->d_{2,6,5,7}, d_{7,8,0,1}->d_{2,7,0,1}, d_{7,8,0,2}->d_{2,7,0,8}, d_{7,8,0,3}->d_{2,7,0,3}, d_{7,8,0,4}->d_{2,7,0,4}, d_{7,8,0,5}->d_{2,7,0,5}, d_{7,8,0,6}->d_{2,7,0,6}, d_{7,8,1,2}->d_{2,7,1,8}, d_{7,8,1,3}->d_{2,7,1,3}, d_{7,8,1,4}->d_{2,7,1,4}, d_{7,8,1,5}->d_{2,7,1,5}, d_{7,8,1,6}->d_{2,7,1,6}, d_{7,8,2,3}->d_{2,7,3,8}, d_{7,8,2,4}->d_{2,7,4,8}, d_{7,8,2,5}->d_{2,7,5,8}, d_{7,8,2,6}->d_{2,7,6,8}, d_{7,8,3,4}->d_{2,7,3,4}, d_{7,8,3,5}->d_{2,7,3,5}, d_{7,8,3,6}->d_{2,7,3,6}, d_{7,8,4,5}->d_{2,7,4,5}, d_{7,8,4,6}->d_{2,7,4,6}, d_{7,8,5,6}->d_{2,7,5,6}

[Block Interaction Graph IndependentMat] (Order1Count=3, 1=direct edge/correlated, 0=no direct edge)
     0  1  2 
 0:  1  0  0 
 1:  0  1  1 
 2:  0  1  1 
============== End of action and representation demo ===============

======== Console initialized successfully ===============

╔═══════════════════════════════════════════════════════════╗
║  FI Generator Console Status                              ║
╚═══════════════════════════════════════════════════════════╝
Current Order: 1
XYAmount (features): 36
Total MonomialSets: 3

Monomials by order:
  Order 1: 3 monomials (3 generators)

=== Order-1 Orbits (Order1Count=3) ===
FeatureAmount (bond+angle+dihedral): 36
  Bonds: 3, Angles: 0, Dihedrals: 0

  Block No.0 [order=1, terms=1] (Bond)
    features: 0

  Block No.1 [order=1, terms=14] (Bond)
    features: 1, 2, 3, 4, 5, 6, 7, 8, 9, 10, 11, 12, 13, 14

  Block No.2 [order=1, terms=21] (Bond)
    features: 15, 16, 17, 18, 19, 20, 21, 22, 23, 24, 25, 26, 27, 28, 29, 30, 31, 32, 33, 34, 35

============== End of console demo ===============

======== Generating polynomials from order 2 to 7 ===============

[Order 1]
  Current order: FI=3, PIP=0, Total=3
  Current lengths: FI=36, PIP=0, Total=36
  Cumulative: FI=3, PIP=0, Total=3
  Cumulative lengths: FI=36, PIP=0, Total=36

[Order 2] (Time: 0.000000000 s = 0ms)
  Current order: FI=6, PIP=6, Total=12
  Current lengths: FI=1022, PIP=310, Total=1332
  Cumulative: FI=9, PIP=6, Total=15
  Cumulative lengths: FI=1058, PIP=310, Total=1368

[Order 3] (Time: 0.000000000 s = 0ms)
  Current order: FI=16, PIP=28, Total=44
  Current lengths: FI=15477, PIP=9831, Total=25308
  Cumulative: FI=25, PIP=34, Total=59
  Cumulative lengths: FI=16535, PIP=10141, Total=26676

[Order 4] (Time: 0.050000000 s = 50ms)
  Current order: FI=50, PIP=120, Total=170
  Current lengths: FI=165984, PIP=163020, Total=329004
  Cumulative: FI=75, PIP=154, Total=229
  Cumulative lengths: FI=182519, PIP=173161, Total=355680

[Order 5] (Time: 0.610000000 s = 610ms)
  Current order: FI=166, PIP=486, Total=652
  Current lengths: FI=1410605, PIP=1879435, Total=3290040
  Cumulative: FI=241, PIP=640, Total=881
  Cumulative lengths: FI=1593124, PIP=2052596, Total=3645720

[Order 6] (Time: 7.700000000 s = 7s 700ms)
  Current order: FI=586, PIP=1979, Total=2565
  Current lengths: FI=9628416, PIP=17349912, Total=26978328
  Cumulative: FI=827, PIP=2619, Total=3446
  Cumulative lengths: FI=11221540, PIP=19402508, Total=30624048

[Order 7] (Time: 108.360000000 s = 1m 48s 360ms)
  Current order: FI=2010, PIP=8043, Total=10053
  Current lengths: FI=55065843, PIP=133782453, Total=188848296
  Cumulative: FI=2837, PIP=10662, Total=13499
  Cumulative lengths: FI=66287383, PIP=153184961, Total=219472344

======== Generation complete ===============
